ISO-10303-21;
HEADER;
FILE_DESCRIPTION (( 'STEP AP214' ),
    '1' );
FILE_NAME ('User Library-128x64I2COLEDDisplayAdafruit.STEP',
    '2025-12-17T22:20:09',
    ( '' ),
    ( '' ),
    'SwSTEP 2.0',
    'SolidWorks 2024',
    '' );
FILE_SCHEMA (( 'AUTOMOTIVE_DESIGN' ));
ENDSEC;

DATA;
#1 = COLOUR_RGB ( '',0.7529411764705882248, 0.7529411764705882248, 0.7529411764705882248 ) ;
#2 = DIRECTION ( 'NONE',  ( 0.000000000000000000, 0.000000000000000000, -1.000000000000000000 ) ) ;
#3 = EDGE_CURVE ( 'NONE', #3926, #3931, #2829, .T. ) ;
#4 = DIRECTION ( 'NONE',  ( 0.000000000000000000, 1.047444401652940007E-14, -1.000000000000000000 ) ) ;
#5 = CIRCLE ( 'NONE', #4483, 1.799999999999999600 ) ;
#6 = CARTESIAN_POINT ( 'NONE',  ( -33.57331990792611975, 6.032913140623267445, -1.575199999999936429 ) ) ;
#7 = CARTESIAN_POINT ( 'NONE',  ( -39.21211990792613022, 6.032913140623263892, -1.244999999999936158 ) ) ;
#8 = ORIENTED_EDGE ( 'NONE', *, *, #4202, .T. ) ;
#9 = VERTEX_POINT ( 'NONE', #2122 ) ;
#10 = VECTOR ( 'NONE', #6974, 1000.000000000000000 ) ;
#11 = EDGE_LOOP ( 'NONE', ( #7086, #4040, #115, #1011, #8708, #4675, #5649, #5532, #7118, #2159 ) ) ;
#12 = VERTEX_POINT ( 'NONE', #7850 ) ;
#13 = PRESENTATION_STYLE_ASSIGNMENT (( #5071 ) ) ;
#14 = PRESENTATION_STYLE_ASSIGNMENT (( #2957 ) ) ;
#15 =( NAMED_UNIT ( * ) SI_UNIT ( $, .STERADIAN. ) SOLID_ANGLE_UNIT ( ) );
#16 = VECTOR ( 'NONE', #5573, 1000.000000000000000 ) ;
#17 = DIRECTION ( 'NONE',  ( -0.000000000000000000, 1.047444401652940007E-14, -1.000000000000000000 ) ) ;
#18 = FILL_AREA_STYLE_COLOUR ( '', #2118 ) ;
#19 = PRESENTATION_LAYER_ASSIGNMENT (  '', '', ( #7632 ) ) ;
#20 = ADVANCED_FACE ( 'NONE', ( #1432 ), #4291, .F. ) ;
#21 = CARTESIAN_POINT ( 'NONE',  ( -35.29411990792612386, 6.890113140623235211, 1.472800000000072718 ) ) ;
#22 = STYLED_ITEM ( 'NONE', ( #9022 ), #5003 ) ;
#23 = EDGE_CURVE ( 'NONE', #8342, #5284, #8025, .T. ) ;
#24 = ORIENTED_EDGE ( 'NONE', *, *, #8311, .F. ) ;
#25 = VERTEX_POINT ( 'NONE', #3013 ) ;
#26 = VECTOR ( 'NONE', #2881, 1000.000000000000114 ) ;
#27 = CARTESIAN_POINT ( 'NONE',  ( -34.33039062757600846, -3.003987034035643600, -0.2449999999999997735 ) ) ;
#28 = FILL_AREA_STYLE_COLOUR ( '', #4109 ) ;
#29 = DIRECTION ( 'NONE',  ( 1.000000000000000000, 0.000000000000000000, 0.000000000000000000 ) ) ;
#30 =( LENGTH_UNIT ( ) NAMED_UNIT ( * ) SI_UNIT ( .MILLI., .METRE. ) );
#31 = DIRECTION ( 'NONE',  ( -0.000000000000000000, -0.000000000000000000, 1.000000000000000000 ) ) ;
#32 = SURFACE_STYLE_FILL_AREA ( #7843 ) ;
#33 = STYLED_ITEM ( 'NONE', ( #8027 ), #4012 ) ;
#34 = CARTESIAN_POINT ( 'NONE',  ( -35.54816990792612330, 7.144163140623349229, -9.372999999999921172 ) ) ;
#35 =( NAMED_UNIT ( * ) SI_UNIT ( $, .STERADIAN. ) SOLID_ANGLE_UNIT ( ) );
#36 = VERTEX_POINT ( 'NONE', #7369 ) ;
#37 = EDGE_LOOP ( 'NONE', ( #9114, #5714, #6668, #8587 ) ) ;
#38 = PRESENTATION_STYLE_ASSIGNMENT (( #5137 ) ) ;
#39 = FILL_AREA_STYLE ('',( #83 ) ) ;
#40 = UNCERTAINTY_MEASURE_WITH_UNIT (LENGTH_MEASURE( 1.000000000000000082E-05 ), #1420, 'distance_accuracy_value', 'NONE');
#41 =( NAMED_UNIT ( * ) PLANE_ANGLE_UNIT ( ) SI_UNIT ( $, .RADIAN. ) );
#42 = CARTESIAN_POINT ( 'NONE',  ( -31.82071990792587712, 7.861713140623420415, -1.244999999999917284 ) ) ;
#43 = FACE_BOUND ( 'NONE', #9128, .T. ) ;
#44 =( NAMED_UNIT ( * ) SI_UNIT ( $, .STERADIAN. ) SOLID_ANGLE_UNIT ( ) );
#45 = EDGE_LOOP ( 'NONE', ( #1548, #6368, #6971, #6807 ) ) ;
#46 = ORIENTED_EDGE ( 'NONE', *, *, #5168, .T. ) ;
#47 = PRESENTATION_LAYER_ASSIGNMENT (  '', '', ( #6786 ) ) ;
#48 = ADVANCED_FACE ( 'NONE', ( #170 ), #2175, .F. ) ;
#49 = FILL_AREA_STYLE ('',( #5014 ) ) ;
#50 = LINE ( 'NONE', #4344, #8930 ) ;
#51 =( GEOMETRIC_REPRESENTATION_CONTEXT ( 3 ) GLOBAL_UNCERTAINTY_ASSIGNED_CONTEXT ( ( #4531 ) ) GLOBAL_UNIT_ASSIGNED_CONTEXT ( ( #7501, #8232, #5362 ) ) REPRESENTATION_CONTEXT ( 'NONE', 'WORKASPACE' ) );
#52 = AXIS2_PLACEMENT_3D ( 'NONE', #7587, #1171, #4173 ) ;
#53 = SURFACE_STYLE_FILL_AREA ( #3592 ) ;
#54 = SURFACE_SIDE_STYLE ('',( #3593 ) ) ;
#55 = STYLED_ITEM ( 'NONE', ( #390 ), #4020 ) ;
#56 = ORIENTED_EDGE ( 'NONE', *, *, #889, .F. ) ;
#57 = VERTEX_POINT ( 'NONE', #3624 ) ;
#58 = PRESENTATION_LAYER_ASSIGNMENT (  '', '', ( #3179 ) ) ;
#59 = PRESENTATION_LAYER_ASSIGNMENT (  '', '', ( #8243 ) ) ;
#60 = VERTEX_POINT ( 'NONE', #128 ) ;
#61 = ORIENTED_EDGE ( 'NONE', *, *, #7817, .T. ) ;
#62 = CARTESIAN_POINT ( 'NONE',  ( -28.82731649811004360, -17.69395963581152031, -1.042749610596882759 ) ) ;
#63 = CARTESIAN_POINT ( 'NONE',  ( -20.98039062757601059, 7.056012965964359118, -1.264999999999999902 ) ) ;
#64 = PRESENTATION_LAYER_ASSIGNMENT (  '', '', ( #7097 ) ) ;
#65 =( NAMED_UNIT ( * ) PLANE_ANGLE_UNIT ( ) SI_UNIT ( $, .RADIAN. ) );
#66 = COLOUR_RGB ( '',0.000000000000000000, 0.5019607843137254832, 1.000000000000000000 ) ;
#67 = CARTESIAN_POINT ( 'NONE',  ( -40.82733246553402040, -18.27407675507290463, -0.2449113037486425060 ) ) ;
#68 = DIRECTION ( 'NONE',  ( 1.000000000000000000, -0.000000000000000000, 0.000000000000000000 ) ) ;
#69 =( GEOMETRIC_REPRESENTATION_CONTEXT ( 3 ) GLOBAL_UNCERTAINTY_ASSIGNED_CONTEXT ( ( #369 ) ) GLOBAL_UNIT_ASSIGNED_CONTEXT ( ( #2294, #2249, #1602 ) ) REPRESENTATION_CONTEXT ( 'NONE', 'WORKASPACE' ) );
#70 = ORIENTED_EDGE ( 'NONE', *, *, #8510, .F. ) ;
#71 = AXIS2_PLACEMENT_3D ( 'NONE', #1862, #5433, #7575 ) ;
#72 = ORIENTED_EDGE ( 'NONE', *, *, #3205, .T. ) ;
#73 = EDGE_CURVE ( 'NONE', #8427, #4491, #2223, .T. ) ;
#74 = CARTESIAN_POINT ( 'NONE',  ( -38.45651990792611485, 7.512513140623268804, -1.575199999999925105 ) ) ;
#75 =( LENGTH_UNIT ( ) NAMED_UNIT ( * ) SI_UNIT ( .MILLI., .METRE. ) );
#76 = PRESENTATION_STYLE_ASSIGNMENT (( #3565 ) ) ;
#77 = DIRECTION ( 'NONE',  ( -1.309225264888156130E-16, 1.000000000000000000, 0.000000000000000000 ) ) ;
#78 = UNCERTAINTY_MEASURE_WITH_UNIT (LENGTH_MEASURE( 1.000000000000000082E-05 ), #5195, 'distance_accuracy_value', 'NONE');
#79 = CARTESIAN_POINT ( 'NONE',  ( -31.52742597117762102, 8.369713140623263214, -1.244999999999911955 ) ) ;
#80 = DIRECTION ( 'NONE',  ( -1.000000000000000000, -0.000000000000000000, -0.000000000000000000 ) ) ;
#81 = VECTOR ( 'NONE', #1681, 1000.000000000000000 ) ;
#82 = EDGE_LOOP ( 'NONE', ( #6663, #525, #2598, #7368 ) ) ;
#83 = FILL_AREA_STYLE_COLOUR ( '', #5946 ) ;
#84 = ADVANCED_FACE ( 'NONE', ( #5844 ), #6508, .F. ) ;
#85 =( LENGTH_UNIT ( ) NAMED_UNIT ( * ) SI_UNIT ( .MILLI., .METRE. ) );
#86 = FILL_AREA_STYLE_COLOUR ( '', #3595 ) ;
#87 = AXIS2_PLACEMENT_3D ( 'NONE', #1922, #8937, #8982 ) ;
#88 = CIRCLE ( 'NONE', #9030, 1.000000000000000888 ) ;
#89 = CARTESIAN_POINT ( 'NONE',  ( -28.82731649811005781, -18.27407675507290818, -0.2449113037486423394 ) ) ;
#90 = CARTESIAN_POINT ( 'NONE',  ( -28.82731649811005781, -18.11334830678238461, -0.7435084826342410746 ) ) ;
#91 = ORIENTED_EDGE ( 'NONE', *, *, #8579, .T. ) ;
#92 = ORIENTED_EDGE ( 'NONE', *, *, #2037, .T. ) ;
#93 = MECHANICAL_DESIGN_GEOMETRIC_PRESENTATION_REPRESENTATION (  '', ( #1730 ), #4567 ) ;
#94 = MECHANICAL_DESIGN_GEOMETRIC_PRESENTATION_REPRESENTATION (  '', ( #537 ), #1276 ) ;
#95 = PLANE ( 'NONE',  #7841 ) ;
#96 = SURFACE_STYLE_USAGE ( .BOTH. , #5864 ) ;
#97 = PLANE ( 'NONE',  #5341 ) ;
#98 = COLOUR_RGB ( '',1.000000000000000000, 0.5019607843137254832, 0.000000000000000000 ) ;
#99 = STYLED_ITEM ( 'NONE', ( #4154 ), #8038 ) ;
#100 = EDGE_CURVE ( 'NONE', #3623, #7202, #4044, .T. ) ;
#101 = VERTEX_POINT ( 'NONE', #1102 ) ;
#102 = ORIENTED_EDGE ( 'NONE', *, *, #3, .T. ) ;
#103 = ORIENTED_EDGE ( 'NONE', *, *, #6854, .F. ) ;
#104 = ORIENTED_EDGE ( 'NONE', *, *, #5486, .T. ) ;
#105 = SURFACE_STYLE_USAGE ( .BOTH. , #9174 ) ;
#106 = MECHANICAL_DESIGN_GEOMETRIC_PRESENTATION_REPRESENTATION (  '', ( #4134 ), #2632 ) ;
#107 = FILL_AREA_STYLE_COLOUR ( '', #8483 ) ;
#108 = AXIS2_PLACEMENT_3D ( 'NONE', #8152, #3954, #5269 ) ;
#109 = VECTOR ( 'NONE', #6798, 1000.000000000000000 ) ;
#110 = FILL_AREA_STYLE ('',( #8737 ) ) ;
#111 = FACE_OUTER_BOUND ( 'NONE', #3610, .T. ) ;
#112 =( GEOMETRIC_REPRESENTATION_CONTEXT ( 3 ) GLOBAL_UNCERTAINTY_ASSIGNED_CONTEXT ( ( #2932 ) ) GLOBAL_UNIT_ASSIGNED_CONTEXT ( ( #6588, #2393, #154 ) ) REPRESENTATION_CONTEXT ( 'NONE', 'WORKASPACE' ) );
#113 = VECTOR ( 'NONE', #3369, 1000.000000000000000 ) ;
#114 = EDGE_CURVE ( 'NONE', #3636, #4878, #5271, .T. ) ;
#115 = ORIENTED_EDGE ( 'NONE', *, *, #822, .T. ) ;
#116 =( LENGTH_UNIT ( ) NAMED_UNIT ( * ) SI_UNIT ( .MILLI., .METRE. ) );
#117 = AXIS2_PLACEMENT_3D ( 'NONE', #3472, #671, #3525 ) ;
#118 = DIRECTION ( 'NONE',  ( -0.000000000000000000, 1.047444401652940007E-14, -1.000000000000000000 ) ) ;
#119 = EDGE_CURVE ( 'NONE', #2710, #8516, #2589, .T. ) ;
#120 = PRESENTATION_LAYER_ASSIGNMENT (  '', '', ( #566 ) ) ;
#121 = PLANE ( 'NONE',  #217 ) ;
#122 = CARTESIAN_POINT ( 'NONE',  ( -22.78039062757601130, -16.50398703403563871, -1.264999999999999902 ) ) ;
#123 = LINE ( 'NONE', #1329, #3152 ) ;
#124 = FACE_OUTER_BOUND ( 'NONE', #5726, .T. ) ;
#125 = COLOUR_RGB ( '',0.000000000000000000, 0.000000000000000000, 0.000000000000000000 ) ;
#126 = DIRECTION ( 'NONE',  ( 0.000000000000000000, -1.000000000000000000, -0.000000000000000000 ) ) ;
#127 = ORIENTED_EDGE ( 'NONE', *, *, #2335, .T. ) ;
#128 = CARTESIAN_POINT ( 'NONE',  ( -38.45646990792612030, 7.512463140623341751, -9.118999999999925166 ) ) ;
#129 = CARTESIAN_POINT ( 'NONE',  ( -36.10039062757601158, 7.206012965964358585, -1.266000000000000014 ) ) ;
#130 = DIRECTION ( 'NONE',  ( 1.000000000000000000, -0.000000000000000000, 0.000000000000000000 ) ) ;
#131 = PLANE ( 'NONE',  #2128 ) ;
#132 = CARTESIAN_POINT ( 'NONE',  ( -21.08039062757600846, -10.24398703403563893, 0.7150000000000003020 ) ) ;
#133 = DIRECTION ( 'NONE',  ( 1.000000000000000000, 0.000000000000000000, 0.000000000000000000 ) ) ;
#134 = DIRECTION ( 'NONE',  ( 0.000000000000000000, 1.000000000000000000, 1.047444401652940007E-14 ) ) ;
#135 = ORIENTED_EDGE ( 'NONE', *, *, #4891, .F. ) ;
#136 = ORIENTED_EDGE ( 'NONE', *, *, #6276, .F. ) ;
#137 = EDGE_CURVE ( 'NONE', #6479, #8024, #4612, .T. ) ;
#138 = EDGE_CURVE ( 'NONE', #5280, #1466, #1024, .T. ) ;
#139 = DIRECTION ( 'NONE',  ( 0.000000000000000000, -1.024442997624109662E-14, 1.000000000000000000 ) ) ;
#140 = UNCERTAINTY_MEASURE_WITH_UNIT (LENGTH_MEASURE( 1.000000000000000082E-05 ), #3424, 'distance_accuracy_value', 'NONE');
#141 = SURFACE_STYLE_FILL_AREA ( #3074 ) ;
#142 = CYLINDRICAL_SURFACE ( 'NONE', #4840, 0.2540000000000007807 ) ;
#143 = ORIENTED_EDGE ( 'NONE', *, *, #9064, .F. ) ;
#144 = ORIENTED_EDGE ( 'NONE', *, *, #2125, .T. ) ;
#145 = VERTEX_POINT ( 'NONE', #5418 ) ;
#146 = DIRECTION ( 'NONE',  ( 0.000000000000000000, 1.047444401652940007E-14, -1.000000000000000000 ) ) ;
#147 = CIRCLE ( 'NONE', #5839, 1.000000000000000888 ) ;
#148 = SURFACE_STYLE_FILL_AREA ( #3796 ) ;
#149 = CARTESIAN_POINT ( 'NONE',  ( -37.83416990792612467, 7.512463140623346192, -9.267789755157151532 ) ) ;
#150 = FILL_AREA_STYLE_COLOUR ( '', #7813 ) ;
#151 = SURFACE_SIDE_STYLE ('',( #4454 ) ) ;
#152 = CIRCLE ( 'NONE', #1652, 1.799999999999999600 ) ;
#153 = ORIENTED_EDGE ( 'NONE', *, *, #292, .F. ) ;
#154 =( NAMED_UNIT ( * ) SI_UNIT ( $, .STERADIAN. ) SOLID_ANGLE_UNIT ( ) );
#155 = CARTESIAN_POINT ( 'NONE',  ( -39.21211990792613022, 6.032913140623286985, -3.530999999999936634 ) ) ;
#156 =( GEOMETRIC_REPRESENTATION_CONTEXT ( 3 ) GLOBAL_UNCERTAINTY_ASSIGNED_CONTEXT ( ( #1245 ) ) GLOBAL_UNIT_ASSIGNED_CONTEXT ( ( #1535, #179, #3585 ) ) REPRESENTATION_CONTEXT ( 'NONE', 'WORKASPACE' ) );
#157 = EDGE_CURVE ( 'NONE', #1773, #1466, #429, .T. ) ;
#158 = CARTESIAN_POINT ( 'NONE',  ( -37.83411990792612301, 6.890113140623235211, 1.472800000000072718 ) ) ;
#159 = CYLINDRICAL_SURFACE ( 'NONE', #2888, 1.000000000000000888 ) ;
#160 = VECTOR ( 'NONE', #1938, 1000.000000000000000 ) ;
#161 = SURFACE_STYLE_FILL_AREA ( #3097 ) ;
#162 = CARTESIAN_POINT ( 'NONE',  ( -35.66246990792611626, 7.258463140623347520, -9.372999999999922949 ) ) ;
#163 = MECHANICAL_DESIGN_GEOMETRIC_PRESENTATION_REPRESENTATION (  '', ( #7191 ), #6150 ) ;
#164 = UNCERTAINTY_MEASURE_WITH_UNIT (LENGTH_MEASURE( 1.000000000000000082E-05 ), #2644, 'distance_accuracy_value', 'NONE');
#165 = PLANE ( 'NONE',  #3482 ) ;
#166 = AXIS2_PLACEMENT_3D ( 'NONE', #5462, #473, #9028 ) ;
#167 = COLOUR_RGB ( '',0.7529411764705882248, 0.7529411764705882248, 0.7529411764705882248 ) ;
#168 = LINE ( 'NONE', #8707, #8924 ) ;
#169 = VERTEX_POINT ( 'NONE', #5324 ) ;
#170 = FACE_OUTER_BOUND ( 'NONE', #2987, .T. ) ;
#171 = CARTESIAN_POINT ( 'NONE',  ( -39.21211990792613022, 7.144163140623346564, -9.118999999999921613 ) ) ;
#172 = DIRECTION ( 'NONE',  ( 1.000000000000000000, -0.000000000000000000, 0.000000000000000000 ) ) ;
#173 = PRESENTATION_LAYER_ASSIGNMENT (  '', '', ( #5415 ) ) ;
#174 = STYLED_ITEM ( 'NONE', ( #8419 ), #3783 ) ;
#175 = DIRECTION ( 'NONE',  ( 0.000000000000000000, 1.000000000000000000, -0.000000000000000000 ) ) ;
#176 = LINE ( 'NONE', #6698, #4503 ) ;
#177 = CARTESIAN_POINT ( 'NONE',  ( -34.65401384467411816, 8.369713140623197489, -1.244999999999911955 ) ) ;
#178 = FILL_AREA_STYLE ('',( #8065 ) ) ;
#179 =( NAMED_UNIT ( * ) PLANE_ANGLE_UNIT ( ) SI_UNIT ( $, .RADIAN. ) );
#180 = ORIENTED_EDGE ( 'NONE', *, *, #4970, .F. ) ;
#181 = EDGE_CURVE ( 'NONE', #8425, #2827, #343, .T. ) ;
#182 = ORIENTED_EDGE ( 'NONE', *, *, #7649, .T. ) ;
#183 = LINE ( 'NONE', #6080, #5962 ) ;
#184 = DIRECTION ( 'NONE',  ( 1.000000000000000000, 0.000000000000000000, 0.000000000000000000 ) ) ;
#185 = ADVANCED_FACE ( 'NONE', ( #8109 ), #8845, .F. ) ;
#186 =( LENGTH_UNIT ( ) NAMED_UNIT ( * ) SI_UNIT ( .MILLI., .METRE. ) );
#187 = ADVANCED_FACE ( 'NONE', ( #1059 ), #3907, .F. ) ;
#188 = FILL_AREA_STYLE_COLOUR ( '', #9113 ) ;
#189 = ORIENTED_EDGE ( 'NONE', *, *, #4063, .T. ) ;
#190 = EDGE_LOOP ( 'NONE', ( #2095, #6389, #607, #205 ) ) ;
#191 =( GEOMETRIC_REPRESENTATION_CONTEXT ( 3 ) GLOBAL_UNCERTAINTY_ASSIGNED_CONTEXT ( ( #2436 ) ) GLOBAL_UNIT_ASSIGNED_CONTEXT ( ( #860, #7354, #6673 ) ) REPRESENTATION_CONTEXT ( 'NONE', 'WORKASPACE' ) );
#192 = EDGE_LOOP ( 'NONE', ( #1577, #2313, #7898, #6010 ) ) ;
#193 = ADVANCED_FACE ( 'NONE', ( #622, #6962 ), #6915, .F. ) ;
#194 = FACE_OUTER_BOUND ( 'NONE', #2952, .T. ) ;
#195 = SURFACE_STYLE_FILL_AREA ( #858 ) ;
#196 = SURFACE_SIDE_STYLE ('',( #8643 ) ) ;
#197 = DIRECTION ( 'NONE',  ( 0.000000000000000000, 1.000000000000000000, 0.000000000000000000 ) ) ;
#198 = EDGE_CURVE ( 'NONE', #509, #583, #9184, .T. ) ;
#199 = STYLED_ITEM ( 'NONE', ( #1892 ), #8181 ) ;
#200 =( LENGTH_UNIT ( ) NAMED_UNIT ( * ) SI_UNIT ( .MILLI., .METRE. ) );
#201 = VECTOR ( 'NONE', #2760, 1000.000000000000000 ) ;
#202 = UNCERTAINTY_MEASURE_WITH_UNIT (LENGTH_MEASURE( 1.000000000000000082E-05 ), #5337, 'distance_accuracy_value', 'NONE');
#203 =( GEOMETRIC_REPRESENTATION_CONTEXT ( 3 ) GLOBAL_UNCERTAINTY_ASSIGNED_CONTEXT ( ( #5927 ) ) GLOBAL_UNIT_ASSIGNED_CONTEXT ( ( #7412, #1016, #331 ) ) REPRESENTATION_CONTEXT ( 'NONE', 'WORKASPACE' ) );
#204 =( BOUNDED_CURVE ( )  B_SPLINE_CURVE ( 3, ( #8430, #2878, #8380, #6459 ),
 .UNSPECIFIED., .F., .F. ) 
 B_SPLINE_CURVE_WITH_KNOTS ( ( 4, 4 ),
 ( 1.570796326794896780, 3.141592653589794892 ),
 .UNSPECIFIED. ) 
 CURVE ( )  GEOMETRIC_REPRESENTATION_ITEM ( )  RATIONAL_B_SPLINE_CURVE ( ( 1.000000000000000000, 0.8047378541243646044, 0.8047378541243646044, 1.000000000000000000 ) ) 
 REPRESENTATION_ITEM ( '' )  );
#205 = ORIENTED_EDGE ( 'NONE', *, *, #8848, .F. ) ;
#206 = CARTESIAN_POINT ( 'NONE',  ( -35.91651990792611571, 6.890113140623267185, -1.575199999999927103 ) ) ;
#207 = DIRECTION ( 'NONE',  ( 1.000000000000000000, 0.000000000000000000, 0.000000000000000000 ) ) ;
#208 = SURFACE_STYLE_USAGE ( .BOTH. , #8047 ) ;
#209 = SURFACE_SIDE_STYLE ('',( #7319 ) ) ;
#210 = MECHANICAL_DESIGN_GEOMETRIC_PRESENTATION_REPRESENTATION (  '', ( #3639 ), #808 ) ;
#211 = CARTESIAN_POINT ( 'NONE',  ( -28.82731649811005781, -17.34713668424583943, 0.6544084639867290276 ) ) ;
#212 = PLANE ( 'NONE',  #8112 ) ;
#213 = FACE_OUTER_BOUND ( 'NONE', #6621, .T. ) ;
#214 = FACE_OUTER_BOUND ( 'NONE', #3943, .T. ) ;
#215 = VECTOR ( 'NONE', #1885, 1000.000000000000000 ) ;
#216 = CARTESIAN_POINT ( 'NONE',  ( -39.21211990792613022, 7.144113140623238323, 1.218800000000075823 ) ) ;
#217 = AXIS2_PLACEMENT_3D ( 'NONE', #4036, #3896, #1219 ) ;
#218 = FILL_AREA_STYLE_COLOUR ( '', #248 ) ;
#219 = EDGE_CURVE ( 'NONE', #2522, #8437, #9081, .T. ) ;
#220 = CARTESIAN_POINT ( 'NONE',  ( -37.63731990792611981, 6.032913140623263892, -1.244999999999911955 ) ) ;
#221 = ORIENTED_EDGE ( 'NONE', *, *, #2661, .F. ) ;
#222 = VECTOR ( 'NONE', #4626, 1000.000000000000000 ) ;
#223 = SURFACE_STYLE_FILL_AREA ( #2315 ) ;
#224 = DIRECTION ( 'NONE',  ( -1.000000000000000000, 0.000000000000000000, -0.000000000000000000 ) ) ;
#225 =( NAMED_UNIT ( * ) PLANE_ANGLE_UNIT ( ) SI_UNIT ( $, .RADIAN. ) );
#226 = PLANE ( 'NONE',  #1361 ) ;
#227 =( NAMED_UNIT ( * ) SI_UNIT ( $, .STERADIAN. ) SOLID_ANGLE_UNIT ( ) );
#228 = ORIENTED_EDGE ( 'NONE', *, *, #8285, .T. ) ;
#229 = ORIENTED_EDGE ( 'NONE', *, *, #4229, .F. ) ;
#230 = DIRECTION ( 'NONE',  ( 0.000000000000000000, 0.000000000000000000, 1.000000000000000000 ) ) ;
#231 = CARTESIAN_POINT ( 'NONE',  ( -34.65401384467418211, 6.032913140623300308, -1.244999999999936158 ) ) ;
#232 = STYLED_ITEM ( 'NONE', ( #7176 ), #9038 ) ;
#233 = DIRECTION ( 'NONE',  ( -0.5000000000000197620, -0.8660254037844272723, 0.000000000000000000 ) ) ;
#234 = EDGE_CURVE ( 'NONE', #1653, #509, #2638, .T. ) ;
#235 = FILL_AREA_STYLE_COLOUR ( '', #3784 ) ;
#236 = DIRECTION ( 'NONE',  ( 1.000000000000000000, 0.000000000000000000, 0.000000000000000000 ) ) ;
#237 = DIRECTION ( 'NONE',  ( 1.000000000000000000, 0.000000000000000000, -0.000000000000000000 ) ) ;
#238 = EDGE_LOOP ( 'NONE', ( #7251, #2391, #7129, #3776 ) ) ;
#239 = ORIENTED_EDGE ( 'NONE', *, *, #7112, .F. ) ;
#240 = AXIS2_PLACEMENT_3D ( 'NONE', #21, #751, #3509 ) ;
#241 = VERTEX_POINT ( 'NONE', #4793 ) ;
#242 = CARTESIAN_POINT ( 'NONE',  ( -31.52742597117762813, 8.369713140623279202, -3.530999999999912209 ) ) ;
#243 = DIRECTION ( 'NONE',  ( 1.000000000000000000, 0.000000000000000000, 0.000000000000000000 ) ) ;
#244 = DIRECTION ( 'NONE',  ( -1.000000000000000000, 0.000000000000000000, 0.000000000000000000 ) ) ;
#245 = PRESENTATION_STYLE_ASSIGNMENT (( #7400 ) ) ;
#246 = DIRECTION ( 'NONE',  ( 0.000000000000000000, 0.000000000000000000, 1.000000000000000000 ) ) ;
#247 = VECTOR ( 'NONE', #5447, 1000.000000000000000 ) ;
#248 = COLOUR_RGB ( '',0.7529411764705882248, 0.7529411764705882248, 0.7529411764705882248 ) ;
#249 = ADVANCED_FACE ( 'NONE', ( #7695 ), #4937, .F. ) ;
#250 = AXIS2_PLACEMENT_3D ( 'NONE', #5992, #1506, #7960 ) ;
#251 = ORIENTED_EDGE ( 'NONE', *, *, #8689, .F. ) ;
#252 = CARTESIAN_POINT ( 'NONE',  ( -36.90071990792588252, 7.861713140623444396, -3.530999999999914873 ) ) ;
#253 = ADVANCED_FACE ( 'NONE', ( #6631 ), #7277, .F. ) ;
#254 = DIRECTION ( 'NONE',  ( 0.000000000000000000, 1.047444401652940007E-14, -1.000000000000000000 ) ) ;
#255 = FILL_AREA_STYLE_COLOUR ( '', #1877 ) ;
#256 =( NAMED_UNIT ( * ) SI_UNIT ( $, .STERADIAN. ) SOLID_ANGLE_UNIT ( ) );
#257 = CARTESIAN_POINT ( 'NONE',  ( -32.55731990792611441, 6.032913140623263892, -1.244999999999924167 ) ) ;
#258 = AXIS2_PLACEMENT_3D ( 'NONE', #8606, #2016, #7181 ) ;
#259 = SURFACE_STYLE_USAGE ( .BOTH. , #8050 ) ;
#260 = CARTESIAN_POINT ( 'NONE',  ( -35.09731990792612066, 6.032913140623263892, -1.244999999999911955 ) ) ;
#261 =( GEOMETRIC_REPRESENTATION_CONTEXT ( 3 ) GLOBAL_UNCERTAINTY_ASSIGNED_CONTEXT ( ( #2781 ) ) GLOBAL_UNIT_ASSIGNED_CONTEXT ( ( #5700, #8337, #6928 ) ) REPRESENTATION_CONTEXT ( 'NONE', 'WORKASPACE' ) );
#262 = CYLINDRICAL_SURFACE ( 'NONE', #6419, 0.5000000000000004441 ) ;
#263 = ORIENTED_EDGE ( 'NONE', *, *, #2085, .F. ) ;
#264 = DIRECTION ( 'NONE',  ( 0.000000000000000000, 0.000000000000000000, 1.000000000000000000 ) ) ;
#265 = SURFACE_STYLE_USAGE ( .BOTH. , #3817 ) ;
#266 = SURFACE_STYLE_USAGE ( .BOTH. , #1061 ) ;
#267 = LINE ( 'NONE', #3732, #930 ) ;
#268 =( LENGTH_UNIT ( ) NAMED_UNIT ( * ) SI_UNIT ( .MILLI., .METRE. ) );
#269 = STYLED_ITEM ( 'NONE', ( #2788 ), #2685 ) ;
#270 = CARTESIAN_POINT ( 'NONE',  ( -45.82731649811005781, -9.423987034035640420, -1.254999999999999893 ) ) ;
#271 = VERTEX_POINT ( 'NONE', #1470 ) ;
#272 = ORIENTED_EDGE ( 'NONE', *, *, #6642, .F. ) ;
#273 = FILL_AREA_STYLE_COLOUR ( '', #1157 ) ;
#274 = EDGE_LOOP ( 'NONE', ( #7924, #4353, #555, #5871 ) ) ;
#275 =( NAMED_UNIT ( * ) SI_UNIT ( $, .STERADIAN. ) SOLID_ANGLE_UNIT ( ) );
#276 = ADVANCED_FACE ( 'NONE', ( #8652 ), #7229, .T. ) ;
#277 = SURFACE_SIDE_STYLE ('',( #5916 ) ) ;
#278 = PRESENTATION_STYLE_ASSIGNMENT (( #2328 ) ) ;
#279 = ORIENTED_EDGE ( 'NONE', *, *, #2110, .T. ) ;
#280 = ORIENTED_EDGE ( 'NONE', *, *, #5098, .F. ) ;
#281 = EDGE_LOOP ( 'NONE', ( #5186, #182, #2465, #3594 ) ) ;
#282 = DIRECTION ( 'NONE',  ( -1.000000000000000000, 0.000000000000000000, 0.000000000000000000 ) ) ;
#283 = CARTESIAN_POINT ( 'NONE',  ( -35.91651990792611571, 6.890113140623235211, -1.575199999999927325 ) ) ;
#284 = SURFACE_SIDE_STYLE ('',( #7399 ) ) ;
#285 = CARTESIAN_POINT ( 'NONE',  ( -39.21211990792613022, 6.032913140623287873, -3.530999999999936634 ) ) ;
#286 = UNCERTAINTY_MEASURE_WITH_UNIT (LENGTH_MEASURE( 1.000000000000000082E-05 ), #2814, 'distance_accuracy_value', 'NONE');
#287 = ORIENTED_EDGE ( 'NONE', *, *, #5212, .T. ) ;
#288 = CARTESIAN_POINT ( 'NONE',  ( -39.21211990792613022, 8.369713140623263214, -1.244999999999911955 ) ) ;
#289 =( NAMED_UNIT ( * ) PLANE_ANGLE_UNIT ( ) SI_UNIT ( $, .RADIAN. ) );
#290 = CARTESIAN_POINT ( 'NONE',  ( -33.37646990792612200, 6.890163140623347893, -9.118999999999925166 ) ) ;
#291 = CARTESIAN_POINT ( 'NONE',  ( -28.82731649811007202, -18.18510063209038208, 0.03766094568891640432 ) ) ;
#292 = EDGE_CURVE ( 'NONE', #6456, #3879, #6315, .T. ) ;
#293 = DIRECTION ( 'NONE',  ( 0.000000000000000000, -1.000000000000000000, -1.047444401652940007E-14 ) ) ;
#294 = MECHANICAL_DESIGN_GEOMETRIC_PRESENTATION_REPRESENTATION (  '', ( #4327 ), #3571 ) ;
#295 = FILL_AREA_STYLE_COLOUR ( '', #3236 ) ;
#296 =( GEOMETRIC_REPRESENTATION_CONTEXT ( 3 ) GLOBAL_UNCERTAINTY_ASSIGNED_CONTEXT ( ( #8076 ) ) GLOBAL_UNIT_ASSIGNED_CONTEXT ( ( #7941, #7758, #8519 ) ) REPRESENTATION_CONTEXT ( 'NONE', 'WORKASPACE' ) );
#297 =( NAMED_UNIT ( * ) PLANE_ANGLE_UNIT ( ) SI_UNIT ( $, .RADIAN. ) );
#298 = SURFACE_STYLE_FILL_AREA ( #2455 ) ;
#299 = SURFACE_SIDE_STYLE ('',( #6733 ) ) ;
#300 = FILL_AREA_STYLE ('',( #3060 ) ) ;
#301 =( LENGTH_UNIT ( ) NAMED_UNIT ( * ) SI_UNIT ( .MILLI., .METRE. ) );
#302 = EDGE_CURVE ( 'NONE', #5112, #8718, #3004, .T. ) ;
#303 = CARTESIAN_POINT ( 'NONE',  ( -34.33039062757600846, -3.003987034035643600, -0.2449999999999997735 ) ) ;
#304 = AXIS2_PLACEMENT_3D ( 'NONE', #7448, #8125, #237 ) ;
#305 = FILL_AREA_STYLE ('',( #880 ) ) ;
#306 =( GEOMETRIC_REPRESENTATION_CONTEXT ( 3 ) GLOBAL_UNCERTAINTY_ASSIGNED_CONTEXT ( ( #1993 ) ) GLOBAL_UNIT_ASSIGNED_CONTEXT ( ( #5980, #2504, #3201 ) ) REPRESENTATION_CONTEXT ( 'NONE', 'WORKASPACE' ) );
#307 = SURFACE_STYLE_FILL_AREA ( #178 ) ;
#308 =( LENGTH_UNIT ( ) NAMED_UNIT ( * ) SI_UNIT ( .MILLI., .METRE. ) );
#309 =( GEOMETRIC_REPRESENTATION_CONTEXT ( 3 ) GLOBAL_UNCERTAINTY_ASSIGNED_CONTEXT ( ( #8017 ) ) GLOBAL_UNIT_ASSIGNED_CONTEXT ( ( #1832, #6156, #2627 ) ) REPRESENTATION_CONTEXT ( 'NONE', 'WORKASPACE' ) );
#310 = ORIENTED_EDGE ( 'NONE', *, *, #7514, .F. ) ;
#311 = ORIENTED_EDGE ( 'NONE', *, *, #754, .T. ) ;
#312 = SURFACE_STYLE_FILL_AREA ( #936 ) ;
#313 = UNCERTAINTY_MEASURE_WITH_UNIT (LENGTH_MEASURE( 1.000000000000000082E-05 ), #3844, 'distance_accuracy_value', 'NONE');
#314 = ORIENTED_EDGE ( 'NONE', *, *, #198, .F. ) ;
#315 = CARTESIAN_POINT ( 'NONE',  ( -21.78039062757600774, 7.056012965964359118, -1.264999999999999902 ) ) ;
#316 = COLOUR_RGB ( '',0.000000000000000000, 0.000000000000000000, 0.000000000000000000 ) ;
#317 =( NAMED_UNIT ( * ) PLANE_ANGLE_UNIT ( ) SI_UNIT ( $, .RADIAN. ) );
#318 = COLOUR_RGB ( '',0.000000000000000000, 0.000000000000000000, 0.000000000000000000 ) ;
#319 = DIRECTION ( 'NONE',  ( 1.000000000000000000, 0.000000000000000000, 0.000000000000000000 ) ) ;
#320 = SURFACE_STYLE_FILL_AREA ( #6755 ) ;
#321 = VERTEX_POINT ( 'NONE', #2575 ) ;
#322 = EDGE_LOOP ( 'NONE', ( #3033, #4363, #3702, #8648 ) ) ;
#323 = EDGE_CURVE ( 'NONE', #9061, #1148, #4603, .T. ) ;
#324 = VERTEX_POINT ( 'NONE', #3992 ) ;
#325 = SURFACE_STYLE_USAGE ( .BOTH. , #2527 ) ;
#326 =( NAMED_UNIT ( * ) SI_UNIT ( $, .STERADIAN. ) SOLID_ANGLE_UNIT ( ) );
#327 = EDGE_LOOP ( 'NONE', ( #8461, #5959, #9248, #2334 ) ) ;
#328 = SURFACE_SIDE_STYLE ('',( #6678 ) ) ;
#329 =( NAMED_UNIT ( * ) PLANE_ANGLE_UNIT ( ) SI_UNIT ( $, .RADIAN. ) );
#330 = CARTESIAN_POINT ( 'NONE',  ( -30.31938015276888265, 7.407252895780580992, -9.372999999999922949 ) ) ;
#331 =( NAMED_UNIT ( * ) SI_UNIT ( $, .STERADIAN. ) SOLID_ANGLE_UNIT ( ) );
#332 = AXIS2_PLACEMENT_3D ( 'NONE', #2103, #4223, #8457 ) ;
#333 = EDGE_CURVE ( 'NONE', #8954, #321, #1787, .T. ) ;
#334 = LINE ( 'NONE', #3193, #5640 ) ;
#335 = EDGE_LOOP ( 'NONE', ( #1324, #5149, #7992, #1273 ) ) ;
#336 = PRESENTATION_LAYER_ASSIGNMENT (  '', '', ( #6116 ) ) ;
#337 =( LENGTH_UNIT ( ) NAMED_UNIT ( * ) SI_UNIT ( .MILLI., .METRE. ) );
#338 = AXIS2_PLACEMENT_3D ( 'NONE', #478, #6118, #3341 ) ;
#339 = PRESENTATION_LAYER_ASSIGNMENT (  '', '', ( #8533 ) ) ;
#340 = PRESENTATION_LAYER_ASSIGNMENT (  '', '', ( #4385 ) ) ;
#341 = FACE_OUTER_BOUND ( 'NONE', #2368, .T. ) ;
#342 = CARTESIAN_POINT ( 'NONE',  ( -36.11331990792611890, 7.201313140623263997, -1.244999999999924167 ) ) ;
#343 = CIRCLE ( 'NONE', #7670, 1.800000000000002931 ) ;
#344 = MECHANICAL_DESIGN_GEOMETRIC_PRESENTATION_REPRESENTATION (  '', ( #3184 ), #4082 ) ;
#345 = COLOUR_RGB ( '',0.000000000000000000, 0.000000000000000000, 0.000000000000000000 ) ;
#346 = PRESENTATION_LAYER_ASSIGNMENT (  '', '', ( #3639 ) ) ;
#347 = PLANE ( 'NONE',  #4233 ) ;
#348 = DIRECTION ( 'NONE',  ( 1.000000000000000000, 0.000000000000000000, 0.000000000000000000 ) ) ;
#349 = DIRECTION ( 'NONE',  ( 0.000000000000000000, 0.000000000000000000, -1.000000000000000000 ) ) ;
#350 = ORIENTED_EDGE ( 'NONE', *, *, #6776, .F. ) ;
#351 = AXIS2_PLACEMENT_3D ( 'NONE', #7454, #4024, #7535 ) ;
#352 = CYLINDRICAL_SURFACE ( 'NONE', #3855, 0.2539999999999972835 ) ;
#353 = ORIENTED_EDGE ( 'NONE', *, *, #1088, .F. ) ;
#354 = EDGE_CURVE ( 'NONE', #5284, #7755, #510, .T. ) ;
#355 = DIRECTION ( 'NONE',  ( -0.000000000000000000, -0.000000000000000000, -1.000000000000000000 ) ) ;
#356 = LINE ( 'NONE', #1194, #5042 ) ;
#357 = FACE_OUTER_BOUND ( 'NONE', #5963, .T. ) ;
#358 = FILL_AREA_STYLE_COLOUR ( '', #3148 ) ;
#359 = AXIS2_PLACEMENT_3D ( 'NONE', #6058, #4636, #4166 ) ;
#360 = DIRECTION ( 'NONE',  ( 0.000000000000000000, -1.000000000000000000, -1.047444401652940007E-14 ) ) ;
#361 = SURFACE_SIDE_STYLE ('',( #6801 ) ) ;
#362 = DIRECTION ( 'NONE',  ( 0.000000000000000000, 0.000000000000000000, 1.000000000000000000 ) ) ;
#363 = EDGE_LOOP ( 'NONE', ( #2424, #7833, #8999, #7496 ) ) ;
#364 = ORIENTED_EDGE ( 'NONE', *, *, #1262, .F. ) ;
#365 = STYLED_ITEM ( 'NONE', ( #6408 ), #8856 ) ;
#366 = EDGE_LOOP ( 'NONE', ( #6745, #701, #8697, #2333 ) ) ;
#367 = CARTESIAN_POINT ( 'NONE',  ( -37.63731990792611981, 8.369713140623266767, -1.244999999999936158 ) ) ;
#368 = CARTESIAN_POINT ( 'NONE',  ( -37.83411990792612301, 6.890113140623239651, 1.218800000000072270 ) ) ;
#369 = UNCERTAINTY_MEASURE_WITH_UNIT (LENGTH_MEASURE( 1.000000000000000082E-05 ), #2294, 'distance_accuracy_value', 'NONE');
#370 = ORIENTED_EDGE ( 'NONE', *, *, #8671, .T. ) ;
#371 = PLANE ( 'NONE',  #6792 ) ;
#372 = LINE ( 'NONE', #6818, #4577 ) ;
#373 = COLOUR_RGB ( '',0.000000000000000000, 0.000000000000000000, 0.000000000000000000 ) ;
#374 = DIRECTION ( 'NONE',  ( 0.000000000000000000, 0.000000000000000000, -1.000000000000000000 ) ) ;
#375 =( NAMED_UNIT ( * ) SI_UNIT ( $, .STERADIAN. ) SOLID_ANGLE_UNIT ( ) );
#376 = SURFACE_SIDE_STYLE ('',( #3329 ) ) ;
#377 = SURFACE_SIDE_STYLE ('',( #4784 ) ) ;
#378 = FILL_AREA_STYLE ('',( #7463 ) ) ;
#379 = EDGE_CURVE ( 'NONE', #8037, #6479, #6014, .T. ) ;
#380 = VERTEX_POINT ( 'NONE', #3892 ) ;
#381 = CARTESIAN_POINT ( 'NONE',  ( -30.21416990792611657, 6.890163140623345228, -9.267789755157155085 ) ) ;
#382 = AXIS2_PLACEMENT_3D ( 'NONE', #933, #6651, #2553 ) ;
#383 = EDGE_CURVE ( 'NONE', #8427, #4152, #4627, .T. ) ;
#384 = MECHANICAL_DESIGN_GEOMETRIC_PRESENTATION_REPRESENTATION (  '', ( #1447 ), #6107 ) ;
#385 = EDGE_CURVE ( 'NONE', #7047, #2466, #7542, .T. ) ;
#386 = FILL_AREA_STYLE_COLOUR ( '', #4909 ) ;
#387 = CARTESIAN_POINT ( 'NONE',  ( -32.11401384467411901, 7.048913140622078188, -1.244999999999925944 ) ) ;
#388 = DIRECTION ( 'NONE',  ( 1.000000000000000000, 0.000000000000000000, 0.000000000000000000 ) ) ;
#389 = MECHANICAL_DESIGN_GEOMETRIC_PRESENTATION_REPRESENTATION (  '', ( #8902 ), #261 ) ;
#390 = PRESENTATION_STYLE_ASSIGNMENT (( #6075 ) ) ;
#391 = FACE_OUTER_BOUND ( 'NONE', #9063, .T. ) ;
#392 = AXIS2_PLACEMENT_3D ( 'NONE', #7254, #691, #5756 ) ;
#393 = CARTESIAN_POINT ( 'NONE',  ( -30.83646990792612641, 6.890163140623347893, -9.118999999999928718 ) ) ;
#394 = ORIENTED_EDGE ( 'NONE', *, *, #3084, .F. ) ;
#395 = CARTESIAN_POINT ( 'NONE',  ( -37.63731990792611981, 8.369713140623263214, -1.244999999999911955 ) ) ;
#396 = ORIENTED_EDGE ( 'NONE', *, *, #3903, .F. ) ;
#397 = FACE_OUTER_BOUND ( 'NONE', #1983, .T. ) ;
#398 = FILL_AREA_STYLE ('',( #5381 ) ) ;
#399 = AXIS2_PLACEMENT_3D ( 'NONE', #216, #2309, #3056 ) ;
#400 = SURFACE_STYLE_USAGE ( .BOTH. , #2514 ) ;
#401 = EDGE_CURVE ( 'NONE', #2532, #3866, #8934, .T. ) ;
#402 = VECTOR ( 'NONE', #8376, 1000.000000000000000 ) ;
#403 = LINE ( 'NONE', #4581, #2734 ) ;
#404 = CARTESIAN_POINT ( 'NONE',  ( -40.82731649811009333, -17.89028266360343267, -0.9463040803828748349 ) ) ;
#405 = SURFACE_STYLE_USAGE ( .BOTH. , #4534 ) ;
#406 = EDGE_CURVE ( 'NONE', #3649, #8314, #8830, .T. ) ;
#407 = EDGE_LOOP ( 'NONE', ( #4300, #5659, #1310, #3338, #6532, #975 ) ) ;
#408 = EDGE_CURVE ( 'NONE', #8363, #4673, #4508, .T. ) ;
#409 = ORIENTED_EDGE ( 'NONE', *, *, #526, .T. ) ;
#410 = EDGE_LOOP ( 'NONE', ( #4257, #6741, #1774, #3312 ) ) ;
#411 = DIRECTION ( 'NONE',  ( 0.000000000000000000, 1.024442997624109662E-14, -1.000000000000000000 ) ) ;
#412 = LINE ( 'NONE', #4544, #2989 ) ;
#413 =( LENGTH_UNIT ( ) NAMED_UNIT ( * ) SI_UNIT ( .MILLI., .METRE. ) );
#414 =( LENGTH_UNIT ( ) NAMED_UNIT ( * ) SI_UNIT ( .MILLI., .METRE. ) );
#415 = DIRECTION ( 'NONE',  ( 0.000000000000000000, 0.000000000000000000, 1.000000000000000000 ) ) ;
#416 = VECTOR ( 'NONE', #2345, 1000.000000000000000 ) ;
#417 = ORIENTED_EDGE ( 'NONE', *, *, #4094, .F. ) ;
#418 =( NAMED_UNIT ( * ) SI_UNIT ( $, .STERADIAN. ) SOLID_ANGLE_UNIT ( ) );
#419 = CARTESIAN_POINT ( 'NONE',  ( -45.88039062757600561, 7.056012965964359118, -1.264999999999999902 ) ) ;
#420 = CARTESIAN_POINT ( 'NONE',  ( -38.45646990792611319, 6.890163140623287497, -9.372999999999919396 ) ) ;
#421 = DIRECTION ( 'NONE',  ( -0.8660254037844272723, 0.5000000000000197620, 5.237222008264905926E-15 ) ) ;
#422 = CARTESIAN_POINT ( 'NONE',  ( -28.82731649811007202, -17.83967401293548605, 0.3825688395957673738 ) ) ;
#423 = FACE_OUTER_BOUND ( 'NONE', #7127, .T. ) ;
#424 = DIRECTION ( 'NONE',  ( 0.000000000000000000, -1.047444401652940007E-14, 1.000000000000000000 ) ) ;
#425 = PLANE ( 'NONE',  #2695 ) ;
#426 =( GEOMETRIC_REPRESENTATION_CONTEXT ( 3 ) GLOBAL_UNCERTAINTY_ASSIGNED_CONTEXT ( ( #9109 ) ) GLOBAL_UNIT_ASSIGNED_CONTEXT ( ( #2291, #5116, #2859 ) ) REPRESENTATION_CONTEXT ( 'NONE', 'WORKASPACE' ) );
#427 = ADVANCED_FACE ( 'NONE', ( #5264 ), #3278, .F. ) ;
#428 = PLANE ( 'NONE',  #1890 ) ;
#429 = LINE ( 'NONE', #6167, #2438 ) ;
#430 = DIRECTION ( 'NONE',  ( -0.000000000000000000, 1.000000000000000000, 1.047444401652940007E-14 ) ) ;
#431 = STYLED_ITEM ( 'NONE', ( #6692 ), #20 ) ;
#432 =( NAMED_UNIT ( * ) SI_UNIT ( $, .STERADIAN. ) SOLID_ANGLE_UNIT ( ) );
#433 = LINE ( 'NONE', #7653, #1231 ) ;
#434 = DIRECTION ( 'NONE',  ( -1.299418334065024133E-16, 1.000000000000000000, 0.000000000000000000 ) ) ;
#435 = CARTESIAN_POINT ( 'NONE',  ( -21.08039062757600846, -14.00398703403564227, 0.7150000000000003020 ) ) ;
#436 = ORIENTED_EDGE ( 'NONE', *, *, #1377, .T. ) ;
#437 = FILL_AREA_STYLE_COLOUR ( '', #8313 ) ;
#438 = ORIENTED_EDGE ( 'NONE', *, *, #302, .F. ) ;
#439 =( LENGTH_UNIT ( ) NAMED_UNIT ( * ) SI_UNIT ( .MILLI., .METRE. ) );
#440 = SURFACE_STYLE_USAGE ( .BOTH. , #3519 ) ;
#441 = VECTOR ( 'NONE', #4950, 1000.000000000000000 ) ;
#442 = LINE ( 'NONE', #7446, #5900 ) ;
#443 =( NAMED_UNIT ( * ) SI_UNIT ( $, .STERADIAN. ) SOLID_ANGLE_UNIT ( ) );
#444 = STYLED_ITEM ( 'NONE', ( #3750 ), #5117 ) ;
#445 = EDGE_CURVE ( 'NONE', #5112, #3494, #5969, .T. ) ;
#446 = PLANE ( 'NONE',  #5175 ) ;
#447 = FACE_BOUND ( 'NONE', #363, .T. ) ;
#448 = LINE ( 'NONE', #7618, #2084 ) ;
#449 = VERTEX_POINT ( 'NONE', #1699 ) ;
#450 = ORIENTED_EDGE ( 'NONE', *, *, #7093, .F. ) ;
#451 = STYLED_ITEM ( 'NONE', ( #8157 ), #3711 ) ;
#452 = ADVANCED_FACE ( 'NONE', ( #4553 ), #3853, .T. ) ;
#453 = FILL_AREA_STYLE_COLOUR ( '', #6553 ) ;
#454 = FACE_OUTER_BOUND ( 'NONE', #3530, .T. ) ;
#455 =( NAMED_UNIT ( * ) SI_UNIT ( $, .STERADIAN. ) SOLID_ANGLE_UNIT ( ) );
#456 = MECHANICAL_DESIGN_GEOMETRIC_PRESENTATION_REPRESENTATION (  '', ( #5706 ), #7646 ) ;
#457 = CARTESIAN_POINT ( 'NONE',  ( -47.58039062757602267, 5.256012965964357520, -0.2449999999999997735 ) ) ;
#458 = SHAPE_DEFINITION_REPRESENTATION ( #6017, #8511 ) ;
#459 = CARTESIAN_POINT ( 'NONE',  ( -38.08811990792612079, 7.144113140623235658, 1.472800000000074494 ) ) ;
#460 = UNCERTAINTY_MEASURE_WITH_UNIT (LENGTH_MEASURE( 1.000000000000000082E-05 ), #2984, 'distance_accuracy_value', 'NONE');
#461 = ORIENTED_EDGE ( 'NONE', *, *, #5313, .T. ) ;
#462 = ORIENTED_EDGE ( 'NONE', *, *, #9003, .T. ) ;
#463 = SURFACE_STYLE_USAGE ( .BOTH. , #3504 ) ;
#464 = FILL_AREA_STYLE_COLOUR ( '', #1746 ) ;
#465 = EDGE_CURVE ( 'NONE', #380, #2478, #2810, .T. ) ;
#466 = SURFACE_STYLE_USAGE ( .BOTH. , #7590 ) ;
#467 = CARTESIAN_POINT ( 'NONE',  ( -22.78039062757601130, -16.50398703403563871, -0.2449999999999997735 ) ) ;
#468 =( NAMED_UNIT ( * ) PLANE_ANGLE_UNIT ( ) SI_UNIT ( $, .RADIAN. ) );
#469 = CYLINDRICAL_SURFACE ( 'NONE', #4374, 0.2539999999999998925 ) ;
#470 = SURFACE_STYLE_USAGE ( .BOTH. , #3334 ) ;
#471 = VERTEX_POINT ( 'NONE', #4126 ) ;
#472 = FILL_AREA_STYLE ('',( #1177 ) ) ;
#473 = DIRECTION ( 'NONE',  ( 0.000000000000000000, -1.047444401652940007E-14, 1.000000000000000000 ) ) ;
#474 = ORIENTED_EDGE ( 'NONE', *, *, #5727, .T. ) ;
#475 = AXIS2_PLACEMENT_3D ( 'NONE', #5254, #8089, #1691 ) ;
#476 =( NAMED_UNIT ( * ) PLANE_ANGLE_UNIT ( ) SI_UNIT ( $, .RADIAN. ) );
#477 =( NAMED_UNIT ( * ) PLANE_ANGLE_UNIT ( ) SI_UNIT ( $, .RADIAN. ) );
#478 = CARTESIAN_POINT ( 'NONE',  ( -45.88039062757600561, 7.056012965964359118, -1.264999999999999902 ) ) ;
#479 = PRESENTATION_STYLE_ASSIGNMENT (( #5421 ) ) ;
#480 = DIRECTION ( 'NONE',  ( -0.000000000000000000, 1.000000000000000000, 1.047444401652940007E-14 ) ) ;
#481 = STYLED_ITEM ( 'NONE', ( #5896 ), #8107 ) ;
#482 =( GEOMETRIC_REPRESENTATION_CONTEXT ( 3 ) GLOBAL_UNCERTAINTY_ASSIGNED_CONTEXT ( ( #7282 ) ) GLOBAL_UNIT_ASSIGNED_CONTEXT ( ( #6783, #4707, #6452 ) ) REPRESENTATION_CONTEXT ( 'NONE', 'WORKASPACE' ) );
#483 = FILL_AREA_STYLE ('',( #8370 ) ) ;
#484 = EDGE_CURVE ( 'NONE', #1250, #723, #4928, .T. ) ;
#485 = MECHANICAL_DESIGN_GEOMETRIC_PRESENTATION_REPRESENTATION (  '', ( #3330 ), #6428 ) ;
#486 =( LENGTH_UNIT ( ) NAMED_UNIT ( * ) SI_UNIT ( .MILLI., .METRE. ) );
#487 = ORIENTED_EDGE ( 'NONE', *, *, #3413, .F. ) ;
#488 = ORIENTED_EDGE ( 'NONE', *, *, #1368, .T. ) ;
#489 =( GEOMETRIC_REPRESENTATION_CONTEXT ( 3 ) GLOBAL_UNCERTAINTY_ASSIGNED_CONTEXT ( ( #2343 ) ) GLOBAL_UNIT_ASSIGNED_CONTEXT ( ( #9083, #7011, #7888 ) ) REPRESENTATION_CONTEXT ( 'NONE', 'WORKASPACE' ) );
#490 =( GEOMETRIC_REPRESENTATION_CONTEXT ( 3 ) GLOBAL_UNCERTAINTY_ASSIGNED_CONTEXT ( ( #917 ) ) GLOBAL_UNIT_ASSIGNED_CONTEXT ( ( #5505, #2499, #3696 ) ) REPRESENTATION_CONTEXT ( 'NONE', 'WORKASPACE' ) );
#491 =( NAMED_UNIT ( * ) SI_UNIT ( $, .STERADIAN. ) SOLID_ANGLE_UNIT ( ) );
#492 = COLOUR_RGB ( '',0.7529411764705882248, 0.7529411764705882248, 0.7529411764705882248 ) ;
#493 = PLANE ( 'NONE',  #4863 ) ;
#494 = UNCERTAINTY_MEASURE_WITH_UNIT (LENGTH_MEASURE( 1.000000000000000082E-05 ), #2267, 'distance_accuracy_value', 'NONE');
#495 = FILL_AREA_STYLE ('',( #6183 ) ) ;
#496 =( LENGTH_UNIT ( ) NAMED_UNIT ( * ) SI_UNIT ( .MILLI., .METRE. ) );
#497 = DIRECTION ( 'NONE',  ( 0.000000000000000000, 0.000000000000000000, 1.000000000000000000 ) ) ;
#498 = STYLED_ITEM ( 'NONE', ( #6583 ), #8600 ) ;
#499 = COLOUR_RGB ( '',0.000000000000000000, 0.000000000000000000, 0.000000000000000000 ) ;
#500 = EDGE_LOOP ( 'NONE', ( #488, #4949, #1853, #3587 ) ) ;
#501 = ORIENTED_EDGE ( 'NONE', *, *, #4853, .T. ) ;
#502 = DIRECTION ( 'NONE',  ( 1.000000000000000000, 0.000000000000000000, -0.000000000000000000 ) ) ;
#503 = EDGE_CURVE ( 'NONE', #1637, #3926, #2767, .T. ) ;
#504 = COLOUR_RGB ( '',0.000000000000000000, 0.000000000000000000, 0.000000000000000000 ) ;
#505 =( GEOMETRIC_REPRESENTATION_CONTEXT ( 3 ) GLOBAL_UNCERTAINTY_ASSIGNED_CONTEXT ( ( #78 ) ) GLOBAL_UNIT_ASSIGNED_CONTEXT ( ( #5195, #6031, #8857 ) ) REPRESENTATION_CONTEXT ( 'NONE', 'WORKASPACE' ) );
#506 = PRESENTATION_STYLE_ASSIGNMENT (( #7815 ) ) ;
#507 = DIRECTION ( 'NONE',  ( -1.000000000000000000, -1.801374326040298222E-16, 0.000000000000000000 ) ) ;
#508 =( LENGTH_UNIT ( ) NAMED_UNIT ( * ) SI_UNIT ( .MILLI., .METRE. ) );
#509 = VERTEX_POINT ( 'NONE', #569 ) ;
#510 = CIRCLE ( 'NONE', #6665, 0.5000000000000004441 ) ;
#511 = ORIENTED_EDGE ( 'NONE', *, *, #4891, .T. ) ;
#512 = COLOUR_RGB ( '',0.7529411764705882248, 0.7529411764705882248, 0.7529411764705882248 ) ;
#513 = EDGE_LOOP ( 'NONE', ( #5576, #8227, #6236, #5715 ) ) ;
#514 = PLANE ( 'NONE',  #6034 ) ;
#515 = LINE ( 'NONE', #8454, #8164 ) ;
#516 = CARTESIAN_POINT ( 'NONE',  ( -45.88039062757600561, -16.50398703403563871, -0.2349999999999997369 ) ) ;
#517 = CYLINDRICAL_SURFACE ( 'NONE', #4846, 1.799999999999999600 ) ;
#518 = CYLINDRICAL_SURFACE ( 'NONE', #6224, 0.2539999999999972835 ) ;
#519 = COLOUR_RGB ( '',0.7529411764705882248, 0.7529411764705882248, 0.7529411764705882248 ) ;
#520 = CIRCLE ( 'NONE', #6970, 0.5000000000000004441 ) ;
#521 = EDGE_LOOP ( 'NONE', ( #5299, #1334, #8567, #8504 ) ) ;
#522 = CARTESIAN_POINT ( 'NONE',  ( -39.21211990792613022, 8.369713140623263214, -1.244999999999911955 ) ) ;
#523 = PLANE ( 'NONE',  #166 ) ;
#524 = EDGE_CURVE ( 'NONE', #8127, #7307, #515, .T. ) ;
#525 = ORIENTED_EDGE ( 'NONE', *, *, #6501, .F. ) ;
#526 = EDGE_CURVE ( 'NONE', #6704, #4355, #6253, .T. ) ;
#527 = MECHANICAL_DESIGN_GEOMETRIC_PRESENTATION_REPRESENTATION (  '', ( #6230 ), #7409 ) ;
#528 = VECTOR ( 'NONE', #3516, 1000.000000000000000 ) ;
#529 = FILL_AREA_STYLE_COLOUR ( '', #5947 ) ;
#530 = SURFACE_STYLE_FILL_AREA ( #4087 ) ;
#531 = SURFACE_STYLE_FILL_AREA ( #2111 ) ;
#532 = CARTESIAN_POINT ( 'NONE',  ( -32.75416990792612637, 7.512463140623287572, -3.530999999999924643 ) ) ;
#533 = UNCERTAINTY_MEASURE_WITH_UNIT (LENGTH_MEASURE( 1.000000000000000082E-05 ), #3883, 'distance_accuracy_value', 'NONE');
#534 =( GEOMETRIC_REPRESENTATION_CONTEXT ( 3 ) GLOBAL_UNCERTAINTY_ASSIGNED_CONTEXT ( ( #8168 ) ) GLOBAL_UNIT_ASSIGNED_CONTEXT ( ( #508, #2660, #4820 ) ) REPRESENTATION_CONTEXT ( 'NONE', 'WORKASPACE' ) );
#535 = PRESENTATION_LAYER_ASSIGNMENT (  '', '', ( #1003 ) ) ;
#536 = DIRECTION ( 'NONE',  ( 0.000000000000000000, 0.000000000000000000, 1.000000000000000000 ) ) ;
#537 = STYLED_ITEM ( 'NONE', ( #4927 ), #7792 ) ;
#538 = CARTESIAN_POINT ( 'NONE',  ( -30.83646990792612641, 6.890163140623350557, -9.372999999999926501 ) ) ;
#539 = ORIENTED_EDGE ( 'NONE', *, *, #323, .T. ) ;
#540 = SURFACE_STYLE_FILL_AREA ( #4856 ) ;
#541 = VECTOR ( 'NONE', #7574, 1000.000000000000000 ) ;
#542 = ORIENTED_EDGE ( 'NONE', *, *, #5550, .F. ) ;
#543 = VECTOR ( 'NONE', #8573, 1000.000000000000000 ) ;
#544 = VECTOR ( 'NONE', #1991, 1000.000000000000000 ) ;
#545 = DIRECTION ( 'NONE',  ( 1.000000000000000000, 0.000000000000000000, 0.000000000000000000 ) ) ;
#546 = CARTESIAN_POINT ( 'NONE',  ( -47.58039062757602267, -10.24398703403564248, 0.7150000000000003020 ) ) ;
#547 = PRESENTATION_LAYER_ASSIGNMENT (  '', '', ( #2944 ) ) ;
#548 = VECTOR ( 'NONE', #5527, 1000.000000000000000 ) ;
#549 = VECTOR ( 'NONE', #4220, 1000.000000000000000 ) ;
#550 = SURFACE_SIDE_STYLE ('',( #6233 ) ) ;
#551 =( LENGTH_UNIT ( ) NAMED_UNIT ( * ) SI_UNIT ( .MILLI., .METRE. ) );
#552 =( LENGTH_UNIT ( ) NAMED_UNIT ( * ) SI_UNIT ( .MILLI., .METRE. ) );
#553 = SURFACE_STYLE_FILL_AREA ( #2749 ) ;
#554 = VERTEX_POINT ( 'NONE', #4174 ) ;
#555 = ORIENTED_EDGE ( 'NONE', *, *, #5429, .T. ) ;
#556 = EDGE_CURVE ( 'NONE', #7763, #9008, #3416, .T. ) ;
#557 = CARTESIAN_POINT ( 'NONE',  ( -33.37651990792611656, 6.890113140623239651, 1.218800000000075823 ) ) ;
#558 = PRESENTATION_STYLE_ASSIGNMENT (( #8306 ) ) ;
#559 =( NAMED_UNIT ( * ) PLANE_ANGLE_UNIT ( ) SI_UNIT ( $, .RADIAN. ) );
#560 = PRESENTATION_STYLE_ASSIGNMENT (( #2046 ) ) ;
#561 = LINE ( 'NONE', #5020, #4882 ) ;
#562 = ORIENTED_EDGE ( 'NONE', *, *, #3679, .F. ) ;
#563 = UNCERTAINTY_MEASURE_WITH_UNIT (LENGTH_MEASURE( 1.000000000000000082E-05 ), #841, 'distance_accuracy_value', 'NONE');
#564 = EDGE_CURVE ( 'NONE', #509, #2466, #9021, .T. ) ;
#565 = EDGE_LOOP ( 'NONE', ( #2582, #7957, #7259, #7031 ) ) ;
#566 = STYLED_ITEM ( 'NONE', ( #8670 ), #2417 ) ;
#567 = VERTEX_POINT ( 'NONE', #1217 ) ;
#568 = DIRECTION ( 'NONE',  ( 1.000000000000000000, 1.801374326040298222E-16, -0.000000000000000000 ) ) ;
#569 = CARTESIAN_POINT ( 'NONE',  ( -33.37646990792612200, 6.890163140623288385, -3.530999999999923311 ) ) ;
#570 =( LENGTH_UNIT ( ) NAMED_UNIT ( * ) SI_UNIT ( .MILLI., .METRE. ) );
#571 =( NAMED_UNIT ( * ) PLANE_ANGLE_UNIT ( ) SI_UNIT ( $, .RADIAN. ) );
#572 = SURFACE_STYLE_USAGE ( .BOTH. , #5540 ) ;
#573 = CARTESIAN_POINT ( 'NONE',  ( -34.33039062757600846, -16.30398703403564653, -1.254999999999999893 ) ) ;
#574 = EDGE_LOOP ( 'NONE', ( #5781, #6263, #2573, #1346 ) ) ;
#575 = EDGE_CURVE ( 'NONE', #145, #6349, #4073, .T. ) ;
#576 = CARTESIAN_POINT ( 'NONE',  ( -36.60742597117763353, 8.369713140623288083, -3.530999999999912209 ) ) ;
#577 = CARTESIAN_POINT ( 'NONE',  ( -29.82736094035740138, -18.14220267626449257, 0.9035539196892449221 ) ) ;
#578 =( NAMED_UNIT ( * ) SI_UNIT ( $, .STERADIAN. ) SOLID_ANGLE_UNIT ( ) );
#579 = SURFACE_STYLE_USAGE ( .BOTH. , #4186 ) ;
#580 = EDGE_CURVE ( 'NONE', #3540, #9008, #2667, .T. ) ;
#581 = DIRECTION ( 'NONE',  ( 0.000000000000000000, 1.047444401652940007E-14, -1.000000000000000000 ) ) ;
#582 =( LENGTH_UNIT ( ) NAMED_UNIT ( * ) SI_UNIT ( .MILLI., .METRE. ) );
#583 = VERTEX_POINT ( 'NONE', #8356 ) ;
#584 = EDGE_CURVE ( 'NONE', #3025, #8925, #1963, .T. ) ;
#585 = EDGE_LOOP ( 'NONE', ( #7180, #311, #2622, #4069, #6338, #4524 ) ) ;
#586 = ORIENTED_EDGE ( 'NONE', *, *, #5814, .F. ) ;
#587 = DIRECTION ( 'NONE',  ( -0.000000000000000000, 1.000000000000000000, 0.000000000000000000 ) ) ;
#588 = DIRECTION ( 'NONE',  ( 0.000000000000000000, 0.000000000000000000, 1.000000000000000000 ) ) ;
#589 = EDGE_CURVE ( 'NONE', #6081, #5392, #5589, .T. ) ;
#590 = LINE ( 'NONE', #6324, #1336 ) ;
#591 = UNCERTAINTY_MEASURE_WITH_UNIT (LENGTH_MEASURE( 1.000000000000000082E-05 ), #8326, 'distance_accuracy_value', 'NONE');
#592 =( NAMED_UNIT ( * ) PLANE_ANGLE_UNIT ( ) SI_UNIT ( $, .RADIAN. ) );
#593 = MANIFOLD_SOLID_BREP ( '128x64I2COLEDDisplay-1-solid2', #3273 ) ;
#594 = DIRECTION ( 'NONE',  ( 1.000000000000000000, 0.000000000000000000, 0.000000000000000000 ) ) ;
#595 =( NAMED_UNIT ( * ) PLANE_ANGLE_UNIT ( ) SI_UNIT ( $, .RADIAN. ) );
#596 = CARTESIAN_POINT ( 'NONE',  ( -38.45651990792611485, 7.512513140623267915, -1.575199999999920664 ) ) ;
#597 = AXIS2_PLACEMENT_3D ( 'NONE', #6360, #7844, #9190 ) ;
#598 = EDGE_LOOP ( 'NONE', ( #7621, #8683, #6367, #5162 ) ) ;
#599 = VERTEX_POINT ( 'NONE', #2903 ) ;
#600 = FACE_OUTER_BOUND ( 'NONE', #322, .T. ) ;
#601 = COLOUR_RGB ( '',0.7529411764705882248, 0.7529411764705882248, 0.7529411764705882248 ) ;
#602 = CARTESIAN_POINT ( 'NONE',  ( -32.55731990792611441, 6.890113140623267185, -1.575199999999927547 ) ) ;
#603 = CARTESIAN_POINT ( 'NONE',  ( -35.29411990792612386, 6.890113140623267185, -1.575199999999926215 ) ) ;
#604 = CARTESIAN_POINT ( 'NONE',  ( -39.21211990792613022, 6.032913140623286985, -3.530999999999936634 ) ) ;
#605 = EDGE_CURVE ( 'NONE', #2863, #2522, #6909, .T. ) ;
#606 = ORIENTED_EDGE ( 'NONE', *, *, #2727, .F. ) ;
#607 = ORIENTED_EDGE ( 'NONE', *, *, #5401, .T. ) ;
#608 = AXIS2_PLACEMENT_3D ( 'NONE', #1508, #8642, #243 ) ;
#609 = ORIENTED_EDGE ( 'NONE', *, *, #7456, .T. ) ;
#610 = CARTESIAN_POINT ( 'NONE',  ( -27.82731649811005781, -12.62398703403564149, 1.215000000000000080 ) ) ;
#611 =( GEOMETRIC_REPRESENTATION_CONTEXT ( 3 ) GLOBAL_UNCERTAINTY_ASSIGNED_CONTEXT ( ( #5384 ) ) GLOBAL_UNIT_ASSIGNED_CONTEXT ( ( #268, #1712, #2320 ) ) REPRESENTATION_CONTEXT ( 'NONE', 'WORKASPACE' ) );
#612 = DIRECTION ( 'NONE',  ( -1.000000000000000000, -0.000000000000000000, -0.000000000000000000 ) ) ;
#613 = SURFACE_STYLE_USAGE ( .BOTH. , #3506 ) ;
#614 = FILL_AREA_STYLE_COLOUR ( '', #1845 ) ;
#615 =( GEOMETRIC_REPRESENTATION_CONTEXT ( 3 ) GLOBAL_UNCERTAINTY_ASSIGNED_CONTEXT ( ( #8711 ) ) GLOBAL_UNIT_ASSIGNED_CONTEXT ( ( #5747, #7807, #7113 ) ) REPRESENTATION_CONTEXT ( 'NONE', 'WORKASPACE' ) );
#616 = LINE ( 'NONE', #1413, #6337 ) ;
#617 = SURFACE_SIDE_STYLE ('',( #8500 ) ) ;
#618 = CARTESIAN_POINT ( 'NONE',  ( -35.39938015276889161, 7.407252895780580992, -9.372999999999919396 ) ) ;
#619 = VERTEX_POINT ( 'NONE', #706 ) ;
#620 = B_SPLINE_CURVE_WITH_KNOTS ( 'NONE', 3,
 ( #1635, #2564, #1726, #8869, #7524, #404, #7482, #3310, #1159, #3923 ),
 .UNSPECIFIED., .F., .F.,
 ( 4, 2, 2, 2, 4 ),
 ( 0.000000000000000000, 0.0003067810426444167004, 0.0006135620852888334009, 0.001227124170577666802, 0.002454250744826491984 ),
 .UNSPECIFIED. ) ;
#621 = FACE_OUTER_BOUND ( 'NONE', #8001, .T. ) ;
#622 = FACE_BOUND ( 'NONE', #190, .T. ) ;
#623 =( NAMED_UNIT ( * ) SI_UNIT ( $, .STERADIAN. ) SOLID_ANGLE_UNIT ( ) );
#624 = DIRECTION ( 'NONE',  ( -0.000000000000000000, -1.000000000000000000, 0.000000000000000000 ) ) ;
#625 = EDGE_CURVE ( 'NONE', #4839, #4491, #8006, .T. ) ;
#626 = DIRECTION ( 'NONE',  ( 0.000000000000000000, 1.024442997624095463E-14, -1.000000000000000000 ) ) ;
#627 = CARTESIAN_POINT ( 'NONE',  ( -47.08039062757600846, 4.756012965964352190, 1.255000000000000115 ) ) ;
#628 = CARTESIAN_POINT ( 'NONE',  ( -21.58039062757600846, 4.756012965964352190, 1.255000000000000115 ) ) ;
#629 =( NAMED_UNIT ( * ) PLANE_ANGLE_UNIT ( ) SI_UNIT ( $, .RADIAN. ) );
#630 = ORIENTED_EDGE ( 'NONE', *, *, #6362, .F. ) ;
#631 = CARTESIAN_POINT ( 'NONE',  ( -23.82731649811006136, -3.003987034035643600, -1.245000000000000107 ) ) ;
#632 = ORIENTED_EDGE ( 'NONE', *, *, #6854, .T. ) ;
#633 = VERTEX_POINT ( 'NONE', #63 ) ;
#634 = FILL_AREA_STYLE_COLOUR ( '', #4042 ) ;
#635 = PRESENTATION_STYLE_ASSIGNMENT (( #2980 ) ) ;
#636 = SURFACE_STYLE_FILL_AREA ( #7071 ) ;
#637 = LINE ( 'NONE', #3488, #1205 ) ;
#638 = CARTESIAN_POINT ( 'NONE',  ( -28.82731649811005781, -18.28388708950198804, -0.2449552275043981875 ) ) ;
#639 = DIRECTION ( 'NONE',  ( 1.000000000000000000, 0.000000000000000000, -0.000000000000000000 ) ) ;
#640 = CARTESIAN_POINT ( 'NONE',  ( -33.00816990792611705, 7.144163140623349229, -9.372999999999921172 ) ) ;
#641 = VERTEX_POINT ( 'NONE', #6481 ) ;
#642 = EDGE_LOOP ( 'NONE', ( #1169, #5075, #8820, #1926 ) ) ;
#643 = EDGE_CURVE ( 'NONE', #7676, #1818, #7876, .T. ) ;
#644 = VECTOR ( 'NONE', #4444, 1000.000000000000000 ) ;
#645 = DIRECTION ( 'NONE',  ( 0.000000000000000000, 0.000000000000000000, 1.000000000000000000 ) ) ;
#646 = FILL_AREA_STYLE ('',( #7814 ) ) ;
#647 = LINE ( 'NONE', #602, #4855 ) ;
#648 = CARTESIAN_POINT ( 'NONE',  ( -32.75416990792612637, 6.890163140623350557, -9.118999999999918060 ) ) ;
#649 = AXIS2_PLACEMENT_3D ( 'NONE', #8034, #941, #1594 ) ;
#650 = ORIENTED_EDGE ( 'NONE', *, *, #9244, .F. ) ;
#651 = VERTEX_POINT ( 'NONE', #7310 ) ;
#652 = STYLED_ITEM ( 'NONE', ( #6005 ), #8662 ) ;
#653 = COLOUR_RGB ( '',1.000000000000000000, 1.000000000000000000, 1.000000000000000000 ) ;
#654 = ORIENTED_EDGE ( 'NONE', *, *, #6731, .F. ) ;
#655 = ORIENTED_EDGE ( 'NONE', *, *, #5228, .T. ) ;
#656 = SURFACE_STYLE_FILL_AREA ( #4881 ) ;
#657 = SURFACE_STYLE_FILL_AREA ( #7089 ) ;
#658 = LINE ( 'NONE', #4974, #1199 ) ;
#659 = CARTESIAN_POINT ( 'NONE',  ( -38.45646990792612030, 6.890163140623352334, -9.267789755157160414 ) ) ;
#660 = CARTESIAN_POINT ( 'NONE',  ( -40.82733246553401329, -18.28388708950198449, -0.2449552275043976879 ) ) ;
#661 = LINE ( 'NONE', #1267, #1970 ) ;
#662 = DIRECTION ( 'NONE',  ( 1.000000000000000000, 0.000000000000000000, 0.000000000000000000 ) ) ;
#663 = STYLED_ITEM ( 'NONE', ( #3785 ), #8780 ) ;
#664 = CARTESIAN_POINT ( 'NONE',  ( -29.82731649811006491, -12.62398703403564149, 1.215000000000000080 ) ) ;
#665 = VERTEX_POINT ( 'NONE', #1410 ) ;
#666 = COLOUR_RGB ( '',0.7529411764705882248, 0.7529411764705882248, 0.7529411764705882248 ) ;
#667 = ADVANCED_FACE ( 'NONE', ( #8541 ), #5717, .T. ) ;
#668 = CARTESIAN_POINT ( 'NONE',  ( -34.33039062757600846, -8.053987034035651860, 1.255000000000000115 ) ) ;
#669 = SURFACE_STYLE_USAGE ( .BOTH. , #2822 ) ;
#670 = CARTESIAN_POINT ( 'NONE',  ( -44.88039062757600561, -16.50398703403563871, -1.264999999999999902 ) ) ;
#671 = DIRECTION ( 'NONE',  ( 0.000000000000000000, -0.1433540678695623127, -0.9896714663085164343 ) ) ;
#672 = DIRECTION ( 'NONE',  ( -1.000000000000000000, 0.000000000000000000, -0.000000000000000000 ) ) ;
#673 =( NAMED_UNIT ( * ) PLANE_ANGLE_UNIT ( ) SI_UNIT ( $, .RADIAN. ) );
#674 =( GEOMETRIC_REPRESENTATION_CONTEXT ( 3 ) GLOBAL_UNCERTAINTY_ASSIGNED_CONTEXT ( ( #460 ) ) GLOBAL_UNIT_ASSIGNED_CONTEXT ( ( #2984, #5749, #5903 ) ) REPRESENTATION_CONTEXT ( 'NONE', 'WORKASPACE' ) );
#675 = ADVANCED_FACE ( 'NONE', ( #194 ), #7132, .T. ) ;
#676 = SURFACE_SIDE_STYLE ('',( #7151 ) ) ;
#677 = VERTEX_POINT ( 'NONE', #2337 ) ;
#678 = EDGE_LOOP ( 'NONE', ( #794, #8911, #3674, #438 ) ) ;
#679 = LINE ( 'NONE', #5803, #5686 ) ;
#680 =( GEOMETRIC_REPRESENTATION_CONTEXT ( 3 ) GLOBAL_UNCERTAINTY_ASSIGNED_CONTEXT ( ( #4940 ) ) GLOBAL_UNIT_ASSIGNED_CONTEXT ( ( #7830, #5779, #5033 ) ) REPRESENTATION_CONTEXT ( 'NONE', 'WORKASPACE' ) );
#681 = FILL_AREA_STYLE_COLOUR ( '', #2531 ) ;
#682 = UNCERTAINTY_MEASURE_WITH_UNIT (LENGTH_MEASURE( 1.000000000000000082E-05 ), #9236, 'distance_accuracy_value', 'NONE');
#683 =( LENGTH_UNIT ( ) NAMED_UNIT ( * ) SI_UNIT ( .MILLI., .METRE. ) );
#684 = CARTESIAN_POINT ( 'NONE',  ( -30.01731990792611526, 8.369713140623266767, -1.575199999999917999 ) ) ;
#685 = CARTESIAN_POINT ( 'NONE',  ( -34.33039062757600846, -3.003987034035643600, 1.205000000000000071 ) ) ;
#686 = ORIENTED_EDGE ( 'NONE', *, *, #8679, .F. ) ;
#687 = VERTEX_POINT ( 'NONE', #998 ) ;
#688 = VECTOR ( 'NONE', #8033, 1000.000000000000000 ) ;
#689 = STYLED_ITEM ( 'NONE', ( #2974 ), #2238 ) ;
#690 = PRESENTATION_LAYER_ASSIGNMENT (  '', '', ( #2931 ) ) ;
#691 = DIRECTION ( 'NONE',  ( 0.000000000000000000, 0.000000000000000000, 1.000000000000000000 ) ) ;
#692 = MECHANICAL_DESIGN_GEOMETRIC_PRESENTATION_REPRESENTATION (  '', ( #3234 ), #3375 ) ;
#693 = EDGE_CURVE ( 'NONE', #1150, #6097, #5250, .T. ) ;
#694 = DIRECTION ( 'NONE',  ( 0.5000000000000108802, -0.8660254037844323793, -8.871936606726141429E-15 ) ) ;
#695 = SURFACE_SIDE_STYLE ('',( #1541 ) ) ;
#696 = LINE ( 'NONE', #648, #7523 ) ;
#697 = EDGE_CURVE ( 'NONE', #702, #1442, #2479, .T. ) ;
#698 = COLOUR_RGB ( '',0.000000000000000000, 0.000000000000000000, 0.000000000000000000 ) ;
#699 = ADVANCED_FACE ( 'NONE', ( #6003 ), #1083, .T. ) ;
#700 = DIRECTION ( 'NONE',  ( 0.000000000000000000, -1.000000000000000000, -1.047444401652940007E-14 ) ) ;
#701 = ORIENTED_EDGE ( 'NONE', *, *, #524, .T. ) ;
#702 = VERTEX_POINT ( 'NONE', #5922 ) ;
#703 = EDGE_LOOP ( 'NONE', ( #854, #7289, #7520, #9170, #104, #1783, #5670, #6923, #1697, #2842, #8031, #8474 ) ) ;
#704 = ORIENTED_EDGE ( 'NONE', *, *, #9091, .F. ) ;
#705 = DIRECTION ( 'NONE',  ( 0.000000000000000000, -1.000000000000000000, -1.047444401652940007E-14 ) ) ;
#706 = CARTESIAN_POINT ( 'NONE',  ( -32.11401384467409770, 6.032913140623286985, -3.530999999999936634 ) ) ;
#707 = SURFACE_STYLE_FILL_AREA ( #8358 ) ;
#708 = SURFACE_SIDE_STYLE ('',( #4078 ) ) ;
#709 = CARTESIAN_POINT ( 'NONE',  ( -35.91651990792611571, 7.512513140623236829, 1.218800000000079597 ) ) ;
#710 = VECTOR ( 'NONE', #1149, 1000.000000000000000 ) ;
#711 = ORIENTED_EDGE ( 'NONE', *, *, #3041, .F. ) ;
#712 = VERTEX_POINT ( 'NONE', #5393 ) ;
#713 = CIRCLE ( 'NONE', #6109, 0.5000000000000004441 ) ;
#714 = DIRECTION ( 'NONE',  ( -1.000000000000000000, 0.000000000000000000, -0.000000000000000000 ) ) ;
#715 = DIRECTION ( 'NONE',  ( 0.000000000000000000, 0.000000000000000000, -1.000000000000000000 ) ) ;
#716 = CARTESIAN_POINT ( 'NONE',  ( -37.83411990792612301, 7.512513140623235053, -1.575199999999920664 ) ) ;
#717 = UNCERTAINTY_MEASURE_WITH_UNIT (LENGTH_MEASURE( 1.000000000000000082E-05 ), #2183, 'distance_accuracy_value', 'NONE');
#718 = DIRECTION ( 'NONE',  ( 1.000000000000000000, 0.000000000000000000, 0.000000000000000000 ) ) ;
#719 = LINE ( 'NONE', #6505, #3430 ) ;
#720 = EDGE_CURVE ( 'NONE', #2026, #7392, #4375, .T. ) ;
#721 = SURFACE_STYLE_USAGE ( .BOTH. , #676 ) ;
#722 = ORIENTED_EDGE ( 'NONE', *, *, #7292, .T. ) ;
#723 = VERTEX_POINT ( 'NONE', #242 ) ;
#724 = LINE ( 'NONE', #1480, #8968 ) ;
#725 = SURFACE_SIDE_STYLE ('',( #2744 ) ) ;
#726 =( NAMED_UNIT ( * ) SI_UNIT ( $, .STERADIAN. ) SOLID_ANGLE_UNIT ( ) );
#727 = CARTESIAN_POINT ( 'NONE',  ( -35.91646990792611405, 7.512463140623343527, -9.267789755157155085 ) ) ;
#728 = CARTESIAN_POINT ( 'NONE',  ( -29.45851990792611730, 8.369713140623288083, -3.530999999999912209 ) ) ;
#729 = CARTESIAN_POINT ( 'NONE',  ( -28.82731649811005781, -16.29878424680376980, -1.245105634841087827 ) ) ;
#730 = CARTESIAN_POINT ( 'NONE',  ( -39.21211990792613022, 7.201313140623263997, -1.244999999999924167 ) ) ;
#731 = SURFACE_SIDE_STYLE ('',( #5905 ) ) ;
#732 = ORIENTED_EDGE ( 'NONE', *, *, #7500, .T. ) ;
#733 = ORIENTED_EDGE ( 'NONE', *, *, #119, .F. ) ;
#734 = B_SPLINE_CURVE_WITH_KNOTS ( 'NONE', 3,
 ( #6256, #7736, #2666, #7683 ),
 .UNSPECIFIED., .F., .F.,
 ( 4, 4 ),
 ( 0.000000000000000000, 1.000000000000000000 ),
 .UNSPECIFIED. ) ;
#735 = VECTOR ( 'NONE', #146, 1000.000000000000000 ) ;
#736 = FACE_BOUND ( 'NONE', #6363, .T. ) ;
#737 = VECTOR ( 'NONE', #2063, 1000.000000000000000 ) ;
#738 = DIRECTION ( 'NONE',  ( 0.000000000000000000, 0.000000000000000000, 1.000000000000000000 ) ) ;
#739 = FILL_AREA_STYLE ('',( #7168 ) ) ;
#740 = EDGE_LOOP ( 'NONE', ( #3660, #7406, #5704, #9216 ) ) ;
#741 = ADVANCED_FACE ( 'NONE', ( #8219 ), #5208, .T. ) ;
#742 = ORIENTED_EDGE ( 'NONE', *, *, #2187, .F. ) ;
#743 = VECTOR ( 'NONE', #2, 1000.000000000000000 ) ;
#744 = CIRCLE ( 'NONE', #8647, 1.799999999999999600 ) ;
#745 = ORIENTED_EDGE ( 'NONE', *, *, #8537, .T. ) ;
#746 = ORIENTED_EDGE ( 'NONE', *, *, #6660, .F. ) ;
#747 = CARTESIAN_POINT ( 'NONE',  ( -28.82731649811004360, -17.05521404066708513, -1.240305603012645363 ) ) ;
#748 = PRESENTATION_STYLE_ASSIGNMENT (( #5771 ) ) ;
#749 = CARTESIAN_POINT ( 'NONE',  ( -28.82731649811005781, -16.92798137956646443, 0.8003829443833530011 ) ) ;
#750 =( NAMED_UNIT ( * ) SI_UNIT ( $, .STERADIAN. ) SOLID_ANGLE_UNIT ( ) );
#751 = DIRECTION ( 'NONE',  ( -0.000000000000000000, 1.000000000000000000, 1.047444401652940007E-14 ) ) ;
#752 = PRESENTATION_LAYER_ASSIGNMENT (  '', '', ( #22 ) ) ;
#753 = EDGE_LOOP ( 'NONE', ( #7450, #4998, #6391, #6581 ) ) ;
#754 = EDGE_CURVE ( 'NONE', #1792, #4630, #1253, .T. ) ;
#755 = ORIENTED_EDGE ( 'NONE', *, *, #484, .T. ) ;
#756 = STYLED_ITEM ( 'NONE', ( #8669 ), #3995 ) ;
#757 =( NAMED_UNIT ( * ) PLANE_ANGLE_UNIT ( ) SI_UNIT ( $, .RADIAN. ) );
#758 = FILL_AREA_STYLE ('',( #1469 ) ) ;
#759 = DIRECTION ( 'NONE',  ( 1.000000000000000000, 0.000000000000000000, 0.000000000000000000 ) ) ;
#760 = CARTESIAN_POINT ( 'NONE',  ( -30.21411990792612556, 6.890113140623267185, -1.575199999999923994 ) ) ;
#761 = DIRECTION ( 'NONE',  ( -6.226573854905984859E-17, 1.000000000000000000, 0.000000000000000000 ) ) ;
#762 =( GEOMETRIC_REPRESENTATION_CONTEXT ( 3 ) GLOBAL_UNCERTAINTY_ASSIGNED_CONTEXT ( ( #1450 ) ) GLOBAL_UNIT_ASSIGNED_CONTEXT ( ( #4754, #8329, #3393 ) ) REPRESENTATION_CONTEXT ( 'NONE', 'WORKASPACE' ) );
#763 = PRESENTATION_STYLE_ASSIGNMENT (( #3567 ) ) ;
#764 =( NAMED_UNIT ( * ) SI_UNIT ( $, .STERADIAN. ) SOLID_ANGLE_UNIT ( ) );
#765 = AXIS2_PLACEMENT_3D ( 'NONE', #8854, #3682, #5230 ) ;
#766 = LINE ( 'NONE', #5647, #5244 ) ;
#767 = PLANE ( 'NONE',  #3985 ) ;
#768 = CARTESIAN_POINT ( 'NONE',  ( -47.58039062757602267, -10.24398703403564603, -0.2449999999999998845 ) ) ;
#769 = VERTEX_POINT ( 'NONE', #1207 ) ;
#770 = DIRECTION ( 'NONE',  ( 1.000000000000000000, -0.000000000000000000, 0.000000000000000000 ) ) ;
#771 = DIRECTION ( 'NONE',  ( 1.000000000000000000, 0.000000000000000000, 0.000000000000000000 ) ) ;
#772 = ADVANCED_FACE ( 'NONE', ( #1165 ), #4023, .F. ) ;
#773 = UNCERTAINTY_MEASURE_WITH_UNIT (LENGTH_MEASURE( 1.000000000000000082E-05 ), #4328, 'distance_accuracy_value', 'NONE');
#774 = DIRECTION ( 'NONE',  ( 1.000000000000000000, 0.000000000000000000, 0.000000000000000000 ) ) ;
#775 = CARTESIAN_POINT ( 'NONE',  ( -40.82731649811006491, -18.27407675507290818, -0.2449113037486423394 ) ) ;
#776 = CARTESIAN_POINT ( 'NONE',  ( -28.82731649811005781, -17.69795780918340000, -1.051763686027078482 ) ) ;
#777 = FILL_AREA_STYLE_COLOUR ( '', #7834 ) ;
#778 = PRESENTATION_STYLE_ASSIGNMENT (( #4388 ) ) ;
#779 = VERTEX_POINT ( 'NONE', #8347 ) ;
#780 = ORIENTED_EDGE ( 'NONE', *, *, #720, .F. ) ;
#781 = AXIS2_PLACEMENT_3D ( 'NONE', #1966, #6399, #4224 ) ;
#782 = MECHANICAL_DESIGN_GEOMETRIC_PRESENTATION_REPRESENTATION (  '', ( #9146 ), #7218 ) ;
#783 = DIRECTION ( 'NONE',  ( 1.000000000000000000, 0.000000000000000000, 0.000000000000000000 ) ) ;
#784 = DIRECTION ( 'NONE',  ( -0.000000000000000000, 1.000000000000000000, 0.000000000000000000 ) ) ;
#785 = MECHANICAL_DESIGN_GEOMETRIC_PRESENTATION_REPRESENTATION (  '', ( #4981 ), #6487 ) ;
#786 = ADVANCED_FACE ( 'NONE', ( #454, #3314 ), #9107, .T. ) ;
#787 = DIRECTION ( 'NONE',  ( -1.182766006347823109E-16, -1.000000000000000000, 0.000000000000000000 ) ) ;
#788 =( GEOMETRIC_REPRESENTATION_CONTEXT ( 3 ) GLOBAL_UNCERTAINTY_ASSIGNED_CONTEXT ( ( #6128 ) ) GLOBAL_UNIT_ASSIGNED_CONTEXT ( ( #4123, #6295, #9173 ) ) REPRESENTATION_CONTEXT ( 'NONE', 'WORKASPACE' ) );
#789 = CYLINDRICAL_SURFACE ( 'NONE', #3630, 0.2540000000000007807 ) ;
#790 = SURFACE_STYLE_USAGE ( .BOTH. , #7305 ) ;
#791 = CARTESIAN_POINT ( 'NONE',  ( -45.88039062757600561, 7.056012965964359118, -1.245000000000000107 ) ) ;
#792 = MECHANICAL_DESIGN_GEOMETRIC_PRESENTATION_REPRESENTATION (  '', ( #4829 ), #2586 ) ;
#793 = MECHANICAL_DESIGN_GEOMETRIC_PRESENTATION_REPRESENTATION (  '', ( #2577 ), #1547 ) ;
#794 = ORIENTED_EDGE ( 'NONE', *, *, #445, .T. ) ;
#795 = ORIENTED_EDGE ( 'NONE', *, *, #7861, .F. ) ;
#796 = AXIS2_PLACEMENT_3D ( 'NONE', #4212, #5441, #1869 ) ;
#797 = VECTOR ( 'NONE', #4305, 1000.000000000000000 ) ;
#798 = ADVANCED_FACE ( 'NONE', ( #5622, #8971 ), #1349, .T. ) ;
#799 = ADVANCED_FACE ( 'NONE', ( #736, #7121 ), #7865, .F. ) ;
#800 = ORIENTED_EDGE ( 'NONE', *, *, #7609, .T. ) ;
#801 = ORIENTED_EDGE ( 'NONE', *, *, #1559, .F. ) ;
#802 = CARTESIAN_POINT ( 'NONE',  ( -32.11401384467410480, 6.032913140623270110, -3.530999999999936634 ) ) ;
#803 = COLOUR_RGB ( '',0.000000000000000000, 0.000000000000000000, 0.000000000000000000 ) ;
#804 =( BOUNDED_CURVE ( )  B_SPLINE_CURVE ( 3, ( #8629, #2141, #8677, #6471 ),
 .UNSPECIFIED., .F., .F. ) 
 B_SPLINE_CURVE_WITH_KNOTS ( ( 4, 4 ),
 ( 1.570796326794896780, 3.141592653589792672 ),
 .UNSPECIFIED. ) 
 CURVE ( )  GEOMETRIC_REPRESENTATION_ITEM ( )  RATIONAL_B_SPLINE_CURVE ( ( 1.000000000000000000, 0.8047378541243652705, 0.8047378541243652705, 1.000000000000000000 ) ) 
 REPRESENTATION_ITEM ( '' )  );
#805 = MECHANICAL_DESIGN_GEOMETRIC_PRESENTATION_REPRESENTATION (  '', ( #7825 ), #6803 ) ;
#806 = DIRECTION ( 'NONE',  ( 1.801374326040298222E-16, -1.000000000000000000, 0.000000000000000000 ) ) ;
#807 = CARTESIAN_POINT ( 'NONE',  ( -30.58246990792611797, 7.144163140623349229, -9.372999999999922949 ) ) ;
#808 =( GEOMETRIC_REPRESENTATION_CONTEXT ( 3 ) GLOBAL_UNCERTAINTY_ASSIGNED_CONTEXT ( ( #7558 ) ) GLOBAL_UNIT_ASSIGNED_CONTEXT ( ( #2019, #2869, #7889 ) ) REPRESENTATION_CONTEXT ( 'NONE', 'WORKASPACE' ) );
#809 = DIRECTION ( 'NONE',  ( 0.000000000000000000, 0.000000000000000000, 1.000000000000000000 ) ) ;
#810 = PRESENTATION_LAYER_ASSIGNMENT (  '', '', ( #8405 ) ) ;
#811 = VECTOR ( 'NONE', #1488, 1000.000000000000114 ) ;
#812 = EDGE_LOOP ( 'NONE', ( #8493, #8730 ) ) ;
#813 = CARTESIAN_POINT ( 'NONE',  ( -30.01731990792611526, 6.032913140623267445, -1.575199999999936429 ) ) ;
#814 = SURFACE_STYLE_FILL_AREA ( #4413 ) ;
#815 = CARTESIAN_POINT ( 'NONE',  ( -28.82731649811005781, -13.99920798140031053, 1.185155673769936469 ) ) ;
#816 =( NAMED_UNIT ( * ) SI_UNIT ( $, .STERADIAN. ) SOLID_ANGLE_UNIT ( ) );
#817 = DIRECTION ( 'NONE',  ( -0.5000000000000197620, 0.8660254037844272723, 0.000000000000000000 ) ) ;
#818 = PRESENTATION_STYLE_ASSIGNMENT (( #5127 ) ) ;
#819 = AXIS2_PLACEMENT_3D ( 'NONE', #2658, #9058, #4965 ) ;
#820 = UNCERTAINTY_MEASURE_WITH_UNIT (LENGTH_MEASURE( 1.000000000000000082E-05 ), #7351, 'distance_accuracy_value', 'NONE');
#821 = FILL_AREA_STYLE_COLOUR ( '', #2587 ) ;
#822 = EDGE_CURVE ( 'NONE', #2290, #5021, #7910, .T. ) ;
#823 = CARTESIAN_POINT ( 'NONE',  ( -22.78039062757601130, -16.50398703403563871, -0.2349999999999997369 ) ) ;
#824 = EDGE_CURVE ( 'NONE', #6805, #9217, #50, .T. ) ;
#825 = CARTESIAN_POINT ( 'NONE',  ( -22.78039062757601130, 7.056012965964359118, -1.264999999999999902 ) ) ;
#826 = FILL_AREA_STYLE ('',( #5132 ) ) ;
#827 = MECHANICAL_DESIGN_GEOMETRIC_PRESENTATION_REPRESENTATION (  '', ( #365 ), #3208 ) ;
#828 = ORIENTED_EDGE ( 'NONE', *, *, #7506, .T. ) ;
#829 = SURFACE_STYLE_USAGE ( .BOTH. , #4379 ) ;
#830 = SURFACE_SIDE_STYLE ('',( #7851 ) ) ;
#831 = PLANE ( 'NONE',  #1183 ) ;
#832 = PRESENTATION_LAYER_ASSIGNMENT (  '', '', ( #4868 ) ) ;
#833 = CARTESIAN_POINT ( 'NONE',  ( -32.75411990792612471, 6.890113140623238763, 1.367589755157305964 ) ) ;
#834 = CARTESIAN_POINT ( 'NONE',  ( -39.82267328534919670, -15.29564772441671394, 1.209947844275661488 ) ) ;
#835 =( LENGTH_UNIT ( ) NAMED_UNIT ( * ) SI_UNIT ( .MILLI., .METRE. ) );
#836 = FACE_OUTER_BOUND ( 'NONE', #6054, .T. ) ;
#837 = VERTEX_POINT ( 'NONE', #7078 ) ;
#838 = EDGE_LOOP ( 'NONE', ( #4451, #5114, #2098, #4854 ) ) ;
#839 = MECHANICAL_DESIGN_GEOMETRIC_PRESENTATION_REPRESENTATION (  '', ( #4874 ), #8586 ) ;
#840 = PLANE ( 'NONE',  #8793 ) ;
#841 =( LENGTH_UNIT ( ) NAMED_UNIT ( * ) SI_UNIT ( .MILLI., .METRE. ) );
#842 =( LENGTH_UNIT ( ) NAMED_UNIT ( * ) SI_UNIT ( .MILLI., .METRE. ) );
#843 = B_SPLINE_CURVE_WITH_KNOTS ( 'NONE', 3,
 ( #1815, #4670, #6132, #4718 ),
 .UNSPECIFIED., .F., .F.,
 ( 4, 4 ),
 ( 0.000000000000000000, 1.000000000000000000 ),
 .UNSPECIFIED. ) ;
#844 = FILL_AREA_STYLE ('',( #7206 ) ) ;
#845 = SURFACE_SIDE_STYLE ('',( #4349 ) ) ;
#846 = COLOUR_RGB ( '',1.000000000000000000, 0.5019607843137254832, 0.000000000000000000 ) ;
#847 = MECHANICAL_DESIGN_GEOMETRIC_PRESENTATION_REPRESENTATION (  '', ( #5944 ), #8008 ) ;
#848 = DIRECTION ( 'NONE',  ( 0.000000000000000000, 0.000000000000000000, 1.000000000000000000 ) ) ;
#849 = MECHANICAL_DESIGN_GEOMETRIC_PRESENTATION_REPRESENTATION (  '', ( #3680 ), #7274 ) ;
#850 = EDGE_LOOP ( 'NONE', ( #7881, #5990, #7565, #959 ) ) ;
#851 = ORIENTED_EDGE ( 'NONE', *, *, #2148, .T. ) ;
#852 = EDGE_CURVE ( 'NONE', #8777, #1405, #2142, .T. ) ;
#853 = B_SPLINE_SURFACE_WITH_KNOTS ( 'NONE', 1, 3, ( 
 ( #89, #5702, #4956, #7157, #9243, #8521, #7248, #5054, #5008, #2882, #729, #7808, #3633 ),
 ( #775, #2078, #1485, #6373, #5807, #5850, #3580, #1439, #5144, #1390, #7945, #8625, #7986 ) ),
 .UNSPECIFIED., .F., .F., .F.,
 ( 2, 2 ),
 ( 4, 2, 2, 2, 3, 4 ),
 ( 0.000000000000000000, 1.000000000000000000 ),
 ( 0.000000000000000000, 0.1250000000000000000, 0.2500000000000000000, 0.5000000000000000000, 1.000000000000000000, 1.010000000000000009 ),
 .UNSPECIFIED. ) ;
#854 = ORIENTED_EDGE ( 'NONE', *, *, #6091, .T. ) ;
#855 = EDGE_LOOP ( 'NONE', ( #6757, #353, #7117, #5668 ) ) ;
#856 = CARTESIAN_POINT ( 'NONE',  ( -39.21211990792613022, 7.144163140623349229, -9.372999999999922949 ) ) ;
#857 = AXIS2_PLACEMENT_3D ( 'NONE', #8149, #1748, #4607 ) ;
#858 = FILL_AREA_STYLE ('',( #7214 ) ) ;
#859 = CARTESIAN_POINT ( 'NONE',  ( -40.82734843295796168, -18.25548052603022953, -0.09568576697269767783 ) ) ;
#860 =( LENGTH_UNIT ( ) NAMED_UNIT ( * ) SI_UNIT ( .MILLI., .METRE. ) );
#861 = VECTOR ( 'NONE', #9175, 1000.000000000000000 ) ;
#862 =( BOUNDED_CURVE ( )  B_SPLINE_CURVE ( 3, ( #1438, #4294, #727, #2880 ),
 .UNSPECIFIED., .F., .F. ) 
 B_SPLINE_CURVE_WITH_KNOTS ( ( 4, 4 ),
 ( 1.570796326794894782, 3.141592653589775797 ),
 .UNSPECIFIED. ) 
 CURVE ( )  GEOMETRIC_REPRESENTATION_ITEM ( )  RATIONAL_B_SPLINE_CURVE ( ( 1.000000000000000000, 0.8047378541243686012, 0.8047378541243686012, 1.000000000000000000 ) ) 
 REPRESENTATION_ITEM ( '' )  );
#863 = EDGE_LOOP ( 'NONE', ( #4071, #5907, #4162, #2898, #562, #1775 ) ) ;
#864 = SURFACE_STYLE_USAGE ( .BOTH. , #3851 ) ;
#865 = FACE_BOUND ( 'NONE', #4239, .T. ) ;
#866 = DIRECTION ( 'NONE',  ( 0.000000000000000000, 1.047444401652940007E-14, -1.000000000000000000 ) ) ;
#867 = CIRCLE ( 'NONE', #4901, 0.5000000000000004441 ) ;
#868 = CARTESIAN_POINT ( 'NONE',  ( -40.82734843295796168, -17.96944709205484259, 0.2706792717290131267 ) ) ;
#869 = COLOUR_RGB ( '',0.000000000000000000, 0.007843137254901960675, 0.3098039215686274606 ) ;
#870 = PRESENTATION_STYLE_ASSIGNMENT (( #2919 ) ) ;
#871 = AXIS2_PLACEMENT_3D ( 'NONE', #3288, #3906, #5464 ) ;
#872 = CARTESIAN_POINT ( 'NONE',  ( -33.27125966308334881, 6.995373385466116645, -9.372999999999922949 ) ) ;
#873 = EDGE_CURVE ( 'NONE', #2567, #9042, #6381, .T. ) ;
#874 = CARTESIAN_POINT ( 'NONE',  ( -28.82731649811005425, -14.00398703488017205, 1.184899676195318330 ) ) ;
#875 = ORIENTED_EDGE ( 'NONE', *, *, #1377, .F. ) ;
#876 = SURFACE_STYLE_FILL_AREA ( #5226 ) ;
#877 = EDGE_CURVE ( 'NONE', #1048, #7380, #3544, .T. ) ;
#878 = FILL_AREA_STYLE ('',( #1581 ) ) ;
#879 = UNCERTAINTY_MEASURE_WITH_UNIT (LENGTH_MEASURE( 1.000000000000000082E-05 ), #5841, 'distance_accuracy_value', 'NONE');
#880 = FILL_AREA_STYLE_COLOUR ( '', #4798 ) ;
#881 = SURFACE_STYLE_FILL_AREA ( #3535 ) ;
#882 = PRESENTATION_STYLE_ASSIGNMENT (( #3685 ) ) ;
#883 =( NAMED_UNIT ( * ) SI_UNIT ( $, .STERADIAN. ) SOLID_ANGLE_UNIT ( ) );
#884 = VECTOR ( 'NONE', #1784, 1000.000000000000000 ) ;
#885 = EDGE_LOOP ( 'NONE', ( #6335, #1513, #6865, #1407 ) ) ;
#886 = ORIENTED_EDGE ( 'NONE', *, *, #3895, .T. ) ;
#887 = EDGE_CURVE ( 'NONE', #702, #9029, #4964, .T. ) ;
#888 = DIRECTION ( 'NONE',  ( 1.000000000000000000, -0.000000000000000000, 0.000000000000000000 ) ) ;
#889 = EDGE_CURVE ( 'NONE', #6912, #8516, #2392, .T. ) ;
#890 = SURFACE_STYLE_FILL_AREA ( #2277 ) ;
#891 = PRODUCT_DEFINITION ( 'UNKNOWN', '', #8096, #1311 ) ;
#892 = FACE_OUTER_BOUND ( 'NONE', #4194, .T. ) ;
#893 = UNCERTAINTY_MEASURE_WITH_UNIT (LENGTH_MEASURE( 1.000000000000000082E-05 ), #4716, 'distance_accuracy_value', 'NONE');
#894 = LINE ( 'NONE', #2239, #688 ) ;
#895 = DIRECTION ( 'NONE',  ( 0.000000000000000000, 0.000000000000000000, 1.000000000000000000 ) ) ;
#896 = SURFACE_SIDE_STYLE ('',( #8728 ) ) ;
#897 = VERTEX_POINT ( 'NONE', #252 ) ;
#898 = EDGE_LOOP ( 'NONE', ( #5800, #1459, #1032, #221 ) ) ;
#899 = STYLED_ITEM ( 'NONE', ( #748 ), #667 ) ;
#900 = ORIENTED_EDGE ( 'NONE', *, *, #6598, .T. ) ;
#901 = VECTOR ( 'NONE', #8877, 1000.000000000000000 ) ;
#902 = SURFACE_SIDE_STYLE ('',( #148 ) ) ;
#903 = SURFACE_STYLE_USAGE ( .BOTH. , #7215 ) ;
#904 = DIRECTION ( 'NONE',  ( 1.000000000000000000, 1.299418334065024133E-16, -0.000000000000000000 ) ) ;
#905 = EDGE_CURVE ( 'NONE', #7307, #5783, #3849, .T. ) ;
#906 = DIRECTION ( 'NONE',  ( 0.000000000000000000, 0.000000000000000000, 1.000000000000000000 ) ) ;
#907 = MECHANICAL_DESIGN_GEOMETRIC_PRESENTATION_REPRESENTATION (  '', ( #5090 ), #4486 ) ;
#908 = ORIENTED_EDGE ( 'NONE', *, *, #8285, .F. ) ;
#909 = SURFACE_SIDE_STYLE ('',( #3003 ) ) ;
#910 = FACE_OUTER_BOUND ( 'NONE', #5150, .T. ) ;
#911 = CARTESIAN_POINT ( 'NONE',  ( -33.37646990792611490, 7.512463140623343527, -9.267789755157155085 ) ) ;
#912 = STYLED_ITEM ( 'NONE', ( #5343 ), #1678 ) ;
#913 =( NAMED_UNIT ( * ) SI_UNIT ( $, .STERADIAN. ) SOLID_ANGLE_UNIT ( ) );
#914 = VECTOR ( 'NONE', #9142, 1000.000000000000000 ) ;
#915 = PLANE ( 'NONE',  #9167 ) ;
#916 = SURFACE_SIDE_STYLE ('',( #7233 ) ) ;
#917 = UNCERTAINTY_MEASURE_WITH_UNIT (LENGTH_MEASURE( 1.000000000000000082E-05 ), #5505, 'distance_accuracy_value', 'NONE');
#918 = CARTESIAN_POINT ( 'NONE',  ( -35.66251990792611792, 7.258513140623236382, 1.472800000000076492 ) ) ;
#919 = DIRECTION ( 'NONE',  ( 0.000000000000000000, 1.024442997624109662E-14, -1.000000000000000000 ) ) ;
#920 = PRESENTATION_LAYER_ASSIGNMENT (  '', '', ( #5105 ) ) ;
#921 = STYLED_ITEM ( 'NONE', ( #9131 ), #3777 ) ;
#922 = EDGE_CURVE ( 'NONE', #8451, #5414, #8884, .T. ) ;
#923 = DIRECTION ( 'NONE',  ( 1.000000000000000000, 0.000000000000000000, 0.000000000000000000 ) ) ;
#924 = VERTEX_POINT ( 'NONE', #206 ) ;
#925 =( NAMED_UNIT ( * ) SI_UNIT ( $, .STERADIAN. ) SOLID_ANGLE_UNIT ( ) );
#926 =( LENGTH_UNIT ( ) NAMED_UNIT ( * ) SI_UNIT ( .MILLI., .METRE. ) );
#927 = SURFACE_SIDE_STYLE ('',( #7291 ) ) ;
#928 = AXIS2_PLACEMENT_3D ( 'NONE', #3963, #434, #2550 ) ;
#929 = PRESENTATION_STYLE_ASSIGNMENT (( #266 ) ) ;
#930 = VECTOR ( 'NONE', #1027, 1000.000000000000000 ) ;
#931 =( LENGTH_UNIT ( ) NAMED_UNIT ( * ) SI_UNIT ( .MILLI., .METRE. ) );
#932 = FILL_AREA_STYLE ('',( #7332 ) ) ;
#933 = CARTESIAN_POINT ( 'NONE',  ( -45.88039062757600561, 7.056012965964359118, -1.264999999999999902 ) ) ;
#934 = ORIENTED_EDGE ( 'NONE', *, *, #7385, .F. ) ;
#935 = EDGE_LOOP ( 'NONE', ( #8070, #4312, #3435, #3597, #5533, #1418, #8010, #6476, #4310, #7608 ) ) ;
#936 = FILL_AREA_STYLE ('',( #8720 ) ) ;
#937 = DIRECTION ( 'NONE',  ( 0.000000000000000000, -1.047444401652940007E-14, 1.000000000000000000 ) ) ;
#938 = SURFACE_SIDE_STYLE ('',( #1037 ) ) ;
#939 = LINE ( 'NONE', #3786, #8393 ) ;
#940 = FILL_AREA_STYLE_COLOUR ( '', #2186 ) ;
#941 = DIRECTION ( 'NONE',  ( 1.000000000000000000, 0.000000000000000000, 0.000000000000000000 ) ) ;
#942 = SURFACE_STYLE_FILL_AREA ( #8414 ) ;
#943 = EDGE_CURVE ( 'NONE', #3575, #1792, #1742, .T. ) ;
#944 = EDGE_LOOP ( 'NONE', ( #3745, #6944, #8732, #1129, #7485, #7017, #8268, #755 ) ) ;
#945 = ORIENTED_EDGE ( 'NONE', *, *, #3089, .F. ) ;
#946 = PRESENTATION_LAYER_ASSIGNMENT (  '', '', ( #4068 ) ) ;
#947 = COLOUR_RGB ( '',0.08235294117647058709, 0.08235294117647058709, 0.08235294117647058709 ) ;
#948 = ORIENTED_EDGE ( 'NONE', *, *, #996, .F. ) ;
#949 = PRESENTATION_STYLE_ASSIGNMENT (( #8876 ) ) ;
#950 = DIRECTION ( 'NONE',  ( 0.000000000000000000, 0.000000000000000000, 1.000000000000000000 ) ) ;
#951 = DIRECTION ( 'NONE',  ( 0.000000000000000000, 0.000000000000000000, -1.000000000000000000 ) ) ;
#952 = SURFACE_SIDE_STYLE ('',( #4546 ) ) ;
#953 = VECTOR ( 'NONE', #2353, 1000.000000000000000 ) ;
#954 = LINE ( 'NONE', #5307, #7710 ) ;
#955 = AXIS2_PLACEMENT_3D ( 'NONE', #4921, #5666, #3455 ) ;
#956 = UNCERTAINTY_MEASURE_WITH_UNIT (LENGTH_MEASURE( 1.000000000000000082E-05 ), #7053, 'distance_accuracy_value', 'NONE');
#957 = CIRCLE ( 'NONE', #8397, 1.800000000000002931 ) ;
#958 = COLOUR_RGB ( '',1.000000000000000000, 0.5019607843137254832, 0.000000000000000000 ) ;
#959 = ORIENTED_EDGE ( 'NONE', *, *, #8453, .F. ) ;
#960 = CARTESIAN_POINT ( 'NONE',  ( -33.00816990792611705, 7.144163140623349229, -9.372999999999921172 ) ) ;
#961 = PRESENTATION_STYLE_ASSIGNMENT (( #864 ) ) ;
#962 = CARTESIAN_POINT ( 'NONE',  ( -32.85938015276888535, 7.407252895780580992, -9.372999999999919396 ) ) ;
#963 = DIRECTION ( 'NONE',  ( -0.000000000000000000, -0.000000000000000000, -1.000000000000000000 ) ) ;
#964 =( GEOMETRIC_REPRESENTATION_CONTEXT ( 3 ) GLOBAL_UNCERTAINTY_ASSIGNED_CONTEXT ( ( #2280 ) ) GLOBAL_UNIT_ASSIGNED_CONTEXT ( ( #8241, #1105, #432 ) ) REPRESENTATION_CONTEXT ( 'NONE', 'WORKASPACE' ) );
#965 = FACE_OUTER_BOUND ( 'NONE', #7916, .T. ) ;
#966 =( LENGTH_UNIT ( ) NAMED_UNIT ( * ) SI_UNIT ( .MILLI., .METRE. ) );
#967 = CARTESIAN_POINT ( 'NONE',  ( -39.21211990792613022, 6.032913140623286985, -3.530999999999924199 ) ) ;
#968 = PLANE ( 'NONE',  #1121 ) ;
#969 = SURFACE_STYLE_USAGE ( .BOTH. , #8018 ) ;
#970 = SURFACE_STYLE_FILL_AREA ( #3859 ) ;
#971 = PRESENTATION_LAYER_ASSIGNMENT (  '', '', ( #6656 ) ) ;
#972 = PRESENTATION_STYLE_ASSIGNMENT (( #4513 ) ) ;
#973 = EDGE_CURVE ( 'NONE', #7047, #1818, #6913, .T. ) ;
#974 = CARTESIAN_POINT ( 'NONE',  ( -40.82733246553401329, -18.28388708950198449, -0.2449552275043976879 ) ) ;
#975 = ORIENTED_EDGE ( 'NONE', *, *, #4421, .F. ) ;
#976 = SURFACE_STYLE_USAGE ( .BOTH. , #6601 ) ;
#977 = DIRECTION ( 'NONE',  ( 0.000000000000000000, -0.000000000000000000, 1.000000000000000000 ) ) ;
#978 = CARTESIAN_POINT ( 'NONE',  ( -22.78039062757601130, -16.50398703403563871, -0.2449999999999997735 ) ) ;
#979 = UNCERTAINTY_MEASURE_WITH_UNIT (LENGTH_MEASURE( 1.000000000000000082E-05 ), #2747, 'distance_accuracy_value', 'NONE');
#980 = AXIS2_PLACEMENT_3D ( 'NONE', #6867, #3093, #374 ) ;
#981 = LINE ( 'NONE', #1674, #5334 ) ;
#982 = AXIS2_PLACEMENT_3D ( 'NONE', #8319, #2446, #7502 ) ;
#983 = ORIENTED_EDGE ( 'NONE', *, *, #3226, .T. ) ;
#984 = VERTEX_POINT ( 'NONE', #4686 ) ;
#985 = CARTESIAN_POINT ( 'NONE',  ( -38.45646990792611319, 7.512463140623350633, -9.118999999999928718 ) ) ;
#986 = LINE ( 'NONE', #3828, #4640 ) ;
#987 = CARTESIAN_POINT ( 'NONE',  ( -39.21211990792613022, 7.201313140623287978, -3.530999999999924199 ) ) ;
#988 = ADVANCED_FACE ( 'NONE', ( #5261 ), #8093, .T. ) ;
#989 = LINE ( 'NONE', #3833, #8295 ) ;
#990 = FILL_AREA_STYLE ('',( #6661 ) ) ;
#991 = LINE ( 'NONE', #1078, #6148 ) ;
#992 = EDGE_LOOP ( 'NONE', ( #3257, #1621, #6305, #8247 ) ) ;
#993 = ORIENTED_EDGE ( 'NONE', *, *, #6721, .T. ) ;
#994 = VECTOR ( 'NONE', #1883, 1000.000000000000000 ) ;
#995 = STYLED_ITEM ( 'NONE', ( #882 ), #7339 ) ;
#996 = EDGE_CURVE ( 'NONE', #7772, #7959, #3803, .T. ) ;
#997 = ORIENTED_EDGE ( 'NONE', *, *, #5561, .F. ) ;
#998 = CARTESIAN_POINT ( 'NONE',  ( -41.82731649811005781, -18.30398703403564653, -1.245000000000000107 ) ) ;
#999 = EDGE_CURVE ( 'NONE', #7064, #2290, #1698, .T. ) ;
#1000 = CARTESIAN_POINT ( 'NONE',  ( -29.82736094035740138, -15.29564772441671394, 1.209947844275661488 ) ) ;
#1001 = FILL_AREA_STYLE_COLOUR ( '', #4696 ) ;
#1002 = AXIS2_PLACEMENT_3D ( 'NONE', #4682, #1087, #3938 ) ;
#1003 = STYLED_ITEM ( 'NONE', ( #1287 ), #2166 ) ;
#1004 =( NAMED_UNIT ( * ) SI_UNIT ( $, .STERADIAN. ) SOLID_ANGLE_UNIT ( ) );
#1005 =( LENGTH_UNIT ( ) NAMED_UNIT ( * ) SI_UNIT ( .MILLI., .METRE. ) );
#1006 = AXIS2_PLACEMENT_3D ( 'NONE', #419, #7541, #8829 ) ;
#1007 = LINE ( 'NONE', #8825, #8438 ) ;
#1008 = EDGE_CURVE ( 'NONE', #8377, #7473, #4551, .T. ) ;
#1009 = VECTOR ( 'NONE', #2518, 1000.000000000000000 ) ;
#1010 = STYLED_ITEM ( 'NONE', ( #2310 ), #2299 ) ;
#1011 = ORIENTED_EDGE ( 'NONE', *, *, #6776, .T. ) ;
#1012 = LINE ( 'NONE', #1049, #884 ) ;
#1013 = CARTESIAN_POINT ( 'NONE',  ( -30.01731990792611526, 7.201313140623263997, -1.244999999999924167 ) ) ;
#1014 = FILL_AREA_STYLE_COLOUR ( '', #3052 ) ;
#1015 = FILL_AREA_STYLE_COLOUR ( '', #8137 ) ;
#1016 =( NAMED_UNIT ( * ) PLANE_ANGLE_UNIT ( ) SI_UNIT ( $, .RADIAN. ) );
#1017 = VECTOR ( 'NONE', #7589, 1000.000000000000000 ) ;
#1018 = CARTESIAN_POINT ( 'NONE',  ( -30.46811990792611979, 7.144113140623235658, 1.472800000000076048 ) ) ;
#1019 =( LENGTH_UNIT ( ) NAMED_UNIT ( * ) SI_UNIT ( .MILLI., .METRE. ) );
#1020 = DIRECTION ( 'NONE',  ( 1.000000000000000000, 0.000000000000000000, 0.000000000000000000 ) ) ;
#1021 = FACE_OUTER_BOUND ( 'NONE', #2566, .T. ) ;
#1022 = PRESENTATION_LAYER_ASSIGNMENT (  '', '', ( #5053 ) ) ;
#1023 = CARTESIAN_POINT ( 'NONE',  ( -44.99448484683374261, -14.00398703403564049, 1.205000000000000071 ) ) ;
#1024 = LINE ( 'NONE', #8898, #6499 ) ;
#1025 = CYLINDRICAL_SURFACE ( 'NONE', #5549, 0.2540000000000007807 ) ;
#1026 = FILL_AREA_STYLE ('',( #4566 ) ) ;
#1027 = DIRECTION ( 'NONE',  ( -1.000000000000000000, 0.000000000000000000, -0.000000000000000000 ) ) ;
#1028 = EDGE_CURVE ( 'NONE', #7662, #4539, #4505, .T. ) ;
#1029 = VECTOR ( 'NONE', #6035, 1000.000000000000000 ) ;
#1030 = SURFACE_SIDE_STYLE ('',( #8115 ) ) ;
#1031 = ORIENTED_EDGE ( 'NONE', *, *, #6946, .F. ) ;
#1032 = ORIENTED_EDGE ( 'NONE', *, *, #9074, .T. ) ;
#1033 =( NAMED_UNIT ( * ) SI_UNIT ( $, .STERADIAN. ) SOLID_ANGLE_UNIT ( ) );
#1034 = ORIENTED_EDGE ( 'NONE', *, *, #4112, .F. ) ;
#1035 = DIRECTION ( 'NONE',  ( -0.5000000000000003331, -0.8660254037844383745, 0.000000000000000000 ) ) ;
#1036 = CARTESIAN_POINT ( 'NONE',  ( -30.02039062757600618, 7.206012965964358585, -0.2449999999999997735 ) ) ;
#1037 = SURFACE_STYLE_FILL_AREA ( #3921 ) ;
#1038 = CARTESIAN_POINT ( 'NONE',  ( -32.55731990792611441, 8.369713140623263214, -1.244999999999911955 ) ) ;
#1039 = LINE ( 'NONE', #8963, #541 ) ;
#1040 = LINE ( 'NONE', #4671, #5999 ) ;
#1041 = ORIENTED_EDGE ( 'NONE', *, *, #4410, .F. ) ;
#1042 = ORIENTED_EDGE ( 'NONE', *, *, #7787, .F. ) ;
#1043 = ORIENTED_EDGE ( 'NONE', *, *, #4326, .F. ) ;
#1044 = SURFACE_SIDE_STYLE ('',( #8132 ) ) ;
#1045 = CARTESIAN_POINT ( 'NONE',  ( -30.21416990792612367, 6.890163140623349669, -9.118999999999921613 ) ) ;
#1046 = EDGE_CURVE ( 'NONE', #6912, #2634, #1012, .T. ) ;
#1047 = UNCERTAINTY_MEASURE_WITH_UNIT (LENGTH_MEASURE( 1.000000000000000082E-05 ), #6205, 'distance_accuracy_value', 'NONE');
#1048 = VERTEX_POINT ( 'NONE', #4643 ) ;
#1049 = CARTESIAN_POINT ( 'NONE',  ( -20.98039062757600703, 9.556012965964356454, -1.245000000000000107 ) ) ;
#1050 = SURFACE_STYLE_USAGE ( .BOTH. , #6492 ) ;
#1051 =( LENGTH_UNIT ( ) NAMED_UNIT ( * ) SI_UNIT ( .MILLI., .METRE. ) );
#1052 = CARTESIAN_POINT ( 'NONE',  ( -27.82731649811005781, -12.62398703403564326, 1.205000000000000071 ) ) ;
#1053 = VERTEX_POINT ( 'NONE', #3092 ) ;
#1054 =( NAMED_UNIT ( * ) SI_UNIT ( $, .STERADIAN. ) SOLID_ANGLE_UNIT ( ) );
#1055 =( NAMED_UNIT ( * ) SI_UNIT ( $, .STERADIAN. ) SOLID_ANGLE_UNIT ( ) );
#1056 = SURFACE_STYLE_FILL_AREA ( #8755 ) ;
#1057 = EDGE_CURVE ( 'NONE', #2369, #6349, #6011, .T. ) ;
#1058 = MECHANICAL_DESIGN_GEOMETRIC_PRESENTATION_REPRESENTATION (  '', ( #4192 ), #4492 ) ;
#1059 = FACE_OUTER_BOUND ( 'NONE', #5205, .T. ) ;
#1060 = DIRECTION ( 'NONE',  ( 0.000000000000000000, 0.000000000000000000, 1.000000000000000000 ) ) ;
#1061 = SURFACE_SIDE_STYLE ('',( #3818 ) ) ;
#1062 = UNCERTAINTY_MEASURE_WITH_UNIT (LENGTH_MEASURE( 1.000000000000000082E-05 ), #551, 'distance_accuracy_value', 'NONE');
#1063 = CIRCLE ( 'NONE', #4201, 1.799999999999999600 ) ;
#1064 = SURFACE_SIDE_STYLE ('',( #3251 ) ) ;
#1065 = PRESENTATION_LAYER_ASSIGNMENT (  '', '', ( #451 ) ) ;
#1066 = CARTESIAN_POINT ( 'NONE',  ( -36.90071990792587542, 7.861713140623442619, -3.530999999999912209 ) ) ;
#1067 = PRESENTATION_LAYER_ASSIGNMENT (  '', '', ( #4651 ) ) ;
#1068 = ORIENTED_EDGE ( 'NONE', *, *, #643, .T. ) ;
#1069 = SURFACE_STYLE_USAGE ( .BOTH. , #8768 ) ;
#1070 = ORIENTED_EDGE ( 'NONE', *, *, #5164, .T. ) ;
#1071 = EDGE_CURVE ( 'NONE', #3980, #3396, #5310, .T. ) ;
#1072 =( LENGTH_UNIT ( ) NAMED_UNIT ( * ) SI_UNIT ( .MILLI., .METRE. ) );
#1073 =( NAMED_UNIT ( * ) PLANE_ANGLE_UNIT ( ) SI_UNIT ( $, .RADIAN. ) );
#1074 = MECHANICAL_DESIGN_GEOMETRIC_PRESENTATION_REPRESENTATION (  '', ( #174 ), #6620 ) ;
#1075 = CARTESIAN_POINT ( 'NONE',  ( -30.83646990792612286, 7.512463140623350633, -9.118999999999923389 ) ) ;
#1076 = CARTESIAN_POINT ( 'NONE',  ( -39.21211990792613022, 7.201313140623263997, -1.244999999999924167 ) ) ;
#1077 = FACE_OUTER_BOUND ( 'NONE', #585, .T. ) ;
#1078 = CARTESIAN_POINT ( 'NONE',  ( -35.66251990792611792, 7.201313140623236464, 1.472800000000076048 ) ) ;
#1079 = ORIENTED_EDGE ( 'NONE', *, *, #1971, .F. ) ;
#1080 = ORIENTED_EDGE ( 'NONE', *, *, #8679, .T. ) ;
#1081 = ORIENTED_EDGE ( 'NONE', *, *, #2962, .T. ) ;
#1082 = ADVANCED_FACE ( 'NONE', ( #7497 ), #371, .F. ) ;
#1083 = PLANE ( 'NONE',  #2724 ) ;
#1084 =( NAMED_UNIT ( * ) PLANE_ANGLE_UNIT ( ) SI_UNIT ( $, .RADIAN. ) );
#1085 = CARTESIAN_POINT ( 'NONE',  ( -40.82732980429669567, -16.92660126441624513, 0.7906903847344430858 ) ) ;
#1086 = SURFACE_STYLE_FILL_AREA ( #3986 ) ;
#1087 = DIRECTION ( 'NONE',  ( 0.000000000000000000, 0.000000000000000000, 1.000000000000000000 ) ) ;
#1088 = EDGE_CURVE ( 'NONE', #1053, #3223, #8100, .T. ) ;
#1089 = EDGE_CURVE ( 'NONE', #2863, #3623, #6998, .T. ) ;
#1090 = VERTEX_POINT ( 'NONE', #3415 ) ;
#1091 =( LENGTH_UNIT ( ) NAMED_UNIT ( * ) SI_UNIT ( .MILLI., .METRE. ) );
#1092 = LINE ( 'NONE', #3137, #6076 ) ;
#1093 = PRESENTATION_LAYER_ASSIGNMENT (  '', '', ( #7658 ) ) ;
#1094 = SURFACE_SIDE_STYLE ('',( #4034 ) ) ;
#1095 = MECHANICAL_DESIGN_GEOMETRIC_PRESENTATION_REPRESENTATION (  '', ( #3172 ), #3622 ) ;
#1096 = FILL_AREA_STYLE ('',( #7547 ) ) ;
#1097 = EDGE_LOOP ( 'NONE', ( #7661, #5949, #2897, #2953 ) ) ;
#1098 = DIRECTION ( 'NONE',  ( -0.000000000000000000, -0.000000000000000000, -1.000000000000000000 ) ) ;
#1099 = EDGE_CURVE ( 'NONE', #5858, #4839, #3990, .T. ) ;
#1100 = CIRCLE ( 'NONE', #8992, 1.800000000000002931 ) ;
#1101 = AXIS2_PLACEMENT_3D ( 'NONE', #5605, #2020, #1378 ) ;
#1102 = CARTESIAN_POINT ( 'NONE',  ( -22.78039062757601130, -18.30398703403564298, -0.2449999999999997735 ) ) ;
#1103 =( NAMED_UNIT ( * ) PLANE_ANGLE_UNIT ( ) SI_UNIT ( $, .RADIAN. ) );
#1104 = EDGE_CURVE ( 'NONE', #3652, #2645, #6866, .T. ) ;
#1105 =( NAMED_UNIT ( * ) PLANE_ANGLE_UNIT ( ) SI_UNIT ( $, .RADIAN. ) );
#1106 = COLOUR_RGB ( '',0.7529411764705882248, 0.7529411764705882248, 0.7529411764705882248 ) ;
#1107 =( BOUNDED_CURVE ( )  B_SPLINE_CURVE ( 3, ( #368, #4026, #7628, #459 ),
 .UNSPECIFIED., .F., .F. ) 
 B_SPLINE_CURVE_WITH_KNOTS ( ( 4, 4 ),
 ( 2.300140402883405201E-16, 1.570796326794896780 ),
 .UNSPECIFIED. ) 
 CURVE ( )  GEOMETRIC_REPRESENTATION_ITEM ( )  RATIONAL_B_SPLINE_CURVE ( ( 1.000000000000000000, 0.8047378541243649375, 0.8047378541243649375, 1.000000000000000000 ) ) 
 REPRESENTATION_ITEM ( '' )  );
#1108 = EDGE_CURVE ( 'NONE', #7922, #4355, #2714, .T. ) ;
#1109 = DIRECTION ( 'NONE',  ( 1.000000000000000000, 0.000000000000000000, -0.000000000000000000 ) ) ;
#1110 = ORIENTED_EDGE ( 'NONE', *, *, #6151, .T. ) ;
#1111 = ORIENTED_EDGE ( 'NONE', *, *, #8185, .T. ) ;
#1112 = PLANE ( 'NONE',  #9045 ) ;
#1113 = PLANE ( 'NONE',  #2599 ) ;
#1114 = CARTESIAN_POINT ( 'NONE',  ( -35.66251990792611792, 7.201313140623239129, 1.218800000000076267 ) ) ;
#1115 = VECTOR ( 'NONE', #4254, 1000.000000000000000 ) ;
#1116 = CARTESIAN_POINT ( 'NONE',  ( -37.63731990792611981, 6.032913140623267445, -1.575199999999936429 ) ) ;
#1117 = LINE ( 'NONE', #3975, #5157 ) ;
#1118 =( NAMED_UNIT ( * ) SI_UNIT ( $, .STERADIAN. ) SOLID_ANGLE_UNIT ( ) );
#1119 = ORIENTED_EDGE ( 'NONE', *, *, #8265, .F. ) ;
#1120 = ORIENTED_EDGE ( 'NONE', *, *, #5200, .F. ) ;
#1121 = AXIS2_PLACEMENT_3D ( 'NONE', #1519, #2305, #7281 ) ;
#1122 = EDGE_LOOP ( 'NONE', ( #3265, #539, #8675, #4448 ) ) ;
#1123 = CYLINDRICAL_SURFACE ( 'NONE', #1930, 1.000000000000000888 ) ;
#1124 = CARTESIAN_POINT ( 'NONE',  ( -30.46811990792611979, 7.144113140623235658, 1.472800000000076048 ) ) ;
#1125 = FILL_AREA_STYLE ('',( #5351 ) ) ;
#1126 = DIRECTION ( 'NONE',  ( 0.5000000000000017764, -0.8660254037844377084, -8.871936606718211799E-15 ) ) ;
#1127 = AXIS2_PLACEMENT_3D ( 'NONE', #5731, #715, #7746 ) ;
#1128 = EDGE_CURVE ( 'NONE', #8131, #2360, #5588, .T. ) ;
#1129 = ORIENTED_EDGE ( 'NONE', *, *, #6586, .T. ) ;
#1130 = CARTESIAN_POINT ( 'NONE',  ( -34.82501711285329549, -18.29409031937256103, -0.2464335406786998528 ) ) ;
#1131 =( NAMED_UNIT ( * ) SI_UNIT ( $, .STERADIAN. ) SOLID_ANGLE_UNIT ( ) );
#1132 = COLOUR_RGB ( '',0.08235294117647058709, 0.08235294117647058709, 0.08235294117647058709 ) ;
#1133 = AXIS2_PLACEMENT_3D ( 'NONE', #3048, #7318, #7926 ) ;
#1134 = CARTESIAN_POINT ( 'NONE',  ( -45.11039062757600249, 3.166012965964347003, 1.265000000000000124 ) ) ;
#1135 = CARTESIAN_POINT ( 'NONE',  ( -32.75416990792612637, 6.890163140623350557, -9.372999999999926501 ) ) ;
#1136 = ORIENTED_EDGE ( 'NONE', *, *, #4732, .F. ) ;
#1137 = VECTOR ( 'NONE', #7060, 1000.000000000000000 ) ;
#1138 =( GEOMETRIC_REPRESENTATION_CONTEXT ( 3 ) GLOBAL_UNCERTAINTY_ASSIGNED_CONTEXT ( ( #4502 ) ) GLOBAL_UNIT_ASSIGNED_CONTEXT ( ( #1338, #6417, #1481 ) ) REPRESENTATION_CONTEXT ( 'NONE', 'WORKASPACE' ) );
#1139 =( GEOMETRIC_REPRESENTATION_CONTEXT ( 3 ) GLOBAL_UNCERTAINTY_ASSIGNED_CONTEXT ( ( #3307 ) ) GLOBAL_UNIT_ASSIGNED_CONTEXT ( ( #3661, #1610, #4506 ) ) REPRESENTATION_CONTEXT ( 'NONE', 'WORKASPACE' ) );
#1140 = SURFACE_STYLE_FILL_AREA ( #7508 ) ;
#1141 =( LENGTH_UNIT ( ) NAMED_UNIT ( * ) SI_UNIT ( .MILLI., .METRE. ) );
#1142 = FILL_AREA_STYLE_COLOUR ( '', #7663 ) ;
#1143 = ADVANCED_FACE ( 'NONE', ( #8269 ), #514, .F. ) ;
#1144 = CARTESIAN_POINT ( 'NONE',  ( -30.21411990792612201, 7.512513140623235053, 1.367589755157313292 ) ) ;
#1145 = FILL_AREA_STYLE_COLOUR ( '', #7365 ) ;
#1146 = FILL_AREA_STYLE ('',( #7699 ) ) ;
#1147 = EDGE_CURVE ( 'NONE', #2557, #7355, #1916, .T. ) ;
#1148 = VERTEX_POINT ( 'NONE', #5629 ) ;
#1149 = DIRECTION ( 'NONE',  ( 0.000000000000000000, 0.000000000000000000, 1.000000000000000000 ) ) ;
#1150 = VERTEX_POINT ( 'NONE', #8407 ) ;
#1151 =( BOUNDED_CURVE ( )  B_SPLINE_CURVE ( 3, ( #1075, #6658, #2420, #5289 ),
 .UNSPECIFIED., .F., .F. ) 
 B_SPLINE_CURVE_WITH_KNOTS ( ( 4, 4 ),
 ( -3.552713678800500929E-15, 1.570796326794898334 ),
 .UNSPECIFIED. ) 
 CURVE ( )  GEOMETRIC_REPRESENTATION_ITEM ( )  RATIONAL_B_SPLINE_CURVE ( ( 1.000000000000000000, 0.8047378541243637162, 0.8047378541243637162, 1.000000000000000000 ) ) 
 REPRESENTATION_ITEM ( '' )  );
#1152 =( NAMED_UNIT ( * ) SI_UNIT ( $, .STERADIAN. ) SOLID_ANGLE_UNIT ( ) );
#1153 = PRESENTATION_STYLE_ASSIGNMENT (( #7569 ) ) ;
#1154 = PRESENTATION_LAYER_ASSIGNMENT (  '', '', ( #2197 ) ) ;
#1155 = FILL_AREA_STYLE ('',( #8508 ) ) ;
#1156 = UNCERTAINTY_MEASURE_WITH_UNIT (LENGTH_MEASURE( 1.000000000000000082E-05 ), #7046, 'distance_accuracy_value', 'NONE');
#1157 = COLOUR_RGB ( '',0.7529411764705882248, 0.7529411764705882248, 0.7529411764705882248 ) ;
#1158 = FILL_AREA_STYLE_COLOUR ( '', #3035 ) ;
#1159 = CARTESIAN_POINT ( 'NONE',  ( -40.82731649811009333, -16.56412639562964628, -1.249386187268214154 ) ) ;
#1160 = SURFACE_SIDE_STYLE ('',( #553 ) ) ;
#1161 = EDGE_CURVE ( 'NONE', #7349, #3541, #8452, .T. ) ;
#1162 = EDGE_LOOP ( 'NONE', ( #5618, #5978 ) ) ;
#1163 = ORIENTED_EDGE ( 'NONE', *, *, #6746, .T. ) ;
#1164 = EDGE_CURVE ( 'NONE', #1773, #6677, #2665, .T. ) ;
#1165 = FACE_OUTER_BOUND ( 'NONE', #6152, .T. ) ;
#1166 =( NAMED_UNIT ( * ) PLANE_ANGLE_UNIT ( ) SI_UNIT ( $, .RADIAN. ) );
#1167 = LINE ( 'NONE', #1912, #3017 ) ;
#1168 = DIRECTION ( 'NONE',  ( -0.000000000000000000, -0.000000000000000000, -1.000000000000000000 ) ) ;
#1169 = ORIENTED_EDGE ( 'NONE', *, *, #2453, .T. ) ;
#1170 = ORIENTED_EDGE ( 'NONE', *, *, #8958, .T. ) ;
#1171 = DIRECTION ( 'NONE',  ( 0.000000000000000000, 0.000000000000000000, 1.000000000000000000 ) ) ;
#1172 = CARTESIAN_POINT ( 'NONE',  ( -45.88039062757600561, -16.50398703403563871, -0.2349999999999997369 ) ) ;
#1173 = ADVANCED_FACE ( 'NONE', ( #8354 ), #226, .T. ) ;
#1174 = SURFACE_STYLE_USAGE ( .BOTH. , #1094 ) ;
#1175 = CARTESIAN_POINT ( 'NONE',  ( -28.82731649811005781, -18.25548052603022953, -0.09568576697269767783 ) ) ;
#1176 = FACE_OUTER_BOUND ( 'NONE', #8503, .T. ) ;
#1177 = FILL_AREA_STYLE_COLOUR ( '', #958 ) ;
#1178 = EDGE_LOOP ( 'NONE', ( #7812, #2843, #2910, #103 ) ) ;
#1179 = CARTESIAN_POINT ( 'NONE',  ( -21.58039062757600846, 4.756012965964352190, 1.255000000000000115 ) ) ;
#1180 =( NAMED_UNIT ( * ) PLANE_ANGLE_UNIT ( ) SI_UNIT ( $, .RADIAN. ) );
#1181 = PRESENTATION_LAYER_ASSIGNMENT (  '', '', ( #431 ) ) ;
#1182 = SURFACE_STYLE_FILL_AREA ( #7604 ) ;
#1183 = AXIS2_PLACEMENT_3D ( 'NONE', #8431, #6561, #7069 ) ;
#1184 = UNCERTAINTY_MEASURE_WITH_UNIT (LENGTH_MEASURE( 1.000000000000000082E-05 ), #3422, 'distance_accuracy_value', 'NONE');
#1185 = SURFACE_SIDE_STYLE ('',( #8290 ) ) ;
#1186 =( NAMED_UNIT ( * ) SI_UNIT ( $, .STERADIAN. ) SOLID_ANGLE_UNIT ( ) );
#1187 = EDGE_CURVE ( 'NONE', #4215, #1564, #176, .T. ) ;
#1188 = PRESENTATION_LAYER_ASSIGNMENT (  '', '', ( #5851 ) ) ;
#1189 = ORIENTED_EDGE ( 'NONE', *, *, #4880, .T. ) ;
#1190 =( GEOMETRIC_REPRESENTATION_CONTEXT ( 3 ) GLOBAL_UNCERTAINTY_ASSIGNED_CONTEXT ( ( #6451 ) ) GLOBAL_UNIT_ASSIGNED_CONTEXT ( ( #5904, #3773, #227 ) ) REPRESENTATION_CONTEXT ( 'NONE', 'WORKASPACE' ) );
#1191 = DIRECTION ( 'NONE',  ( 0.000000000000000000, 0.000000000000000000, 1.000000000000000000 ) ) ;
#1192 = ORIENTED_EDGE ( 'NONE', *, *, #3322, .F. ) ;
#1193 = DIRECTION ( 'NONE',  ( -0.000000000000000000, -0.000000000000000000, -1.000000000000000000 ) ) ;
#1194 = CARTESIAN_POINT ( 'NONE',  ( -34.06742597117768412, 7.048913140623040086, -3.530999999999931305 ) ) ;
#1195 =( NAMED_UNIT ( * ) SI_UNIT ( $, .STERADIAN. ) SOLID_ANGLE_UNIT ( ) );
#1196 = VECTOR ( 'NONE', #9240, 1000.000000000000000 ) ;
#1197 = CYLINDRICAL_SURFACE ( 'NONE', #5802, 1.000000000000000888 ) ;
#1198 = SURFACE_STYLE_FILL_AREA ( #6089 ) ;
#1199 = VECTOR ( 'NONE', #4175, 1000.000000000000000 ) ;
#1200 = LINE ( 'NONE', #1116, #6989 ) ;
#1201 = SURFACE_STYLE_FILL_AREA ( #4104 ) ;
#1202 = CARTESIAN_POINT ( 'NONE',  ( -28.82731649811006136, -18.11334830678238461, -0.7435084826342410746 ) ) ;
#1203 = ORIENTED_EDGE ( 'NONE', *, *, #4732, .T. ) ;
#1204 = ORIENTED_EDGE ( 'NONE', *, *, #8444, .T. ) ;
#1205 = VECTOR ( 'NONE', #8433, 1000.000000000000000 ) ;
#1206 = DIRECTION ( 'NONE',  ( 0.000000000000000000, -1.047444401652940007E-14, 1.000000000000000000 ) ) ;
#1207 = CARTESIAN_POINT ( 'NONE',  ( -37.83416990792611756, 7.512463140623287572, -3.530999999999924643 ) ) ;
#1208 = COLOUR_RGB ( '',0.7529411764705882248, 0.7529411764705882248, 0.7529411764705882248 ) ;
#1209 = LINE ( 'NONE', #367, #6495 ) ;
#1210 = EDGE_CURVE ( 'NONE', #8451, #9207, #6029, .T. ) ;
#1211 = LINE ( 'NONE', #2529, #3984 ) ;
#1212 = ORIENTED_EDGE ( 'NONE', *, *, #3949, .F. ) ;
#1213 = UNCERTAINTY_MEASURE_WITH_UNIT (LENGTH_MEASURE( 1.000000000000000082E-05 ), #4805, 'distance_accuracy_value', 'NONE');
#1214 = ORIENTED_EDGE ( 'NONE', *, *, #3306, .T. ) ;
#1215 = ORIENTED_EDGE ( 'NONE', *, *, #7142, .T. ) ;
#1216 = DIRECTION ( 'NONE',  ( 0.000000000000000000, 0.000000000000000000, 1.000000000000000000 ) ) ;
#1217 = CARTESIAN_POINT ( 'NONE',  ( -29.82731649811006491, -12.62398703403564326, 1.215000000000000080 ) ) ;
#1218 =( NAMED_UNIT ( * ) SI_UNIT ( $, .STERADIAN. ) SOLID_ANGLE_UNIT ( ) );
#1219 = DIRECTION ( 'NONE',  ( 1.000000000000000000, 0.000000000000000000, -0.000000000000000000 ) ) ;
#1220 = ORIENTED_EDGE ( 'NONE', *, *, #6927, .T. ) ;
#1221 = CARTESIAN_POINT ( 'NONE',  ( -39.21211990792613022, 7.144113140623234770, 1.472800000000075604 ) ) ;
#1222 = DIRECTION ( 'NONE',  ( 0.000000000000000000, 0.000000000000000000, -1.000000000000000000 ) ) ;
#1223 = ORIENTED_EDGE ( 'NONE', *, *, #5723, .T. ) ;
#1224 = VECTOR ( 'NONE', #1776, 1000.000000000000000 ) ;
#1225 = DIRECTION ( 'NONE',  ( -0.5000000000000001110, 0.8660254037844385966, 0.000000000000000000 ) ) ;
#1226 = PRESENTATION_LAYER_ASSIGNMENT (  '', '', ( #4981 ) ) ;
#1227 = SURFACE_SIDE_STYLE ('',( #6218 ) ) ;
#1228 = VECTOR ( 'NONE', #6202, 1000.000000000000000 ) ;
#1229 = CARTESIAN_POINT ( 'NONE',  ( -21.08039062757600846, -14.00398703403564049, 1.205000000000000071 ) ) ;
#1230 =( GEOMETRIC_REPRESENTATION_CONTEXT ( 3 ) GLOBAL_UNCERTAINTY_ASSIGNED_CONTEXT ( ( #9062 ) ) GLOBAL_UNIT_ASSIGNED_CONTEXT ( ( #8026, #1623, #2268 ) ) REPRESENTATION_CONTEXT ( 'NONE', 'WORKASPACE' ) );
#1231 = VECTOR ( 'NONE', #7559, 1000.000000000000000 ) ;
#1232 = LINE ( 'NONE', #3344, #8973 ) ;
#1233 = MECHANICAL_DESIGN_GEOMETRIC_PRESENTATION_REPRESENTATION (  '', ( #3179 ), #3629 ) ;
#1234 = EDGE_CURVE ( 'NONE', #2478, #7849, #5374, .T. ) ;
#1235 = ORIENTED_EDGE ( 'NONE', *, *, #7435, .F. ) ;
#1236 = CARTESIAN_POINT ( 'NONE',  ( -29.45851990792611730, 6.032913140623276327, -3.530999999999936634 ) ) ;
#1237 = ORIENTED_EDGE ( 'NONE', *, *, #8874, .T. ) ;
#1238 = PRESENTATION_LAYER_ASSIGNMENT (  '', '', ( #6049 ) ) ;
#1239 = STYLED_ITEM ( 'NONE', ( #7466 ), #4276 ) ;
#1240 = CARTESIAN_POINT ( 'NONE',  ( -35.91646990792612115, 6.890163140623347893, -9.118999999999925166 ) ) ;
#1241 = LINE ( 'NONE', #8956, #3835 ) ;
#1242 = MECHANICAL_DESIGN_GEOMETRIC_PRESENTATION_REPRESENTATION (  '', ( #8546 ), #5910 ) ;
#1243 = CYLINDRICAL_SURFACE ( 'NONE', #7994, 1.799999999999999600 ) ;
#1244 = ADVANCED_FACE ( 'NONE', ( #8064 ), #3914, .F. ) ;
#1245 = UNCERTAINTY_MEASURE_WITH_UNIT (LENGTH_MEASURE( 1.000000000000000082E-05 ), #1535, 'distance_accuracy_value', 'NONE');
#1246 = DIRECTION ( 'NONE',  ( 0.000000000000000000, -1.000000000000000000, -1.047444401652940007E-14 ) ) ;
#1247 =( NAMED_UNIT ( * ) SI_UNIT ( $, .STERADIAN. ) SOLID_ANGLE_UNIT ( ) );
#1248 = CARTESIAN_POINT ( 'NONE',  ( -38.20246990792612252, 7.258463140623347520, -9.372999999999922949 ) ) ;
#1249 = COLOUR_RGB ( '',0.7529411764705882248, 0.7529411764705882248, 0.7529411764705882248 ) ;
#1250 = VERTEX_POINT ( 'NONE', #8160 ) ;
#1251 = ORIENTED_EDGE ( 'NONE', *, *, #2379, .T. ) ;
#1252 = CARTESIAN_POINT ( 'NONE',  ( -31.03331990792612061, 6.032913140623267445, -1.575199999999936429 ) ) ;
#1253 = LINE ( 'NONE', #4725, #1693 ) ;
#1254 = EDGE_CURVE ( 'NONE', #5333, #5610, #4616, .T. ) ;
#1255 = DIRECTION ( 'NONE',  ( -0.000000000000000000, -1.000000000000000000, 0.000000000000000000 ) ) ;
#1256 = FACE_OUTER_BOUND ( 'NONE', #642, .T. ) ;
#1257 = VERTEX_POINT ( 'NONE', #6077 ) ;
#1258 = EDGE_CURVE ( 'NONE', #4630, #4062, #8904, .T. ) ;
#1259 = ORIENTED_EDGE ( 'NONE', *, *, #385, .T. ) ;
#1260 = EDGE_LOOP ( 'NONE', ( #742, #1068, #6619, #1259 ) ) ;
#1261 = PRESENTATION_STYLE_ASSIGNMENT (( #4826 ) ) ;
#1262 = EDGE_CURVE ( 'NONE', #3726, #2360, #1626, .T. ) ;
#1263 =( NAMED_UNIT ( * ) SI_UNIT ( $, .STERADIAN. ) SOLID_ANGLE_UNIT ( ) );
#1264 = SURFACE_SIDE_STYLE ('',( #3461 ) ) ;
#1265 = CARTESIAN_POINT ( 'NONE',  ( -35.91646990792612115, 6.890163140623287497, -9.372999999999919396 ) ) ;
#1266 = CARTESIAN_POINT ( 'NONE',  ( -37.93933015276888909, 7.407302895780468077, 1.472800000000076714 ) ) ;
#1267 = CARTESIAN_POINT ( 'NONE',  ( -20.98039062757600703, -18.30398703403564298, -0.2449999999999997735 ) ) ;
#1268 = COLOUR_RGB ( '',0.08235294117647058709, 0.08235294117647058709, 0.08235294117647058709 ) ;
#1269 = CARTESIAN_POINT ( 'NONE',  ( -28.82731649811005781, -16.30398703403564653, -1.254999999999999671 ) ) ;
#1270 = CARTESIAN_POINT ( 'NONE',  ( -30.58246990792611797, 7.144163140623349229, -9.372999999999922949 ) ) ;
#1271 = SURFACE_STYLE_USAGE ( .BOTH. , #3953 ) ;
#1272 = EDGE_CURVE ( 'NONE', #924, #6136, #3431, .T. ) ;
#1273 = ORIENTED_EDGE ( 'NONE', *, *, #4112, .T. ) ;
#1274 = COLOUR_RGB ( '',0.7529411764705882248, 0.7529411764705882248, 0.7529411764705882248 ) ;
#1275 = EDGE_CURVE ( 'NONE', #1315, #6664, #4005, .T. ) ;
#1276 =( GEOMETRIC_REPRESENTATION_CONTEXT ( 3 ) GLOBAL_UNCERTAINTY_ASSIGNED_CONTEXT ( ( #6945 ) ) GLOBAL_UNIT_ASSIGNED_CONTEXT ( ( #9218, #6203, #1263 ) ) REPRESENTATION_CONTEXT ( 'NONE', 'WORKASPACE' ) );
#1277 = FACE_BOUND ( 'NONE', #3112, .T. ) ;
#1278 = CARTESIAN_POINT ( 'NONE',  ( -39.21211990792613022, 7.258463140623345744, -9.118999999999921613 ) ) ;
#1279 = DIRECTION ( 'NONE',  ( 0.000000000000000000, 1.047444401652940007E-14, -1.000000000000000000 ) ) ;
#1280 = CYLINDRICAL_SURFACE ( 'NONE', #6348, 1.800000000000002931 ) ;
#1281 = LINE ( 'NONE', #1976, #4841 ) ;
#1282 = B_SPLINE_CURVE_WITH_KNOTS ( 'NONE', 3,
 ( #7411, #8702, #7928, #5970 ),
 .UNSPECIFIED., .F., .F.,
 ( 4, 4 ),
 ( 0.000000000000000000, 1.000000000000000000 ),
 .UNSPECIFIED. ) ;
#1283 = UNCERTAINTY_MEASURE_WITH_UNIT (LENGTH_MEASURE( 1.000000000000000082E-05 ), #8208, 'distance_accuracy_value', 'NONE');
#1284 = CIRCLE ( 'NONE', #1002, 1.800000000000002931 ) ;
#1285 = CARTESIAN_POINT ( 'NONE',  ( -32.75416990792612637, 7.512463140623350633, -9.372999999999919396 ) ) ;
#1286 = DIRECTION ( 'NONE',  ( -1.000000000000000000, -0.000000000000000000, -0.000000000000000000 ) ) ;
#1287 = PRESENTATION_STYLE_ASSIGNMENT (( #9191 ) ) ;
#1288 = MECHANICAL_DESIGN_GEOMETRIC_PRESENTATION_REPRESENTATION (  '', ( #4733 ), #4907 ) ;
#1289 = EDGE_LOOP ( 'NONE', ( #6691, #5473, #8524, #8255 ) ) ;
#1290 = PLANE ( 'NONE',  #7005 ) ;
#1291 = STYLED_ITEM ( 'NONE', ( #8253 ), #7211 ) ;
#1292 = EDGE_LOOP ( 'NONE', ( #4866, #1836, #3457, #6519 ) ) ;
#1293 = AXIS2_PLACEMENT_3D ( 'NONE', #8792, #8056, #919 ) ;
#1294 = ORIENTED_EDGE ( 'NONE', *, *, #6946, .T. ) ;
#1295 = CARTESIAN_POINT ( 'NONE',  ( -37.19401384467462179, 6.032913140623273662, -1.244999999999935048 ) ) ;
#1296 = CARTESIAN_POINT ( 'NONE',  ( -47.68039062757600988, 9.556012965964352901, -1.245000000000000107 ) ) ;
#1297 = ADVANCED_FACE ( 'NONE', ( #7606 ), #2596, .T. ) ;
#1298 = STYLED_ITEM ( 'NONE', ( #7580 ), #3132 ) ;
#1299 = STYLED_ITEM ( 'NONE', ( #14 ), #593 ) ;
#1300 = DIRECTION ( 'NONE',  ( 1.000000000000000000, 0.000000000000000000, 0.000000000000000000 ) ) ;
#1301 = CARTESIAN_POINT ( 'NONE',  ( -32.55731990792611441, 6.032913140623265669, -1.575199999999936429 ) ) ;
#1302 = SURFACE_STYLE_USAGE ( .BOTH. , #6849 ) ;
#1303 =( NAMED_UNIT ( * ) PLANE_ANGLE_UNIT ( ) SI_UNIT ( $, .RADIAN. ) );
#1304 = ORIENTED_EDGE ( 'NONE', *, *, #3998, .F. ) ;
#1305 = ORIENTED_EDGE ( 'NONE', *, *, #2356, .T. ) ;
#1306 = DIRECTION ( 'NONE',  ( -1.000000000000000000, -0.000000000000000000, -0.000000000000000000 ) ) ;
#1307 = SURFACE_STYLE_USAGE ( .BOTH. , #4870 ) ;
#1308 = MECHANICAL_DESIGN_GEOMETRIC_PRESENTATION_REPRESENTATION (  '', ( #4748 ), #6567 ) ;
#1309 = DIRECTION ( 'NONE',  ( 0.000000000000000000, 0.000000000000000000, 1.000000000000000000 ) ) ;
#1310 = ORIENTED_EDGE ( 'NONE', *, *, #7401, .T. ) ;
#1311 = PRODUCT_DEFINITION_CONTEXT ( 'detailed design', #5412, 'design' ) ;
#1312 = ORIENTED_EDGE ( 'NONE', *, *, #9244, .T. ) ;
#1313 =( GEOMETRIC_REPRESENTATION_CONTEXT ( 3 ) GLOBAL_UNCERTAINTY_ASSIGNED_CONTEXT ( ( #7070 ) ) GLOBAL_UNIT_ASSIGNED_CONTEXT ( ( #1430, #3572, #7062 ) ) REPRESENTATION_CONTEXT ( 'NONE', 'WORKASPACE' ) );
#1314 = EDGE_CURVE ( 'NONE', #651, #2610, #6833, .T. ) ;
#1315 = VERTEX_POINT ( 'NONE', #4146 ) ;
#1316 = DIRECTION ( 'NONE',  ( -1.000000000000000000, 0.000000000000000000, 0.000000000000000000 ) ) ;
#1317 = SURFACE_STYLE_USAGE ( .BOTH. , #4124 ) ;
#1318 = DIRECTION ( 'NONE',  ( -0.000000000000000000, 1.000000000000000000, 1.047444401652940007E-14 ) ) ;
#1319 = DIRECTION ( 'NONE',  ( 0.000000000000000000, 1.000000000000000000, 1.047444401652940007E-14 ) ) ;
#1320 = CYLINDRICAL_SURFACE ( 'NONE', #7381, 0.2539999999999998925 ) ;
#1321 = CARTESIAN_POINT ( 'NONE',  ( -38.14039062757601073, 7.206012965964358585, -1.266000000000000014 ) ) ;
#1322 = LINE ( 'NONE', #4178, #6028 ) ;
#1323 = LINE ( 'NONE', #1596, #2998 ) ;
#1324 = ORIENTED_EDGE ( 'NONE', *, *, #4183, .T. ) ;
#1325 = FILL_AREA_STYLE ('',( #2868 ) ) ;
#1326 =( LENGTH_UNIT ( ) NAMED_UNIT ( * ) SI_UNIT ( .MILLI., .METRE. ) );
#1327 = FACE_OUTER_BOUND ( 'NONE', #1609, .T. ) ;
#1328 = EDGE_CURVE ( 'NONE', #4170, #2647, #1232, .T. ) ;
#1329 = CARTESIAN_POINT ( 'NONE',  ( -21.08039062757600846, -3.003987034035643600, -0.2449999999999997735 ) ) ;
#1330 = DIRECTION ( 'NONE',  ( 0.000000000000000000, -0.000000000000000000, -1.000000000000000000 ) ) ;
#1331 = SURFACE_STYLE_USAGE ( .BOTH. , #2412 ) ;
#1332 = ORIENTED_EDGE ( 'NONE', *, *, #3181, .F. ) ;
#1333 = PLANE ( 'NONE',  #5653 ) ;
#1334 = ORIENTED_EDGE ( 'NONE', *, *, #6649, .F. ) ;
#1335 = VERTEX_POINT ( 'NONE', #1850 ) ;
#1336 = VECTOR ( 'NONE', #5612, 1000.000000000000000 ) ;
#1337 = CARTESIAN_POINT ( 'NONE',  ( -39.82267328534919670, -14.00398703403564049, 1.205000000000000071 ) ) ;
#1338 =( LENGTH_UNIT ( ) NAMED_UNIT ( * ) SI_UNIT ( .MILLI., .METRE. ) );
#1339 = FILL_AREA_STYLE_COLOUR ( '', #3274 ) ;
#1340 = FILL_AREA_STYLE ('',( #4058 ) ) ;
#1341 = SURFACE_STYLE_USAGE ( .BOTH. , #4911 ) ;
#1342 =( NAMED_UNIT ( * ) SI_UNIT ( $, .STERADIAN. ) SOLID_ANGLE_UNIT ( ) );
#1343 = DIRECTION ( 'NONE',  ( -0.000000000000000000, -0.000000000000000000, -1.000000000000000000 ) ) ;
#1344 = PRESENTATION_LAYER_ASSIGNMENT (  '', '', ( #2681 ) ) ;
#1345 = ORIENTED_EDGE ( 'NONE', *, *, #6091, .F. ) ;
#1346 = ORIENTED_EDGE ( 'NONE', *, *, #1210, .F. ) ;
#1347 = AXIS2_PLACEMENT_3D ( 'NONE', #7857, #7200, #4297 ) ;
#1348 = AXIS2_PLACEMENT_3D ( 'NONE', #9046, #1193, #1990 ) ;
#1349 = PLANE ( 'NONE',  #796 ) ;
#1350 = MECHANICAL_DESIGN_GEOMETRIC_PRESENTATION_REPRESENTATION (  '', ( #4345 ), #6907 ) ;
#1351 = SURFACE_STYLE_FILL_AREA ( #8348 ) ;
#1352 = CARTESIAN_POINT ( 'NONE',  ( -44.88039062757600561, 7.056012965964359118, -0.2349999999999997369 ) ) ;
#1353 = CARTESIAN_POINT ( 'NONE',  ( -47.68039062757600988, -18.30398703403564653, -1.245000000000000107 ) ) ;
#1354 = PRESENTATION_LAYER_ASSIGNMENT (  '', '', ( #7785 ) ) ;
#1355 = ORIENTED_EDGE ( 'NONE', *, *, #6151, .F. ) ;
#1356 = MECHANICAL_DESIGN_GEOMETRIC_PRESENTATION_REPRESENTATION (  '', ( #4953 ), #2552 ) ;
#1357 = ORIENTED_EDGE ( 'NONE', *, *, #2786, .F. ) ;
#1358 = ADVANCED_FACE ( 'NONE', ( #391 ), #4850, .F. ) ;
#1359 = ORIENTED_EDGE ( 'NONE', *, *, #1767, .F. ) ;
#1360 = ORIENTED_EDGE ( 'NONE', *, *, #2523, .T. ) ;
#1361 = AXIS2_PLACEMENT_3D ( 'NONE', #3156, #3064, #8763 ) ;
#1362 = CARTESIAN_POINT ( 'NONE',  ( -29.45851990792611730, 6.032913140623286985, -3.530999999999936634 ) ) ;
#1363 = CARTESIAN_POINT ( 'NONE',  ( -35.29411990792612386, 7.512513140623235053, 1.218800000000072270 ) ) ;
#1364 = LINE ( 'NONE', #5537, #4240 ) ;
#1365 = VECTOR ( 'NONE', #7430, 1000.000000000000000 ) ;
#1366 = CARTESIAN_POINT ( 'NONE',  ( -28.82731649811005781, -14.55623890451565927, 1.164972024612541235 ) ) ;
#1367 = LINE ( 'NONE', #5593, #8238 ) ;
#1368 = EDGE_CURVE ( 'NONE', #3104, #1914, #6316, .T. ) ;
#1369 = CARTESIAN_POINT ( 'NONE',  ( -35.54816990792612330, 7.258463140623347520, -9.372999999999921172 ) ) ;
#1370 = CARTESIAN_POINT ( 'NONE',  ( -35.29411990792612386, 6.890113140623238763, 1.367589755157305520 ) ) ;
#1371 = ORIENTED_EDGE ( 'NONE', *, *, #6384, .F. ) ;
#1372 = DIRECTION ( 'NONE',  ( 1.000000000000000000, -4.336808689942014285E-16, 0.000000000000000000 ) ) ;
#1373 = SURFACE_STYLE_USAGE ( .BOTH. , #8464 ) ;
#1374 = SURFACE_STYLE_FILL_AREA ( #2064 ) ;
#1375 = PRESENTATION_STYLE_ASSIGNMENT (( #4939 ) ) ;
#1376 = UNCERTAINTY_MEASURE_WITH_UNIT (LENGTH_MEASURE( 1.000000000000000082E-05 ), #3876, 'distance_accuracy_value', 'NONE');
#1377 = EDGE_CURVE ( 'NONE', #4538, #5069, #123, .T. ) ;
#1378 = DIRECTION ( 'NONE',  ( 0.000000000000000000, 1.047444401652940007E-14, -1.000000000000000000 ) ) ;
#1379 = CARTESIAN_POINT ( 'NONE',  ( -33.12251990792611878, 7.258513140623235493, 1.472800000000076714 ) ) ;
#1380 = CARTESIAN_POINT ( 'NONE',  ( -47.58039062757602267, -10.24398703403564426, -0.2450000000000002176 ) ) ;
#1381 =( GEOMETRIC_REPRESENTATION_CONTEXT ( 3 ) GLOBAL_UNCERTAINTY_ASSIGNED_CONTEXT ( ( #286 ) ) GLOBAL_UNIT_ASSIGNED_CONTEXT ( ( #2814, #2056, #7092 ) ) REPRESENTATION_CONTEXT ( 'NONE', 'WORKASPACE' ) );
#1382 = ADVANCED_FACE ( 'NONE', ( #4189 ), #7892, .F. ) ;
#1383 = COLOUR_RGB ( '',0.08235294117647058709, 0.08235294117647058709, 0.08235294117647058709 ) ;
#1384 = ORIENTED_EDGE ( 'NONE', *, *, #905, .F. ) ;
#1385 = ORIENTED_EDGE ( 'NONE', *, *, #8190, .F. ) ;
#1386 = ADVANCED_FACE ( 'NONE', ( #1426 ), #2170, .T. ) ;
#1387 = MECHANICAL_DESIGN_GEOMETRIC_PRESENTATION_REPRESENTATION (  '', ( #8104 ), #1230 ) ;
#1388 = VECTOR ( 'NONE', #1451, 1000.000000000000000 ) ;
#1389 = SURFACE_STYLE_USAGE ( .BOTH. , #2652 ) ;
#1390 = CARTESIAN_POINT ( 'NONE',  ( -40.82731649811006491, -16.30398703403564653, -1.245189567241619555 ) ) ;
#1391 = CARTESIAN_POINT ( 'NONE',  ( -40.82731649811006491, -17.05636897394360219, -1.250249856270432947 ) ) ;
#1392 = ORIENTED_EDGE ( 'NONE', *, *, #556, .T. ) ;
#1393 = ORIENTED_EDGE ( 'NONE', *, *, #605, .F. ) ;
#1394 = COLOUR_RGB ( '',0.7529411764705882248, 0.7529411764705882248, 0.7529411764705882248 ) ;
#1395 = VECTOR ( 'NONE', #6879, 1000.000000000000000 ) ;
#1396 = LINE ( 'NONE', #2946, #743 ) ;
#1397 = LINE ( 'NONE', #6286, #7108 ) ;
#1398 = CARTESIAN_POINT ( 'NONE',  ( -35.39933015276888995, 7.407302895780468077, 1.472800000000076714 ) ) ;
#1399 = STYLED_ITEM ( 'NONE', ( #7352 ), #8564 ) ;
#1400 = CIRCLE ( 'NONE', #5909, 1.000000000000000888 ) ;
#1401 =( NAMED_UNIT ( * ) SI_UNIT ( $, .STERADIAN. ) SOLID_ANGLE_UNIT ( ) );
#1402 = COLOUR_RGB ( '',1.000000000000000000, 0.5019607843137254832, 0.000000000000000000 ) ;
#1403 = EDGE_LOOP ( 'NONE', ( #8766, #9140, #7681, #7209 ) ) ;
#1404 = B_SPLINE_CURVE_WITH_KNOTS ( 'NONE', 3,
 ( #660, #1462, #4976, #67 ),
 .UNSPECIFIED., .F., .F.,
 ( 4, 4 ),
 ( 0.000000000000000000, 1.000000000000000000 ),
 .UNSPECIFIED. ) ;
#1405 = VERTEX_POINT ( 'NONE', #6409 ) ;
#1406 =( GEOMETRIC_REPRESENTATION_CONTEXT ( 3 ) GLOBAL_UNCERTAINTY_ASSIGNED_CONTEXT ( ( #8226 ) ) GLOBAL_UNIT_ASSIGNED_CONTEXT ( ( #6846, #1766, #8815 ) ) REPRESENTATION_CONTEXT ( 'NONE', 'WORKASPACE' ) );
#1407 = ORIENTED_EDGE ( 'NONE', *, *, #157, .F. ) ;
#1408 = ORIENTED_EDGE ( 'NONE', *, *, #7224, .F. ) ;
#1409 = FACE_OUTER_BOUND ( 'NONE', #1403, .T. ) ;
#1410 = CARTESIAN_POINT ( 'NONE',  ( -41.82731649811005781, -16.30398703403564653, -0.2449999999999997735 ) ) ;
#1411 = DIRECTION ( 'NONE',  ( 0.000000000000000000, 1.024442997624095463E-14, -1.000000000000000000 ) ) ;
#1412 = DIRECTION ( 'NONE',  ( 1.000000000000000000, 0.000000000000000000, 0.000000000000000000 ) ) ;
#1413 = CARTESIAN_POINT ( 'NONE',  ( -44.88039062757600561, 7.056012965964359118, -1.264999999999999902 ) ) ;
#1414 = SURFACE_STYLE_FILL_AREA ( #7003 ) ;
#1415 = EDGE_CURVE ( 'NONE', #5830, #3349, #3568, .T. ) ;
#1416 = CARTESIAN_POINT ( 'NONE',  ( -47.58039062757602267, 5.256012965964358408, 1.205000000000000071 ) ) ;
#1417 =( NAMED_UNIT ( * ) SI_UNIT ( $, .STERADIAN. ) SOLID_ANGLE_UNIT ( ) );
#1418 = ORIENTED_EDGE ( 'NONE', *, *, #100, .T. ) ;
#1419 = ORIENTED_EDGE ( 'NONE', *, *, #1415, .T. ) ;
#1420 =( LENGTH_UNIT ( ) NAMED_UNIT ( * ) SI_UNIT ( .MILLI., .METRE. ) );
#1421 =( LENGTH_UNIT ( ) NAMED_UNIT ( * ) SI_UNIT ( .MILLI., .METRE. ) );
#1422 = PRESENTATION_LAYER_ASSIGNMENT (  '', '', ( #232 ) ) ;
#1423 = DIRECTION ( 'NONE',  ( 1.000000000000000000, -1.182766006347823109E-16, 0.000000000000000000 ) ) ;
#1424 = SURFACE_SIDE_STYLE ('',( #1182 ) ) ;
#1425 =( NAMED_UNIT ( * ) SI_UNIT ( $, .STERADIAN. ) SOLID_ANGLE_UNIT ( ) );
#1426 = FACE_OUTER_BOUND ( 'NONE', #4438, .T. ) ;
#1427 = FILL_AREA_STYLE ('',( #7015 ) ) ;
#1428 = VECTOR ( 'NONE', #4317, 1000.000000000000000 ) ;
#1429 = LINE ( 'NONE', #1380, #7566 ) ;
#1430 =( LENGTH_UNIT ( ) NAMED_UNIT ( * ) SI_UNIT ( .MILLI., .METRE. ) );
#1431 = ORIENTED_EDGE ( 'NONE', *, *, #3949, .T. ) ;
#1432 = FACE_OUTER_BOUND ( 'NONE', #1465, .T. ) ;
#1433 = PRESENTATION_LAYER_ASSIGNMENT (  '', '', ( #9035 ) ) ;
#1434 =( GEOMETRIC_REPRESENTATION_CONTEXT ( 3 ) GLOBAL_UNCERTAINTY_ASSIGNED_CONTEXT ( ( #2076 ) ) GLOBAL_UNIT_ASSIGNED_CONTEXT ( ( #308, #5234, #3066 ) ) REPRESENTATION_CONTEXT ( 'NONE', 'WORKASPACE' ) );
#1435 = AXIS2_PLACEMENT_3D ( 'NONE', #7088, #4827, #2053 ) ;
#1436 = EDGE_CURVE ( 'NONE', #6489, #1405, #867, .T. ) ;
#1437 = UNCERTAINTY_MEASURE_WITH_UNIT (LENGTH_MEASURE( 1.000000000000000082E-05 ), #3011, 'distance_accuracy_value', 'NONE');
#1438 = CARTESIAN_POINT ( 'NONE',  ( -35.66246990792611626, 7.258463140623347520, -9.372999999999922949 ) ) ;
#1439 = CARTESIAN_POINT ( 'NONE',  ( -40.82731649811006491, -17.05521404066708513, -1.240305603012645363 ) ) ;
#1440 = CARTESIAN_POINT ( 'NONE',  ( -40.94731649811006235, -16.30398703403564653, -1.254999999999999893 ) ) ;
#1441 = LINE ( 'NONE', #7250, #5398 ) ;
#1442 = VERTEX_POINT ( 'NONE', #8560 ) ;
#1443 = ORIENTED_EDGE ( 'NONE', *, *, #5600, .T. ) ;
#1444 = MECHANICAL_DESIGN_GEOMETRIC_PRESENTATION_REPRESENTATION (  '', ( #4281 ), #534 ) ;
#1445 = VECTOR ( 'NONE', #5888, 1000.000000000000000 ) ;
#1446 = FACE_OUTER_BOUND ( 'NONE', #5516, .T. ) ;
#1447 = STYLED_ITEM ( 'NONE', ( #7599 ), #2918 ) ;
#1448 =( NAMED_UNIT ( * ) SI_UNIT ( $, .STERADIAN. ) SOLID_ANGLE_UNIT ( ) );
#1449 =( NAMED_UNIT ( * ) SI_UNIT ( $, .STERADIAN. ) SOLID_ANGLE_UNIT ( ) );
#1450 = UNCERTAINTY_MEASURE_WITH_UNIT (LENGTH_MEASURE( 1.000000000000000082E-05 ), #4754, 'distance_accuracy_value', 'NONE');
#1451 = DIRECTION ( 'NONE',  ( -6.226573854905984859E-17, 1.000000000000000000, 0.000000000000000000 ) ) ;
#1452 = STYLED_ITEM ( 'NONE', ( #2793 ), #6461 ) ;
#1453 = CARTESIAN_POINT ( 'NONE',  ( -39.21211990792613022, 7.144113140623238323, 1.218800000000075823 ) ) ;
#1454 = DIRECTION ( 'NONE',  ( 1.000000000000000000, 1.309225264888156130E-16, -0.000000000000000000 ) ) ;
#1455 = EDGE_CURVE ( 'NONE', #7882, #1587, #8458, .T. ) ;
#1456 = ORIENTED_EDGE ( 'NONE', *, *, #8155, .F. ) ;
#1457 = ORIENTED_EDGE ( 'NONE', *, *, #8848, .T. ) ;
#1458 = ORIENTED_EDGE ( 'NONE', *, *, #6868, .T. ) ;
#1459 = ORIENTED_EDGE ( 'NONE', *, *, #3102, .F. ) ;
#1460 = FILL_AREA_STYLE_COLOUR ( '', #8297 ) ;
#1461 = SURFACE_SIDE_STYLE ('',( #7878 ) ) ;
#1462 = CARTESIAN_POINT ( 'NONE',  ( -40.82731649811006491, -18.28061697802563046, -0.2449405862524793587 ) ) ;
#1463 = DIRECTION ( 'NONE',  ( 0.000000000000000000, -1.047444401652940007E-14, 1.000000000000000000 ) ) ;
#1464 =( LENGTH_UNIT ( ) NAMED_UNIT ( * ) SI_UNIT ( .MILLI., .METRE. ) );
#1465 = EDGE_LOOP ( 'NONE', ( #3966, #4776, #4709, #474 ) ) ;
#1466 = VERTEX_POINT ( 'NONE', #2217 ) ;
#1467 = ADVANCED_FACE ( 'NONE', ( #5084 ), #3668, .F. ) ;
#1468 = DIRECTION ( 'NONE',  ( 4.336808689942014285E-16, 1.000000000000000000, 0.000000000000000000 ) ) ;
#1469 = FILL_AREA_STYLE_COLOUR ( '', #6387 ) ;
#1470 = CARTESIAN_POINT ( 'NONE',  ( -20.98039062757601059, 7.056012965964359118, -0.2349999999999997369 ) ) ;
#1471 =( LENGTH_UNIT ( ) NAMED_UNIT ( * ) SI_UNIT ( .MILLI., .METRE. ) );
#1472 = UNCERTAINTY_MEASURE_WITH_UNIT (LENGTH_MEASURE( 1.000000000000000082E-05 ), #7390, 'distance_accuracy_value', 'NONE');
#1473 = FACE_OUTER_BOUND ( 'NONE', #3688, .T. ) ;
#1474 =( NAMED_UNIT ( * ) PLANE_ANGLE_UNIT ( ) SI_UNIT ( $, .RADIAN. ) );
#1475 = LINE ( 'NONE', #6453, #2237 ) ;
#1476 =( NAMED_UNIT ( * ) PLANE_ANGLE_UNIT ( ) SI_UNIT ( $, .RADIAN. ) );
#1477 = EDGE_CURVE ( 'NONE', #2798, #687, #7362, .T. ) ;
#1478 = FILL_AREA_STYLE ('',( #4237 ) ) ;
#1479 = ORIENTED_EDGE ( 'NONE', *, *, #8287, .T. ) ;
#1480 = CARTESIAN_POINT ( 'NONE',  ( -37.83416990792611756, 6.890163140623347893, -9.372999999999926501 ) ) ;
#1481 =( NAMED_UNIT ( * ) SI_UNIT ( $, .STERADIAN. ) SOLID_ANGLE_UNIT ( ) );
#1482 = FILL_AREA_STYLE ('',( #6460 ) ) ;
#1483 = DIRECTION ( 'NONE',  ( 1.000000000000000000, 0.000000000000000000, 0.000000000000000000 ) ) ;
#1484 = CARTESIAN_POINT ( 'NONE',  ( -31.82071990792587712, 7.861713140623442619, -3.530999999999914873 ) ) ;
#1485 = CARTESIAN_POINT ( 'NONE',  ( -40.82731649811006491, -18.24724142043159247, -0.4712031309831639647 ) ) ;
#1486 = ADVANCED_FACE ( 'NONE', ( #1751 ), #3723, .T. ) ;
#1487 = ADVANCED_FACE ( 'NONE', ( #2451 ), #8754, .T. ) ;
#1488 = DIRECTION ( 'NONE',  ( 0.4999999999999997224, 0.8660254037844387076, 0.000000000000000000 ) ) ;
#1489 =( LENGTH_UNIT ( ) NAMED_UNIT ( * ) SI_UNIT ( .MILLI., .METRE. ) );
#1490 = ORIENTED_EDGE ( 'NONE', *, *, #7723, .F. ) ;
#1491 = EDGE_LOOP ( 'NONE', ( #2790, #3735, #3562, #6852 ) ) ;
#1492 =( GEOMETRIC_REPRESENTATION_CONTEXT ( 3 ) GLOBAL_UNCERTAINTY_ASSIGNED_CONTEXT ( ( #3694 ) ) GLOBAL_UNIT_ASSIGNED_CONTEXT ( ( #7293, #8798, #4614 ) ) REPRESENTATION_CONTEXT ( 'NONE', 'WORKASPACE' ) );
#1493 = FACE_OUTER_BOUND ( 'NONE', #1719, .T. ) ;
#1494 = DIRECTION ( 'NONE',  ( 0.000000000000000000, 1.000000000000000000, 1.047444401652940007E-14 ) ) ;
#1495 = FILL_AREA_STYLE_COLOUR ( '', #3957 ) ;
#1496 = DIRECTION ( 'NONE',  ( -0.000000000000000000, 0.000000000000000000, -1.000000000000000000 ) ) ;
#1497 = VECTOR ( 'NONE', #6027, 1000.000000000000000 ) ;
#1498 = DIRECTION ( 'NONE',  ( 0.000000000000000000, 0.000000000000000000, 1.000000000000000000 ) ) ;
#1499 = VERTEX_POINT ( 'NONE', #6113 ) ;
#1500 = ORIENTED_EDGE ( 'NONE', *, *, #5520, .F. ) ;
#1501 = VECTOR ( 'NONE', #6981, 1000.000000000000000 ) ;
#1502 = MECHANICAL_DESIGN_GEOMETRIC_PRESENTATION_REPRESENTATION (  '', ( #1659 ), #6751 ) ;
#1503 = VECTOR ( 'NONE', #4851, 1000.000000000000000 ) ;
#1504 = ORIENTED_EDGE ( 'NONE', *, *, #7124, .F. ) ;
#1505 = ORIENTED_EDGE ( 'NONE', *, *, #2908, .T. ) ;
#1506 = DIRECTION ( 'NONE',  ( 0.000000000000000000, 0.000000000000000000, 1.000000000000000000 ) ) ;
#1507 = ADVANCED_FACE ( 'NONE', ( #5506, #1886 ), #425, .F. ) ;
#1508 = CARTESIAN_POINT ( 'NONE',  ( -22.78039062757601130, 7.056012965964359118, -0.2449999999999997735 ) ) ;
#1509 = STYLED_ITEM ( 'NONE', ( #1925 ), #1507 ) ;
#1510 = PRESENTATION_STYLE_ASSIGNMENT (( #8691 ) ) ;
#1511 = PRESENTATION_LAYER_ASSIGNMENT (  '', '', ( #2848 ) ) ;
#1512 = EDGE_LOOP ( 'NONE', ( #7773, #7800, #8490, #2275 ) ) ;
#1513 = ORIENTED_EDGE ( 'NONE', *, *, #7026, .F. ) ;
#1514 = AXIS2_PLACEMENT_3D ( 'NONE', #8918, #2516, #3259 ) ;
#1515 = DIRECTION ( 'NONE',  ( -0.000000000000000000, -0.000000000000000000, 1.000000000000000000 ) ) ;
#1516 = CARTESIAN_POINT ( 'NONE',  ( -40.82734843295796168, -14.00398703403564227, 1.188115485203753430 ) ) ;
#1517 = DIRECTION ( 'NONE',  ( -0.000000000000000000, -0.000000000000000000, -1.000000000000000000 ) ) ;
#1518 = CYLINDRICAL_SURFACE ( 'NONE', #1700, 0.2539999999999972835 ) ;
#1519 = CARTESIAN_POINT ( 'NONE',  ( -21.08039062757600846, -14.00398703403564227, -0.2449999999999997735 ) ) ;
#1520 = DIRECTION ( 'NONE',  ( 0.000000000000000000, 0.000000000000000000, 1.000000000000000000 ) ) ;
#1521 = FILL_AREA_STYLE_COLOUR ( '', #7004 ) ;
#1522 = CARTESIAN_POINT ( 'NONE',  ( -21.08039062757600846, -10.24398703403563893, 0.7150000000000003020 ) ) ;
#1523 = CARTESIAN_POINT ( 'NONE',  ( -20.98039062757601059, -16.50398703403563871, -1.264999999999999902 ) ) ;
#1524 = ORIENTED_EDGE ( 'NONE', *, *, #4706, .T. ) ;
#1525 = SURFACE_STYLE_FILL_AREA ( #8618 ) ;
#1526 =( NAMED_UNIT ( * ) PLANE_ANGLE_UNIT ( ) SI_UNIT ( $, .RADIAN. ) );
#1527 = SURFACE_STYLE_USAGE ( .BOTH. , #927 ) ;
#1528 = UNCERTAINTY_MEASURE_WITH_UNIT (LENGTH_MEASURE( 1.000000000000000082E-05 ), #486, 'distance_accuracy_value', 'NONE');
#1529 = CARTESIAN_POINT ( 'NONE',  ( -24.58039062757600846, 7.056012965964359118, -0.2349999999999997369 ) ) ;
#1530 = SURFACE_STYLE_FILL_AREA ( #305 ) ;
#1531 = LINE ( 'NONE', #132, #1755 ) ;
#1532 = EDGE_CURVE ( 'NONE', #8516, #3802, #1063, .T. ) ;
#1533 = FACE_BOUND ( 'NONE', #6569, .T. ) ;
#1534 = DIRECTION ( 'NONE',  ( 0.000000000000000000, 0.000000000000000000, 1.000000000000000000 ) ) ;
#1535 =( LENGTH_UNIT ( ) NAMED_UNIT ( * ) SI_UNIT ( .MILLI., .METRE. ) );
#1536 = ORIENTED_EDGE ( 'NONE', *, *, #7224, .T. ) ;
#1537 = VERTEX_POINT ( 'NONE', #2673 ) ;
#1538 = PRESENTATION_LAYER_ASSIGNMENT (  '', '', ( #8381 ) ) ;
#1539 =( GEOMETRIC_REPRESENTATION_CONTEXT ( 3 ) GLOBAL_UNCERTAINTY_ASSIGNED_CONTEXT ( ( #4167 ) ) GLOBAL_UNIT_ASSIGNED_CONTEXT ( ( #2381, #1689, #3174 ) ) REPRESENTATION_CONTEXT ( 'NONE', 'WORKASPACE' ) );
#1540 = AXIS2_PLACEMENT_3D ( 'NONE', #457, #507, #5443 ) ;
#1541 = SURFACE_STYLE_FILL_AREA ( #7952 ) ;
#1542 = UNCERTAINTY_MEASURE_WITH_UNIT (LENGTH_MEASURE( 1.000000000000000082E-05 ), #8791, 'distance_accuracy_value', 'NONE');
#1543 = PRESENTATION_LAYER_ASSIGNMENT (  '', '', ( #1975 ) ) ;
#1544 = PRESENTATION_STYLE_ASSIGNMENT (( #2281 ) ) ;
#1545 = CARTESIAN_POINT ( 'NONE',  ( -40.82734843295796168, -14.00398703482844098, 1.184899675086708237 ) ) ;
#1546 = COLOUR_RGB ( '',0.08235294117647058709, 0.08235294117647058709, 0.08235294117647058709 ) ;
#1547 =( GEOMETRIC_REPRESENTATION_CONTEXT ( 3 ) GLOBAL_UNCERTAINTY_ASSIGNED_CONTEXT ( ( #8657 ) ) GLOBAL_UNIT_ASSIGNED_CONTEXT ( ( #4323, #4283, #1425 ) ) REPRESENTATION_CONTEXT ( 'NONE', 'WORKASPACE' ) );
#1548 = ORIENTED_EDGE ( 'NONE', *, *, #7619, .T. ) ;
#1549 = ORIENTED_EDGE ( 'NONE', *, *, #3440, .T. ) ;
#1550 = ORIENTED_EDGE ( 'NONE', *, *, #8019, .T. ) ;
#1551 = ORIENTED_EDGE ( 'NONE', *, *, #2834, .F. ) ;
#1552 = ADVANCED_FACE ( 'NONE', ( #4744 ), #523, .F. ) ;
#1553 = SURFACE_STYLE_FILL_AREA ( #8594 ) ;
#1554 = PRESENTATION_LAYER_ASSIGNMENT (  '', '', ( #5596 ) ) ;
#1555 = CIRCLE ( 'NONE', #4536, 1.799999999999999600 ) ;
#1556 = SURFACE_STYLE_USAGE ( .BOTH. , #902 ) ;
#1557 = DIRECTION ( 'NONE',  ( -0.000000000000000000, -0.000000000000000000, -1.000000000000000000 ) ) ;
#1558 = PLANE ( 'NONE',  #5722 ) ;
#1559 = EDGE_CURVE ( 'NONE', #3866, #5296, #8322, .T. ) ;
#1560 = CARTESIAN_POINT ( 'NONE',  ( -37.83416990792612467, 6.890163140623350557, -9.267789755157156861 ) ) ;
#1561 = PRESENTATION_LAYER_ASSIGNMENT (  '', '', ( #7095 ) ) ;
#1562 =( GEOMETRIC_REPRESENTATION_CONTEXT ( 3 ) GLOBAL_UNCERTAINTY_ASSIGNED_CONTEXT ( ( #5791 ) ) GLOBAL_UNIT_ASSIGNED_CONTEXT ( ( #3120, #7660, #8339 ) ) REPRESENTATION_CONTEXT ( 'NONE', 'WORKASPACE' ) );
#1563 = EDGE_CURVE ( 'NONE', #1637, #7655, #6265, .T. ) ;
#1564 = VERTEX_POINT ( 'NONE', #4133 ) ;
#1565 = SURFACE_STYLE_FILL_AREA ( #5173 ) ;
#1566 = CARTESIAN_POINT ( 'NONE',  ( -38.08811990792612079, 7.144113140623235658, 1.472800000000074494 ) ) ;
#1567 = PRESENTATION_STYLE_ASSIGNMENT (( #6590 ) ) ;
#1568 =( NAMED_UNIT ( * ) SI_UNIT ( $, .STERADIAN. ) SOLID_ANGLE_UNIT ( ) );
#1569 = DIRECTION ( 'NONE',  ( -1.000000000000000000, 0.000000000000000000, -0.000000000000000000 ) ) ;
#1570 =( LENGTH_UNIT ( ) NAMED_UNIT ( * ) SI_UNIT ( .MILLI., .METRE. ) );
#1571 =( GEOMETRIC_REPRESENTATION_CONTEXT ( 3 ) GLOBAL_UNCERTAINTY_ASSIGNED_CONTEXT ( ( #563 ) ) GLOBAL_UNIT_ASSIGNED_CONTEXT ( ( #841, #3739, #1449 ) ) REPRESENTATION_CONTEXT ( 'NONE', 'WORKASPACE' ) );
#1572 = ADVANCED_FACE ( 'NONE', ( #5160 ), #4982, .F. ) ;
#1573 =( LENGTH_UNIT ( ) NAMED_UNIT ( * ) SI_UNIT ( .MILLI., .METRE. ) );
#1574 = CYLINDRICAL_SURFACE ( 'NONE', #4888, 0.5000000000000004441 ) ;
#1575 = EDGE_CURVE ( 'NONE', #1763, #3135, #1323, .T. ) ;
#1576 = CARTESIAN_POINT ( 'NONE',  ( -39.82267328534919670, -14.00398703403564227, 1.205000000000000071 ) ) ;
#1577 = ORIENTED_EDGE ( 'NONE', *, *, #234, .T. ) ;
#1578 = SURFACE_STYLE_FILL_AREA ( #4427 ) ;
#1579 = PRESENTATION_STYLE_ASSIGNMENT (( #5187 ) ) ;
#1580 = FILL_AREA_STYLE_COLOUR ( '', #2432 ) ;
#1581 = FILL_AREA_STYLE_COLOUR ( '', #1782 ) ;
#1582 = PLANE ( 'NONE',  #765 ) ;
#1583 = VECTOR ( 'NONE', #1423, 1000.000000000000000 ) ;
#1584 = CARTESIAN_POINT ( 'NONE',  ( -38.45646990792611319, 7.512463140623350633, -3.530999999999921535 ) ) ;
#1585 = SURFACE_STYLE_USAGE ( .BOTH. , #7988 ) ;
#1586 = ORIENTED_EDGE ( 'NONE', *, *, #2434, .F. ) ;
#1587 = VERTEX_POINT ( 'NONE', #2059 ) ;
#1588 = CIRCLE ( 'NONE', #4273, 1.000000000000000888 ) ;
#1589 = VECTOR ( 'NONE', #5832, 1000.000000000000000 ) ;
#1590 = EDGE_CURVE ( 'NONE', #567, #9172, #3789, .T. ) ;
#1591 = PLANE ( 'NONE',  #7691 ) ;
#1592 = CARTESIAN_POINT ( 'NONE',  ( -45.88039062757600561, -16.50398703403563871, -1.264999999999999902 ) ) ;
#1593 = FACE_OUTER_BOUND ( 'NONE', #2722, .T. ) ;
#1594 = DIRECTION ( 'NONE',  ( 0.000000000000000000, 0.000000000000000000, -1.000000000000000000 ) ) ;
#1595 = VECTOR ( 'NONE', #4772, 1000.000000000000000 ) ;
#1596 = CARTESIAN_POINT ( 'NONE',  ( -44.08039062757600135, -16.50398703403563871, -1.264999999999999902 ) ) ;
#1597 = ORIENTED_EDGE ( 'NONE', *, *, #4819, .F. ) ;
#1598 = ORIENTED_EDGE ( 'NONE', *, *, #4880, .F. ) ;
#1599 = ORIENTED_EDGE ( 'NONE', *, *, #2189, .F. ) ;
#1600 =( LENGTH_UNIT ( ) NAMED_UNIT ( * ) SI_UNIT ( .MILLI., .METRE. ) );
#1601 = CARTESIAN_POINT ( 'NONE',  ( -35.66246990792611626, 7.201313140623347486, -9.118999999999921613 ) ) ;
#1602 =( NAMED_UNIT ( * ) SI_UNIT ( $, .STERADIAN. ) SOLID_ANGLE_UNIT ( ) );
#1603 = CARTESIAN_POINT ( 'NONE',  ( -30.83646990792612641, 6.890163140623288385, -3.530999999999926864 ) ) ;
#1604 = LINE ( 'NONE', #3799, #2426 ) ;
#1605 = VECTOR ( 'NONE', #502, 1000.000000000000000 ) ;
#1606 = DIRECTION ( 'NONE',  ( -1.000000000000000000, 0.000000000000000000, 0.000000000000000000 ) ) ;
#1607 = EDGE_CURVE ( 'NONE', #5812, #6378, #2992, .T. ) ;
#1608 = UNCERTAINTY_MEASURE_WITH_UNIT (LENGTH_MEASURE( 1.000000000000000082E-05 ), #1005, 'distance_accuracy_value', 'NONE');
#1609 = EDGE_LOOP ( 'NONE', ( #2789, #2475, #2097, #3588 ) ) ;
#1610 =( NAMED_UNIT ( * ) PLANE_ANGLE_UNIT ( ) SI_UNIT ( $, .RADIAN. ) );
#1611 = CARTESIAN_POINT ( 'NONE',  ( -37.83416990792611756, 7.512463140623347968, -9.118999999999921613 ) ) ;
#1612 = VECTOR ( 'NONE', #6596, 1000.000000000000000 ) ;
#1613 = DIRECTION ( 'NONE',  ( 0.5000000000000197620, 0.8660254037844272723, 0.000000000000000000 ) ) ;
#1614 = VECTOR ( 'NONE', #7109, 1000.000000000000000 ) ;
#1615 = LINE ( 'NONE', #8655, #6943 ) ;
#1616 = DIRECTION ( 'NONE',  ( 0.000000000000000000, -1.000000000000000000, -0.000000000000000000 ) ) ;
#1617 = DIRECTION ( 'NONE',  ( 0.000000000000000000, 1.047444401652940007E-14, -1.000000000000000000 ) ) ;
#1618 = DIRECTION ( 'NONE',  ( 0.000000000000000000, 0.000000000000000000, 1.000000000000000000 ) ) ;
#1619 = MECHANICAL_DESIGN_GEOMETRIC_PRESENTATION_REPRESENTATION (  '', ( #8463 ), #1313 ) ;
#1620 = FACE_OUTER_BOUND ( 'NONE', #82, .T. ) ;
#1621 = ORIENTED_EDGE ( 'NONE', *, *, #379, .T. ) ;
#1622 = DIRECTION ( 'NONE',  ( -1.000000000000000000, 0.000000000000000000, 0.000000000000000000 ) ) ;
#1623 =( NAMED_UNIT ( * ) PLANE_ANGLE_UNIT ( ) SI_UNIT ( $, .RADIAN. ) );
#1624 = EDGE_CURVE ( 'NONE', #7307, #6081, #9158, .T. ) ;
#1625 = DIRECTION ( 'NONE',  ( -0.000000000000000000, -0.000000000000000000, -1.000000000000000000 ) ) ;
#1626 = LINE ( 'NONE', #5192, #3300 ) ;
#1627 = FILL_AREA_STYLE ('',( #5948 ) ) ;
#1628 = VECTOR ( 'NONE', #6817, 1000.000000000000000 ) ;
#1629 = ORIENTED_EDGE ( 'NONE', *, *, #4214, .T. ) ;
#1630 = ORIENTED_EDGE ( 'NONE', *, *, #822, .F. ) ;
#1631 =( NAMED_UNIT ( * ) PLANE_ANGLE_UNIT ( ) SI_UNIT ( $, .RADIAN. ) );
#1632 = LINE ( 'NONE', #1810, #3133 ) ;
#1633 = SURFACE_STYLE_FILL_AREA ( #5062 ) ;
#1634 = DIRECTION ( 'NONE',  ( 0.000000000000000000, 0.000000000000000000, -1.000000000000000000 ) ) ;
#1635 = CARTESIAN_POINT ( 'NONE',  ( -40.82733246553402040, -18.27407675507290463, -0.2449113037486425060 ) ) ;
#1636 = PRESENTATION_STYLE_ASSIGNMENT (( #3743 ) ) ;
#1637 = VERTEX_POINT ( 'NONE', #2721 ) ;
#1638 = ORIENTED_EDGE ( 'NONE', *, *, #3872, .T. ) ;
#1639 = PRESENTATION_LAYER_ASSIGNMENT (  '', '', ( #899 ) ) ;
#1640 = EDGE_LOOP ( 'NONE', ( #8729, #7503, #1549, #4249, #8085, #2692, #8360, #6973 ) ) ;
#1641 = SURFACE_STYLE_FILL_AREA ( #7397 ) ;
#1642 = COLOUR_RGB ( '',0.6470588235294117974, 0.6196078431372549211, 0.5882352941176470784 ) ;
#1643 = VECTOR ( 'NONE', #1225, 1000.000000000000000 ) ;
#1644 = MECHANICAL_DESIGN_GEOMETRIC_PRESENTATION_REPRESENTATION (  '', ( #6443 ), #8054 ) ;
#1645 = FACE_OUTER_BOUND ( 'NONE', #850, .T. ) ;
#1646 =( NAMED_UNIT ( * ) PLANE_ANGLE_UNIT ( ) SI_UNIT ( $, .RADIAN. ) );
#1647 = CARTESIAN_POINT ( 'NONE',  ( -41.82731649811005781, -12.62398703403564149, 1.215000000000000080 ) ) ;
#1648 =( NAMED_UNIT ( * ) SI_UNIT ( $, .STERADIAN. ) SOLID_ANGLE_UNIT ( ) );
#1649 = FILL_AREA_STYLE_COLOUR ( '', #373 ) ;
#1650 = ADVANCED_FACE ( 'NONE', ( #5595 ), #6402, .T. ) ;
#1651 = AXIS2_PLACEMENT_3D ( 'NONE', #2467, #355, #5287 ) ;
#1652 = AXIS2_PLACEMENT_3D ( 'NONE', #3473, #8469, #2872 ) ;
#1653 = VERTEX_POINT ( 'NONE', #5868 ) ;
#1654 = DIRECTION ( 'NONE',  ( 4.535567304416304610E-15, 2.618611004132556304E-15, -1.000000000000000000 ) ) ;
#1655 = CARTESIAN_POINT ( 'NONE',  ( -40.82731649811006491, -16.30398703403564653, -0.2449552275043981875 ) ) ;
#1656 = LINE ( 'NONE', #158, #5767 ) ;
#1657 = FACE_OUTER_BOUND ( 'NONE', #3609, .T. ) ;
#1658 = ADVANCED_FACE ( 'NONE', ( #2284 ), #6662, .F. ) ;
#1659 = STYLED_ITEM ( 'NONE', ( #4623 ), #3421 ) ;
#1660 = PRESENTATION_STYLE_ASSIGNMENT (( #3007 ) ) ;
#1661 = PRESENTATION_LAYER_ASSIGNMENT (  '', '', ( #4345 ) ) ;
#1662 = B_SPLINE_CURVE_WITH_KNOTS ( 'NONE', 3,
 ( #874, #3725, #6732, #1707, #2359, #4563, #7468, #5941, #5224, #3861 ),
 .UNSPECIFIED., .F., .F.,
 ( 4, 2, 2, 2, 4 ),
 ( 0.000000000000000000, 0.002356328343072088514, 0.003537878884999706708, 0.004128654155963515371, 0.004719429426927324901 ),
 .UNSPECIFIED. ) ;
#1663 = CARTESIAN_POINT ( 'NONE',  ( -35.91651990792611571, 7.512513140623236829, 1.218800000000079597 ) ) ;
#1664 = SURFACE_SIDE_STYLE ('',( #3146 ) ) ;
#1665 = DIRECTION ( 'NONE',  ( -0.000000000000000000, -0.000000000000000000, -1.000000000000000000 ) ) ;
#1666 = LINE ( 'NONE', #4515, #3551 ) ;
#1667 = ORIENTED_EDGE ( 'NONE', *, *, #7234, .T. ) ;
#1668 = DIRECTION ( 'NONE',  ( 0.000000000000000000, 0.000000000000000000, 1.000000000000000000 ) ) ;
#1669 =( NAMED_UNIT ( * ) PLANE_ANGLE_UNIT ( ) SI_UNIT ( $, .RADIAN. ) );
#1670 = CARTESIAN_POINT ( 'NONE',  ( -45.11039062757600249, -8.053987034035651860, 1.265000000000000124 ) ) ;
#1671 = CARTESIAN_POINT ( 'NONE',  ( -35.29411990792612386, 7.512513140623236829, 1.218800000000075823 ) ) ;
#1672 = SURFACE_STYLE_FILL_AREA ( #3821 ) ;
#1673 = EDGE_CURVE ( 'NONE', #7201, #4685, #3121, .T. ) ;
#1674 = CARTESIAN_POINT ( 'NONE',  ( -45.82731649811005781, -9.423987034035642196, -1.254999999999999893 ) ) ;
#1675 = ORIENTED_EDGE ( 'NONE', *, *, #1532, .T. ) ;
#1676 = ORIENTED_EDGE ( 'NONE', *, *, #1108, .F. ) ;
#1677 = ADVANCED_FACE ( 'NONE', ( #7484 ), #5958, .T. ) ;
#1678 = ADVANCED_FACE ( 'NONE', ( #6851 ), #2376, .F. ) ;
#1679 = DIRECTION ( 'NONE',  ( 6.226573854905984859E-17, -1.000000000000000000, -0.000000000000000000 ) ) ;
#1680 = CARTESIAN_POINT ( 'NONE',  ( -34.06742597117762017, 8.369713140623288083, -3.530999999999912209 ) ) ;
#1681 = DIRECTION ( 'NONE',  ( -1.000000000000000000, -1.299418334065024133E-16, 0.000000000000000000 ) ) ;
#1682 = CARTESIAN_POINT ( 'NONE',  ( -38.45651990792611485, 6.890113140623235211, 1.218800000000079597 ) ) ;
#1683 = SURFACE_SIDE_STYLE ('',( #320 ) ) ;
#1684 = ORIENTED_EDGE ( 'NONE', *, *, #7173, .F. ) ;
#1685 = EDGE_LOOP ( 'NONE', ( #6771, #7949, #4262 ) ) ;
#1686 = VECTOR ( 'NONE', #5396, 1000.000000000000000 ) ;
#1687 = VECTOR ( 'NONE', #9222, 1000.000000000000000 ) ;
#1688 = ORIENTED_EDGE ( 'NONE', *, *, #6573, .F. ) ;
#1689 =( NAMED_UNIT ( * ) PLANE_ANGLE_UNIT ( ) SI_UNIT ( $, .RADIAN. ) );
#1690 = CARTESIAN_POINT ( 'NONE',  ( -40.82734843295796168, -17.97723040388900628, 0.2768188384184762096 ) ) ;
#1691 = DIRECTION ( 'NONE',  ( 0.000000000000000000, 0.000000000000000000, -1.000000000000000000 ) ) ;
#1692 = SURFACE_STYLE_USAGE ( .BOTH. , #8007 ) ;
#1693 = VECTOR ( 'NONE', #6899, 1000.000000000000000 ) ;
#1694 = AXIS2_PLACEMENT_3D ( 'NONE', #6383, #5711, #4255 ) ;
#1695 = UNCERTAINTY_MEASURE_WITH_UNIT (LENGTH_MEASURE( 1.000000000000000082E-05 ), #5488, 'distance_accuracy_value', 'NONE');
#1696 = COLOUR_RGB ( '',0.6470588235294117974, 0.6196078431372549211, 0.5882352941176470784 ) ;
#1697 = ORIENTED_EDGE ( 'NONE', *, *, #2805, .T. ) ;
#1698 = LINE ( 'NONE', #5214, #7753 ) ;
#1699 = CARTESIAN_POINT ( 'NONE',  ( -39.82267328534919670, -12.62398703403564326, 1.205000000000000071 ) ) ;
#1700 = AXIS2_PLACEMENT_3D ( 'NONE', #9187, #5644, #6593 ) ;
#1701 = EDGE_CURVE ( 'NONE', #5392, #2266, #1040, .T. ) ;
#1702 = CARTESIAN_POINT ( 'NONE',  ( -32.75411990792612471, 7.512513140623234165, 1.218800000000075823 ) ) ;
#1703 = CARTESIAN_POINT ( 'NONE',  ( -45.88039062757600561, -16.50398703403563871, -1.264999999999999902 ) ) ;
#1704 = DIRECTION ( 'NONE',  ( -0.000000000000000000, -0.000000000000000000, -1.000000000000000000 ) ) ;
#1705 = CARTESIAN_POINT ( 'NONE',  ( -30.46816990792611790, 7.258463140623347520, -9.372999999999922949 ) ) ;
#1706 = VECTOR ( 'NONE', #7827, 1000.000000000000000 ) ;
#1707 = CARTESIAN_POINT ( 'NONE',  ( -28.82731649811006136, -16.92352698751271234, 0.7916228591975321693 ) ) ;
#1708 =( NAMED_UNIT ( * ) SI_UNIT ( $, .STERADIAN. ) SOLID_ANGLE_UNIT ( ) );
#1709 = STYLED_ITEM ( 'NONE', ( #2461 ), #4676 ) ;
#1710 =( NAMED_UNIT ( * ) PLANE_ANGLE_UNIT ( ) SI_UNIT ( $, .RADIAN. ) );
#1711 = FACE_OUTER_BOUND ( 'NONE', #5822, .T. ) ;
#1712 =( NAMED_UNIT ( * ) PLANE_ANGLE_UNIT ( ) SI_UNIT ( $, .RADIAN. ) );
#1713 =( GEOMETRIC_REPRESENTATION_CONTEXT ( 3 ) GLOBAL_UNCERTAINTY_ASSIGNED_CONTEXT ( ( #4726 ) ) GLOBAL_UNIT_ASSIGNED_CONTEXT ( ( #4275, #7927, #7183 ) ) REPRESENTATION_CONTEXT ( 'NONE', 'WORKASPACE' ) );
#1714 =( NAMED_UNIT ( * ) PLANE_ANGLE_UNIT ( ) SI_UNIT ( $, .RADIAN. ) );
#1715 = CARTESIAN_POINT ( 'NONE',  ( -47.58039062757602267, -14.00398703403564049, 0.7150000000000003020 ) ) ;
#1716 = PRESENTATION_LAYER_ASSIGNMENT (  '', '', ( #365 ) ) ;
#1717 = ORIENTED_EDGE ( 'NONE', *, *, #1701, .F. ) ;
#1718 = ORIENTED_EDGE ( 'NONE', *, *, #580, .T. ) ;
#1719 = EDGE_LOOP ( 'NONE', ( #9019, #1357, #5110, #450 ) ) ;
#1720 = SURFACE_SIDE_STYLE ('',( #1765 ) ) ;
#1721 = EDGE_CURVE ( 'NONE', #5783, #8482, #991, .T. ) ;
#1722 =( GEOMETRIC_REPRESENTATION_CONTEXT ( 3 ) GLOBAL_UNCERTAINTY_ASSIGNED_CONTEXT ( ( #3940 ) ) GLOBAL_UNIT_ASSIGNED_CONTEXT ( ( #5502, #8148, #6110 ) ) REPRESENTATION_CONTEXT ( 'NONE', 'WORKASPACE' ) );
#1723 = MECHANICAL_DESIGN_GEOMETRIC_PRESENTATION_REPRESENTATION (  '', ( #8731 ), #7261 ) ;
#1724 = DIRECTION ( 'NONE',  ( 0.000000000000000000, 0.000000000000000000, 1.000000000000000000 ) ) ;
#1725 = DIRECTION ( 'NONE',  ( 0.000000000000000000, 0.000000000000000000, 1.000000000000000000 ) ) ;
#1726 = CARTESIAN_POINT ( 'NONE',  ( -40.82731649811009333, -18.24724142043159247, -0.4712031309831639647 ) ) ;
#1727 =( NAMED_UNIT ( * ) SI_UNIT ( $, .STERADIAN. ) SOLID_ANGLE_UNIT ( ) );
#1728 = ORIENTED_EDGE ( 'NONE', *, *, #7093, .T. ) ;
#1729 = ORIENTED_EDGE ( 'NONE', *, *, #2335, .F. ) ;
#1730 = STYLED_ITEM ( 'NONE', ( #7595 ), #6671 ) ;
#1731 = PRESENTATION_LAYER_ASSIGNMENT (  '', '', ( #4874 ) ) ;
#1732 = EDGE_LOOP ( 'NONE', ( #6290, #1237, #314, #5436 ) ) ;
#1733 = CARTESIAN_POINT ( 'NONE',  ( -35.81125966308334796, 6.995373385466116645, -9.372999999999922949 ) ) ;
#1734 = AXIS2_PLACEMENT_3D ( 'NONE', #8765, #3158, #4619 ) ;
#1735 = EDGE_CURVE ( 'NONE', #3122, #324, #3417, .T. ) ;
#1736 = VECTOR ( 'NONE', #5174, 1000.000000000000000 ) ;
#1737 = PRESENTATION_STYLE_ASSIGNMENT (( #3044 ) ) ;
#1738 = MECHANICAL_DESIGN_GEOMETRIC_PRESENTATION_REPRESENTATION (  '', ( #5193 ), #8923 ) ;
#1739 = VECTOR ( 'NONE', #1665, 1000.000000000000000 ) ;
#1740 = VECTOR ( 'NONE', #3601, 1000.000000000000000 ) ;
#1741 = ORIENTED_EDGE ( 'NONE', *, *, #1781, .F. ) ;
#1742 = LINE ( 'NONE', #3187, #3560 ) ;
#1743 = PRESENTATION_STYLE_ASSIGNMENT (( #3277 ) ) ;
#1744 = CARTESIAN_POINT ( 'NONE',  ( -47.68039062757600988, -16.50398703403563871, -1.264999999999999902 ) ) ;
#1745 = CIRCLE ( 'NONE', #7287, 0.5000000000000004441 ) ;
#1746 = COLOUR_RGB ( '',0.6470588235294117974, 0.6196078431372549211, 0.5882352941176470784 ) ;
#1747 = LINE ( 'NONE', #8788, #6351 ) ;
#1748 = DIRECTION ( 'NONE',  ( 0.8660254037844272723, 0.5000000000000197620, 5.237222008264905926E-15 ) ) ;
#1749 = CARTESIAN_POINT ( 'NONE',  ( -21.58039062757600846, -3.003987034035643600, 1.205000000000000071 ) ) ;
#1750 = CIRCLE ( 'NONE', #5951, 0.5000000000000004441 ) ;
#1751 = FACE_OUTER_BOUND ( 'NONE', #3275, .T. ) ;
#1752 = SURFACE_SIDE_STYLE ('',( #1056 ) ) ;
#1753 = EDGE_CURVE ( 'NONE', #6104, #1587, #3925, .T. ) ;
#1754 = COLOUR_RGB ( '',0.7529411764705882248, 0.7529411764705882248, 0.7529411764705882248 ) ;
#1755 = VECTOR ( 'NONE', #568, 1000.000000000000000 ) ;
#1756 = DIRECTION ( 'NONE',  ( -0.5000000000000162093, 0.8660254037844292707, 0.000000000000000000 ) ) ;
#1757 = FILL_AREA_STYLE ('',( #3676 ) ) ;
#1758 =( BOUNDED_CURVE ( )  B_SPLINE_CURVE ( 3, ( #1663, #5937, #7325, #918 ),
 .UNSPECIFIED., .F., .F. ) 
 B_SPLINE_CURVE_WITH_KNOTS ( ( 4, 4 ),
 ( 0.000000000000000000, 1.570796326794896558 ),
 .UNSPECIFIED. ) 
 CURVE ( )  GEOMETRIC_REPRESENTATION_ITEM ( )  RATIONAL_B_SPLINE_CURVE ( ( 1.000000000000000000, 0.8047378541243649375, 0.8047378541243649375, 1.000000000000000000 ) ) 
 REPRESENTATION_ITEM ( '' )  );
#1759 = CARTESIAN_POINT ( 'NONE',  ( -27.82731649811005781, -16.30398703403564653, -1.245000000000000107 ) ) ;
#1760 = STYLED_ITEM ( 'NONE', ( #9043 ), #2585 ) ;
#1761 = DIRECTION ( 'NONE',  ( 4.336808689942014285E-16, 1.000000000000000000, 0.000000000000000000 ) ) ;
#1762 = EDGE_CURVE ( 'NONE', #4539, #5414, #4382, .T. ) ;
#1763 = VERTEX_POINT ( 'NONE', #4958 ) ;
#1764 = ORIENTED_EDGE ( 'NONE', *, *, #7001, .F. ) ;
#1765 = SURFACE_STYLE_FILL_AREA ( #2418 ) ;
#1766 =( NAMED_UNIT ( * ) PLANE_ANGLE_UNIT ( ) SI_UNIT ( $, .RADIAN. ) );
#1767 = EDGE_CURVE ( 'NONE', #4355, #6704, #3746, .T. ) ;
#1768 = EDGE_CURVE ( 'NONE', #3466, #3494, #448, .T. ) ;
#1769 =( NAMED_UNIT ( * ) SI_UNIT ( $, .STERADIAN. ) SOLID_ANGLE_UNIT ( ) );
#1770 = SURFACE_SIDE_STYLE ('',( #8174 ) ) ;
#1771 = CARTESIAN_POINT ( 'NONE',  ( -37.19401384467461469, 6.032913140623301196, -1.244999999999936158 ) ) ;
#1772 = DIRECTION ( 'NONE',  ( -0.000000000000000000, -0.000000000000000000, -1.000000000000000000 ) ) ;
#1773 = VERTEX_POINT ( 'NONE', #4207 ) ;
#1774 = ORIENTED_EDGE ( 'NONE', *, *, #2454, .F. ) ;
#1775 = ORIENTED_EDGE ( 'NONE', *, *, #137, .F. ) ;
#1776 = DIRECTION ( 'NONE',  ( -0.000000000000000000, -0.9896714663085164343, 0.1433540678695623127 ) ) ;
#1777 = CARTESIAN_POINT ( 'NONE',  ( -35.91646990792611405, 6.890163140623350557, -9.267789755157156861 ) ) ;
#1778 =( NAMED_UNIT ( * ) PLANE_ANGLE_UNIT ( ) SI_UNIT ( $, .RADIAN. ) );
#1779 = CARTESIAN_POINT ( 'NONE',  ( -47.08039062757600846, -9.643987034035646388, 1.255000000000000115 ) ) ;
#1780 = UNCERTAINTY_MEASURE_WITH_UNIT (LENGTH_MEASURE( 1.000000000000000082E-05 ), #301, 'distance_accuracy_value', 'NONE');
#1781 = EDGE_CURVE ( 'NONE', #5161, #8166, #7717, .T. ) ;
#1782 = COLOUR_RGB ( '',0.7529411764705882248, 0.7529411764705882248, 0.7529411764705882248 ) ;
#1783 = ORIENTED_EDGE ( 'NONE', *, *, #1673, .F. ) ;
#1784 = DIRECTION ( 'NONE',  ( -0.000000000000000000, -0.000000000000000000, 1.000000000000000000 ) ) ;
#1785 = EDGE_CURVE ( 'NONE', #2827, #4622, #5524, .T. ) ;
#1786 = CARTESIAN_POINT ( 'NONE',  ( -29.82736094035740138, -14.00398703403564227, 1.205000000000000071 ) ) ;
#1787 = LINE ( 'NONE', #420, #1858 ) ;
#1788 =( NAMED_UNIT ( * ) PLANE_ANGLE_UNIT ( ) SI_UNIT ( $, .RADIAN. ) );
#1789 =( NAMED_UNIT ( * ) SI_UNIT ( $, .STERADIAN. ) SOLID_ANGLE_UNIT ( ) );
#1790 = CARTESIAN_POINT ( 'NONE',  ( -28.82731649811005781, -16.30398703403564653, -1.254999999999999893 ) ) ;
#1791 = CARTESIAN_POINT ( 'NONE',  ( -33.57331990792611975, 6.032913140623267445, -1.244999999999936158 ) ) ;
#1792 = VERTEX_POINT ( 'NONE', #1907 ) ;
#1793 = VECTOR ( 'NONE', #8513, 1000.000000000000000 ) ;
#1794 = STYLED_ITEM ( 'NONE', ( #778 ), #1866 ) ;
#1795 = AXIS2_PLACEMENT_3D ( 'NONE', #8073, #3782, #1035 ) ;
#1796 = FILL_AREA_STYLE_COLOUR ( '', #4580 ) ;
#1797 = CARTESIAN_POINT ( 'NONE',  ( -30.52039062757600618, 7.206012965964358585, -1.266000000000000014 ) ) ;
#1798 = FILL_AREA_STYLE_COLOUR ( '', #7786 ) ;
#1799 = PRESENTATION_STYLE_ASSIGNMENT (( #8327 ) ) ;
#1800 = CARTESIAN_POINT ( 'NONE',  ( -30.21411990792612201, 7.512513140623236829, 1.218800000000075823 ) ) ;
#1801 = DIRECTION ( 'NONE',  ( 0.000000000000000000, 0.000000000000000000, 1.000000000000000000 ) ) ;
#1802 =( LENGTH_UNIT ( ) NAMED_UNIT ( * ) SI_UNIT ( .MILLI., .METRE. ) );
#1803 = FACE_OUTER_BOUND ( 'NONE', #8334, .T. ) ;
#1804 = COLOUR_RGB ( '',0.7529411764705882248, 0.7529411764705882248, 0.7529411764705882248 ) ;
#1805 = EDGE_LOOP ( 'NONE', ( #1741, #3081, #3160, #650 ) ) ;
#1806 = VECTOR ( 'NONE', #3733, 1000.000000000000000 ) ;
#1807 =( LENGTH_UNIT ( ) NAMED_UNIT ( * ) SI_UNIT ( .MILLI., .METRE. ) );
#1808 = ORIENTED_EDGE ( 'NONE', *, *, #383, .T. ) ;
#1809 =( BOUNDED_CURVE ( )  B_SPLINE_CURVE ( 3, ( #4387, #833, #3683, #6564 ),
 .UNSPECIFIED., .F., .F. ) 
 B_SPLINE_CURVE_WITH_KNOTS ( ( 4, 4 ),
 ( 2.300140402883405201E-16, 1.570796326794896780 ),
 .UNSPECIFIED. ) 
 CURVE ( )  GEOMETRIC_REPRESENTATION_ITEM ( )  RATIONAL_B_SPLINE_CURVE ( ( 1.000000000000000000, 0.8047378541243649375, 0.8047378541243649375, 1.000000000000000000 ) ) 
 REPRESENTATION_ITEM ( '' )  );
#1810 = CARTESIAN_POINT ( 'NONE',  ( -30.21411990792612556, 7.512513140623235053, 1.218800000000072270 ) ) ;
#1811 = EDGE_CURVE ( 'NONE', #8374, #1828, #3311, .T. ) ;
#1812 = FACE_OUTER_BOUND ( 'NONE', #1924, .T. ) ;
#1813 =( NAMED_UNIT ( * ) SI_UNIT ( $, .STERADIAN. ) SOLID_ANGLE_UNIT ( ) );
#1814 =( NAMED_UNIT ( * ) PLANE_ANGLE_UNIT ( ) SI_UNIT ( $, .RADIAN. ) );
#1815 = CARTESIAN_POINT ( 'NONE',  ( -29.82734586157200241, -14.00398703403564049, 1.209999965707260872 ) ) ;
#1816 = CARTESIAN_POINT ( 'NONE',  ( -21.08039062757600846, -10.24398703403564070, -0.2450000000000001066 ) ) ;
#1817 =( NAMED_UNIT ( * ) PLANE_ANGLE_UNIT ( ) SI_UNIT ( $, .RADIAN. ) );
#1818 = VERTEX_POINT ( 'NONE', #640 ) ;
#1819 = VERTEX_POINT ( 'NONE', #1947 ) ;
#1820 = ORIENTED_EDGE ( 'NONE', *, *, #5655, .F. ) ;
#1821 = LINE ( 'NONE', #283, #901 ) ;
#1822 = CARTESIAN_POINT ( 'NONE',  ( -40.82733778800866986, -15.57419855633425421, 1.094963012941896574 ) ) ;
#1823 = UNCERTAINTY_MEASURE_WITH_UNIT (LENGTH_MEASURE( 1.000000000000000082E-05 ), #6024, 'distance_accuracy_value', 'NONE');
#1824 = PRODUCT_CONTEXT ( 'NONE', #4260, 'mechanical' ) ;
#1825 = DIRECTION ( 'NONE',  ( 0.000000000000000000, 0.000000000000000000, -1.000000000000000000 ) ) ;
#1826 = VECTOR ( 'NONE', #7137, 1000.000000000000000 ) ;
#1827 = EDGE_CURVE ( 'NONE', #6951, #5610, #8340, .T. ) ;
#1828 = VERTEX_POINT ( 'NONE', #7810 ) ;
#1829 = DIRECTION ( 'NONE',  ( 0.000000000000000000, -1.047444401652940007E-14, 1.000000000000000000 ) ) ;
#1830 = DIRECTION ( 'NONE',  ( 0.000000000000000000, 0.000000000000000000, 1.000000000000000000 ) ) ;
#1831 = CARTESIAN_POINT ( 'NONE',  ( -33.37646990792611490, 7.512463140623347080, -9.118999999999923389 ) ) ;
#1832 =( LENGTH_UNIT ( ) NAMED_UNIT ( * ) SI_UNIT ( .MILLI., .METRE. ) );
#1833 = EDGE_CURVE ( 'NONE', #6349, #7465, #5657, .T. ) ;
#1834 = VECTOR ( 'NONE', #2483, 1000.000000000000000 ) ;
#1835 = CARTESIAN_POINT ( 'NONE',  ( -40.82734843295796168, -18.18510063209038208, 0.03766094568891640432 ) ) ;
#1836 = ORIENTED_EDGE ( 'NONE', *, *, #7665, .T. ) ;
#1837 = CARTESIAN_POINT ( 'NONE',  ( -34.33039062757600846, -3.003987034035643600, -1.245000000000000107 ) ) ;
#1838 = EDGE_CURVE ( 'NONE', #837, #6664, #8323, .T. ) ;
#1839 = DIRECTION ( 'NONE',  ( 0.000000000000000000, 0.000000000000000000, -1.000000000000000000 ) ) ;
#1840 = VECTOR ( 'NONE', #8101, 1000.000000000000000 ) ;
#1841 = AXIS2_PLACEMENT_3D ( 'NONE', #2950, #8725, #4348 ) ;
#1842 = SURFACE_SIDE_STYLE ('',( #1140 ) ) ;
#1843 = FACE_OUTER_BOUND ( 'NONE', #1097, .T. ) ;
#1844 = EDGE_CURVE ( 'NONE', #7562, #779, #4865, .T. ) ;
#1845 = COLOUR_RGB ( '',0.7529411764705882248, 0.7529411764705882248, 0.7529411764705882248 ) ;
#1846 = B_SPLINE_CURVE_WITH_KNOTS ( 'NONE', 3,
 ( #6311, #9132, #8420, #5602 ),
 .UNSPECIFIED., .F., .F.,
 ( 4, 4 ),
 ( 0.000000000000000000, 1.000000000000000000 ),
 .UNSPECIFIED. ) ;
#1847 = COLOUR_RGB ( '',0.6470588235294117974, 0.6196078431372549211, 0.5882352941176470784 ) ;
#1848 = CARTESIAN_POINT ( 'NONE',  ( -33.37646990792612200, 6.890163140623350557, -9.372999999999926501 ) ) ;
#1849 = ADVANCED_FACE ( 'NONE', ( #2038 ), #4060, .F. ) ;
#1850 = CARTESIAN_POINT ( 'NONE',  ( -39.82267328534919670, -18.30398703403564653, -0.2450000000000048250 ) ) ;
#1851 =( LENGTH_UNIT ( ) NAMED_UNIT ( * ) SI_UNIT ( .MILLI., .METRE. ) );
#1852 = CARTESIAN_POINT ( 'NONE',  ( -41.82731649811005781, -16.30398703403564653, -1.245000000000000107 ) ) ;
#1853 = ORIENTED_EDGE ( 'NONE', *, *, #1607, .F. ) ;
#1854 =( GEOMETRIC_REPRESENTATION_CONTEXT ( 3 ) GLOBAL_UNCERTAINTY_ASSIGNED_CONTEXT ( ( #4775 ) ) GLOBAL_UNIT_ASSIGNED_CONTEXT ( ( #413, #5395, #4545 ) ) REPRESENTATION_CONTEXT ( 'NONE', 'WORKASPACE' ) );
#1855 = COLOUR_RGB ( '',0.000000000000000000, 0.5019607843137254832, 1.000000000000000000 ) ;
#1856 = VERTEX_POINT ( 'NONE', #3539 ) ;
#1857 = CARTESIAN_POINT ( 'NONE',  ( -35.10039062757600448, 7.206012965964358585, -0.2449999999999997735 ) ) ;
#1858 = VECTOR ( 'NONE', #8230, 1000.000000000000000 ) ;
#1859 = CARTESIAN_POINT ( 'NONE',  ( -45.88039062757600561, 7.056012965964359118, -0.2349999999999997369 ) ) ;
#1860 = SURFACE_STYLE_USAGE ( .BOTH. , #8252 ) ;
#1861 = MECHANICAL_DESIGN_GEOMETRIC_PRESENTATION_REPRESENTATION (  '', ( #3800 ), #5752 ) ;
#1862 = CARTESIAN_POINT ( 'NONE',  ( -20.98039062757600703, -18.30398703403564298, -1.245000000000000107 ) ) ;
#1863 = DIRECTION ( 'NONE',  ( 0.000000000000000000, -0.000000000000000000, 1.000000000000000000 ) ) ;
#1864 = ORIENTED_EDGE ( 'NONE', *, *, #5503, .T. ) ;
#1865 = ORIENTED_EDGE ( 'NONE', *, *, #996, .T. ) ;
#1866 = ADVANCED_FACE ( 'NONE', ( #8576 ), #7116, .F. ) ;
#1867 = VECTOR ( 'NONE', #3305, 1000.000000000000000 ) ;
#1868 = CARTESIAN_POINT ( 'NONE',  ( -33.37651990792611656, 6.890113140623240540, 1.367589755157307296 ) ) ;
#1869 = DIRECTION ( 'NONE',  ( 1.000000000000000000, 0.000000000000000000, -0.000000000000000000 ) ) ;
#1870 =( LENGTH_UNIT ( ) NAMED_UNIT ( * ) SI_UNIT ( .MILLI., .METRE. ) );
#1871 = PRESENTATION_STYLE_ASSIGNMENT (( #3232 ) ) ;
#1872 = STYLED_ITEM ( 'NONE', ( #9229 ), #7359 ) ;
#1873 = UNCERTAINTY_MEASURE_WITH_UNIT (LENGTH_MEASURE( 1.000000000000000082E-05 ), #3075, 'distance_accuracy_value', 'NONE');
#1874 = ORIENTED_EDGE ( 'NONE', *, *, #5615, .F. ) ;
#1875 = DIRECTION ( 'NONE',  ( 1.000000000000000000, 0.000000000000000000, 0.000000000000000000 ) ) ;
#1876 = MECHANICAL_DESIGN_GEOMETRIC_PRESENTATION_REPRESENTATION (  '', ( #4722 ), #8741 ) ;
#1877 = COLOUR_RGB ( '',0.08235294117647058709, 0.08235294117647058709, 0.08235294117647058709 ) ;
#1878 = CARTESIAN_POINT ( 'NONE',  ( -36.60742597117763353, 8.369713140623288083, -3.530999999999912209 ) ) ;
#1879 = PRESENTATION_STYLE_ASSIGNMENT (( #8980 ) ) ;
#1880 = CARTESIAN_POINT ( 'NONE',  ( -28.82731649811005781, -18.28388708950198804, -0.2449552275043975214 ) ) ;
#1881 = DIRECTION ( 'NONE',  ( 1.000000000000000000, 0.000000000000000000, 0.000000000000000000 ) ) ;
#1882 = EDGE_CURVE ( 'NONE', #5812, #3104, #1441, .T. ) ;
#1883 = DIRECTION ( 'NONE',  ( 0.000000000000000000, 1.000000000000000000, -0.000000000000000000 ) ) ;
#1884 = VERTEX_POINT ( 'NONE', #5057 ) ;
#1885 = DIRECTION ( 'NONE',  ( 0.000000000000000000, -1.000000000000000000, -0.000000000000000000 ) ) ;
#1886 = FACE_BOUND ( 'NONE', #1162, .T. ) ;
#1887 = MECHANICAL_DESIGN_GEOMETRIC_PRESENTATION_REPRESENTATION (  '', ( #2928 ), #2329 ) ;
#1888 = VECTOR ( 'NONE', #3964, 1000.000000000000000 ) ;
#1889 = VERTEX_POINT ( 'NONE', #9247 ) ;
#1890 = AXIS2_PLACEMENT_3D ( 'NONE', #6914, #3198, #1972 ) ;
#1891 = CARTESIAN_POINT ( 'NONE',  ( -29.82736094035740138, -14.00398703403564227, 1.215000000000000080 ) ) ;
#1892 = PRESENTATION_STYLE_ASSIGNMENT (( #8899 ) ) ;
#1893 = PLANE ( 'NONE',  #4243 ) ;
#1894 = STYLED_ITEM ( 'NONE', ( #3832 ), #6412 ) ;
#1895 = DIRECTION ( 'NONE',  ( 1.000000000000000000, -0.000000000000000000, 0.000000000000000000 ) ) ;
#1896 = EDGE_LOOP ( 'NONE', ( #5070, #7532 ) ) ;
#1897 =( NAMED_UNIT ( * ) SI_UNIT ( $, .STERADIAN. ) SOLID_ANGLE_UNIT ( ) );
#1898 = VERTEX_POINT ( 'NONE', #8674 ) ;
#1899 = ADVANCED_FACE ( 'NONE', ( #8523, #2135 ), #7948, .F. ) ;
#1900 = SURFACE_STYLE_FILL_AREA ( #7568 ) ;
#1901 = CARTESIAN_POINT ( 'NONE',  ( -46.88039062757600561, -16.50398703403563871, -1.264999999999999902 ) ) ;
#1902 = UNCERTAINTY_MEASURE_WITH_UNIT (LENGTH_MEASURE( 1.000000000000000082E-05 ), #6793, 'distance_accuracy_value', 'NONE');
#1903 = MECHANICAL_DESIGN_GEOMETRIC_PRESENTATION_REPRESENTATION (  '', ( #5509 ), #6714 ) ;
#1904 = FACE_OUTER_BOUND ( 'NONE', #3323, .T. ) ;
#1905 = CARTESIAN_POINT ( 'NONE',  ( -39.21211990792613022, 7.201313140623263997, -1.244999999999924167 ) ) ;
#1906 = DIRECTION ( 'NONE',  ( 0.000000000000000000, -1.047444401652940007E-14, 1.000000000000000000 ) ) ;
#1907 = CARTESIAN_POINT ( 'NONE',  ( -27.82731649811005781, -18.30398703403564298, -0.2449999999999997735 ) ) ;
#1908 = ORIENTED_EDGE ( 'NONE', *, *, #2993, .T. ) ;
#1909 = VERTEX_POINT ( 'NONE', #2986 ) ;
#1910 =( LENGTH_UNIT ( ) NAMED_UNIT ( * ) SI_UNIT ( .MILLI., .METRE. ) );
#1911 = DIRECTION ( 'NONE',  ( 0.000000000000000000, 0.000000000000000000, 1.000000000000000000 ) ) ;
#1912 = CARTESIAN_POINT ( 'NONE',  ( -35.54816990792612330, 7.201313140623350151, -9.372999999999919396 ) ) ;
#1913 = ORIENTED_EDGE ( 'NONE', *, *, #6699, .F. ) ;
#1914 = VERTEX_POINT ( 'NONE', #5148 ) ;
#1915 = ORIENTED_EDGE ( 'NONE', *, *, #2351, .F. ) ;
#1916 = LINE ( 'NONE', #2766, #7222 ) ;
#1917 = FACE_OUTER_BOUND ( 'NONE', #8186, .T. ) ;
#1918 = CARTESIAN_POINT ( 'NONE',  ( -33.37646990792612200, 6.890163140623287497, -9.372999999999919396 ) ) ;
#1919 = PLANE ( 'NONE',  #7937 ) ;
#1920 = LINE ( 'NONE', #6258, #6199 ) ;
#1921 = FILL_AREA_STYLE_COLOUR ( '', #2873 ) ;
#1922 = CARTESIAN_POINT ( 'NONE',  ( -22.78039062757601130, 7.056012965964359118, -1.264999999999999902 ) ) ;
#1923 = ADVANCED_FACE ( 'NONE', ( #836 ), #7989, .T. ) ;
#1924 = EDGE_LOOP ( 'NONE', ( #8883, #7874, #4272, #5564 ) ) ;
#1925 = PRESENTATION_STYLE_ASSIGNMENT (( #8941 ) ) ;
#1926 = ORIENTED_EDGE ( 'NONE', *, *, #877, .T. ) ;
#1927 =( LENGTH_UNIT ( ) NAMED_UNIT ( * ) SI_UNIT ( .MILLI., .METRE. ) );
#1928 =( GEOMETRIC_REPRESENTATION_CONTEXT ( 3 ) GLOBAL_UNCERTAINTY_ASSIGNED_CONTEXT ( ( #4920 ) ) GLOBAL_UNIT_ASSIGNED_CONTEXT ( ( #1421, #476, #1973 ) ) REPRESENTATION_CONTEXT ( 'NONE', 'WORKASPACE' ) );
#1929 = LINE ( 'NONE', #9084, #6648 ) ;
#1930 = AXIS2_PLACEMENT_3D ( 'NONE', #9144, #2480, #3267 ) ;
#1931 = SURFACE_SIDE_STYLE ('',( #2022 ) ) ;
#1932 = CARTESIAN_POINT ( 'NONE',  ( -31.02039062757600618, 7.206012965964358585, -0.2449999999999997735 ) ) ;
#1933 =( GEOMETRIC_REPRESENTATION_CONTEXT ( 3 ) GLOBAL_UNCERTAINTY_ASSIGNED_CONTEXT ( ( #3015 ) ) GLOBAL_UNIT_ASSIGNED_CONTEXT ( ( #7951, #6521, #3116 ) ) REPRESENTATION_CONTEXT ( 'NONE', 'WORKASPACE' ) );
#1934 = ORIENTED_EDGE ( 'NONE', *, *, #5550, .T. ) ;
#1935 = EDGE_CURVE ( 'NONE', #3412, #3237, #7434, .T. ) ;
#1936 = SURFACE_SIDE_STYLE ('',( #5425 ) ) ;
#1937 = ORIENTED_EDGE ( 'NONE', *, *, #7494, .F. ) ;
#1938 = DIRECTION ( 'NONE',  ( 0.000000000000000000, 0.000000000000000000, 1.000000000000000000 ) ) ;
#1939 = PRESENTATION_STYLE_ASSIGNMENT (( #9095 ) ) ;
#1940 = VECTOR ( 'NONE', #2314, 1000.000000000000000 ) ;
#1941 = FILL_AREA_STYLE_COLOUR ( '', #2463 ) ;
#1942 = COLOUR_RGB ( '',0.7529411764705882248, 0.7529411764705882248, 0.7529411764705882248 ) ;
#1943 = EDGE_CURVE ( 'NONE', #5783, #6136, #8195, .T. ) ;
#1944 = DIRECTION ( 'NONE',  ( 0.000000000000000000, 0.000000000000000000, -1.000000000000000000 ) ) ;
#1945 = CARTESIAN_POINT ( 'NONE',  ( -40.82731649811006491, -18.11334830678238461, -0.7435084826342410746 ) ) ;
#1946 = CARTESIAN_POINT ( 'NONE',  ( -31.52742597117762102, 8.369713140623288083, -3.530999999999912209 ) ) ;
#1947 = CARTESIAN_POINT ( 'NONE',  ( -31.03331990792612061, 8.369713140623264991, -1.575199999999911560 ) ) ;
#1948 = ORIENTED_EDGE ( 'NONE', *, *, #4801, .F. ) ;
#1949 = ORIENTED_EDGE ( 'NONE', *, *, #1028, .F. ) ;
#1950 = PRESENTATION_LAYER_ASSIGNMENT (  '', '', ( #4962 ) ) ;
#1951 = DIRECTION ( 'NONE',  ( 1.000000000000000000, 0.000000000000000000, 0.000000000000000000 ) ) ;
#1952 = CARTESIAN_POINT ( 'NONE',  ( -39.21211990792613022, 7.201313140623350151, -9.372999999999922949 ) ) ;
#1953 = DIRECTION ( 'NONE',  ( 1.000000000000000000, 0.000000000000000000, 0.000000000000000000 ) ) ;
#1954 = VECTOR ( 'NONE', #8855, 1000.000000000000000 ) ;
#1955 = EDGE_CURVE ( 'NONE', #4983, #4538, #6836, .T. ) ;
#1956 =( GEOMETRIC_REPRESENTATION_CONTEXT ( 3 ) GLOBAL_UNCERTAINTY_ASSIGNED_CONTEXT ( ( #3961 ) ) GLOBAL_UNIT_ASSIGNED_CONTEXT ( ( #3155, #4386, #3063 ) ) REPRESENTATION_CONTEXT ( 'NONE', 'WORKASPACE' ) );
#1957 = CARTESIAN_POINT ( 'NONE',  ( -45.11039062757600249, -8.053987034035651860, 1.265000000000000124 ) ) ;
#1958 = ORIENTED_EDGE ( 'NONE', *, *, #2125, .F. ) ;
#1959 = UNCERTAINTY_MEASURE_WITH_UNIT (LENGTH_MEASURE( 1.000000000000000082E-05 ), #75, 'distance_accuracy_value', 'NONE');
#1960 = ORIENTED_EDGE ( 'NONE', *, *, #1935, .F. ) ;
#1961 = ORIENTED_EDGE ( 'NONE', *, *, #3392, .F. ) ;
#1962 = CARTESIAN_POINT ( 'NONE',  ( -29.82736094035740138, -14.00398703403564227, 1.215000000000000080 ) ) ;
#1963 = LINE ( 'NONE', #2716, #5347 ) ;
#1964 = CARTESIAN_POINT ( 'NONE',  ( -37.83411990792612301, 7.512513140623236829, 1.218800000000075823 ) ) ;
#1965 = SURFACE_STYLE_FILL_AREA ( #8412 ) ;
#1966 = CARTESIAN_POINT ( 'NONE',  ( -45.88039062757600561, -16.50398703403563871, -1.264999999999999902 ) ) ;
#1967 =( NAMED_UNIT ( * ) PLANE_ANGLE_UNIT ( ) SI_UNIT ( $, .RADIAN. ) );
#1968 = DIRECTION ( 'NONE',  ( -1.000000000000000000, -0.000000000000000000, -0.000000000000000000 ) ) ;
#1969 = ORIENTED_EDGE ( 'NONE', *, *, #6850, .T. ) ;
#1970 = VECTOR ( 'NONE', #4131, 1000.000000000000000 ) ;
#1971 = EDGE_CURVE ( 'NONE', #6328, #5819, #7133, .T. ) ;
#1972 = DIRECTION ( 'NONE',  ( 0.000000000000000000, -1.000000000000000000, -1.047444401652940007E-14 ) ) ;
#1973 =( NAMED_UNIT ( * ) SI_UNIT ( $, .STERADIAN. ) SOLID_ANGLE_UNIT ( ) );
#1974 = PLANE ( 'NONE',  #8248 ) ;
#1975 = STYLED_ITEM ( 'NONE', ( #1261 ), #1143 ) ;
#1976 = CARTESIAN_POINT ( 'NONE',  ( -32.55731990792611441, 6.032913140623263892, -1.575199999999936429 ) ) ;
#1977 = CARTESIAN_POINT ( 'NONE',  ( -30.58251990792611963, 7.201313140623239129, 1.218800000000076267 ) ) ;
#1978 = AXIS2_PLACEMENT_3D ( 'NONE', #1848, #480, #7605 ) ;
#1979 = CARTESIAN_POINT ( 'NONE',  ( -35.91651990792611571, 6.890113140623235211, 1.472800000000072718 ) ) ;
#1980 = DIRECTION ( 'NONE',  ( 0.000000000000000000, 1.000000000000000000, 1.047444401652940007E-14 ) ) ;
#1981 = VECTOR ( 'NONE', #2092, 1000.000000000000000 ) ;
#1982 = DIRECTION ( 'NONE',  ( 0.000000000000000000, 1.000000000000000000, 0.000000000000000000 ) ) ;
#1983 = EDGE_LOOP ( 'NONE', ( #8931, #6377, #3347, #606 ) ) ;
#1984 = DIRECTION ( 'NONE',  ( 0.000000000000000000, 1.047444401652940007E-14, -1.000000000000000000 ) ) ;
#1985 = VERTEX_POINT ( 'NONE', #1715 ) ;
#1987 = EDGE_LOOP ( 'NONE', ( #3212, #5820, #1043, #1355, #4490, #3651 ) ) ;
#1986 = COLOUR_RGB ( '',0.000000000000000000, 0.000000000000000000, 0.000000000000000000 ) ;
#1988 = VECTOR ( 'NONE', #624, 1000.000000000000000 ) ;
#1989 = VECTOR ( 'NONE', #5712, 1000.000000000000000 ) ;
#1990 = DIRECTION ( 'NONE',  ( 1.000000000000000000, 0.000000000000000000, 0.000000000000000000 ) ) ;
#1991 = DIRECTION ( 'NONE',  ( 0.000000000000000000, -1.000000000000000000, -0.000000000000000000 ) ) ;
#1992 = DIRECTION ( 'NONE',  ( 1.000000000000000000, -0.000000000000000000, 0.000000000000000000 ) ) ;
#1993 = UNCERTAINTY_MEASURE_WITH_UNIT (LENGTH_MEASURE( 1.000000000000000082E-05 ), #5980, 'distance_accuracy_value', 'NONE');
#1994 = DIRECTION ( 'NONE',  ( 1.000000000000000000, 0.000000000000000000, 0.000000000000000000 ) ) ;
#1995 = DIRECTION ( 'NONE',  ( 1.000000000000000000, 0.000000000000000000, 0.000000000000000000 ) ) ;
#1996 = EDGE_CURVE ( 'NONE', #7914, #3237, #981, .T. ) ;
#1997 = CARTESIAN_POINT ( 'NONE',  ( -40.82731649811006491, -18.28136185513362477, -0.3668299596730744683 ) ) ;
#1998 = PLANE ( 'NONE',  #7243 ) ;
#1999 = CARTESIAN_POINT ( 'NONE',  ( -28.82731649811006136, -17.69795780918340000, -1.051763686027078482 ) ) ;
#2000 =( GEOMETRIC_REPRESENTATION_CONTEXT ( 3 ) GLOBAL_UNCERTAINTY_ASSIGNED_CONTEXT ( ( #717 ) ) GLOBAL_UNIT_ASSIGNED_CONTEXT ( ( #2183, #7761, #1342 ) ) REPRESENTATION_CONTEXT ( 'NONE', 'WORKASPACE' ) );
#2001 = ORIENTED_EDGE ( 'NONE', *, *, #4009, .T. ) ;
#2002 = ORIENTED_EDGE ( 'NONE', *, *, #5675, .F. ) ;
#2003 = DIRECTION ( 'NONE',  ( 0.000000000000000000, -1.024442997624095463E-14, 1.000000000000000000 ) ) ;
#2004 = PRESENTATION_LAYER_ASSIGNMENT (  '', '', ( #5011 ) ) ;
#2005 = UNCERTAINTY_MEASURE_WITH_UNIT (LENGTH_MEASURE( 1.000000000000000082E-05 ), #3602, 'distance_accuracy_value', 'NONE');
#2006 = LINE ( 'NONE', #4818, #797 ) ;
#2007 = ORIENTED_EDGE ( 'NONE', *, *, #6834, .T. ) ;
#2008 = ORIENTED_EDGE ( 'NONE', *, *, #5449, .T. ) ;
#2009 = ORIENTED_EDGE ( 'NONE', *, *, #3089, .T. ) ;
#2010 = FILL_AREA_STYLE_COLOUR ( '', #4883 ) ;
#2011 = EDGE_CURVE ( 'NONE', #897, #3635, #4664, .T. ) ;
#2012 = LINE ( 'NONE', #7780, #4978 ) ;
#2013 = CIRCLE ( 'NONE', #4415, 0.5000000000000004441 ) ;
#2014 = ORIENTED_EDGE ( 'NONE', *, *, #7895, .T. ) ;
#2015 = VECTOR ( 'NONE', #5459, 1000.000000000000000 ) ;
#2016 = DIRECTION ( 'NONE',  ( 0.000000000000000000, 0.000000000000000000, 1.000000000000000000 ) ) ;
#2017 = SURFACE_STYLE_USAGE ( .BOTH. , #6877 ) ;
#2018 = CARTESIAN_POINT ( 'NONE',  ( -30.58251990792611963, 7.201313140623236464, 1.472800000000076048 ) ) ;
#2019 =( LENGTH_UNIT ( ) NAMED_UNIT ( * ) SI_UNIT ( .MILLI., .METRE. ) );
#2020 = DIRECTION ( 'NONE',  ( 0.000000000000000000, -1.000000000000000000, -1.047444401652940007E-14 ) ) ;
#2021 = VECTOR ( 'NONE', #2200, 1000.000000000000000 ) ;
#2022 = SURFACE_STYLE_FILL_AREA ( #483 ) ;
#2023 = ADVANCED_FACE ( 'NONE', ( #7518 ), #2366, .F. ) ;
#2024 =( NAMED_UNIT ( * ) SI_UNIT ( $, .STERADIAN. ) SOLID_ANGLE_UNIT ( ) );
#2025 = MECHANICAL_DESIGN_GEOMETRIC_PRESENTATION_REPRESENTATION (  '', ( #5494 ), #1139 ) ;
#2026 = VERTEX_POINT ( 'NONE', #4523 ) ;
#2027 = SURFACE_STYLE_USAGE ( .BOTH. , #7848 ) ;
#2028 = EDGE_LOOP ( 'NONE', ( #5609, #7764, #6284, #1675, #4620 ) ) ;
#2029 = ORIENTED_EDGE ( 'NONE', *, *, #2246, .F. ) ;
#2030 = PRESENTATION_LAYER_ASSIGNMENT (  '', '', ( #7085 ) ) ;
#2031 = DIRECTION ( 'NONE',  ( -1.000000000000000000, -0.000000000000000000, -0.000000000000000000 ) ) ;
#2032 = STYLED_ITEM ( 'NONE', ( #3715 ), #253 ) ;
#2033 = PRESENTATION_STYLE_ASSIGNMENT (( #6418 ) ) ;
#2034 = CIRCLE ( 'NONE', #392, 1.800000000000002931 ) ;
#2035 = PLANE ( 'NONE',  #857 ) ;
#2036 = DIRECTION ( 'NONE',  ( 0.000000000000000000, 0.000000000000000000, 1.000000000000000000 ) ) ;
#2037 = EDGE_CURVE ( 'NONE', #4390, #380, #8066, .T. ) ;
#2038 = FACE_OUTER_BOUND ( 'NONE', #2939, .T. ) ;
#2039 = ORIENTED_EDGE ( 'NONE', *, *, #4594, .T. ) ;
#2040 = ORIENTED_EDGE ( 'NONE', *, *, #4139, .T. ) ;
#2041 = COLOUR_RGB ( '',0.7529411764705882248, 0.7529411764705882248, 0.7529411764705882248 ) ;
#2042 = DIRECTION ( 'NONE',  ( 0.000000000000000000, -1.000000000000000000, -1.047444401652940007E-14 ) ) ;
#2043 = EDGE_CURVE ( 'NONE', #7579, #6805, #6789, .T. ) ;
#2044 = EDGE_CURVE ( 'NONE', #8954, #4857, #7377, .T. ) ;
#2045 =( NAMED_UNIT ( * ) PLANE_ANGLE_UNIT ( ) SI_UNIT ( $, .RADIAN. ) );
#2046 = SURFACE_STYLE_USAGE ( .BOTH. , #9165 ) ;
#2047 = FILL_AREA_STYLE_COLOUR ( '', #7417 ) ;
#2048 = ORIENTED_EDGE ( 'NONE', *, *, #5865, .F. ) ;
#2049 = ORIENTED_EDGE ( 'NONE', *, *, #7253, .F. ) ;
#2050 = COLOUR_RGB ( '',0.08235294117647058709, 0.08235294117647058709, 0.08235294117647058709 ) ;
#2051 = ORIENTED_EDGE ( 'NONE', *, *, #8177, .F. ) ;
#2052 = CARTESIAN_POINT ( 'NONE',  ( -46.88039062757600561, -16.50398703403563871, -1.264999999999999902 ) ) ;
#2053 = DIRECTION ( 'NONE',  ( 1.000000000000000000, 0.000000000000000000, 0.000000000000000000 ) ) ;
#2054 = DIRECTION ( 'NONE',  ( -1.000000000000000000, -0.000000000000000000, -0.000000000000000000 ) ) ;
#2055 = CARTESIAN_POINT ( 'NONE',  ( -32.11401384467411191, 7.048913140622083517, -3.530999999999936634 ) ) ;
#2056 =( NAMED_UNIT ( * ) PLANE_ANGLE_UNIT ( ) SI_UNIT ( $, .RADIAN. ) );
#2057 = LINE ( 'NONE', #4362, #8288 ) ;
#2058 = VECTOR ( 'NONE', #8228, 1000.000000000000000 ) ;
#2059 = CARTESIAN_POINT ( 'NONE',  ( -20.98039062757601059, -16.50398703403563871, -0.2349999999999997369 ) ) ;
#2060 = ADVANCED_FACE ( 'NONE', ( #1803 ), #3253, .T. ) ;
#2061 = ORIENTED_EDGE ( 'NONE', *, *, #4326, .T. ) ;
#2062 = PRESENTATION_STYLE_ASSIGNMENT (( #2208 ) ) ;
#2063 = DIRECTION ( 'NONE',  ( 1.000000000000000000, 0.000000000000000000, 0.000000000000000000 ) ) ;
#2064 = FILL_AREA_STYLE ('',( #8574 ) ) ;
#2065 = DIRECTION ( 'NONE',  ( 0.000000000000000000, -0.000000000000000000, 1.000000000000000000 ) ) ;
#2066 = DIRECTION ( 'NONE',  ( 0.4999999999999997224, 0.8660254037844387076, 0.000000000000000000 ) ) ;
#2067 = SURFACE_SIDE_STYLE ('',( #9188 ) ) ;
#2068 = DIRECTION ( 'NONE',  ( 0.000000000000000000, -0.000000000000000000, -1.000000000000000000 ) ) ;
#2069 = DIRECTION ( 'NONE',  ( -0.000000000000000000, -1.000000000000000000, 0.000000000000000000 ) ) ;
#2070 = VECTOR ( 'NONE', #5824, 1000.000000000000000 ) ;
#2071 = EDGE_LOOP ( 'NONE', ( #3224, #3968 ) ) ;
#2072 = ORIENTED_EDGE ( 'NONE', *, *, #3895, .F. ) ;
#2073 = VECTOR ( 'NONE', #7398, 1000.000000000000000 ) ;
#2074 = LINE ( 'NONE', #5002, #441 ) ;
#2075 =( NAMED_UNIT ( * ) PLANE_ANGLE_UNIT ( ) SI_UNIT ( $, .RADIAN. ) );
#2076 = UNCERTAINTY_MEASURE_WITH_UNIT (LENGTH_MEASURE( 1.000000000000000082E-05 ), #308, 'distance_accuracy_value', 'NONE');
#2077 = CARTESIAN_POINT ( 'NONE',  ( -45.11039062757600249, -8.053987034035651860, 1.265000000000000124 ) ) ;
#2078 = CARTESIAN_POINT ( 'NONE',  ( -40.82731649811006491, -18.27155679741174765, -0.3655902959306274735 ) ) ;
#2079 = FILL_AREA_STYLE ('',( #777 ) ) ;
#2080 = CARTESIAN_POINT ( 'NONE',  ( -28.82731649811005781, -16.30398703403564653, -1.254999999999999671 ) ) ;
#2081 = VECTOR ( 'NONE', #4285, 1000.000000000000000 ) ;
#2082 = ORIENTED_EDGE ( 'NONE', *, *, #5257, .T. ) ;
#2083 = ORIENTED_EDGE ( 'NONE', *, *, #3581, .F. ) ;
#2084 = VECTOR ( 'NONE', #7762, 1000.000000000000000 ) ;
#2085 = EDGE_CURVE ( 'NONE', #7763, #897, #4007, .T. ) ;
#2086 =( LENGTH_UNIT ( ) NAMED_UNIT ( * ) SI_UNIT ( .MILLI., .METRE. ) );
#2087 = COLOUR_RGB ( '',0.000000000000000000, 0.5019607843137254832, 1.000000000000000000 ) ;
#2088 = DIRECTION ( 'NONE',  ( 1.000000000000000000, 0.000000000000000000, 0.000000000000000000 ) ) ;
#2089 = AXIS2_PLACEMENT_3D ( 'NONE', #7543, #8145, #3240 ) ;
#2090 = DIRECTION ( 'NONE',  ( 0.8660254037844385966, 0.5000000000000001110, 5.237222008264701611E-15 ) ) ;
#2091 = UNCERTAINTY_MEASURE_WITH_UNIT (LENGTH_MEASURE( 1.000000000000000082E-05 ), #6856, 'distance_accuracy_value', 'NONE');
#2092 = DIRECTION ( 'NONE',  ( -1.000000000000000000, -0.000000000000000000, 0.000000000000000000 ) ) ;
#2093 = DIRECTION ( 'NONE',  ( 1.000000000000000000, 0.000000000000000000, 0.000000000000000000 ) ) ;
#2094 = MECHANICAL_DESIGN_GEOMETRIC_PRESENTATION_REPRESENTATION (  '', ( #5105 ), #6307 ) ;
#2095 = ORIENTED_EDGE ( 'NONE', *, *, #2738, .T. ) ;
#2096 = VERTEX_POINT ( 'NONE', #8372 ) ;
#2097 = ORIENTED_EDGE ( 'NONE', *, *, #6850, .F. ) ;
#2098 = ORIENTED_EDGE ( 'NONE', *, *, #6477, .F. ) ;
#2099 = VECTOR ( 'NONE', #3252, 1000.000000000000000 ) ;
#2100 =( NAMED_UNIT ( * ) PLANE_ANGLE_UNIT ( ) SI_UNIT ( $, .RADIAN. ) );
#2101 =( BOUNDED_CURVE ( )  B_SPLINE_CURVE ( 3, ( #7094, #5721, #618, #1369 ),
 .UNSPECIFIED., .F., .F. ) 
 B_SPLINE_CURVE_WITH_KNOTS ( ( 4, 4 ),
 ( -3.552713678800500929E-15, 1.570796326794898334 ),
 .UNSPECIFIED. ) 
 CURVE ( )  GEOMETRIC_REPRESENTATION_ITEM ( )  RATIONAL_B_SPLINE_CURVE ( ( 1.000000000000000000, 0.8047378541243637162, 0.8047378541243637162, 1.000000000000000000 ) ) 
 REPRESENTATION_ITEM ( '' )  );
#2102 = COLOUR_RGB ( '',0.7529411764705882248, 0.7529411764705882248, 0.7529411764705882248 ) ;
#2103 = CARTESIAN_POINT ( 'NONE',  ( -22.78039062757601130, 7.056012965964359118, -0.2349999999999997369 ) ) ;
#2104 = DIRECTION ( 'NONE',  ( 0.000000000000000000, 0.000000000000000000, 1.000000000000000000 ) ) ;
#2105 = SURFACE_SIDE_STYLE ('',( #5638 ) ) ;
#2106 = DIRECTION ( 'NONE',  ( 0.4999999999999920064, -0.8660254037844432595, -8.871936606717620153E-15 ) ) ;
#2107 = EDGE_CURVE ( 'NONE', #7128, #4983, #3395, .T. ) ;
#2108 = ORIENTED_EDGE ( 'NONE', *, *, #8797, .F. ) ;
#2109 = ORIENTED_EDGE ( 'NONE', *, *, #7936, .F. ) ;
#2110 = EDGE_CURVE ( 'NONE', #6853, #6267, #9092, .T. ) ;
#2111 = FILL_AREA_STYLE ('',( #6356 ) ) ;
#2112 =( NAMED_UNIT ( * ) SI_UNIT ( $, .STERADIAN. ) SOLID_ANGLE_UNIT ( ) );
#2113 = DIRECTION ( 'NONE',  ( 0.000000000000000000, 1.047444401652940007E-14, -1.000000000000000000 ) ) ;
#2114 = CYLINDRICAL_SURFACE ( 'NONE', #3177, 0.2540000000000007807 ) ;
#2115 = FILL_AREA_STYLE_COLOUR ( '', #318 ) ;
#2116 = FACE_OUTER_BOUND ( 'NONE', #992, .T. ) ;
#2117 = DIRECTION ( 'NONE',  ( 0.000000000000000000, 0.000000000000000000, 1.000000000000000000 ) ) ;
#2118 = COLOUR_RGB ( '',0.6470588235294117974, 0.6196078431372549211, 0.5882352941176470784 ) ;
#2119 = MECHANICAL_DESIGN_GEOMETRIC_PRESENTATION_REPRESENTATION (  '', ( #8694 ), #6788 ) ;
#2120 = LINE ( 'NONE', #631, #1614 ) ;
#2121 = ORIENTED_EDGE ( 'NONE', *, *, #4421, .T. ) ;
#2122 = CARTESIAN_POINT ( 'NONE',  ( -33.00811990792611539, 7.144113140623235658, 1.472800000000074494 ) ) ;
#2123 = LINE ( 'NONE', #2877, #1196 ) ;
#2124 = CARTESIAN_POINT ( 'NONE',  ( -35.91646990792612115, 7.512463140623350633, -3.530999999999921535 ) ) ;
#2125 = EDGE_CURVE ( 'NONE', #7380, #7959, #3475, .T. ) ;
#2126 = FILL_AREA_STYLE ('',( #1339 ) ) ;
#2127 = VECTOR ( 'NONE', #6169, 1000.000000000000000 ) ;
#2128 = AXIS2_PLACEMENT_3D ( 'NONE', #6967, #3294, #536 ) ;
#2129 =( GEOMETRIC_REPRESENTATION_CONTEXT ( 3 ) GLOBAL_UNCERTAINTY_ASSIGNED_CONTEXT ( ( #6171 ) ) GLOBAL_UNIT_ASSIGNED_CONTEXT ( ( #3497, #7727, #2849 ) ) REPRESENTATION_CONTEXT ( 'NONE', 'WORKASPACE' ) );
#2130 = DIRECTION ( 'NONE',  ( 1.000000000000000000, -0.000000000000000000, 0.000000000000000000 ) ) ;
#2131 = PRESENTATION_STYLE_ASSIGNMENT (( #4955 ) ) ;
#2132 =( LENGTH_UNIT ( ) NAMED_UNIT ( * ) SI_UNIT ( .MILLI., .METRE. ) );
#2133 =( NAMED_UNIT ( * ) PLANE_ANGLE_UNIT ( ) SI_UNIT ( $, .RADIAN. ) );
#2134 = PLANE ( 'NONE',  #3801 ) ;
#2135 = FACE_BOUND ( 'NONE', #7775, .T. ) ;
#2136 = ORIENTED_EDGE ( 'NONE', *, *, #5164, .F. ) ;
#2137 = VERTEX_POINT ( 'NONE', #6361 ) ;
#2138 = STYLED_ITEM ( 'NONE', ( #5685 ), #8280 ) ;
#2139 = AXIS2_PLACEMENT_3D ( 'NONE', #7955, #5818, #6526 ) ;
#2140 = COLOUR_RGB ( '',0.000000000000000000, 0.000000000000000000, 0.000000000000000000 ) ;
#2141 = CARTESIAN_POINT ( 'NONE',  ( -33.27130966308335047, 7.407302895780468077, 1.472800000000076492 ) ) ;
#2142 = LINE ( 'NONE', #4302, #5663 ) ;
#2143 = CARTESIAN_POINT ( 'NONE',  ( -47.68039062757600988, -18.30398703403564653, -1.245000000000000107 ) ) ;
#2144 = PRESENTATION_LAYER_ASSIGNMENT (  '', '', ( #1399 ) ) ;
#2145 = PRESENTATION_LAYER_ASSIGNMENT (  '', '', ( #6200 ) ) ;
#2146 = DIRECTION ( 'NONE',  ( -0.000000000000000000, -0.000000000000000000, -1.000000000000000000 ) ) ;
#2147 = CARTESIAN_POINT ( 'NONE',  ( -30.46811990792611979, 7.201313140623239129, 1.218800000000076267 ) ) ;
#2148 = EDGE_CURVE ( 'NONE', #101, #7735, #4852, .T. ) ;
#2149 = ORIENTED_EDGE ( 'NONE', *, *, #1254, .T. ) ;
#2150 = EDGE_LOOP ( 'NONE', ( #2511, #8036, #6994, #4642, #7169, #370, #6095, #1111, #6762, #8591, #8447, #9116, #4516, #7396, #5213, #6600, #1443, #7083 ) ) ;
#2151 = MECHANICAL_DESIGN_GEOMETRIC_PRESENTATION_REPRESENTATION (  '', ( #2306 ), #3348 ) ;
#2152 = MECHANICAL_DESIGN_GEOMETRIC_PRESENTATION_REPRESENTATION (  '', ( #1709 ), #505 ) ;
#2153 = VERTEX_POINT ( 'NONE', #1932 ) ;
#2154 = ORIENTED_EDGE ( 'NONE', *, *, #4018, .F. ) ;
#2155 = LINE ( 'NONE', #5026, #3748 ) ;
#2156 = CARTESIAN_POINT ( 'NONE',  ( -30.21416990792612722, 6.890163140623350557, -9.372999999999926501 ) ) ;
#2157 = PRESENTATION_LAYER_ASSIGNMENT (  '', '', ( #4555 ) ) ;
#2158 = SURFACE_SIDE_STYLE ('',( #8548 ) ) ;
#2159 = ORIENTED_EDGE ( 'NONE', *, *, #1833, .T. ) ;
#2160 = ORIENTED_EDGE ( 'NONE', *, *, #2407, .F. ) ;
#2161 = FACE_OUTER_BOUND ( 'NONE', #1491, .T. ) ;
#2162 = CARTESIAN_POINT ( 'NONE',  ( -33.12246990792611712, 7.201313140623350151, -9.372999999999922949 ) ) ;
#2163 =( NAMED_UNIT ( * ) SI_UNIT ( $, .STERADIAN. ) SOLID_ANGLE_UNIT ( ) );
#2164 = PRESENTATION_LAYER_ASSIGNMENT (  '', '', ( #5472 ) ) ;
#2165 = PRESENTATION_STYLE_ASSIGNMENT (( #3563 ) ) ;
#2166 = ADVANCED_FACE ( 'NONE', ( #9136 ), #5513, .F. ) ;
#2167 = CARTESIAN_POINT ( 'NONE',  ( -47.68039062757600988, -18.30398703403564653, -1.245000000000000107 ) ) ;
#2168 = CARTESIAN_POINT ( 'NONE',  ( -21.08039062757600846, 5.256012965964359296, -0.2449999999999997735 ) ) ;
#2169 = SURFACE_SIDE_STYLE ('',( #8468 ) ) ;
#2170 = PLANE ( 'NONE',  #117 ) ;
#2171 = SURFACE_STYLE_FILL_AREA ( #1427 ) ;
#2172 = CARTESIAN_POINT ( 'NONE',  ( -33.37646990792611490, 6.890163140623350557, -9.267789755157156861 ) ) ;
#2173 =( GEOMETRIC_REPRESENTATION_CONTEXT ( 3 ) GLOBAL_UNCERTAINTY_ASSIGNED_CONTEXT ( ( #1959 ) ) GLOBAL_UNIT_ASSIGNED_CONTEXT ( ( #75, #7887, #578 ) ) REPRESENTATION_CONTEXT ( 'NONE', 'WORKASPACE' ) );
#2174 = VERTEX_POINT ( 'NONE', #1852 ) ;
#2175 = CYLINDRICAL_SURFACE ( 'NONE', #9112, 1.000000000000000888 ) ;
#2176 = CARTESIAN_POINT ( 'NONE',  ( -36.90071990792588252, 7.861713140623429297, -1.244999999999917506 ) ) ;
#2177 =( NAMED_UNIT ( * ) PLANE_ANGLE_UNIT ( ) SI_UNIT ( $, .RADIAN. ) );
#2178 = PRESENTATION_LAYER_ASSIGNMENT (  '', '', ( #4281 ) ) ;
#2179 = UNCERTAINTY_MEASURE_WITH_UNIT (LENGTH_MEASURE( 1.000000000000000082E-05 ), #1072, 'distance_accuracy_value', 'NONE');
#2180 = FACE_OUTER_BOUND ( 'NONE', #8404, .T. ) ;
#2181 = FACE_OUTER_BOUND ( 'NONE', #8794, .T. ) ;
#2182 = CARTESIAN_POINT ( 'NONE',  ( -28.82731649811005781, -16.30398703403564653, -1.254999999999999893 ) ) ;
#2183 =( LENGTH_UNIT ( ) NAMED_UNIT ( * ) SI_UNIT ( .MILLI., .METRE. ) );
#2184 = EDGE_LOOP ( 'NONE', ( #2425, #2809, #6543, #7163 ) ) ;
#2185 = ORIENTED_EDGE ( 'NONE', *, *, #4468, .F. ) ;
#2186 = COLOUR_RGB ( '',0.000000000000000000, 0.007843137254901960675, 0.3098039215686274606 ) ;
#2187 = EDGE_CURVE ( 'NONE', #7676, #2466, #3731, .T. ) ;
#2188 = CIRCLE ( 'NONE', #2943, 0.5000000000000004441 ) ;
#2189 = EDGE_CURVE ( 'NONE', #2567, #6664, #4800, .T. ) ;
#2190 =( NAMED_UNIT ( * ) PLANE_ANGLE_UNIT ( ) SI_UNIT ( $, .RADIAN. ) );
#2191 = VECTOR ( 'NONE', #612, 1000.000000000000000 ) ;
#2192 = UNCERTAINTY_MEASURE_WITH_UNIT (LENGTH_MEASURE( 1.000000000000000082E-05 ), #7148, 'distance_accuracy_value', 'NONE');
#2193 = CARTESIAN_POINT ( 'NONE',  ( -37.83411990792612301, 7.512513140623236829, 1.218800000000075823 ) ) ;
#2194 = FILL_AREA_STYLE_COLOUR ( '', #3185 ) ;
#2195 = ORIENTED_EDGE ( 'NONE', *, *, #3496, .F. ) ;
#2196 = VERTEX_POINT ( 'NONE', #4424 ) ;
#2197 = STYLED_ITEM ( 'NONE', ( #5976 ), #1467 ) ;
#2198 = EDGE_LOOP ( 'NONE', ( #4031, #8343, #2509, #5921 ) ) ;
#2199 = ORIENTED_EDGE ( 'NONE', *, *, #8689, .T. ) ;
#2200 = DIRECTION ( 'NONE',  ( 0.5000000000000197620, 0.8660254037844272723, 0.000000000000000000 ) ) ;
#2201 =( NAMED_UNIT ( * ) SI_UNIT ( $, .STERADIAN. ) SOLID_ANGLE_UNIT ( ) );
#2202 = FACE_OUTER_BOUND ( 'NONE', #5059, .T. ) ;
#2203 = CARTESIAN_POINT ( 'NONE',  ( -40.82734843295796168, -18.18510063209038208, 0.03766094568891640432 ) ) ;
#2204 = CYLINDRICAL_SURFACE ( 'NONE', #3670, 0.2540000000000007807 ) ;
#2205 = VECTOR ( 'NONE', #4334, 1000.000000000000000 ) ;
#2206 = ORIENTED_EDGE ( 'NONE', *, *, #6276, .T. ) ;
#2207 = VERTEX_POINT ( 'NONE', #4944 ) ;
#2208 = SURFACE_STYLE_USAGE ( .BOTH. , #9129 ) ;
#2209 = LINE ( 'NONE', #2162, #6539 ) ;
#2210 = EDGE_CURVE ( 'NONE', #2478, #2137, #4373, .T. ) ;
#2211 = CARTESIAN_POINT ( 'NONE',  ( -28.82731649811005781, -18.17589249420970887, 0.03398883565037071758 ) ) ;
#2212 = DIRECTION ( 'NONE',  ( 1.000000000000000000, 0.000000000000000000, 0.000000000000000000 ) ) ;
#2213 = SURFACE_STYLE_USAGE ( .BOTH. , #8612 ) ;
#2214 = SURFACE_STYLE_FILL_AREA ( #5268 ) ;
#2215 = UNCERTAINTY_MEASURE_WITH_UNIT (LENGTH_MEASURE( 1.000000000000000082E-05 ), #1851, 'distance_accuracy_value', 'NONE');
#2216 = CARTESIAN_POINT ( 'NONE',  ( -21.78039062757600774, -16.50398703403563871, -0.2349999999999997369 ) ) ;
#2217 = CARTESIAN_POINT ( 'NONE',  ( -33.57331990792611975, 8.369713140623264991, -1.575199999999911560 ) ) ;
#2218 = LINE ( 'NONE', #5085, #1793 ) ;
#2219 = SURFACE_STYLE_USAGE ( .BOTH. , #5739 ) ;
#2220 = ADVANCED_FACE ( 'NONE', ( #2825 ), #767, .F. ) ;
#2221 = CARTESIAN_POINT ( 'NONE',  ( -21.58039062757600846, 4.756012965964352190, 1.255000000000000115 ) ) ;
#2222 = ORIENTED_EDGE ( 'NONE', *, *, #4877, .T. ) ;
#2223 = LINE ( 'NONE', #5089, #1940 ) ;
#2224 = SURFACE_STYLE_USAGE ( .BOTH. , #8619 ) ;
#2225 = LINE ( 'NONE', #8666, #6188 ) ;
#2226 = SURFACE_STYLE_USAGE ( .BOTH. , #5746 ) ;
#2227 = LINE ( 'NONE', #5096, #2255 ) ;
#2228 = LINE ( 'NONE', #42, #2205 ) ;
#2229 = CARTESIAN_POINT ( 'NONE',  ( -39.82267328534919670, -14.00398703403564049, 1.215000000000000080 ) ) ;
#2230 = ORIENTED_EDGE ( 'NONE', *, *, #4009, .F. ) ;
#2231 = EDGE_CURVE ( 'NONE', #2645, #7956, #1429, .T. ) ;
#2232 = ORIENTED_EDGE ( 'NONE', *, *, #4782, .F. ) ;
#2233 = MECHANICAL_DESIGN_GEOMETRIC_PRESENTATION_REPRESENTATION (  '', ( #4030 ), #296 ) ;
#2234 = CARTESIAN_POINT ( 'NONE',  ( -35.60039062757600448, 7.206012965964358585, -1.245000000000000107 ) ) ;
#2235 = EDGE_CURVE ( 'NONE', #7275, #3648, #2922, .T. ) ;
#2236 = LINE ( 'NONE', #7997, #644 ) ;
#2237 = VECTOR ( 'NONE', #7188, 1000.000000000000000 ) ;
#2238 = ADVANCED_FACE ( 'NONE', ( #7934 ), #1574, .F. ) ;
#2239 = CARTESIAN_POINT ( 'NONE',  ( -30.21411990792612556, 6.890113140623235211, 1.472800000000072718 ) ) ;
#2240 = ORIENTED_EDGE ( 'NONE', *, *, #1368, .F. ) ;
#2241 = ORIENTED_EDGE ( 'NONE', *, *, #8287, .F. ) ;
#2242 = VECTOR ( 'NONE', #497, 1000.000000000000000 ) ;
#2243 = EDGE_LOOP ( 'NONE', ( #2154, #462, #5309, #4198 ) ) ;
#2244 = ORIENTED_EDGE ( 'NONE', *, *, #6948, .F. ) ;
#2245 = LINE ( 'NONE', #1680, #3233 ) ;
#2246 = EDGE_CURVE ( 'NONE', #8377, #7457, #8562, .T. ) ;
#2247 = SURFACE_SIDE_STYLE ('',( #1553 ) ) ;
#2248 = FACE_OUTER_BOUND ( 'NONE', #7207, .T. ) ;
#2249 =( NAMED_UNIT ( * ) PLANE_ANGLE_UNIT ( ) SI_UNIT ( $, .RADIAN. ) );
#2250 = PRESENTATION_LAYER_ASSIGNMENT (  '', '', ( #1509 ) ) ;
#2251 = EDGE_CURVE ( 'NONE', #5587, #6489, #6021, .T. ) ;
#2252 = DIRECTION ( 'NONE',  ( -0.8665316060966604672, 0.4991222051116759872, 0.000000000000000000 ) ) ;
#2253 = STYLED_ITEM ( 'NONE', ( #3340 ), #3763 ) ;
#2254 = ORIENTED_EDGE ( 'NONE', *, *, #1234, .F. ) ;
#2255 = VECTOR ( 'NONE', #7853, 1000.000000000000000 ) ;
#2256 = DIRECTION ( 'NONE',  ( -0.000000000000000000, -0.000000000000000000, -1.000000000000000000 ) ) ;
#2257 = DIRECTION ( 'NONE',  ( 1.000000000000000000, 0.000000000000000000, 0.000000000000000000 ) ) ;
#2258 = DIRECTION ( 'NONE',  ( -1.000000000000000000, -0.000000000000000000, -0.000000000000000000 ) ) ;
#2259 = SURFACE_STYLE_FILL_AREA ( #5316 ) ;
#2260 = LINE ( 'NONE', #5081, #7395 ) ;
#2261 = SURFACE_STYLE_FILL_AREA ( #5838 ) ;
#2262 = SURFACE_SIDE_STYLE ('',( #32 ) ) ;
#2263 = DIRECTION ( 'NONE',  ( -0.000000000000000000, -1.000000000000000000, 0.000000000000000000 ) ) ;
#2264 = EDGE_CURVE ( 'NONE', #5163, #1499, #8900, .T. ) ;
#2265 = CARTESIAN_POINT ( 'NONE',  ( -31.82071990792587712, 7.861713140623429297, -1.244999999999917506 ) ) ;
#2266 = VERTEX_POINT ( 'NONE', #4656 ) ;
#2267 =( LENGTH_UNIT ( ) NAMED_UNIT ( * ) SI_UNIT ( .MILLI., .METRE. ) );
#2268 =( NAMED_UNIT ( * ) SI_UNIT ( $, .STERADIAN. ) SOLID_ANGLE_UNIT ( ) );
#2269 = DIRECTION ( 'NONE',  ( 0.000000000000000000, 0.000000000000000000, -1.000000000000000000 ) ) ;
#2270 = LINE ( 'NONE', #5849, #8224 ) ;
#2271 = VECTOR ( 'NONE', #9179, 1000.000000000000000 ) ;
#2272 = CARTESIAN_POINT ( 'NONE',  ( -28.82731649811005781, -16.56462454409308904, -1.259197900737540454 ) ) ;
#2273 = FILL_AREA_STYLE ('',( #8764 ) ) ;
#2274 = ORIENTED_EDGE ( 'NONE', *, *, #5293, .T. ) ;
#2275 = ORIENTED_EDGE ( 'NONE', *, *, #1436, .F. ) ;
#2276 =( GEOMETRIC_REPRESENTATION_CONTEXT ( 3 ) GLOBAL_UNCERTAINTY_ASSIGNED_CONTEXT ( ( #1608 ) ) GLOBAL_UNIT_ASSIGNED_CONTEXT ( ( #1005, #6146, #326 ) ) REPRESENTATION_CONTEXT ( 'NONE', 'WORKASPACE' ) );
#2277 = FILL_AREA_STYLE ('',( #8484 ) ) ;
#2278 = PRESENTATION_STYLE_ASSIGNMENT (( #6523 ) ) ;
#2279 = EDGE_CURVE ( 'NONE', #8437, #7337, #4561, .T. ) ;
#2280 = UNCERTAINTY_MEASURE_WITH_UNIT (LENGTH_MEASURE( 1.000000000000000082E-05 ), #8241, 'distance_accuracy_value', 'NONE');
#2281 = SURFACE_STYLE_USAGE ( .BOTH. , #2374 ) ;
#2282 = CARTESIAN_POINT ( 'NONE',  ( -23.55039062757601087, 3.166012965964347003, 1.265000000000000124 ) ) ;
#2283 = CARTESIAN_POINT ( 'NONE',  ( -38.65331990792612515, 6.032913140623265669, -1.244999999999936158 ) ) ;
#2284 = FACE_OUTER_BOUND ( 'NONE', #8627, .T. ) ;
#2285 = VECTOR ( 'NONE', #5643, 1000.000000000000000 ) ;
#2286 = VECTOR ( 'NONE', #8053, 1000.000000000000000 ) ;
#2287 = ORIENTED_EDGE ( 'NONE', *, *, #4402, .T. ) ;
#2288 = EDGE_LOOP ( 'NONE', ( #7252, #3173, #2136, #8176 ) ) ;
#2289 = AXIS2_PLACEMENT_3D ( 'NONE', #2707, #1309, #2803 ) ;
#2290 = VERTEX_POINT ( 'NONE', #8839 ) ;
#2291 =( LENGTH_UNIT ( ) NAMED_UNIT ( * ) SI_UNIT ( .MILLI., .METRE. ) );
#2292 = VECTOR ( 'NONE', #1569, 1000.000000000000000 ) ;
#2293 = COLOUR_RGB ( '',0.7529411764705882248, 0.7529411764705882248, 0.7529411764705882248 ) ;
#2294 =( LENGTH_UNIT ( ) NAMED_UNIT ( * ) SI_UNIT ( .MILLI., .METRE. ) );
#2295 = COLOUR_RGB ( '',0.7529411764705882248, 0.7529411764705882248, 0.7529411764705882248 ) ;
#2296 = DIRECTION ( 'NONE',  ( 1.000000000000000000, 0.000000000000000000, 0.000000000000000000 ) ) ;
#2297 = DIRECTION ( 'NONE',  ( -1.000000000000000000, 0.000000000000000000, 0.000000000000000000 ) ) ;
#2298 = VECTOR ( 'NONE', #8479, 1000.000000000000000 ) ;
#2299 = ADVANCED_FACE ( 'NONE', ( #1021 ), #5939, .T. ) ;
#2300 = VERTEX_POINT ( 'NONE', #7363 ) ;
#2301 = CARTESIAN_POINT ( 'NONE',  ( -34.33039062757600846, 9.556012965964352901, -1.245000000000000107 ) ) ;
#2302 =( NAMED_UNIT ( * ) SI_UNIT ( $, .STERADIAN. ) SOLID_ANGLE_UNIT ( ) );
#2303 = FILL_AREA_STYLE ('',( #2866 ) ) ;
#2304 = CARTESIAN_POINT ( 'NONE',  ( -45.11039062757600249, -8.053987034035651860, 1.265000000000000124 ) ) ;
#2305 = DIRECTION ( 'NONE',  ( 1.000000000000000000, -0.000000000000000000, 0.000000000000000000 ) ) ;
#2306 = STYLED_ITEM ( 'NONE', ( #2948 ), #8756 ) ;
#2307 = UNCERTAINTY_MEASURE_WITH_UNIT (LENGTH_MEASURE( 1.000000000000000082E-05 ), #2536, 'distance_accuracy_value', 'NONE');
#2308 =( NAMED_UNIT ( * ) SI_UNIT ( $, .STERADIAN. ) SOLID_ANGLE_UNIT ( ) );
#2309 = DIRECTION ( 'NONE',  ( 1.000000000000000000, 0.000000000000000000, 0.000000000000000000 ) ) ;
#2310 = PRESENTATION_STYLE_ASSIGNMENT (( #8103 ) ) ;
#2311 = AXIS2_PLACEMENT_3D ( 'NONE', #7343, #3118, #233 ) ;
#2312 = DIRECTION ( 'NONE',  ( -0.000000000000000000, 1.047444401652940007E-14, -1.000000000000000000 ) ) ;
#2313 = ORIENTED_EDGE ( 'NONE', *, *, #198, .T. ) ;
#2314 = DIRECTION ( 'NONE',  ( -0.000000000000000000, -1.047444401652940007E-14, 1.000000000000000000 ) ) ;
#2315 = FILL_AREA_STYLE ('',( #6693 ) ) ;
#2316 = CYLINDRICAL_SURFACE ( 'NONE', #8391, 1.799999999999999600 ) ;
#2317 =( NAMED_UNIT ( * ) PLANE_ANGLE_UNIT ( ) SI_UNIT ( $, .RADIAN. ) );
#2318 = SURFACE_SIDE_STYLE ('',( #7294 ) ) ;
#2319 = CIRCLE ( 'NONE', #8580, 0.5000000000000004441 ) ;
#2320 =( NAMED_UNIT ( * ) SI_UNIT ( $, .STERADIAN. ) SOLID_ANGLE_UNIT ( ) );
#2321 = CARTESIAN_POINT ( 'NONE',  ( -28.82731649811005781, -18.17279833390455224, -0.6621407731115727113 ) ) ;
#2322 = DIRECTION ( 'NONE',  ( 1.313388458492434460E-15, 0.000000000000000000, 1.000000000000000000 ) ) ;
#2323 = ORIENTED_EDGE ( 'NONE', *, *, #6902, .F. ) ;
#2324 = EDGE_LOOP ( 'NONE', ( #3114, #3836, #7611, #2741 ) ) ;
#2325 = VECTOR ( 'NONE', #6262, 1000.000000000000000 ) ;
#2326 = STYLED_ITEM ( 'NONE', ( #1743 ), #7743 ) ;
#2327 = EDGE_CURVE ( 'NONE', #8534, #7772, #3904, .T. ) ;
#2328 = SURFACE_STYLE_USAGE ( .BOTH. , #361 ) ;
#2329 =( GEOMETRIC_REPRESENTATION_CONTEXT ( 3 ) GLOBAL_UNCERTAINTY_ASSIGNED_CONTEXT ( ( #3111 ) ) GLOBAL_UNIT_ASSIGNED_CONTEXT ( ( #7730, #7123, #1401 ) ) REPRESENTATION_CONTEXT ( 'NONE', 'WORKASPACE' ) );
#2330 =( GEOMETRIC_REPRESENTATION_CONTEXT ( 3 ) GLOBAL_UNCERTAINTY_ASSIGNED_CONTEXT ( ( #1528 ) ) GLOBAL_UNIT_ASSIGNED_CONTEXT ( ( #486, #2735, #3346 ) ) REPRESENTATION_CONTEXT ( 'NONE', 'WORKASPACE' ) );
#2331 = CARTESIAN_POINT ( 'NONE',  ( -33.06039062757600533, 7.206012965964358585, -1.266000000000000014 ) ) ;
#2332 = STYLED_ITEM ( 'NONE', ( #7067 ), #8051 ) ;
#2333 = ORIENTED_EDGE ( 'NONE', *, *, #589, .T. ) ;
#2334 = ORIENTED_EDGE ( 'NONE', *, *, #4908, .T. ) ;
#2335 = EDGE_CURVE ( 'NONE', #3744, #5754, #7418, .T. ) ;
#2336 = ORIENTED_EDGE ( 'NONE', *, *, #3485, .F. ) ;
#2337 = CARTESIAN_POINT ( 'NONE',  ( -36.60742597117764063, 8.369713140623263214, -1.244999999999913287 ) ) ;
#2338 = CIRCLE ( 'NONE', #7577, 0.5000000000000004441 ) ;
#2339 =( LENGTH_UNIT ( ) NAMED_UNIT ( * ) SI_UNIT ( .MILLI., .METRE. ) );
#2340 = DIRECTION ( 'NONE',  ( 1.000000000000000000, 0.000000000000000000, 0.000000000000000000 ) ) ;
#2341 = CARTESIAN_POINT ( 'NONE',  ( -44.08039062757600135, -16.50398703403563871, -0.2349999999999997369 ) ) ;
#2342 = FACE_OUTER_BOUND ( 'NONE', #513, .T. ) ;
#2343 = UNCERTAINTY_MEASURE_WITH_UNIT (LENGTH_MEASURE( 1.000000000000000082E-05 ), #9083, 'distance_accuracy_value', 'NONE');
#2344 = EDGE_LOOP ( 'NONE', ( #4121, #6274, #9214, #945 ) ) ;
#2345 = DIRECTION ( 'NONE',  ( -0.000000000000000000, -1.000000000000000000, 0.000000000000000000 ) ) ;
#2346 = DIRECTION ( 'NONE',  ( 1.000000000000000000, 0.000000000000000000, -0.000000000000000000 ) ) ;
#2347 = LINE ( 'NONE', #4507, #9199 ) ;
#2348 = CARTESIAN_POINT ( 'NONE',  ( -35.91651990792611571, 6.890113140623235211, 1.472800000000072718 ) ) ;
#2349 = CARTESIAN_POINT ( 'NONE',  ( -28.82731649811005781, -17.83264710389341801, 0.3756754925351361574 ) ) ;
#2350 = PRESENTATION_STYLE_ASSIGNMENT (( #3006 ) ) ;
#2351 = EDGE_CURVE ( 'NONE', #169, #2137, #8706, .T. ) ;
#2352 = FACE_OUTER_BOUND ( 'NONE', #4405, .T. ) ;
#2353 = DIRECTION ( 'NONE',  ( 0.000000000000000000, 1.000000000000000000, -0.000000000000000000 ) ) ;
#2354 = ADVANCED_FACE ( 'NONE', ( #2405 ), #3101, .T. ) ;
#2355 = FILL_AREA_STYLE_COLOUR ( '', #9223 ) ;
#2356 = EDGE_CURVE ( 'NONE', #57, #9239, #5295, .T. ) ;
#2357 = SURFACE_STYLE_FILL_AREA ( #5321 ) ;
#2358 = STYLED_ITEM ( 'NONE', ( #5135 ), #2761 ) ;
#2359 = CARTESIAN_POINT ( 'NONE',  ( -28.82731649811006136, -17.34713668424583943, 0.6544084639867290276 ) ) ;
#2360 = VERTEX_POINT ( 'NONE', #8236 ) ;
#2361 = DIRECTION ( 'NONE',  ( -1.000000000000000000, 0.000000000000000000, 0.000000000000000000 ) ) ;
#2362 = DIRECTION ( 'NONE',  ( 1.000000000000000000, 0.000000000000000000, 0.000000000000000000 ) ) ;
#2363 = FACE_BOUND ( 'NONE', #4789, .T. ) ;
#2364 = UNCERTAINTY_MEASURE_WITH_UNIT (LENGTH_MEASURE( 1.000000000000000082E-05 ), #1141, 'distance_accuracy_value', 'NONE');
#2365 = DIRECTION ( 'NONE',  ( 1.000000000000000000, -0.000000000000000000, 0.000000000000000000 ) ) ;
#2366 = PLANE ( 'NONE',  #1734 ) ;
#2367 = AXIS2_PLACEMENT_3D ( 'NONE', #5930, #6628, #7458 ) ;
#2368 = EDGE_LOOP ( 'NONE', ( #7260, #6478, #92, #5929 ) ) ;
#2369 = VERTEX_POINT ( 'NONE', #7551 ) ;
#2370 = DIRECTION ( 'NONE',  ( 1.000000000000000000, 0.000000000000000000, -0.000000000000000000 ) ) ;
#2371 =( NAMED_UNIT ( * ) PLANE_ANGLE_UNIT ( ) SI_UNIT ( $, .RADIAN. ) );
#2372 = SURFACE_STYLE_FILL_AREA ( #6086 ) ;
#2373 = UNCERTAINTY_MEASURE_WITH_UNIT (LENGTH_MEASURE( 1.000000000000000082E-05 ), #1326, 'distance_accuracy_value', 'NONE');
#2374 = SURFACE_SIDE_STYLE ('',( #141 ) ) ;
#2375 =( NAMED_UNIT ( * ) PLANE_ANGLE_UNIT ( ) SI_UNIT ( $, .RADIAN. ) );
#2376 = PLANE ( 'NONE',  #8802 ) ;
#2377 = VERTEX_POINT ( 'NONE', #6114 ) ;
#2378 = ORIENTED_EDGE ( 'NONE', *, *, #8399, .T. ) ;
#2379 = EDGE_CURVE ( 'NONE', #6177, #2196, #6515, .T. ) ;
#2380 = ORIENTED_EDGE ( 'NONE', *, *, #2187, .T. ) ;
#2381 =( LENGTH_UNIT ( ) NAMED_UNIT ( * ) SI_UNIT ( .MILLI., .METRE. ) );
#2382 =( GEOMETRIC_REPRESENTATION_CONTEXT ( 3 ) GLOBAL_UNCERTAINTY_ASSIGNED_CONTEXT ( ( #5665 ) ) GLOBAL_UNIT_ASSIGNED_CONTEXT ( ( #3727, #3770, #8759 ) ) REPRESENTATION_CONTEXT ( 'NONE', 'WORKASPACE' ) );
#2383 = MECHANICAL_DESIGN_GEOMETRIC_PRESENTATION_REPRESENTATION (  '', ( #2830 ), #4029 ) ;
#2384 = MECHANICAL_DESIGN_GEOMETRIC_PRESENTATION_REPRESENTATION (  '', ( #6894 ), #5083 ) ;
#2385 = CYLINDRICAL_SURFACE ( 'NONE', #2675, 0.2539999999999972835 ) ;
#2386 = SURFACE_STYLE_USAGE ( .BOTH. , #5964 ) ;
#2387 = UNCERTAINTY_MEASURE_WITH_UNIT (LENGTH_MEASURE( 1.000000000000000082E-05 ), #1600, 'distance_accuracy_value', 'NONE');
#2388 = DIRECTION ( 'NONE',  ( 0.000000000000000000, 0.000000000000000000, 1.000000000000000000 ) ) ;
#2389 = FILL_AREA_STYLE_COLOUR ( '', #1132 ) ;
#2390 = VECTOR ( 'NONE', #2069, 1000.000000000000000 ) ;
#2391 = ORIENTED_EDGE ( 'NONE', *, *, #2044, .T. ) ;
#2392 = LINE ( 'NONE', #8828, #3260 ) ;
#2393 =( NAMED_UNIT ( * ) PLANE_ANGLE_UNIT ( ) SI_UNIT ( $, .RADIAN. ) );
#2394 = CARTESIAN_POINT ( 'NONE',  ( -44.08039062757600135, 7.056012965964359118, -1.264999999999999902 ) ) ;
#2395 = PRESENTATION_LAYER_ASSIGNMENT (  '', '', ( #4341 ) ) ;
#2396 = DIRECTION ( 'NONE',  ( 0.000000000000000000, 0.000000000000000000, 1.000000000000000000 ) ) ;
#2397 = VECTOR ( 'NONE', #7074, 1000.000000000000000 ) ;
#2398 = DIRECTION ( 'NONE',  ( 1.000000000000000000, 0.000000000000000000, 0.000000000000000000 ) ) ;
#2399 = MECHANICAL_DESIGN_GEOMETRIC_PRESENTATION_REPRESENTATION (  '', ( #451 ), #8216 ) ;
#2400 = SURFACE_SIDE_STYLE ('',( #161 ) ) ;
#2401 = DIRECTION ( 'NONE',  ( 1.000000000000000000, 0.000000000000000000, 0.000000000000000000 ) ) ;
#2402 = MECHANICAL_DESIGN_GEOMETRIC_PRESENTATION_REPRESENTATION (  '', ( #7634 ), #2699 ) ;
#2403 = DIRECTION ( 'NONE',  ( 0.000000000000000000, 1.047444401652940007E-14, -1.000000000000000000 ) ) ;
#2404 = SURFACE_STYLE_FILL_AREA ( #8102 ) ;
#2405 = FACE_OUTER_BOUND ( 'NONE', #5013, .T. ) ;
#2406 =( GEOMETRIC_REPRESENTATION_CONTEXT ( 3 ) GLOBAL_UNCERTAINTY_ASSIGNED_CONTEXT ( ( #979 ) ) GLOBAL_UNIT_ASSIGNED_CONTEXT ( ( #2747, #41, #5613 ) ) REPRESENTATION_CONTEXT ( 'NONE', 'WORKASPACE' ) );
#2407 = EDGE_CURVE ( 'NONE', #3412, #5249, #7854, .T. ) ;
#2408 = ORIENTED_EDGE ( 'NONE', *, *, #1762, .F. ) ;
#2409 = CARTESIAN_POINT ( 'NONE',  ( -47.68039062757600988, -18.30398703403564653, -1.245000000000000107 ) ) ;
#2410 = VECTOR ( 'NONE', #5982, 1000.000000000000000 ) ;
#2411 = FACE_OUTER_BOUND ( 'NONE', #4411, .T. ) ;
#2412 = SURFACE_SIDE_STYLE ('',( #8807 ) ) ;
#2413 = ORIENTED_EDGE ( 'NONE', *, *, #3969, .T. ) ;
#2414 = ORIENTED_EDGE ( 'NONE', *, *, #6214, .F. ) ;
#2415 = LINE ( 'NONE', #7340, #4903 ) ;
#2416 = ORIENTED_EDGE ( 'NONE', *, *, #7909, .T. ) ;
#2417 = ADVANCED_FACE ( 'NONE', ( #2181 ), #853, .F. ) ;
#2418 = FILL_AREA_STYLE ('',( #5201 ) ) ;
#2419 = FACE_OUTER_BOUND ( 'NONE', #500, .T. ) ;
#2420 = CARTESIAN_POINT ( 'NONE',  ( -30.73125966308335322, 7.407252895780580992, -9.372999999999922949 ) ) ;
#2421 = PLANE ( 'NONE',  #6797 ) ;
#2422 = SURFACE_SIDE_STYLE ('',( #6234 ) ) ;
#2423 = CARTESIAN_POINT ( 'NONE',  ( -22.78039062757601130, 7.056012965964359118, -1.264999999999999902 ) ) ;
#2424 = ORIENTED_EDGE ( 'NONE', *, *, #3485, .T. ) ;
#2425 = ORIENTED_EDGE ( 'NONE', *, *, #5928, .T. ) ;
#2426 = VECTOR ( 'NONE', #2252, 1000.000000000000114 ) ;
#2427 = AXIS2_PLACEMENT_3D ( 'NONE', #4592, #6764, #6808 ) ;
#2428 = AXIS2_PLACEMENT_3D ( 'NONE', #5875, #809, #4407 ) ;
#2429 = ORIENTED_EDGE ( 'NONE', *, *, #2453, .F. ) ;
#2430 = MECHANICAL_DESIGN_GEOMETRIC_PRESENTATION_REPRESENTATION (  '', ( #1975 ), #788 ) ;
#2431 = CARTESIAN_POINT ( 'NONE',  ( -23.78039062757601130, 7.056012965964359118, -1.245000000000000107 ) ) ;
#2432 = COLOUR_RGB ( '',0.000000000000000000, 0.007843137254901960675, 0.3098039215686274606 ) ;
#2433 = PRESENTATION_LAYER_ASSIGNMENT (  '', '', ( #55 ) ) ;
#2434 = EDGE_CURVE ( 'NONE', #3889, #2808, #7114, .T. ) ;
#2435 = DIRECTION ( 'NONE',  ( -0.000000000000000000, -1.000000000000000000, -1.047444401652940007E-14 ) ) ;
#2436 = UNCERTAINTY_MEASURE_WITH_UNIT (LENGTH_MEASURE( 1.000000000000000082E-05 ), #860, 'distance_accuracy_value', 'NONE');
#2437 = B_SPLINE_CURVE_WITH_KNOTS ( 'NONE', 3,
 ( #8803, #2460, #6606, #3107 ),
 .UNSPECIFIED., .F., .F.,
 ( 4, 4 ),
 ( 0.000000000000000000, 1.000000000000000000 ),
 .UNSPECIFIED. ) ;
#2438 = VECTOR ( 'NONE', #4700, 1000.000000000000000 ) ;
#2439 = EDGE_LOOP ( 'NONE', ( #7548, #8636, #6320, #7096 ) ) ;
#2440 = DIRECTION ( 'NONE',  ( -1.000000000000000000, -0.000000000000000000, -0.000000000000000000 ) ) ;
#2441 = FACE_OUTER_BOUND ( 'NONE', #9181, .T. ) ;
#2442 = CARTESIAN_POINT ( 'NONE',  ( -30.46816990792611790, 7.258463140623347520, -9.372999999999922949 ) ) ;
#2443 = PRESENTATION_LAYER_ASSIGNMENT (  '', '', ( #8705 ) ) ;
#2444 = CARTESIAN_POINT ( 'NONE',  ( -30.21416990792612367, 7.512463140623343527, -9.118999999999918060 ) ) ;
#2445 =( LENGTH_UNIT ( ) NAMED_UNIT ( * ) SI_UNIT ( .MILLI., .METRE. ) );
#2446 = DIRECTION ( 'NONE',  ( -1.000000000000000000, 0.000000000000000000, 0.000000000000000000 ) ) ;
#2447 = EDGE_CURVE ( 'NONE', #2808, #2369, #2228, .T. ) ;
#2448 = CARTESIAN_POINT ( 'NONE',  ( -47.68039062757600988, -16.50398703403563871, -1.245000000000000107 ) ) ;
#2449 = DIRECTION ( 'NONE',  ( 0.000000000000000000, 1.024442997624109662E-14, -1.000000000000000000 ) ) ;
#2450 = MECHANICAL_DESIGN_GEOMETRIC_PRESENTATION_REPRESENTATION (  '', ( #498 ), #69 ) ;
#2451 = FACE_OUTER_BOUND ( 'NONE', #1685, .T. ) ;
#2452 = DIRECTION ( 'NONE',  ( -4.535567304416186281E-15, -2.618611004132350805E-15, 1.000000000000000000 ) ) ;
#2453 = EDGE_CURVE ( 'NONE', #7380, #9, #1809, .T. ) ;
#2454 = EDGE_CURVE ( 'NONE', #7956, #4983, #1531, .T. ) ;
#2455 = FILL_AREA_STYLE ('',( #3103 ) ) ;
#2456 =( NAMED_UNIT ( * ) PLANE_ANGLE_UNIT ( ) SI_UNIT ( $, .RADIAN. ) );
#2457 =( GEOMETRIC_REPRESENTATION_CONTEXT ( 3 ) GLOBAL_UNCERTAINTY_ASSIGNED_CONTEXT ( ( #8882 ) ) GLOBAL_UNIT_ASSIGNED_CONTEXT ( ( #8723, #4304, #5760 ) ) REPRESENTATION_CONTEXT ( 'NONE', 'WORKASPACE' ) );
#2458 = FACE_OUTER_BOUND ( 'NONE', #4298, .T. ) ;
#2459 = DIRECTION ( 'NONE',  ( 1.000000000000000000, -0.000000000000000000, 0.000000000000000000 ) ) ;
#2460 = CARTESIAN_POINT ( 'NONE',  ( -47.58039062757602267, -14.00398703403564227, 1.041666666666666963 ) ) ;
#2461 = PRESENTATION_STYLE_ASSIGNMENT (( #5984 ) ) ;
#2462 = CARTESIAN_POINT ( 'NONE',  ( -21.08039062757600846, -10.24398703403563893, -0.2449999999999997735 ) ) ;
#2463 = COLOUR_RGB ( '',1.000000000000000000, 1.000000000000000000, 1.000000000000000000 ) ;
#2464 = ORIENTED_EDGE ( 'NONE', *, *, #7253, .T. ) ;
#2465 = ORIENTED_EDGE ( 'NONE', *, *, #7619, .F. ) ;
#2466 = VERTEX_POINT ( 'NONE', #6655 ) ;
#2467 = CARTESIAN_POINT ( 'NONE',  ( -45.88039062757600561, -16.50398703403563871, -1.245000000000000107 ) ) ;
#2468 = CARTESIAN_POINT ( 'NONE',  ( -28.82731649811005781, -18.27407675507290818, -0.2449113037486423394 ) ) ;
#2469 = CARTESIAN_POINT ( 'NONE',  ( -47.08039062757600846, 4.756012965964352190, 1.255000000000000115 ) ) ;
#2470 = UNCERTAINTY_MEASURE_WITH_UNIT (LENGTH_MEASURE( 1.000000000000000082E-05 ), #1910, 'distance_accuracy_value', 'NONE');
#2471 = SURFACE_SIDE_STYLE ('',( #3218 ) ) ;
#2472 = DIRECTION ( 'NONE',  ( 0.000000000000000000, -1.047444401652940007E-14, 1.000000000000000000 ) ) ;
#2473 = LINE ( 'NONE', #1771, #222 ) ;
#2474 = EDGE_CURVE ( 'NONE', #3879, #2875, #2415, .T. ) ;
#2475 = ORIENTED_EDGE ( 'NONE', *, *, #2327, .T. ) ;
#2476 = ORIENTED_EDGE ( 'NONE', *, *, #3903, .T. ) ;
#2477 = CIRCLE ( 'NONE', #1435, 0.5000000000000004441 ) ;
#2478 = VERTEX_POINT ( 'NONE', #3918 ) ;
#2479 = LINE ( 'NONE', #3839, #1224 ) ;
#2480 = DIRECTION ( 'NONE',  ( 0.000000000000000000, 0.000000000000000000, 1.000000000000000000 ) ) ;
#2481 = UNCERTAINTY_MEASURE_WITH_UNIT (LENGTH_MEASURE( 1.000000000000000082E-05 ), #8239, 'distance_accuracy_value', 'NONE');
#2482 = AXIS2_PLACEMENT_3D ( 'NONE', #8726, #5245, #236 ) ;
#2483 = DIRECTION ( 'NONE',  ( 1.000000000000000000, -0.000000000000000000, 0.000000000000000000 ) ) ;
#2484 = AXIS2_PLACEMENT_3D ( 'NONE', #7019, #9197, #588 ) ;
#2485 = FILL_AREA_STYLE_COLOUR ( '', #7131 ) ;
#2486 = MECHANICAL_DESIGN_GEOMETRIC_PRESENTATION_REPRESENTATION (  '', ( #1291 ), #5040 ) ;
#2487 = COLOUR_RGB ( '',0.000000000000000000, 0.5019607843137254832, 1.000000000000000000 ) ;
#2488 =( GEOMETRIC_REPRESENTATION_CONTEXT ( 3 ) GLOBAL_UNCERTAINTY_ASSIGNED_CONTEXT ( ( #4752 ) ) GLOBAL_UNIT_ASSIGNED_CONTEXT ( ( #3631, #7943, #8194 ) ) REPRESENTATION_CONTEXT ( 'NONE', 'WORKASPACE' ) );
#2489 = ORIENTED_EDGE ( 'NONE', *, *, #4704, .T. ) ;
#2490 = AXIS2_PLACEMENT_3D ( 'NONE', #2348, #3663, #8746 ) ;
#2491 = CARTESIAN_POINT ( 'NONE',  ( -39.82267328534919670, -15.29897745040698176, 1.199928837669093751 ) ) ;
#2492 = DIRECTION ( 'NONE',  ( 1.000000000000000000, 0.000000000000000000, 0.000000000000000000 ) ) ;
#2493 = FILL_AREA_STYLE ('',( #4604 ) ) ;
#2494 = PLANE ( 'NONE',  #4680 ) ;
#2495 = AXIS2_PLACEMENT_3D ( 'NONE', #5577, #8394, #2003 ) ;
#2496 = AXIS2_PLACEMENT_3D ( 'NONE', #9121, #1318, #3327 ) ;
#2497 = DIRECTION ( 'NONE',  ( 0.000000000000000000, 1.024442997624109662E-14, -1.000000000000000000 ) ) ;
#2498 = ORIENTED_EDGE ( 'NONE', *, *, #2736, .T. ) ;
#2499 =( NAMED_UNIT ( * ) PLANE_ANGLE_UNIT ( ) SI_UNIT ( $, .RADIAN. ) );
#2500 =( NAMED_UNIT ( * ) SI_UNIT ( $, .STERADIAN. ) SOLID_ANGLE_UNIT ( ) );
#2501 = EDGE_CURVE ( 'NONE', #321, #60, #3211, .T. ) ;
#2502 = SURFACE_STYLE_USAGE ( .BOTH. , #9080 ) ;
#2503 = STYLED_ITEM ( 'NONE', ( #6125 ), #2569 ) ;
#2504 =( NAMED_UNIT ( * ) PLANE_ANGLE_UNIT ( ) SI_UNIT ( $, .RADIAN. ) );
#2505 = DIRECTION ( 'NONE',  ( 0.000000000000000000, 0.000000000000000000, 1.000000000000000000 ) ) ;
#2506 = CARTESIAN_POINT ( 'NONE',  ( -27.82731649811005781, -3.003987034035643600, -1.245000000000000107 ) ) ;
#2507 = SURFACE_STYLE_USAGE ( .BOTH. , #8242 ) ;
#2508 = CARTESIAN_POINT ( 'NONE',  ( -35.91651990792611571, 6.890113140623239651, 1.218800000000075823 ) ) ;
#2509 = ORIENTED_EDGE ( 'NONE', *, *, #4180, .F. ) ;
#2510 = SURFACE_STYLE_USAGE ( .BOTH. , #3301 ) ;
#2511 = ORIENTED_EDGE ( 'NONE', *, *, #2661, .T. ) ;
#2512 = DIRECTION ( 'NONE',  ( 0.000000000000000000, 0.000000000000000000, 1.000000000000000000 ) ) ;
#2513 = FACE_OUTER_BOUND ( 'NONE', #8525, .T. ) ;
#2514 = SURFACE_SIDE_STYLE ('',( #2372 ) ) ;
#2515 = LINE ( 'NONE', #3922, #109 ) ;
#2516 = DIRECTION ( 'NONE',  ( 0.000000000000000000, -1.000000000000000000, -1.047444401652940007E-14 ) ) ;
#2517 = EDGE_CURVE ( 'NONE', #1257, #2827, #183, .T. ) ;
#2518 = DIRECTION ( 'NONE',  ( -1.000000000000000000, 0.000000000000000000, 0.000000000000000000 ) ) ;
#2519 = DIRECTION ( 'NONE',  ( -0.000000000000000000, -0.000000000000000000, -1.000000000000000000 ) ) ;
#2520 = CARTESIAN_POINT ( 'NONE',  ( -38.45651990792611485, 7.512513140623234165, 1.367589755157312625 ) ) ;
#2521 = ORIENTED_EDGE ( 'NONE', *, *, #1563, .T. ) ;
#2522 = VERTEX_POINT ( 'NONE', #5952 ) ;
#2523 = EDGE_CURVE ( 'NONE', #1828, #554, #3738, .T. ) ;
#2524 = ORIENTED_EDGE ( 'NONE', *, *, #9023, .T. ) ;
#2525 =( NAMED_UNIT ( * ) SI_UNIT ( $, .STERADIAN. ) SOLID_ANGLE_UNIT ( ) );
#2526 = ADVANCED_FACE ( 'NONE', ( #4440 ), #352, .T. ) ;
#2527 = SURFACE_SIDE_STYLE ('',( #7020 ) ) ;
#2528 = SURFACE_STYLE_FILL_AREA ( #1125 ) ;
#2529 = CARTESIAN_POINT ( 'NONE',  ( -36.90071990792635859, 6.540913140623145772, -1.244999999999931051 ) ) ;
#2530 = UNCERTAINTY_MEASURE_WITH_UNIT (LENGTH_MEASURE( 1.000000000000000082E-05 ), #3885, 'distance_accuracy_value', 'NONE');
#2531 = COLOUR_RGB ( '',0.7529411764705882248, 0.7529411764705882248, 0.7529411764705882248 ) ;
#2532 = VERTEX_POINT ( 'NONE', #3826 ) ;
#2533 = DIRECTION ( 'NONE',  ( 0.5000000000000197620, 0.8660254037844271613, 8.871936606726086209E-15 ) ) ;
#2534 = DIRECTION ( 'NONE',  ( -1.000000000000000000, -0.000000000000000000, -0.000000000000000000 ) ) ;
#2535 = ADVANCED_FACE ( 'NONE', ( #3868 ), #3779, .T. ) ;
#2536 =( LENGTH_UNIT ( ) NAMED_UNIT ( * ) SI_UNIT ( .MILLI., .METRE. ) );
#2537 = DIRECTION ( 'NONE',  ( 1.000000000000000000, 0.000000000000000000, 0.000000000000000000 ) ) ;
#2538 = FILL_AREA_STYLE_COLOUR ( '', #1274 ) ;
#2539 = ORIENTED_EDGE ( 'NONE', *, *, #379, .F. ) ;
#2540 = FILL_AREA_STYLE ('',( #8837 ) ) ;
#2541 = COLOUR_RGB ( '',0.6470588235294117974, 0.6196078431372549211, 0.5882352941176470784 ) ;
#2542 = SURFACE_SIDE_STYLE ('',( #7007 ) ) ;
#2543 = CARTESIAN_POINT ( 'NONE',  ( -34.33039062757600846, -3.003987034035643600, -1.245000000000000107 ) ) ;
#2544 = STYLED_ITEM ( 'NONE', ( #6568 ), #1923 ) ;
#2545 = COLOUR_RGB ( '',0.000000000000000000, 0.000000000000000000, 0.000000000000000000 ) ;
#2546 = PRESENTATION_STYLE_ASSIGNMENT (( #7555 ) ) ;
#2547 = SURFACE_STYLE_FILL_AREA ( #7510 ) ;
#2548 = SURFACE_STYLE_FILL_AREA ( #2591 ) ;
#2549 = FACE_BOUND ( 'NONE', #3194, .T. ) ;
#2550 = DIRECTION ( 'NONE',  ( -1.000000000000000000, -1.299418334065024133E-16, 0.000000000000000000 ) ) ;
#2551 = EDGE_CURVE ( 'NONE', #1653, #3879, #5240, .T. ) ;
#2552 =( GEOMETRIC_REPRESENTATION_CONTEXT ( 3 ) GLOBAL_UNCERTAINTY_ASSIGNED_CONTEXT ( ( #4156 ) ) GLOBAL_UNIT_ASSIGNED_CONTEXT ( ( #926, #1669, #2590 ) ) REPRESENTATION_CONTEXT ( 'NONE', 'WORKASPACE' ) );
#2553 = DIRECTION ( 'NONE',  ( 1.000000000000000000, 0.000000000000000000, 0.000000000000000000 ) ) ;
#2554 = ORIENTED_EDGE ( 'NONE', *, *, #3298, .F. ) ;
#2555 = PRESENTATION_LAYER_ASSIGNMENT (  '', '', ( #4053 ) ) ;
#2556 = FACE_OUTER_BOUND ( 'NONE', #3356, .T. ) ;
#2557 = VERTEX_POINT ( 'NONE', #1236 ) ;
#2558 =( LENGTH_UNIT ( ) NAMED_UNIT ( * ) SI_UNIT ( .MILLI., .METRE. ) );
#2559 = SURFACE_SIDE_STYLE ('',( #3971 ) ) ;
#2560 = VECTOR ( 'NONE', #2036, 1000.000000000000000 ) ;
#2561 =( NAMED_UNIT ( * ) SI_UNIT ( $, .STERADIAN. ) SOLID_ANGLE_UNIT ( ) );
#2562 = FILL_AREA_STYLE_COLOUR ( '', #5198 ) ;
#2563 = CYLINDRICAL_SURFACE ( 'NONE', #7641, 0.2539999999999972835 ) ;
#2564 = CARTESIAN_POINT ( 'NONE',  ( -40.82731649811009333, -18.27155679741174765, -0.3655902959306274735 ) ) ;
#2565 =( NAMED_UNIT ( * ) SI_UNIT ( $, .STERADIAN. ) SOLID_ANGLE_UNIT ( ) );
#2566 = EDGE_LOOP ( 'NONE', ( #1214, #4311, #8217, #8997 ) ) ;
#2567 = VERTEX_POINT ( 'NONE', #6972 ) ;
#2568 = ORIENTED_EDGE ( 'NONE', *, *, #1882, .F. ) ;
#2569 = ADVANCED_FACE ( 'NONE', ( #9089 ), #7705, .F. ) ;
#2570 = DIRECTION ( 'NONE',  ( 0.4991222051116760428, 0.8665316060966605782, -0.000000000000000000 ) ) ;
#2571 = SURFACE_STYLE_USAGE ( .BOTH. , #6942 ) ;
#2572 = PRESENTATION_LAYER_ASSIGNMENT (  '', '', ( #8694 ) ) ;
#2573 = ORIENTED_EDGE ( 'NONE', *, *, #8265, .T. ) ;
#2574 = CARTESIAN_POINT ( 'NONE',  ( -29.82736094035740138, -15.29897745040698176, 1.199928837669093751 ) ) ;
#2575 = CARTESIAN_POINT ( 'NONE',  ( -38.45646990792611319, 6.890163140623321247, -9.118999999999928718 ) ) ;
#2576 = MECHANICAL_DESIGN_GEOMETRIC_PRESENTATION_REPRESENTATION (  '', ( #2332 ), #5590 ) ;
#2577 = STYLED_ITEM ( 'NONE', ( #2683 ), #4111 ) ;
#2578 = FILL_AREA_STYLE ('',( #8935 ) ) ;
#2579 = CARTESIAN_POINT ( 'NONE',  ( -28.82731649811005425, -14.00398703488017205, 1.184899676195318330 ) ) ;
#2580 = DIRECTION ( 'NONE',  ( 0.000000000000000000, 0.000000000000000000, -1.000000000000000000 ) ) ;
#2581 = SURFACE_SIDE_STYLE ('',( #8983 ) ) ;
#2582 = ORIENTED_EDGE ( 'NONE', *, *, #1099, .T. ) ;
#2583 = SURFACE_STYLE_USAGE ( .BOTH. , #6873 ) ;
#2584 = SURFACE_STYLE_FILL_AREA ( #5367 ) ;
#2585 = ADVANCED_FACE ( 'NONE', ( #2556 ), #1290, .F. ) ;
#2586 =( GEOMETRIC_REPRESENTATION_CONTEXT ( 3 ) GLOBAL_UNCERTAINTY_ASSIGNED_CONTEXT ( ( #956 ) ) GLOBAL_UNIT_ASSIGNED_CONTEXT ( ( #7053, #7145, #3564 ) ) REPRESENTATION_CONTEXT ( 'NONE', 'WORKASPACE' ) );
#2587 = COLOUR_RGB ( '',0.000000000000000000, 0.000000000000000000, 0.000000000000000000 ) ;
#2588 = SURFACE_STYLE_USAGE ( .BOTH. , #1842 ) ;
#2589 = LINE ( 'NONE', #7509, #5104 ) ;
#2590 =( NAMED_UNIT ( * ) SI_UNIT ( $, .STERADIAN. ) SOLID_ANGLE_UNIT ( ) );
#2591 = FILL_AREA_STYLE ('',( #1142 ) ) ;
#2592 = CARTESIAN_POINT ( 'NONE',  ( -30.31933015276888810, 7.407302895780469854, 1.472800000000078269 ) ) ;
#2593 = MECHANICAL_DESIGN_GEOMETRIC_PRESENTATION_REPRESENTATION (  '', ( #652 ), #7832 ) ;
#2594 = UNCERTAINTY_MEASURE_WITH_UNIT (LENGTH_MEASURE( 1.000000000000000082E-05 ), #85, 'distance_accuracy_value', 'NONE');
#2595 =( GEOMETRIC_REPRESENTATION_CONTEXT ( 3 ) GLOBAL_UNCERTAINTY_ASSIGNED_CONTEXT ( ( #3028 ) ) GLOBAL_UNIT_ASSIGNED_CONTEXT ( ( #2445, #468, #6820 ) ) REPRESENTATION_CONTEXT ( 'NONE', 'WORKASPACE' ) );
#2596 = PLANE ( 'NONE',  #928 ) ;
#2597 = DIRECTION ( 'NONE',  ( 0.000000000000000000, 0.000000000000000000, -1.000000000000000000 ) ) ;
#2598 = ORIENTED_EDGE ( 'NONE', *, *, #2818, .T. ) ;
#2599 = AXIS2_PLACEMENT_3D ( 'NONE', #7480, #3973, #7386 ) ;
#2600 = AXIS2_PLACEMENT_3D ( 'NONE', #8302, #4765, #2700 ) ;
#2601 = EDGE_LOOP ( 'NONE', ( #5391, #8352, #4340, #733 ) ) ;
#2602 = LINE ( 'NONE', #5518, #4946 ) ;
#2603 = FACE_OUTER_BOUND ( 'NONE', #4218, .T. ) ;
#2604 = VECTOR ( 'NONE', #4688, 1000.000000000000000 ) ;
#2605 = SURFACE_STYLE_USAGE ( .BOTH. , #9005 ) ;
#2606 =( GEOMETRIC_REPRESENTATION_CONTEXT ( 3 ) GLOBAL_UNCERTAINTY_ASSIGNED_CONTEXT ( ( #2620 ) ) GLOBAL_UNIT_ASSIGNED_CONTEXT ( ( #1570, #6636, #9025 ) ) REPRESENTATION_CONTEXT ( 'NONE', 'WORKASPACE' ) );
#2607 = FILL_AREA_STYLE_COLOUR ( '', #6809 ) ;
#2608 = CARTESIAN_POINT ( 'NONE',  ( -28.82731649811005781, -18.28388708950198804, -0.2449552275043978544 ) ) ;
#2609 = VERTEX_POINT ( 'NONE', #5562 ) ;
#2610 = VERTEX_POINT ( 'NONE', #395 ) ;
#2611 = EDGE_CURVE ( 'NONE', #1257, #2634, #3437, .T. ) ;
#2612 = LINE ( 'NONE', #2705, #1605 ) ;
#2613 = SURFACE_SIDE_STYLE ('',( #4815 ) ) ;
#2614 = LINE ( 'NONE', #7028, #3200 ) ;
#2615 =( LENGTH_UNIT ( ) NAMED_UNIT ( * ) SI_UNIT ( .MILLI., .METRE. ) );
#2616 = CARTESIAN_POINT ( 'NONE',  ( -47.68039062757600988, -16.50398703403563871, -1.264999999999999902 ) ) ;
#2617 = COLOUR_RGB ( '',0.7529411764705882248, 0.7529411764705882248, 0.7529411764705882248 ) ;
#2618 = STYLED_ITEM ( 'NONE', ( #2165 ), #7379 ) ;
#2619 = EDGE_CURVE ( 'NONE', #3635, #651, #8953, .T. ) ;
#2620 = UNCERTAINTY_MEASURE_WITH_UNIT (LENGTH_MEASURE( 1.000000000000000082E-05 ), #1570, 'distance_accuracy_value', 'NONE');
#2621 = ORIENTED_EDGE ( 'NONE', *, *, #1108, .T. ) ;
#2622 = ORIENTED_EDGE ( 'NONE', *, *, #9154, .F. ) ;
#2623 =( NAMED_UNIT ( * ) PLANE_ANGLE_UNIT ( ) SI_UNIT ( $, .RADIAN. ) );
#2624 = STYLED_ITEM ( 'NONE', ( #5817 ), #7158 ) ;
#2625 = PRESENTATION_LAYER_ASSIGNMENT (  '', '', ( #2544 ) ) ;
#2626 = COLOUR_RGB ( '',0.000000000000000000, 0.000000000000000000, 0.000000000000000000 ) ;
#2627 =( NAMED_UNIT ( * ) SI_UNIT ( $, .STERADIAN. ) SOLID_ANGLE_UNIT ( ) );
#2628 = SURFACE_SIDE_STYLE ('',( #6821 ) ) ;
#2629 = EDGE_LOOP ( 'NONE', ( #7336, #7451 ) ) ;
#2630 =( LENGTH_UNIT ( ) NAMED_UNIT ( * ) SI_UNIT ( .MILLI., .METRE. ) );
#2631 = EDGE_CURVE ( 'NONE', #633, #271, #7563, .T. ) ;
#2632 =( GEOMETRIC_REPRESENTATION_CONTEXT ( 3 ) GLOBAL_UNCERTAINTY_ASSIGNED_CONTEXT ( ( #1873 ) ) GLOBAL_UNIT_ASSIGNED_CONTEXT ( ( #3075, #2375, #5108 ) ) REPRESENTATION_CONTEXT ( 'NONE', 'WORKASPACE' ) );
#2633 =( GEOMETRIC_REPRESENTATION_CONTEXT ( 3 ) GLOBAL_UNCERTAINTY_ASSIGNED_CONTEXT ( ( #8432 ) ) GLOBAL_UNIT_ASSIGNED_CONTEXT ( ( #337, #7467, #2500 ) ) REPRESENTATION_CONTEXT ( 'NONE', 'WORKASPACE' ) );
#2634 = VERTEX_POINT ( 'NONE', #6885 ) ;
#2635 = PRESENTATION_LAYER_ASSIGNMENT (  '', '', ( #3680 ) ) ;
#2636 = STYLED_ITEM ( 'NONE', ( #961 ), #3036 ) ;
#2637 = EDGE_CURVE ( 'NONE', #5357, #984, #8998, .T. ) ;
#2638 = LINE ( 'NONE', #8325, #6893 ) ;
#2639 = DIRECTION ( 'NONE',  ( -0.000000000000000000, 1.000000000000000000, 0.000000000000000000 ) ) ;
#2640 = EDGE_CURVE ( 'NONE', #8169, #7355, #3529, .T. ) ;
#2641 = DIRECTION ( 'NONE',  ( 0.000000000000000000, -1.000000000000000000, -1.047444401652940007E-14 ) ) ;
#2642 =( GEOMETRIC_REPRESENTATION_CONTEXT ( 3 ) GLOBAL_UNCERTAINTY_ASSIGNED_CONTEXT ( ( #8631 ) ) GLOBAL_UNIT_ASSIGNED_CONTEXT ( ( #1019, #6513, #5847 ) ) REPRESENTATION_CONTEXT ( 'NONE', 'WORKASPACE' ) );
#2643 =( NAMED_UNIT ( * ) SI_UNIT ( $, .STERADIAN. ) SOLID_ANGLE_UNIT ( ) );
#2644 =( LENGTH_UNIT ( ) NAMED_UNIT ( * ) SI_UNIT ( .MILLI., .METRE. ) );
#2645 = VERTEX_POINT ( 'NONE', #768 ) ;
#2646 =( LENGTH_UNIT ( ) NAMED_UNIT ( * ) SI_UNIT ( .MILLI., .METRE. ) );
#2647 = VERTEX_POINT ( 'NONE', #5740 ) ;
#2648 = CARTESIAN_POINT ( 'NONE',  ( -24.58039062757600846, -16.50398703403563871, -1.264999999999999902 ) ) ;
#2649 = FACE_OUTER_BOUND ( 'NONE', #2977, .T. ) ;
#2650 = UNCERTAINTY_MEASURE_WITH_UNIT (LENGTH_MEASURE( 1.000000000000000082E-05 ), #5651, 'distance_accuracy_value', 'NONE');
#2651 = MECHANICAL_DESIGN_GEOMETRIC_PRESENTATION_REPRESENTATION (  '', ( #566 ), #7896 ) ;
#2652 = SURFACE_SIDE_STYLE ('',( #2836 ) ) ;
#2653 = CARTESIAN_POINT ( 'NONE',  ( -40.94731649811006235, -17.05636897394360219, -1.250249856270432947 ) ) ;
#2654 = PRESENTATION_STYLE_ASSIGNMENT (( #9051 ) ) ;
#2655 = ORIENTED_EDGE ( 'NONE', *, *, #7714, .F. ) ;
#2656 = ORIENTED_EDGE ( 'NONE', *, *, #1721, .T. ) ;
#2657 = SURFACE_STYLE_FILL_AREA ( #8345 ) ;
#2658 = CARTESIAN_POINT ( 'NONE',  ( -45.88039062757600561, -16.50398703403563871, -1.264999999999999902 ) ) ;
#2659 = CARTESIAN_POINT ( 'NONE',  ( -20.98039062757600703, -16.50398703403563871, -0.2449999999999997735 ) ) ;
#2660 =( NAMED_UNIT ( * ) PLANE_ANGLE_UNIT ( ) SI_UNIT ( $, .RADIAN. ) );
#2661 = EDGE_CURVE ( 'NONE', #9042, #1856, #2120, .T. ) ;
#2662 = ORIENTED_EDGE ( 'NONE', *, *, #3373, .F. ) ;
#2663 = ORIENTED_EDGE ( 'NONE', *, *, #6266, .T. ) ;
#2664 = ORIENTED_EDGE ( 'NONE', *, *, #3880, .F. ) ;
#2665 = LINE ( 'NONE', #6255, #4210 ) ;
#2666 = CARTESIAN_POINT ( 'NONE',  ( -36.49090250368526256, -14.00398703403564227, 1.205000000000000071 ) ) ;
#2667 = LINE ( 'NONE', #6257, #4141 ) ;
#2668 = CYLINDRICAL_SURFACE ( 'NONE', #9117, 0.2539999999999972835 ) ;
#2669 = CARTESIAN_POINT ( 'NONE',  ( -38.08811990792612079, 7.201313140623239129, 1.218800000000076267 ) ) ;
#2670 = FACE_OUTER_BOUND ( 'NONE', #6756, .T. ) ;
#2671 = ORIENTED_EDGE ( 'NONE', *, *, #1008, .T. ) ;
#2672 = FACE_OUTER_BOUND ( 'NONE', #5034, .T. ) ;
#2673 = CARTESIAN_POINT ( 'NONE',  ( -44.88039062757600561, -16.50398703403563871, -1.264999999999999902 ) ) ;
#2674 = ORIENTED_EDGE ( 'NONE', *, *, #23, .T. ) ;
#2675 = AXIS2_PLACEMENT_3D ( 'NONE', #1601, #2904, #5772 ) ;
#2676 =( LENGTH_UNIT ( ) NAMED_UNIT ( * ) SI_UNIT ( .MILLI., .METRE. ) );
#2677 = SURFACE_SIDE_STYLE ('',( #530 ) ) ;
#2678 = PRESENTATION_LAYER_ASSIGNMENT (  '', '', ( #4327 ) ) ;
#2679 =( NAMED_UNIT ( * ) SI_UNIT ( $, .STERADIAN. ) SOLID_ANGLE_UNIT ( ) );
#2680 = PLANE ( 'NONE',  #5735 ) ;
#2681 = STYLED_ITEM ( 'NONE', ( #7296 ), #4699 ) ;
#2682 = UNCERTAINTY_MEASURE_WITH_UNIT (LENGTH_MEASURE( 1.000000000000000082E-05 ), #683, 'distance_accuracy_value', 'NONE');
#2683 = PRESENTATION_STYLE_ASSIGNMENT (( #5690 ) ) ;
#2684 = PRESENTATION_STYLE_ASSIGNMENT (( #4899 ) ) ;
#2685 = ADVANCED_FACE ( 'NONE', ( #5087 ), #4195, .F. ) ;
#2686 = DIRECTION ( 'NONE',  ( -1.000000000000000000, 0.000000000000000000, -0.000000000000000000 ) ) ;
#2687 = CARTESIAN_POINT ( 'NONE',  ( -30.73130966308335132, 6.995323385466003074, 1.472800000000074938 ) ) ;
#2688 =( GEOMETRIC_REPRESENTATION_CONTEXT ( 3 ) GLOBAL_UNCERTAINTY_ASSIGNED_CONTEXT ( ( #1156 ) ) GLOBAL_UNIT_ASSIGNED_CONTEXT ( ( #7046, #9180, #1417 ) ) REPRESENTATION_CONTEXT ( 'NONE', 'WORKASPACE' ) );
#2689 = AXIS2_PLACEMENT_3D ( 'NONE', #3870, #6657, #7383 ) ;
#2690 = ORIENTED_EDGE ( 'NONE', *, *, #5780, .F. ) ;
#2691 = AXIS2_PLACEMENT_3D ( 'NONE', #538, #3394, #3296 ) ;
#2692 = ORIENTED_EDGE ( 'NONE', *, *, #1164, .F. ) ;
#2693 = FILL_AREA_STYLE_COLOUR ( '', #7930 ) ;
#2694 = CARTESIAN_POINT ( 'NONE',  ( -23.78039062757601130, 7.056012965964359118, -1.264999999999999902 ) ) ;
#2695 = AXIS2_PLACEMENT_3D ( 'NONE', #3285, #4837, #7505 ) ;
#2696 = FILL_AREA_STYLE_COLOUR ( '', #4628 ) ;
#2697 = LINE ( 'NONE', #2077, #4734 ) ;
#2698 = CYLINDRICAL_SURFACE ( 'NONE', #7794, 1.000000000000000888 ) ;
#2699 =( GEOMETRIC_REPRESENTATION_CONTEXT ( 3 ) GLOBAL_UNCERTAINTY_ASSIGNED_CONTEXT ( ( #2307 ) ) GLOBAL_UNIT_ASSIGNED_CONTEXT ( ( #2536, #4077, #1218 ) ) REPRESENTATION_CONTEXT ( 'NONE', 'WORKASPACE' ) );
#2700 = DIRECTION ( 'NONE',  ( 0.000000000000000000, 0.000000000000000000, 1.000000000000000000 ) ) ;
#2701 = CARTESIAN_POINT ( 'NONE',  ( -45.88039062757600561, -16.50398703403563871, -0.2349999999999997369 ) ) ;
#2702 = ORIENTED_EDGE ( 'NONE', *, *, #5086, .F. ) ;
#2703 = ORIENTED_EDGE ( 'NONE', *, *, #3019, .F. ) ;
#2704 = ADVANCED_FACE ( 'NONE', ( #6414 ), #1333, .F. ) ;
#2705 = CARTESIAN_POINT ( 'NONE',  ( -34.33039062757600846, 3.166012965964347003, 1.255000000000000115 ) ) ;
#2706 =( LENGTH_UNIT ( ) NAMED_UNIT ( * ) SI_UNIT ( .MILLI., .METRE. ) );
#2707 = CARTESIAN_POINT ( 'NONE',  ( -22.78039062757601130, -16.50398703403563871, -1.264999999999999902 ) ) ;
#2708 =( BOUNDED_CURVE ( )  B_SPLINE_CURVE ( 3, ( #5303, #1733, #1777, #4595 ),
 .UNSPECIFIED., .F., .F. ) 
 B_SPLINE_CURVE_WITH_KNOTS ( ( 4, 4 ),
 ( 1.570796326794896780, 3.141592653589790007 ),
 .UNSPECIFIED. ) 
 CURVE ( )  GEOMETRIC_REPRESENTATION_ITEM ( )  RATIONAL_B_SPLINE_CURVE ( ( 1.000000000000000000, 0.8047378541243658256, 0.8047378541243658256, 1.000000000000000000 ) ) 
 REPRESENTATION_ITEM ( '' )  );
#2709 = DIRECTION ( 'NONE',  ( 1.000000000000000000, 0.000000000000000000, 0.000000000000000000 ) ) ;
#2710 = VERTEX_POINT ( 'NONE', #1523 ) ;
#2711 = UNCERTAINTY_MEASURE_WITH_UNIT (LENGTH_MEASURE( 1.000000000000000082E-05 ), #3144, 'distance_accuracy_value', 'NONE');
#2712 = ORIENTED_EDGE ( 'NONE', *, *, #7967, .F. ) ;
#2713 = ORIENTED_EDGE ( 'NONE', *, *, #9003, .F. ) ;
#2714 = LINE ( 'NONE', #2052, #5281 ) ;
#2715 = FILL_AREA_STYLE ('',( #7823 ) ) ;
#2716 = CARTESIAN_POINT ( 'NONE',  ( -39.21211990792613022, 7.258463140623345744, -9.372999999999922949 ) ) ;
#2717 = EDGE_CURVE ( 'NONE', #1148, #6435, #3538, .T. ) ;
#2718 =( NAMED_UNIT ( * ) SI_UNIT ( $, .STERADIAN. ) SOLID_ANGLE_UNIT ( ) );
#2719 = LINE ( 'NONE', #6956, #1706 ) ;
#2720 = DIRECTION ( 'NONE',  ( -0.000000000000000000, 1.000000000000000000, 0.000000000000000000 ) ) ;
#2721 = CARTESIAN_POINT ( 'NONE',  ( -41.82731649811005781, -11.62398703403563793, 1.215000000000000080 ) ) ;
#2722 = EDGE_LOOP ( 'NONE', ( #4586, #542, #2690, #2663 ) ) ;
#2723 = MECHANICAL_DESIGN_GEOMETRIC_PRESENTATION_REPRESENTATION (  '', ( #8684 ), #8526 ) ;
#2724 = AXIS2_PLACEMENT_3D ( 'NONE', #7350, #282, #3038 ) ;
#2725 = PRESENTATION_STYLE_ASSIGNMENT (( #3468 ) ) ;
#2726 = VECTOR ( 'NONE', #197, 1000.000000000000000 ) ;
#2727 = EDGE_CURVE ( 'NONE', #2647, #8637, #7367, .T. ) ;
#2728 = SURFACE_SIDE_STYLE ('',( #1374 ) ) ;
#2729 = MECHANICAL_DESIGN_GEOMETRIC_PRESENTATION_REPRESENTATION (  '', ( #6116 ), #2876 ) ;
#2730 =( NAMED_UNIT ( * ) SI_UNIT ( $, .STERADIAN. ) SOLID_ANGLE_UNIT ( ) );
#2731 = VECTOR ( 'NONE', #3106, 1000.000000000000000 ) ;
#2732 = SURFACE_STYLE_FILL_AREA ( #1146 ) ;
#2733 =( NAMED_UNIT ( * ) PLANE_ANGLE_UNIT ( ) SI_UNIT ( $, .RADIAN. ) );
#2734 = VECTOR ( 'NONE', #3119, 1000.000000000000000 ) ;
#2735 =( NAMED_UNIT ( * ) PLANE_ANGLE_UNIT ( ) SI_UNIT ( $, .RADIAN. ) );
#2736 = EDGE_CURVE ( 'NONE', #5821, #6136, #8059, .T. ) ;
#2737 = EDGE_LOOP ( 'NONE', ( #3881, #3791, #7437, #8638 ) ) ;
#2738 = EDGE_CURVE ( 'NONE', #6198, #924, #3149, .T. ) ;
#2739 = CARTESIAN_POINT ( 'NONE',  ( -40.82731649811005781, -17.69795780918340000, -1.051763686027078259 ) ) ;
#2740 = ORIENTED_EDGE ( 'NONE', *, *, #2717, .F. ) ;
#2741 = ORIENTED_EDGE ( 'NONE', *, *, #1071, .T. ) ;
#2742 = VECTOR ( 'NONE', #3996, 1000.000000000000000 ) ;
#2743 = CARTESIAN_POINT ( 'NONE',  ( -27.82731649811005781, -16.30398703403564653, -0.2449999999999997735 ) ) ;
#2744 = SURFACE_STYLE_FILL_AREA ( #4200 ) ;
#2745 = DIRECTION ( 'NONE',  ( -0.000000000000000000, -0.000000000000000000, -1.000000000000000000 ) ) ;
#2746 = CARTESIAN_POINT ( 'NONE',  ( -33.12246990792611712, 7.258463140623347520, -9.372999999999922949 ) ) ;
#2747 =( LENGTH_UNIT ( ) NAMED_UNIT ( * ) SI_UNIT ( .MILLI., .METRE. ) );
#2748 = CARTESIAN_POINT ( 'NONE',  ( -40.82731649811006491, -17.69795780918340000, -1.051763686027078482 ) ) ;
#2749 = FILL_AREA_STYLE ('',( #2607 ) ) ;
#2750 = CARTESIAN_POINT ( 'NONE',  ( -39.21211990792613022, 7.144163140623349229, -9.372999999999922949 ) ) ;
#2751 = COLOUR_RGB ( '',1.000000000000000000, 0.5019607843137254832, 0.000000000000000000 ) ;
#2752 = PRESENTATION_LAYER_ASSIGNMENT (  '', '', ( #7102 ) ) ;
#2753 = ORIENTED_EDGE ( 'NONE', *, *, #4570, .T. ) ;
#2754 = EDGE_CURVE ( 'NONE', #2610, #3170, #6643, .T. ) ;
#2755 = ORIENTED_EDGE ( 'NONE', *, *, #401, .T. ) ;
#2756 = DIRECTION ( 'NONE',  ( 0.000000000000000000, 0.000000000000000000, 1.000000000000000000 ) ) ;
#2757 = DIRECTION ( 'NONE',  ( 0.000000000000000000, -0.000000000000000000, -1.000000000000000000 ) ) ;
#2758 = STYLED_ITEM ( 'NONE', ( #4443 ), #8769 ) ;
#2759 = FILL_AREA_STYLE_COLOUR ( '', #6959 ) ;
#2760 = DIRECTION ( 'NONE',  ( 0.000000000000000000, 1.000000000000000000, -0.000000000000000000 ) ) ;
#2761 = ADVANCED_FACE ( 'NONE', ( #1620 ), #262, .F. ) ;
#2762 = CARTESIAN_POINT ( 'NONE',  ( -32.75416990792612637, 6.890163140623351445, -9.118999999999921613 ) ) ;
#2763 = EDGE_LOOP ( 'NONE', ( #3699, #6528, #6653, #6415 ) ) ;
#2764 = VERTEX_POINT ( 'NONE', #8757 ) ;
#2765 = ORIENTED_EDGE ( 'NONE', *, *, #3153, .F. ) ;
#2766 = CARTESIAN_POINT ( 'NONE',  ( -29.45851990792611730, 6.032913140623286985, -3.530999999999936634 ) ) ;
#2767 = LINE ( 'NONE', #8270, #1017 ) ;
#2768 =( BOUNDED_CURVE ( )  B_SPLINE_CURVE ( 3, ( #1270, #6303, #4132, #7006 ),
 .UNSPECIFIED., .F., .F. ) 
 B_SPLINE_CURVE_WITH_KNOTS ( ( 4, 4 ),
 ( 1.570796326794896780, 3.141592653589776241 ),
 .UNSPECIFIED. ) 
 CURVE ( )  GEOMETRIC_REPRESENTATION_ITEM ( )  RATIONAL_B_SPLINE_CURVE ( ( 1.000000000000000000, 0.8047378541243690453, 0.8047378541243690453, 1.000000000000000000 ) ) 
 REPRESENTATION_ITEM ( '' )  );
#2769 = CARTESIAN_POINT ( 'NONE',  ( -21.08039062757600846, 5.256012965964359296, -0.2449999999999999956 ) ) ;
#2770 = DIRECTION ( 'NONE',  ( 0.000000000000000000, 0.000000000000000000, 1.000000000000000000 ) ) ;
#2771 = CARTESIAN_POINT ( 'NONE',  ( -41.82731649811005781, -16.30398703403564653, -1.245000000000000107 ) ) ;
#2772 = CARTESIAN_POINT ( 'NONE',  ( -38.45646990792611319, 6.890163140623347893, -9.118999999999925166 ) ) ;
#2773 = MECHANICAL_DESIGN_GEOMETRIC_PRESENTATION_REPRESENTATION (  '', ( #4868 ), #7863 ) ;
#2774 = DIRECTION ( 'NONE',  ( 0.000000000000000000, 0.000000000000000000, 1.000000000000000000 ) ) ;
#2775 = ORIENTED_EDGE ( 'NONE', *, *, #1785, .T. ) ;
#2776 = STYLED_ITEM ( 'NONE', ( #5967 ), #6782 ) ;
#2777 = MECHANICAL_DESIGN_GEOMETRIC_PRESENTATION_REPRESENTATION (  '', ( #6240 ), #5036 ) ;
#2778 = FILL_AREA_STYLE_COLOUR ( '', #3706 ) ;
#2779 = DIRECTION ( 'NONE',  ( 0.000000000000000000, 1.000000000000000000, 1.047444401652940007E-14 ) ) ;
#2780 = SURFACE_STYLE_FILL_AREA ( #6312 ) ;
#2781 = UNCERTAINTY_MEASURE_WITH_UNIT (LENGTH_MEASURE( 1.000000000000000082E-05 ), #5700, 'distance_accuracy_value', 'NONE');
#2782 =( GEOMETRIC_REPRESENTATION_CONTEXT ( 3 ) GLOBAL_UNCERTAINTY_ASSIGNED_CONTEXT ( ( #5687 ) ) GLOBAL_UNIT_ASSIGNED_CONTEXT ( ( #3548, #2850, #8530 ) ) REPRESENTATION_CONTEXT ( 'NONE', 'WORKASPACE' ) );
#2783 = COLOUR_RGB ( '',1.000000000000000000, 0.5019607843137254832, 0.000000000000000000 ) ;
#2784 = CARTESIAN_POINT ( 'NONE',  ( -37.83416990792611756, 6.890163140623350557, -9.118999999999918060 ) ) ;
#2785 = SURFACE_SIDE_STYLE ('',( #3570 ) ) ;
#2786 = EDGE_CURVE ( 'NONE', #3649, #6267, #5977, .T. ) ;
#2787 = PRESENTATION_LAYER_ASSIGNMENT (  '', '', ( #1447 ) ) ;
#2788 = PRESENTATION_STYLE_ASSIGNMENT (( #721 ) ) ;
#2789 = ORIENTED_EDGE ( 'NONE', *, *, #4908, .F. ) ;
#2790 = ORIENTED_EDGE ( 'NONE', *, *, #2855, .F. ) ;
#2791 =( LENGTH_UNIT ( ) NAMED_UNIT ( * ) SI_UNIT ( .MILLI., .METRE. ) );
#2792 = VECTOR ( 'NONE', #645, 1000.000000000000000 ) ;
#2793 = PRESENTATION_STYLE_ASSIGNMENT (( #6370 ) ) ;
#2794 = DIRECTION ( 'NONE',  ( -0.000000000000000000, 1.000000000000000000, 1.047444401652940007E-14 ) ) ;
#2795 = CARTESIAN_POINT ( 'NONE',  ( -40.94731649811006235, -18.28136185513362477, -0.3668299596730744683 ) ) ;
#2796 = PRESENTATION_STYLE_ASSIGNMENT (( #5750 ) ) ;
#2797 = CARTESIAN_POINT ( 'NONE',  ( -28.82731649811006136, -18.25679195885846795, -0.4738175444318649121 ) ) ;
#2798 = VERTEX_POINT ( 'NONE', #8108 ) ;
#2799 = EDGE_LOOP ( 'NONE', ( #7539, #4469, #3459, #8450, #1599, #2819 ) ) ;
#2800 = PRESENTATION_LAYER_ASSIGNMENT (  '', '', ( #6862 ) ) ;
#2801 = SURFACE_STYLE_USAGE ( .BOTH. , #5758 ) ;
#2802 = EDGE_CURVE ( 'NONE', #8415, #7075, #1662, .T. ) ;
#2803 = DIRECTION ( 'NONE',  ( 1.000000000000000000, 0.000000000000000000, 0.000000000000000000 ) ) ;
#2804 = EDGE_LOOP ( 'NONE', ( #2007, #1360, #5345, #511 ) ) ;
#2805 = EDGE_CURVE ( 'NONE', #5626, #5997, #7344, .T. ) ;
#2806 = ORIENTED_EDGE ( 'NONE', *, *, #1046, .F. ) ;
#2807 = VECTOR ( 'NONE', #3768, 1000.000000000000000 ) ;
#2808 = VERTEX_POINT ( 'NONE', #2265 ) ;
#2809 = ORIENTED_EDGE ( 'NONE', *, *, #4301, .T. ) ;
#2810 = LINE ( 'NONE', #9068, #3385 ) ;
#2811 = DIRECTION ( 'NONE',  ( 0.000000000000000000, 1.047444401652940007E-14, -1.000000000000000000 ) ) ;
#2812 =( NAMED_UNIT ( * ) PLANE_ANGLE_UNIT ( ) SI_UNIT ( $, .RADIAN. ) );
#2813 =( LENGTH_UNIT ( ) NAMED_UNIT ( * ) SI_UNIT ( .MILLI., .METRE. ) );
#2814 =( LENGTH_UNIT ( ) NAMED_UNIT ( * ) SI_UNIT ( .MILLI., .METRE. ) );
#2815 = VECTOR ( 'NONE', #2440, 1000.000000000000000 ) ;
#2816 = DIRECTION ( 'NONE',  ( 0.000000000000000000, 0.000000000000000000, 1.000000000000000000 ) ) ;
#2817 = ORIENTED_EDGE ( 'NONE', *, *, #3221, .T. ) ;
#2818 = EDGE_CURVE ( 'NONE', #6570, #3502, #1666, .T. ) ;
#2819 = ORIENTED_EDGE ( 'NONE', *, *, #7909, .F. ) ;
#2820 =( NAMED_UNIT ( * ) SI_UNIT ( $, .STERADIAN. ) SOLID_ANGLE_UNIT ( ) );
#2821 = LINE ( 'NONE', #716, #1988 ) ;
#2822 = SURFACE_SIDE_STYLE ('',( #7100 ) ) ;
#2823 = DIRECTION ( 'NONE',  ( 0.000000000000000000, 0.000000000000000000, 1.000000000000000000 ) ) ;
#2824 = SURFACE_STYLE_USAGE ( .BOTH. , #2262 ) ;
#2825 = FACE_OUTER_BOUND ( 'NONE', #898, .T. ) ;
#2826 = DIRECTION ( 'NONE',  ( 0.000000000000000000, 0.000000000000000000, 1.000000000000000000 ) ) ;
#2827 = VERTEX_POINT ( 'NONE', #7288 ) ;
#2828 = STYLED_ITEM ( 'NONE', ( #4470 ), #48 ) ;
#2829 = LINE ( 'NONE', #7707, #4482 ) ;
#2830 = STYLED_ITEM ( 'NONE', ( #9130 ), #249 ) ;
#2831 = CARTESIAN_POINT ( 'NONE',  ( -47.08039062757600846, 4.756012965964352190, 1.255000000000000115 ) ) ;
#2832 = LINE ( 'NONE', #2124, #544 ) ;
#2833 = CARTESIAN_POINT ( 'NONE',  ( -39.21211990792613022, 7.258463140623345744, -9.118999999999921613 ) ) ;
#2834 = EDGE_CURVE ( 'NONE', #651, #7763, #168, .T. ) ;
#2835 = UNCERTAINTY_MEASURE_WITH_UNIT (LENGTH_MEASURE( 1.000000000000000082E-05 ), #8863, 'distance_accuracy_value', 'NONE');
#2836 = SURFACE_STYLE_FILL_AREA ( #1340 ) ;
#2837 = DIRECTION ( 'NONE',  ( -0.000000000000000000, -0.000000000000000000, -1.000000000000000000 ) ) ;
#2838 = CARTESIAN_POINT ( 'NONE',  ( -35.54811990792612164, 7.144113140623235658, 1.472800000000074272 ) ) ;
#2839 = CARTESIAN_POINT ( 'NONE',  ( -39.21211990792613022, 6.032913140623324288, -3.530999999999936634 ) ) ;
#2840 = FILL_AREA_STYLE ('',( #3634 ) ) ;
#2841 =( GEOMETRIC_REPRESENTATION_CONTEXT ( 3 ) GLOBAL_UNCERTAINTY_ASSIGNED_CONTEXT ( ( #8558 ) ) GLOBAL_UNIT_ASSIGNED_CONTEXT ( ( #582, #2733, #2024 ) ) REPRESENTATION_CONTEXT ( 'NONE', 'WORKASPACE' ) );
#2842 = ORIENTED_EDGE ( 'NONE', *, *, #3555, .T. ) ;
#2843 = ORIENTED_EDGE ( 'NONE', *, *, #6266, .F. ) ;
#2844 = MECHANICAL_DESIGN_GEOMETRIC_PRESENTATION_REPRESENTATION (  '', ( #7478 ), #4342 ) ;
#2845 = DIRECTION ( 'NONE',  ( 1.000000000000000000, 0.000000000000000000, 0.000000000000000000 ) ) ;
#2846 =( GEOMETRIC_REPRESENTATION_CONTEXT ( 3 ) GLOBAL_UNCERTAINTY_ASSIGNED_CONTEXT ( ( #494 ) ) GLOBAL_UNIT_ASSIGNED_CONTEXT ( ( #2267, #8517, #2927 ) ) REPRESENTATION_CONTEXT ( 'NONE', 'WORKASPACE' ) );
#2847 = CARTESIAN_POINT ( 'NONE',  ( -32.75411990792613182, 6.890113140623237875, 1.218800000000072270 ) ) ;
#2848 = STYLED_ITEM ( 'NONE', ( #3556 ), #5077 ) ;
#2849 =( NAMED_UNIT ( * ) SI_UNIT ( $, .STERADIAN. ) SOLID_ANGLE_UNIT ( ) );
#2850 =( NAMED_UNIT ( * ) PLANE_ANGLE_UNIT ( ) SI_UNIT ( $, .RADIAN. ) );
#2851 = FACE_OUTER_BOUND ( 'NONE', #753, .T. ) ;
#2852 = ORIENTED_EDGE ( 'NONE', *, *, #4364, .T. ) ;
#2853 = PRESENTATION_LAYER_ASSIGNMENT (  '', '', ( #4953 ) ) ;
#2854 = ORIENTED_EDGE ( 'NONE', *, *, #4924, .F. ) ;
#2855 = EDGE_CURVE ( 'NONE', #5587, #8777, #713, .T. ) ;
#2856 = ORIENTED_EDGE ( 'NONE', *, *, #7860, .F. ) ;
#2857 = ORIENTED_EDGE ( 'NONE', *, *, #5567, .T. ) ;
#2858 = MECHANICAL_DESIGN_GEOMETRIC_PRESENTATION_REPRESENTATION (  '', ( #5415 ), #611 ) ;
#2859 =( NAMED_UNIT ( * ) SI_UNIT ( $, .STERADIAN. ) SOLID_ANGLE_UNIT ( ) );
#2860 = FACE_OUTER_BOUND ( 'NONE', #5987, .T. ) ;
#2861 = CARTESIAN_POINT ( 'NONE',  ( -37.83416990792611756, 6.890163140623350557, -3.530999999999928196 ) ) ;
#2862 = CARTESIAN_POINT ( 'NONE',  ( -39.21211990792613022, 7.512463140623287572, -3.530999999999921091 ) ) ;
#2863 = VERTEX_POINT ( 'NONE', #7650 ) ;
#2864 = ORIENTED_EDGE ( 'NONE', *, *, #5212, .F. ) ;
#2865 = CARTESIAN_POINT ( 'NONE',  ( -41.82731649811005781, -11.62398703403563793, 1.205000000000000071 ) ) ;
#2866 = FILL_AREA_STYLE_COLOUR ( '', #3382 ) ;
#2867 = SURFACE_STYLE_USAGE ( .BOTH. , #2728 ) ;
#2868 = FILL_AREA_STYLE_COLOUR ( '', #803 ) ;
#2869 =( NAMED_UNIT ( * ) PLANE_ANGLE_UNIT ( ) SI_UNIT ( $, .RADIAN. ) );
#2870 = ADVANCED_FACE ( 'NONE', ( #6827 ), #8283, .F. ) ;
#2871 = PRESENTATION_STYLE_ASSIGNMENT (( #4942 ) ) ;
#2872 = DIRECTION ( 'NONE',  ( 1.000000000000000000, 0.000000000000000000, 0.000000000000000000 ) ) ;
#2873 = COLOUR_RGB ( '',1.000000000000000000, 0.5019607843137254832, 0.000000000000000000 ) ;
#2874 =( NAMED_UNIT ( * ) PLANE_ANGLE_UNIT ( ) SI_UNIT ( $, .RADIAN. ) );
#2875 = VERTEX_POINT ( 'NONE', #5508 ) ;
#2876 =( GEOMETRIC_REPRESENTATION_CONTEXT ( 3 ) GLOBAL_UNCERTAINTY_ASSIGNED_CONTEXT ( ( #3217 ) ) GLOBAL_UNIT_ASSIGNED_CONTEXT ( ( #1091, #8783, #418 ) ) REPRESENTATION_CONTEXT ( 'NONE', 'WORKASPACE' ) );
#2877 = CARTESIAN_POINT ( 'NONE',  ( -30.58246990792611797, 7.201313140623350151, -9.372999999999922949 ) ) ;
#2878 = CARTESIAN_POINT ( 'NONE',  ( -30.73130966308335132, 7.407302895780472518, 1.472800000000078713 ) ) ;
#2879 =( GEOMETRIC_REPRESENTATION_CONTEXT ( 3 ) GLOBAL_UNCERTAINTY_ASSIGNED_CONTEXT ( ( #6710 ) ) GLOBAL_UNIT_ASSIGNED_CONTEXT ( ( #2706, #2045, #7767 ) ) REPRESENTATION_CONTEXT ( 'NONE', 'WORKASPACE' ) );
#2880 = CARTESIAN_POINT ( 'NONE',  ( -35.91646990792611405, 7.512463140623347080, -9.118999999999923389 ) ) ;
#2881 = DIRECTION ( 'NONE',  ( 0.000000000000000000, 0.9896714663085257602, -0.1433540678694974202 ) ) ;
#2882 = CARTESIAN_POINT ( 'NONE',  ( -28.82731649811005781, -16.30398703403564653, -1.245189567241619555 ) ) ;
#2883 = PLANE ( 'NONE',  #1127 ) ;
#2884 = CARTESIAN_POINT ( 'NONE',  ( -47.68039062757600988, -18.30398703403564653, -0.2449999999999997735 ) ) ;
#2885 = DIRECTION ( 'NONE',  ( 4.535567304416304610E-15, 2.618611004132556304E-15, -1.000000000000000000 ) ) ;
#2886 = ORIENTED_EDGE ( 'NONE', *, *, #8021, .F. ) ;
#2887 = VERTEX_POINT ( 'NONE', #8364 ) ;
#2888 = AXIS2_PLACEMENT_3D ( 'NONE', #5883, #8611, #2212 ) ;
#2889 = MECHANICAL_DESIGN_GEOMETRIC_PRESENTATION_REPRESENTATION (  '', ( #1239 ), #5151 ) ;
#2890 = COLOUR_RGB ( '',0.7529411764705882248, 0.7529411764705882248, 0.7529411764705882248 ) ;
#2891 = SURFACE_STYLE_FILL_AREA ( #49 ) ;
#2892 = FILL_AREA_STYLE_COLOUR ( '', #4097 ) ;
#2893 =( NAMED_UNIT ( * ) SI_UNIT ( $, .STERADIAN. ) SOLID_ANGLE_UNIT ( ) );
#2894 = MECHANICAL_DESIGN_GEOMETRIC_PRESENTATION_REPRESENTATION (  '', ( #1399 ), #3644 ) ;
#2895 = AXIS2_PLACEMENT_3D ( 'NONE', #5010, #4337, #9246 ) ;
#2896 = SURFACE_SIDE_STYLE ('',( #4967 ) ) ;
#2897 = ORIENTED_EDGE ( 'NONE', *, *, #1210, .T. ) ;
#2898 = ORIENTED_EDGE ( 'NONE', *, *, #2517, .F. ) ;
#2899 = ADVANCED_FACE ( 'NONE', ( #341 ), #428, .T. ) ;
#2900 = PRESENTATION_LAYER_ASSIGNMENT (  '', '', ( #8259 ) ) ;
#2901 = EDGE_LOOP ( 'NONE', ( #3978, #7811, #6445, #4653 ) ) ;
#2902 = ORIENTED_EDGE ( 'NONE', *, *, #3420, .T. ) ;
#2903 = CARTESIAN_POINT ( 'NONE',  ( -24.58039062757600846, 7.056012965964359118, -1.264999999999999902 ) ) ;
#2904 = DIRECTION ( 'NONE',  ( 0.000000000000000000, 1.000000000000000000, 1.047444401652940007E-14 ) ) ;
#2905 =( NAMED_UNIT ( * ) PLANE_ANGLE_UNIT ( ) SI_UNIT ( $, .RADIAN. ) );
#2906 = CARTESIAN_POINT ( 'NONE',  ( -34.36071990792594022, 6.540913140623145772, -1.244999999999933715 ) ) ;
#2907 = CARTESIAN_POINT ( 'NONE',  ( -29.82734586157200241, -14.00398703403564049, 1.209999965707260872 ) ) ;
#2908 = EDGE_CURVE ( 'NONE', #2827, #4365, #2936, .T. ) ;
#2909 = CARTESIAN_POINT ( 'NONE',  ( -27.82731649811006136, -3.003987034035643600, 1.215000000000000080 ) ) ;
#2910 = ORIENTED_EDGE ( 'NONE', *, *, #6433, .F. ) ;
#2911 = ORIENTED_EDGE ( 'NONE', *, *, #7026, .T. ) ;
#2912 = DIRECTION ( 'NONE',  ( 0.4999999999999999445, -0.8660254037844385966, 0.000000000000000000 ) ) ;
#2913 = DIRECTION ( 'NONE',  ( 0.000000000000000000, 0.000000000000000000, 1.000000000000000000 ) ) ;
#2914 =( GEOMETRIC_REPRESENTATION_CONTEXT ( 3 ) GLOBAL_UNCERTAINTY_ASSIGNED_CONTEXT ( ( #6197 ) ) GLOBAL_UNIT_ASSIGNED_CONTEXT ( ( #1051, #4785, #3897 ) ) REPRESENTATION_CONTEXT ( 'NONE', 'WORKASPACE' ) );
#2915 = VECTOR ( 'NONE', #9245, 1000.000000000000000 ) ;
#2916 = CARTESIAN_POINT ( 'NONE',  ( -41.82731649811005781, -16.30398703403564653, -1.266000000000000014 ) ) ;
#2917 = PRESENTATION_STYLE_ASSIGNMENT (( #6497 ) ) ;
#2918 = ADVANCED_FACE ( 'NONE', ( #3955 ), #6778, .F. ) ;
#2919 = SURFACE_STYLE_USAGE ( .BOTH. , #7415 ) ;
#2920 = DIRECTION ( 'NONE',  ( 1.000000000000000000, 0.000000000000000000, 0.000000000000000000 ) ) ;
#2921 = SURFACE_STYLE_USAGE ( .BOTH. , #9135 ) ;
#2922 = LINE ( 'NONE', #7286, #3522 ) ;
#2923 = ADVANCED_FACE ( 'NONE', ( #2161 ), #5683, .F. ) ;
#2924 = ORIENTED_EDGE ( 'NONE', *, *, #6883, .F. ) ;
#2925 = SURFACE_STYLE_USAGE ( .BOTH. , #3675 ) ;
#2926 = ADVANCED_FACE ( 'NONE', ( #621 ), #7883, .F. ) ;
#2927 =( NAMED_UNIT ( * ) SI_UNIT ( $, .STERADIAN. ) SOLID_ANGLE_UNIT ( ) );
#2928 = STYLED_ITEM ( 'NONE', ( #6288 ), #7065 ) ;
#2929 = STYLED_ITEM ( 'NONE', ( #6739 ), #2023 ) ;
#2930 = SURFACE_STYLE_USAGE ( .BOTH. , #5005 ) ;
#2931 = STYLED_ITEM ( 'NONE', ( #1939 ), #7953 ) ;
#2932 = UNCERTAINTY_MEASURE_WITH_UNIT (LENGTH_MEASURE( 1.000000000000000082E-05 ), #6588, 'distance_accuracy_value', 'NONE');
#2933 = CARTESIAN_POINT ( 'NONE',  ( -30.21416990792612722, 7.512463140623347968, -9.118999999999918060 ) ) ;
#2934 = FILL_AREA_STYLE ('',( #86 ) ) ;
#2935 = DIRECTION ( 'NONE',  ( -0.000000000000000000, -1.000000000000000000, -0.000000000000000000 ) ) ;
#2936 = CIRCLE ( 'NONE', #871, 1.800000000000002931 ) ;
#2937 = FACE_OUTER_BOUND ( 'NONE', #2150, .T. ) ;
#2938 = ORIENTED_EDGE ( 'NONE', *, *, #8634, .F. ) ;
#2939 = EDGE_LOOP ( 'NONE', ( #8588, #4525, #4107, #1958 ) ) ;
#2940 = EDGE_CURVE ( 'NONE', #3824, #897, #4140, .T. ) ;
#2941 = PRESENTATION_LAYER_ASSIGNMENT (  '', '', ( #4134 ) ) ;
#2942 = MECHANICAL_DESIGN_GEOMETRIC_PRESENTATION_REPRESENTATION (  '', ( #689 ), #7283 ) ;
#2943 = AXIS2_PLACEMENT_3D ( 'NONE', #6845, #8913, #6925 ) ;
#2944 = STYLED_ITEM ( 'NONE', ( #1567 ), #276 ) ;
#2945 = ADVANCED_FACE ( 'NONE', ( #1277, #7009 ), #4456, .F. ) ;
#2946 = CARTESIAN_POINT ( 'NONE',  ( -30.83646990792612641, 6.890163140623287497, -9.372999999999919396 ) ) ;
#2947 = VECTOR ( 'NONE', #2756, 1000.000000000000000 ) ;
#2948 = PRESENTATION_STYLE_ASSIGNMENT (( #8678 ) ) ;
#2949 = UNCERTAINTY_MEASURE_WITH_UNIT (LENGTH_MEASURE( 1.000000000000000082E-05 ), #5885, 'distance_accuracy_value', 'NONE');
#2950 = CARTESIAN_POINT ( 'NONE',  ( -39.21211990792613022, 7.258463140623345744, -9.118999999999921613 ) ) ;
#2951 = DIRECTION ( 'NONE',  ( -1.000000000000000000, 0.000000000000000000, 0.000000000000000000 ) ) ;
#2952 = EDGE_LOOP ( 'NONE', ( #3264, #746, #6052, #461 ) ) ;
#2953 = ORIENTED_EDGE ( 'NONE', *, *, #7500, .F. ) ;
#2954 = VECTOR ( 'NONE', #6839, 1000.000000000000000 ) ;
#2955 = ORIENTED_EDGE ( 'NONE', *, *, #1673, .T. ) ;
#2956 = ORIENTED_EDGE ( 'NONE', *, *, #3536, .F. ) ;
#2957 = SURFACE_STYLE_USAGE ( .BOTH. , #1264 ) ;
#2958 = CARTESIAN_POINT ( 'NONE',  ( -30.83651990792612452, 6.890113140623235211, -1.575199999999927325 ) ) ;
#2959 = CARTESIAN_POINT ( 'NONE',  ( -39.21211990792613022, 7.258513140623238158, 1.218800000000076711 ) ) ;
#2960 = CARTESIAN_POINT ( 'NONE',  ( -45.88039062757600561, 7.056012965964359118, -1.264999999999999902 ) ) ;
#2961 = CARTESIAN_POINT ( 'NONE',  ( -37.83411990792612301, 7.512513140623235053, 1.472800000000079601 ) ) ;
#2962 = EDGE_CURVE ( 'NONE', #567, #2300, #5215, .T. ) ;
#2963 = CARTESIAN_POINT ( 'NONE',  ( -47.08039062757600846, -9.643987034035646388, 1.205000000000000071 ) ) ;
#2964 = VECTOR ( 'NONE', #6023, 1000.000000000000000 ) ;
#2965 = EDGE_LOOP ( 'NONE', ( #1808, #7818, #6457, #3553 ) ) ;
#2966 = LINE ( 'NONE', #8745, #7571 ) ;
#2967 = CARTESIAN_POINT ( 'NONE',  ( -33.00816990792611705, 7.258463140623347520, -9.372999999999921172 ) ) ;
#2968 = FILL_AREA_STYLE ('',( #1015 ) ) ;
#2969 = DIRECTION ( 'NONE',  ( -0.000000000000000000, -1.047444401652940007E-14, 1.000000000000000000 ) ) ;
#2970 = UNCERTAINTY_MEASURE_WITH_UNIT (LENGTH_MEASURE( 1.000000000000000082E-05 ), #8991, 'distance_accuracy_value', 'NONE');
#2971 = DIRECTION ( 'NONE',  ( -1.000000000000000000, -0.000000000000000000, 0.000000000000000000 ) ) ;
#2972 = DIRECTION ( 'NONE',  ( 0.000000000000000000, -1.000000000000000000, 0.000000000000000000 ) ) ;
#2973 = FACE_OUTER_BOUND ( 'NONE', #4971, .T. ) ;
#2974 = PRESENTATION_STYLE_ASSIGNMENT (( #2219 ) ) ;
#2975 = EDGE_CURVE ( 'NONE', #5249, #9061, #2966, .T. ) ;
#2976 = CARTESIAN_POINT ( 'NONE',  ( -30.83651990792612452, 6.890113140623235211, 1.472800000000072718 ) ) ;
#2977 = EDGE_LOOP ( 'NONE', ( #4997, #6722, #7111, #2274 ) ) ;
#2978 =( NAMED_UNIT ( * ) PLANE_ANGLE_UNIT ( ) SI_UNIT ( $, .RADIAN. ) );
#2979 =( NAMED_UNIT ( * ) SI_UNIT ( $, .STERADIAN. ) SOLID_ANGLE_UNIT ( ) );
#2980 = SURFACE_STYLE_USAGE ( .BOTH. , #3627 ) ;
#2981 = CARTESIAN_POINT ( 'NONE',  ( -33.56039062757600533, 7.206012965964358585, -0.2449999999999997735 ) ) ;
#2982 = FILL_AREA_STYLE_COLOUR ( '', #6012 ) ;
#2983 =( NAMED_UNIT ( * ) PLANE_ANGLE_UNIT ( ) SI_UNIT ( $, .RADIAN. ) );
#2984 =( LENGTH_UNIT ( ) NAMED_UNIT ( * ) SI_UNIT ( .MILLI., .METRE. ) );
#2985 = DIRECTION ( 'NONE',  ( 0.000000000000000000, 0.000000000000000000, 1.000000000000000000 ) ) ;
#2986 = CARTESIAN_POINT ( 'NONE',  ( -24.58039062757600846, -16.50398703403563871, -0.2449999999999997735 ) ) ;
#2987 = EDGE_LOOP ( 'NONE', ( #4481, #8402, #2857, #934 ) ) ;
#2988 = ORIENTED_EDGE ( 'NONE', *, *, #3492, .F. ) ;
#2989 = VECTOR ( 'NONE', #2745, 1000.000000000000000 ) ;
#2990 = PLANE ( 'NONE',  #1795 ) ;
#2991 = DIRECTION ( 'NONE',  ( 0.000000000000000000, -1.024442997624095463E-14, 1.000000000000000000 ) ) ;
#2992 = LINE ( 'NONE', #8502, #3444 ) ;
#2993 = EDGE_CURVE ( 'NONE', #5333, #4673, #8784, .T. ) ;
#2994 = VERTEX_POINT ( 'NONE', #5831 ) ;
#2995 = ORIENTED_EDGE ( 'NONE', *, *, #4484, .T. ) ;
#2996 = COLOUR_RGB ( '',0.6470588235294117974, 0.6196078431372549211, 0.5882352941176470784 ) ;
#2997 = EDGE_LOOP ( 'NONE', ( #6587, #2049, #3450, #9054 ) ) ;
#2998 = VECTOR ( 'NONE', #848, 1000.000000000000000 ) ;
#2999 = LINE ( 'NONE', #8042, #4423 ) ;
#3000 = VECTOR ( 'NONE', #2365, 1000.000000000000000 ) ;
#3001 = ORIENTED_EDGE ( 'NONE', *, *, #2754, .F. ) ;
#3002 = AXIS2_PLACEMENT_3D ( 'NONE', #7375, #8113, #3016 ) ;
#3003 = SURFACE_STYLE_FILL_AREA ( #7925 ) ;
#3004 = LINE ( 'NONE', #8887, #6215 ) ;
#3005 = DIRECTION ( 'NONE',  ( 1.000000000000000000, 0.000000000000000000, 0.000000000000000000 ) ) ;
#3006 = SURFACE_STYLE_USAGE ( .BOTH. , #6685 ) ;
#3007 = SURFACE_STYLE_USAGE ( .BOTH. , #2400 ) ;
#3008 =( BOUNDED_CURVE ( )  B_SPLINE_CURVE ( 3, ( #1702, #3050, #8747, #4554 ),
 .UNSPECIFIED., .F., .F. ) 
 B_SPLINE_CURVE_WITH_KNOTS ( ( 4, 4 ),
 ( 0.000000000000000000, 1.570796326794896558 ),
 .UNSPECIFIED. ) 
 CURVE ( )  GEOMETRIC_REPRESENTATION_ITEM ( )  RATIONAL_B_SPLINE_CURVE ( ( 1.000000000000000000, 0.8047378541243649375, 0.8047378541243649375, 1.000000000000000000 ) ) 
 REPRESENTATION_ITEM ( '' )  );
#3009 =( NAMED_UNIT ( * ) SI_UNIT ( $, .STERADIAN. ) SOLID_ANGLE_UNIT ( ) );
#3010 = EDGE_CURVE ( 'NONE', #5296, #3596, #6629, .T. ) ;
#3011 =( LENGTH_UNIT ( ) NAMED_UNIT ( * ) SI_UNIT ( .MILLI., .METRE. ) );
#3012 = ORIENTED_EDGE ( 'NONE', *, *, #2037, .F. ) ;
#3013 = CARTESIAN_POINT ( 'NONE',  ( -31.03331990792612061, 6.032913140623263892, -1.244999999999936158 ) ) ;
#3014 = FILL_AREA_STYLE ('',( #5092 ) ) ;
#3015 = UNCERTAINTY_MEASURE_WITH_UNIT (LENGTH_MEASURE( 1.000000000000000082E-05 ), #7951, 'distance_accuracy_value', 'NONE');
#3016 = DIRECTION ( 'NONE',  ( 1.000000000000000000, 0.000000000000000000, -0.000000000000000000 ) ) ;
#3017 = VECTOR ( 'NONE', #6006, 1000.000000000000000 ) ;
#3018 = SURFACE_SIDE_STYLE ('',( #5231 ) ) ;
#3019 = EDGE_CURVE ( 'NONE', #6126, #4742, #3082, .T. ) ;
#3020 = EDGE_CURVE ( 'NONE', #8024, #6912, #3047, .T. ) ;
#3021 = SURFACE_SIDE_STYLE ('',( #4478 ) ) ;
#3022 = DIRECTION ( 'NONE',  ( 0.000000000000000000, 0.000000000000000000, 1.000000000000000000 ) ) ;
#3023 = CIRCLE ( 'NONE', #2428, 1.000000000000000888 ) ;
#3024 = ORIENTED_EDGE ( 'NONE', *, *, #5098, .T. ) ;
#3025 = VERTEX_POINT ( 'NONE', #5123 ) ;
#3026 = CARTESIAN_POINT ( 'NONE',  ( -27.82731649811005781, -11.62398703403564149, 1.205000000000000071 ) ) ;
#3027 = COLOUR_RGB ( '',0.000000000000000000, 0.5019607843137254832, 1.000000000000000000 ) ;
#3028 = UNCERTAINTY_MEASURE_WITH_UNIT (LENGTH_MEASURE( 1.000000000000000082E-05 ), #2445, 'distance_accuracy_value', 'NONE');
#3029 =( NAMED_UNIT ( * ) PLANE_ANGLE_UNIT ( ) SI_UNIT ( $, .RADIAN. ) );
#3030 =( NAMED_UNIT ( * ) PLANE_ANGLE_UNIT ( ) SI_UNIT ( $, .RADIAN. ) );
#3031 =( NAMED_UNIT ( * ) PLANE_ANGLE_UNIT ( ) SI_UNIT ( $, .RADIAN. ) );
#3032 = PRESENTATION_LAYER_ASSIGNMENT (  '', '', ( #2577 ) ) ;
#3033 = ORIENTED_EDGE ( 'NONE', *, *, #8799, .T. ) ;
#3034 = ORIENTED_EDGE ( 'NONE', *, *, #333, .F. ) ;
#3035 = COLOUR_RGB ( '',0.000000000000000000, 0.000000000000000000, 0.000000000000000000 ) ;
#3036 = ADVANCED_FACE ( 'NONE', ( #7971 ), #8094, .F. ) ;
#3037 = ORIENTED_EDGE ( 'NONE', *, *, #9138, .T. ) ;
#3038 = DIRECTION ( 'NONE',  ( 0.000000000000000000, 0.000000000000000000, 1.000000000000000000 ) ) ;
#3039 = EDGE_CURVE ( 'NONE', #8925, #5161, #6331, .T. ) ;
#3040 = VECTOR ( 'NONE', #5292, 1000.000000000000000 ) ;
#3041 = EDGE_CURVE ( 'NONE', #3500, #25, #4814, .T. ) ;
#3042 = MECHANICAL_DESIGN_GEOMETRIC_PRESENTATION_REPRESENTATION (  '', ( #6196 ), #7238 ) ;
#3043 = CARTESIAN_POINT ( 'NONE',  ( -40.82734843295796168, -17.83967401293548605, 0.3825688395957673738 ) ) ;
#3044 = SURFACE_STYLE_USAGE ( .BOTH. , #151 ) ;
#3045 = MECHANICAL_DESIGN_GEOMETRIC_PRESENTATION_REPRESENTATION (  '', ( #7680 ), #4847 ) ;
#3046 = ORIENTED_EDGE ( 'NONE', *, *, #234, .F. ) ;
#3047 = LINE ( 'NONE', #2301, #4288 ) ;
#3048 = CARTESIAN_POINT ( 'NONE',  ( -22.78039062757601130, -16.50398703403563871, -1.245000000000000107 ) ) ;
#3049 =( NAMED_UNIT ( * ) PLANE_ANGLE_UNIT ( ) SI_UNIT ( $, .RADIAN. ) );
#3050 = CARTESIAN_POINT ( 'NONE',  ( -32.75411990792612471, 7.512513140623233276, 1.367589755157312181 ) ) ;
#3051 = LINE ( 'NONE', #7321, #2292 ) ;
#3052 = COLOUR_RGB ( '',0.000000000000000000, 0.007843137254901960675, 0.3098039215686274606 ) ;
#3053 = CARTESIAN_POINT ( 'NONE',  ( -38.45651990792611485, 7.512513140623235053, 1.472800000000079601 ) ) ;
#3054 = PRESENTATION_LAYER_ASSIGNMENT (  '', '', ( #2306 ) ) ;
#3055 = FILL_AREA_STYLE ('',( #3767 ) ) ;
#3056 = DIRECTION ( 'NONE',  ( 0.000000000000000000, 0.000000000000000000, -1.000000000000000000 ) ) ;
#3057 = CARTESIAN_POINT ( 'NONE',  ( -33.56039062757600533, 7.206012965964358585, -1.266000000000000014 ) ) ;
#3058 = PRESENTATION_LAYER_ASSIGNMENT (  '', '', ( #6963 ) ) ;
#3059 = ORIENTED_EDGE ( 'NONE', *, *, #1234, .T. ) ;
#3060 = FILL_AREA_STYLE_COLOUR ( '', #167 ) ;
#3061 = CARTESIAN_POINT ( 'NONE',  ( -45.88039062757600561, 7.056012965964359118, -0.2449999999999997735 ) ) ;
#3062 = PRESENTATION_LAYER_ASSIGNMENT (  '', '', ( #1452 ) ) ;
#3063 =( NAMED_UNIT ( * ) SI_UNIT ( $, .STERADIAN. ) SOLID_ANGLE_UNIT ( ) );
#3064 = DIRECTION ( 'NONE',  ( -0.000000000000000000, 1.000000000000000000, 1.047444401652940007E-14 ) ) ;
#3065 = EDGE_CURVE ( 'NONE', #9215, #1048, #5598, .T. ) ;
#3066 =( NAMED_UNIT ( * ) SI_UNIT ( $, .STERADIAN. ) SOLID_ANGLE_UNIT ( ) );
#3067 = ORIENTED_EDGE ( 'NONE', *, *, #887, .F. ) ;
#3068 = ORIENTED_EDGE ( 'NONE', *, *, #1971, .T. ) ;
#3069 = B_SPLINE_CURVE_WITH_KNOTS ( 'NONE', 3,
 ( #5176, #1516, #8097, #5882 ),
 .UNSPECIFIED., .F., .F.,
 ( 4, 4 ),
 ( 0.000000000000000000, 1.000000000000000000 ),
 .UNSPECIFIED. ) ;
#3070 = PRESENTATION_STYLE_ASSIGNMENT (( #7439 ) ) ;
#3071 = VECTOR ( 'NONE', #1830, 1000.000000000000000 ) ;
#3072 = LINE ( 'NONE', #5991, #3287 ) ;
#3073 = LINE ( 'NONE', #5955, #81 ) ;
#3074 = FILL_AREA_STYLE ('',( #235 ) ) ;
#3075 =( LENGTH_UNIT ( ) NAMED_UNIT ( * ) SI_UNIT ( .MILLI., .METRE. ) );
#3076 =( NAMED_UNIT ( * ) SI_UNIT ( $, .STERADIAN. ) SOLID_ANGLE_UNIT ( ) );
#3077 = AXIS2_PLACEMENT_3D ( 'NONE', #6248, #1168, #6904 ) ;
#3078 = VECTOR ( 'NONE', #8201, 1000.000000000000000 ) ;
#3079 = FILL_AREA_STYLE_COLOUR ( '', #8653 ) ;
#3080 = ORIENTED_EDGE ( 'NONE', *, *, #3153, .T. ) ;
#3081 = ORIENTED_EDGE ( 'NONE', *, *, #3039, .F. ) ;
#3082 = CIRCLE ( 'NONE', #8299, 1.000000000000000888 ) ;
#3083 = ORIENTED_EDGE ( 'NONE', *, *, #3492, .T. ) ;
#3084 = EDGE_CURVE ( 'NONE', #7473, #7486, #2612, .T. ) ;
#3085 = PRESENTATION_STYLE_ASSIGNMENT (( #4496 ) ) ;
#3086 = COLOUR_RGB ( '',0.7529411764705882248, 0.7529411764705882248, 0.7529411764705882248 ) ;
#3087 = PLANE ( 'NONE',  #351 ) ;
#3088 = PLANE ( 'NONE',  #475 ) ;
#3089 = EDGE_CURVE ( 'NONE', #8332, #241, #4211, .T. ) ;
#3090 = UNCERTAINTY_MEASURE_WITH_UNIT (LENGTH_MEASURE( 1.000000000000000082E-05 ), #4114, 'distance_accuracy_value', 'NONE');
#3091 = ORIENTED_EDGE ( 'NONE', *, *, #8568, .T. ) ;
#3092 = CARTESIAN_POINT ( 'NONE',  ( -30.02039062757600618, 7.206012965964358585, -1.245000000000000107 ) ) ;
#3093 = DIRECTION ( 'NONE',  ( 1.000000000000000000, -0.000000000000000000, 0.000000000000000000 ) ) ;
#3094 = LINE ( 'NONE', #8787, #8002 ) ;
#3095 = DIRECTION ( 'NONE',  ( 0.000000000000000000, 0.000000000000000000, 1.000000000000000000 ) ) ;
#3096 = VECTOR ( 'NONE', #3673, 1000.000000000000000 ) ;
#3097 = FILL_AREA_STYLE ('',( #3766 ) ) ;
#3098 =( LENGTH_UNIT ( ) NAMED_UNIT ( * ) SI_UNIT ( .MILLI., .METRE. ) );
#3099 = FACE_OUTER_BOUND ( 'NONE', #6404, .T. ) ;
#3100 =( NAMED_UNIT ( * ) PLANE_ANGLE_UNIT ( ) SI_UNIT ( $, .RADIAN. ) );
#3101 = PLANE ( 'NONE',  #7427 ) ;
#3102 = EDGE_CURVE ( 'NONE', #1898, #1315, #9057, .T. ) ;
#3103 = FILL_AREA_STYLE_COLOUR ( '', #2050 ) ;
#3104 = VERTEX_POINT ( 'NONE', #7027 ) ;
#3105 = DIRECTION ( 'NONE',  ( 1.000000000000000000, 0.000000000000000000, 0.000000000000000000 ) ) ;
#3106 = DIRECTION ( 'NONE',  ( 0.000000000000000000, 0.000000000000000000, 1.000000000000000000 ) ) ;
#3107 = CARTESIAN_POINT ( 'NONE',  ( -47.58039062757602267, -14.00398703403564049, 0.7150000000000003020 ) ) ;
#3108 = PRESENTATION_STYLE_ASSIGNMENT (( #3864 ) ) ;
#3109 = PLANE ( 'NONE',  #6210 ) ;
#3110 = DIRECTION ( 'NONE',  ( 1.000000000000000000, 0.000000000000000000, 0.000000000000000000 ) ) ;
#3111 = UNCERTAINTY_MEASURE_WITH_UNIT (LENGTH_MEASURE( 1.000000000000000082E-05 ), #7730, 'distance_accuracy_value', 'NONE');
#3112 = EDGE_LOOP ( 'NONE', ( #1070, #8489, #4571, #7693 ) ) ;
#3113 = ORIENTED_EDGE ( 'NONE', *, *, #1272, .F. ) ;
#3114 = ORIENTED_EDGE ( 'NONE', *, *, #5655, .T. ) ;
#3115 = EDGE_CURVE ( 'NONE', #677, #3635, #9161, .T. ) ;
#3116 =( NAMED_UNIT ( * ) SI_UNIT ( $, .STERADIAN. ) SOLID_ANGLE_UNIT ( ) );
#3117 = CARTESIAN_POINT ( 'NONE',  ( -28.82731649811004360, -18.27155679741174765, -0.3655902959306274735 ) ) ;
#3118 = DIRECTION ( 'NONE',  ( -0.8660254037844272723, 0.5000000000000197620, 5.237222008264905926E-15 ) ) ;
#3119 = DIRECTION ( 'NONE',  ( -1.313388458492434460E-15, -0.000000000000000000, -1.000000000000000000 ) ) ;
#3120 =( LENGTH_UNIT ( ) NAMED_UNIT ( * ) SI_UNIT ( .MILLI., .METRE. ) );
#3121 = LINE ( 'NONE', #8213, #8498 ) ;
#3122 = VERTEX_POINT ( 'NONE', #3453 ) ;
#3123 = EDGE_LOOP ( 'NONE', ( #2854, #9137 ) ) ;
#3124 = VERTEX_POINT ( 'NONE', #6897 ) ;
#3125 = FILL_AREA_STYLE_COLOUR ( '', #3171 ) ;
#3126 = STYLED_ITEM ( 'NONE', ( #929 ), #5457 ) ;
#3127 = CARTESIAN_POINT ( 'NONE',  ( -35.91646990792612115, 7.512463140623287572, -3.530999999999921535 ) ) ;
#3128 = DIRECTION ( 'NONE',  ( -0.8665316060966604672, 0.4991222051116759872, 0.000000000000000000 ) ) ;
#3129 = CYLINDRICAL_SURFACE ( 'NONE', #7966, 1.800000000000002931 ) ;
#3130 = DIRECTION ( 'NONE',  ( 1.000000000000000000, 0.000000000000000000, 0.000000000000000000 ) ) ;
#3131 =( NAMED_UNIT ( * ) SI_UNIT ( $, .STERADIAN. ) SOLID_ANGLE_UNIT ( ) );
#3132 = ADVANCED_FACE ( 'NONE', ( #600 ), #6285, .T. ) ;
#3133 = VECTOR ( 'NONE', #6747, 1000.000000000000000 ) ;
#3134 = MECHANICAL_DESIGN_GEOMETRIC_PRESENTATION_REPRESENTATION (  '', ( #7329 ), #2841 ) ;
#3135 = VERTEX_POINT ( 'NONE', #7623 ) ;
#3136 = CARTESIAN_POINT ( 'NONE',  ( -45.11039062757600249, 3.166012965964347003, 1.265000000000000124 ) ) ;
#3137 = CARTESIAN_POINT ( 'NONE',  ( -39.21211990792613022, 6.032913140623263892, -1.244999999999936158 ) ) ;
#3138 = DIRECTION ( 'NONE',  ( -0.000000000000000000, 1.000000000000000000, 0.000000000000000000 ) ) ;
#3139 = MECHANICAL_DESIGN_GEOMETRIC_PRESENTATION_REPRESENTATION (  '', ( #3589 ), #2688 ) ;
#3140 = FILL_AREA_STYLE ('',( #7639 ) ) ;
#3141 = CYLINDRICAL_SURFACE ( 'NONE', #3790, 0.2539999999999972835 ) ;
#3142 = MECHANICAL_DESIGN_GEOMETRIC_PRESENTATION_REPRESENTATION (  '', ( #5409 ), #306 ) ;
#3143 = SURFACE_STYLE_USAGE ( .BOTH. , #6726 ) ;
#3144 =( LENGTH_UNIT ( ) NAMED_UNIT ( * ) SI_UNIT ( .MILLI., .METRE. ) );
#3145 =( NAMED_UNIT ( * ) PLANE_ANGLE_UNIT ( ) SI_UNIT ( $, .RADIAN. ) );
#3146 = SURFACE_STYLE_FILL_AREA ( #3197 ) ;
#3147 = CARTESIAN_POINT ( 'NONE',  ( -21.78039062757600774, 7.056012965964359118, -1.264999999999999902 ) ) ;
#3148 = COLOUR_RGB ( '',0.7529411764705882248, 0.7529411764705882248, 0.7529411764705882248 ) ;
#3149 = LINE ( 'NONE', #7422, #2964 ) ;
#3150 = SURFACE_STYLE_FILL_AREA ( #300 ) ;
#3151 = FACE_OUTER_BOUND ( 'NONE', #2344, .T. ) ;
#3152 = VECTOR ( 'NONE', #5646, 1000.000000000000000 ) ;
#3153 = EDGE_CURVE ( 'NONE', #3726, #471, #4064, .T. ) ;
#3154 = CARTESIAN_POINT ( 'NONE',  ( -35.91651990792611571, 7.512513140623267915, -1.575199999999920664 ) ) ;
#3155 =( LENGTH_UNIT ( ) NAMED_UNIT ( * ) SI_UNIT ( .MILLI., .METRE. ) );
#3156 = CARTESIAN_POINT ( 'NONE',  ( -29.45851990792611730, 8.369713140623288083, -3.530999999999912209 ) ) ;
#3157 = PLANE ( 'NONE',  #6293 ) ;
#3158 = DIRECTION ( 'NONE',  ( 0.000000000000000000, 0.000000000000000000, 1.000000000000000000 ) ) ;
#3159 = ORIENTED_EDGE ( 'NONE', *, *, #1735, .F. ) ;
#3160 = ORIENTED_EDGE ( 'NONE', *, *, #584, .F. ) ;
#3161 = PRESENTATION_STYLE_ASSIGNMENT (( #1069 ) ) ;
#3162 = ORIENTED_EDGE ( 'NONE', *, *, #3698, .F. ) ;
#3163 = DIRECTION ( 'NONE',  ( 0.5000000000000011102, 0.8660254037844379305, 8.871936606718199177E-15 ) ) ;
#3164 = CARTESIAN_POINT ( 'NONE',  ( -28.82731649811006136, -16.30398703403564653, -1.245094783620809942 ) ) ;
#3165 = DIRECTION ( 'NONE',  ( -1.000000000000000000, -0.000000000000000000, -0.000000000000000000 ) ) ;
#3166 = CARTESIAN_POINT ( 'NONE',  ( -34.06742597117762017, 8.369713140622978997, -1.244999999999911955 ) ) ;
#3167 = CARTESIAN_POINT ( 'NONE',  ( -21.08039062757600846, 5.256012965964359296, 1.205000000000000071 ) ) ;
#3168 = SURFACE_STYLE_USAGE ( .BOTH. , #1683 ) ;
#3169 = ORIENTED_EDGE ( 'NONE', *, *, #720, .T. ) ;
#3170 = VERTEX_POINT ( 'NONE', #4869 ) ;
#3171 = COLOUR_RGB ( '',0.7529411764705882248, 0.7529411764705882248, 0.7529411764705882248 ) ;
#3172 = STYLED_ITEM ( 'NONE', ( #4597 ), #6000 ) ;
#3173 = ORIENTED_EDGE ( 'NONE', *, *, #1128, .F. ) ;
#3174 =( NAMED_UNIT ( * ) SI_UNIT ( $, .STERADIAN. ) SOLID_ANGLE_UNIT ( ) );
#3175 = VECTOR ( 'NONE', #3366, 1000.000000000000000 ) ;
#3176 = FILL_AREA_STYLE_COLOUR ( '', #1383 ) ;
#3177 = AXIS2_PLACEMENT_3D ( 'NONE', #1977, #5041, #626 ) ;
#3178 = CARTESIAN_POINT ( 'NONE',  ( -31.02039062757600618, 7.206012965964358585, -1.266000000000000014 ) ) ;
#3179 = STYLED_ITEM ( 'NONE', ( #558 ), #786 ) ;
#3180 =( GEOMETRIC_REPRESENTATION_CONTEXT ( 3 ) GLOBAL_UNCERTAINTY_ASSIGNED_CONTEXT ( ( #7996 ) ) GLOBAL_UNIT_ASSIGNED_CONTEXT ( ( #2615, #1166, #4637 ) ) REPRESENTATION_CONTEXT ( 'NONE', 'WORKASPACE' ) );
#3181 = EDGE_CURVE ( 'NONE', #7349, #4540, #4110, .T. ) ;
#3182 = UNCERTAINTY_MEASURE_WITH_UNIT (LENGTH_MEASURE( 1.000000000000000082E-05 ), #439, 'distance_accuracy_value', 'NONE');
#3183 =( GEOMETRIC_REPRESENTATION_CONTEXT ( 3 ) GLOBAL_UNCERTAINTY_ASSIGNED_CONTEXT ( ( #2481 ) ) GLOBAL_UNIT_ASSIGNED_CONTEXT ( ( #8239, #3199, #5370 ) ) REPRESENTATION_CONTEXT ( 'NONE', 'WORKASPACE' ) );
#3184 = STYLED_ITEM ( 'NONE', ( #5315 ), #8375 ) ;
#3185 = COLOUR_RGB ( '',0.7529411764705882248, 0.7529411764705882248, 0.7529411764705882248 ) ;
#3186 = EDGE_LOOP ( 'NONE', ( #7578, #5856, #4209, #436, #4672, #2955 ) ) ;
#3187 = CARTESIAN_POINT ( 'NONE',  ( -27.82731649811005781, -16.30398703403564653, -0.2449999999999997735 ) ) ;
#3188 =( LENGTH_UNIT ( ) NAMED_UNIT ( * ) SI_UNIT ( .MILLI., .METRE. ) );
#3189 = SURFACE_STYLE_FILL_AREA ( #7461 ) ;
#3190 = PRESENTATION_LAYER_ASSIGNMENT (  '', '', ( #8546 ) ) ;
#3191 = SURFACE_STYLE_FILL_AREA ( #4739 ) ;
#3192 = CARTESIAN_POINT ( 'NONE',  ( -40.82734843295796168, -18.28388708950198804, -0.2449552275043975214 ) ) ;
#3193 = CARTESIAN_POINT ( 'NONE',  ( -39.21211990792613022, 6.032913140623263892, -1.244999999999936158 ) ) ;
#3194 = EDGE_LOOP ( 'NONE', ( #8767, #3068 ) ) ;
#3195 = LINE ( 'NONE', #1221, #2742 ) ;
#3196 = CIRCLE ( 'NONE', #5450, 1.799999999999999600 ) ;
#3197 = FILL_AREA_STYLE ('',( #6551 ) ) ;
#3198 = DIRECTION ( 'NONE',  ( 0.000000000000000000, -1.047444401652940007E-14, 1.000000000000000000 ) ) ;
#3199 =( NAMED_UNIT ( * ) PLANE_ANGLE_UNIT ( ) SI_UNIT ( $, .RADIAN. ) );
#3200 = VECTOR ( 'NONE', #7725, 1000.000000000000000 ) ;
#3201 =( NAMED_UNIT ( * ) SI_UNIT ( $, .STERADIAN. ) SOLID_ANGLE_UNIT ( ) );
#3202 = CARTESIAN_POINT ( 'NONE',  ( -37.63731990792611981, 6.032913140623263892, -1.244999999999936158 ) ) ;
#3203 = EDGE_CURVE ( 'NONE', #3223, #1053, #1745, .T. ) ;
#3204 = CARTESIAN_POINT ( 'NONE',  ( -21.08039062757600846, -14.00398703403564049, 0.7150000000000003020 ) ) ;
#3205 = EDGE_CURVE ( 'NONE', #9008, #5607, #6986, .T. ) ;
#3206 = FILL_AREA_STYLE_COLOUR ( '', #3284 ) ;
#3207 = DIRECTION ( 'NONE',  ( -0.000000000000000000, -0.000000000000000000, -1.000000000000000000 ) ) ;
#3208 =( GEOMETRIC_REPRESENTATION_CONTEXT ( 3 ) GLOBAL_UNCERTAINTY_ASSIGNED_CONTEXT ( ( #3846 ) ) GLOBAL_UNIT_ASSIGNED_CONTEXT ( ( #7570, #5733, #6180 ) ) REPRESENTATION_CONTEXT ( 'NONE', 'WORKASPACE' ) );
#3209 = ORIENTED_EDGE ( 'NONE', *, *, #8003, .F. ) ;
#3210 = EDGE_CURVE ( 'NONE', #2645, #4538, #7908, .T. ) ;
#3211 = LINE ( 'NONE', #985, #4000 ) ;
#3212 = ORIENTED_EDGE ( 'NONE', *, *, #8199, .F. ) ;
#3213 = CARTESIAN_POINT ( 'NONE',  ( -34.36071990792586917, 7.861713140623145968, -3.530999999999917538 ) ) ;
#3214 = CARTESIAN_POINT ( 'NONE',  ( -34.06742597117768412, 6.032913140623286985, -3.530999999999936634 ) ) ;
#3215 = MECHANICAL_DESIGN_GEOMETRIC_PRESENTATION_REPRESENTATION (  '', ( #1872 ), #3664 ) ;
#3216 = PLANE ( 'NONE',  #2311 ) ;
#3217 = UNCERTAINTY_MEASURE_WITH_UNIT (LENGTH_MEASURE( 1.000000000000000082E-05 ), #1091, 'distance_accuracy_value', 'NONE');
#3218 = SURFACE_STYLE_FILL_AREA ( #8867 ) ;
#3219 = FILL_AREA_STYLE_COLOUR ( '', #4584 ) ;
#3220 = PRESENTATION_STYLE_ASSIGNMENT (( #3788 ) ) ;
#3221 = EDGE_CURVE ( 'NONE', #4061, #6570, #5797, .T. ) ;
#3222 = CARTESIAN_POINT ( 'NONE',  ( -38.35130966308334877, 7.407302895780468077, 1.472800000000076492 ) ) ;
#3223 = VERTEX_POINT ( 'NONE', #5153 ) ;
#3224 = ORIENTED_EDGE ( 'NONE', *, *, #354, .T. ) ;
#3225 = STYLED_ITEM ( 'NONE', ( #7220 ), #6760 ) ;
#3226 = EDGE_CURVE ( 'NONE', #7706, #1889, #2034, .T. ) ;
#3227 = PRESENTATION_LAYER_ASSIGNMENT (  '', '', ( #537 ) ) ;
#3228 = ORIENTED_EDGE ( 'NONE', *, *, #3226, .F. ) ;
#3229 = CARTESIAN_POINT ( 'NONE',  ( -39.21211990792613022, 7.144113140623238323, 1.218800000000075823 ) ) ;
#3230 = SURFACE_STYLE_USAGE ( .BOTH. , #284 ) ;
#3231 = VECTOR ( 'NONE', #6540, 1000.000000000000000 ) ;
#3232 = SURFACE_STYLE_USAGE ( .BOTH. , #6859 ) ;
#3233 = VECTOR ( 'NONE', #3554, 1000.000000000000000 ) ;
#3234 = STYLED_ITEM ( 'NONE', ( #2062 ), #2923 ) ;
#3235 = VECTOR ( 'NONE', #2452, 1000.000000000000000 ) ;
#3236 = COLOUR_RGB ( '',0.000000000000000000, 0.000000000000000000, 0.000000000000000000 ) ;
#3237 = VERTEX_POINT ( 'NONE', #4963 ) ;
#3238 = CARTESIAN_POINT ( 'NONE',  ( -38.45651990792611485, 6.890113140623235211, 1.472800000000072718 ) ) ;
#3239 = ADVANCED_FACE ( 'NONE', ( #1493 ), #840, .F. ) ;
#3240 = DIRECTION ( 'NONE',  ( 0.000000000000000000, -0.000000000000000000, 1.000000000000000000 ) ) ;
#3241 = CARTESIAN_POINT ( 'NONE',  ( -28.82731649811007202, -15.57286989385345422, 1.104876692016433459 ) ) ;
#3242 = CARTESIAN_POINT ( 'NONE',  ( -38.45651990792611485, 6.890113140623235211, 1.472800000000072718 ) ) ;
#3243 = SURFACE_STYLE_FILL_AREA ( #1096 ) ;
#3244 = DIRECTION ( 'NONE',  ( -1.000000000000000000, 0.000000000000000000, -0.000000000000000000 ) ) ;
#3245 = MECHANICAL_DESIGN_GEOMETRIC_PRESENTATION_REPRESENTATION (  '', ( #2197 ), #6563 ) ;
#3246 = MECHANICAL_DESIGN_GEOMETRIC_PRESENTATION_REPRESENTATION (  '', ( #1760 ), #6103 ) ;
#3247 = FILL_AREA_STYLE ('',( #8986 ) ) ;
#3248 = CARTESIAN_POINT ( 'NONE',  ( -21.78039062757600774, 7.056012965964359118, -1.245000000000000107 ) ) ;
#3249 =( NAMED_UNIT ( * ) SI_UNIT ( $, .STERADIAN. ) SOLID_ANGLE_UNIT ( ) );
#3250 = LINE ( 'NONE', #6119, #1395 ) ;
#3251 = SURFACE_STYLE_FILL_AREA ( #6832 ) ;
#3252 = DIRECTION ( 'NONE',  ( 0.5000000000000197620, -0.8660254037844272723, 0.000000000000000000 ) ) ;
#3253 = CYLINDRICAL_SURFACE ( 'NONE', #9209, 0.2539999999999998925 ) ;
#3254 = EDGE_CURVE ( 'NONE', #5858, #3124, #1396, .T. ) ;
#3255 = ORIENTED_EDGE ( 'NONE', *, *, #5913, .T. ) ;
#3256 = CARTESIAN_POINT ( 'NONE',  ( -20.98039062757601059, 7.056012965964359118, -1.264999999999999902 ) ) ;
#3257 = ORIENTED_EDGE ( 'NONE', *, *, #4924, .T. ) ;
#3258 = LINE ( 'NONE', #3214, #5634 ) ;
#3259 = DIRECTION ( 'NONE',  ( 0.000000000000000000, 1.047444401652940007E-14, -1.000000000000000000 ) ) ;
#3260 = VECTOR ( 'NONE', #8744, 1000.000000000000000 ) ;
#3261 = CARTESIAN_POINT ( 'NONE',  ( -39.21211990792613022, 7.201313140623350151, -9.372999999999922949 ) ) ;
#3262 = DIRECTION ( 'NONE',  ( -0.4999999999998100964, 0.8660254037845481756, 8.871936606714392135E-15 ) ) ;
#3263 = EDGE_LOOP ( 'NONE', ( #7799, #8969, #1949, #7262 ) ) ;
#3264 = ORIENTED_EDGE ( 'NONE', *, *, #999, .F. ) ;
#3265 = ORIENTED_EDGE ( 'NONE', *, *, #7198, .T. ) ;
#3266 = FILL_AREA_STYLE ('',( #7669 ) ) ;
#3267 = DIRECTION ( 'NONE',  ( 1.000000000000000000, 0.000000000000000000, 0.000000000000000000 ) ) ;
#3268 = CARTESIAN_POINT ( 'NONE',  ( -29.45851990792611730, 8.369713140623288083, -3.530999999999912209 ) ) ;
#3269 = EDGE_CURVE ( 'NONE', #6435, #837, #6574, .T. ) ;
#3270 = CARTESIAN_POINT ( 'NONE',  ( -45.88039062757600561, 7.056012965964359118, -1.245000000000000107 ) ) ;
#3271 =( GEOMETRIC_REPRESENTATION_CONTEXT ( 3 ) GLOBAL_UNCERTAINTY_ASSIGNED_CONTEXT ( ( #2387 ) ) GLOBAL_UNIT_ASSIGNED_CONTEXT ( ( #1600, #2100, #2201 ) ) REPRESENTATION_CONTEXT ( 'NONE', 'WORKASPACE' ) );
#3272 = UNCERTAINTY_MEASURE_WITH_UNIT (LENGTH_MEASURE( 1.000000000000000082E-05 ), #552, 'distance_accuracy_value', 'NONE');
#3273 = CLOSED_SHELL ( 'NONE', ( #8365, #988, #6330, #5277, #5961, #4041 ) ) ;
#3274 = COLOUR_RGB ( '',0.000000000000000000, 0.000000000000000000, 0.000000000000000000 ) ;
#3275 = EDGE_LOOP ( 'NONE', ( #3552, #5076, #4804, #7873 ) ) ;
#3276 = FILL_AREA_STYLE ('',( #3324 ) ) ;
#3277 = SURFACE_STYLE_USAGE ( .BOTH. , #5263 ) ;
#3278 = PLANE ( 'NONE',  #980 ) ;
#3279 = FACE_OUTER_BOUND ( 'NONE', #366, .T. ) ;
#3280 = FILL_AREA_STYLE ('',( #8318 ) ) ;
#3281 = CARTESIAN_POINT ( 'NONE',  ( -39.21211990792613022, 6.032913140623286985, -3.530999999999936634 ) ) ;
#3282 = ORIENTED_EDGE ( 'NONE', *, *, #6554, .F. ) ;
#3283 = CYLINDRICAL_SURFACE ( 'NONE', #7978, 0.2539999999999972835 ) ;
#3284 = COLOUR_RGB ( '',0.7529411764705882248, 0.7529411764705882248, 0.7529411764705882248 ) ;
#3285 = CARTESIAN_POINT ( 'NONE',  ( -22.78039062757601130, -16.50398703403563871, -1.264999999999999902 ) ) ;
#3286 = AXIS2_PLACEMENT_3D ( 'NONE', #9226, #2816, #4271 ) ;
#3287 = VECTOR ( 'NONE', #6040, 1000.000000000000000 ) ;
#3288 = CARTESIAN_POINT ( 'NONE',  ( -45.88039062757600561, -16.50398703403563871, -0.2449999999999997735 ) ) ;
#3289 = DIRECTION ( 'NONE',  ( 0.8660254037844292707, 0.5000000000000162093, 5.237222008264868849E-15 ) ) ;
#3290 = FACE_OUTER_BOUND ( 'NONE', #8827, .T. ) ;
#3291 =( NAMED_UNIT ( * ) PLANE_ANGLE_UNIT ( ) SI_UNIT ( $, .RADIAN. ) );
#3292 = FACE_OUTER_BOUND ( 'NONE', #863, .T. ) ;
#3293 = MECHANICAL_DESIGN_GEOMETRIC_PRESENTATION_REPRESENTATION (  '', ( #1509 ), #6154 ) ;
#3294 = DIRECTION ( 'NONE',  ( -1.000000000000000000, 0.000000000000000000, 0.000000000000000000 ) ) ;
#3295 =( NAMED_UNIT ( * ) PLANE_ANGLE_UNIT ( ) SI_UNIT ( $, .RADIAN. ) );
#3296 = DIRECTION ( 'NONE',  ( 0.000000000000000000, -1.047444401652940007E-14, 1.000000000000000000 ) ) ;
#3297 = DIRECTION ( 'NONE',  ( 1.000000000000000000, 1.299418334065024133E-16, -0.000000000000000000 ) ) ;
#3298 = EDGE_CURVE ( 'NONE', #2764, #5402, #3582, .T. ) ;
#3299 = ORIENTED_EDGE ( 'NONE', *, *, #3969, .F. ) ;
#3300 = VECTOR ( 'NONE', #6917, 1000.000000000000000 ) ;
#3301 = SURFACE_SIDE_STYLE ('',( #540 ) ) ;
#3302 = ORIENTED_EDGE ( 'NONE', *, *, #4750, .T. ) ;
#3303 = CARTESIAN_POINT ( 'NONE',  ( -35.09731990792612066, 6.032913140623265669, -1.575199999999936429 ) ) ;
#3304 = SURFACE_SIDE_STYLE ('',( #4713 ) ) ;
#3305 = DIRECTION ( 'NONE',  ( 0.000000000000000000, 0.000000000000000000, 1.000000000000000000 ) ) ;
#3306 = EDGE_CURVE ( 'NONE', #4822, #7223, #804, .T. ) ;
#3307 = UNCERTAINTY_MEASURE_WITH_UNIT (LENGTH_MEASURE( 1.000000000000000082E-05 ), #3661, 'distance_accuracy_value', 'NONE');
#3308 = DIRECTION ( 'NONE',  ( 0.000000000000000000, 0.000000000000000000, 1.000000000000000000 ) ) ;
#3309 = PLANE ( 'NONE',  #1514 ) ;
#3310 = CARTESIAN_POINT ( 'NONE',  ( -40.82731649811009333, -17.05521404066708513, -1.240305603012645363 ) ) ;
#3311 = LINE ( 'NONE', #2750, #2397 ) ;
#3312 = ORIENTED_EDGE ( 'NONE', *, *, #2231, .F. ) ;
#3313 = ORIENTED_EDGE ( 'NONE', *, *, #3679, .T. ) ;
#3314 = FACE_BOUND ( 'NONE', #6051, .T. ) ;
#3315 = FACE_OUTER_BOUND ( 'NONE', #7635, .T. ) ;
#3316 = ADVANCED_FACE ( 'NONE', ( #1446 ), #2990, .F. ) ;
#3317 = CYLINDRICAL_SURFACE ( 'NONE', #9160, 0.5000000000000004441 ) ;
#3318 = CARTESIAN_POINT ( 'NONE',  ( -38.08816990792612245, 7.144163140623349229, -9.372999999999921172 ) ) ;
#3319 = AXIS2_PLACEMENT_3D ( 'NONE', #2961, #2297, #246 ) ;
#3320 = EDGE_CURVE ( 'NONE', #2153, #7819, #4335, .T. ) ;
#3321 = ORIENTED_EDGE ( 'NONE', *, *, #2264, .F. ) ;
#3322 = EDGE_CURVE ( 'NONE', #712, #3726, #1632, .T. ) ;
#3323 = EDGE_LOOP ( 'NONE', ( #6794, #4879, #5546, #908 ) ) ;
#3324 = FILL_AREA_STYLE_COLOUR ( '', #8836 ) ;
#3325 = EDGE_CURVE ( 'NONE', #8777, #5587, #7043, .T. ) ;
#3326 = PRESENTATION_STYLE_ASSIGNMENT (( #1317 ) ) ;
#3327 = DIRECTION ( 'NONE',  ( 0.000000000000000000, -1.047444401652940007E-14, 1.000000000000000000 ) ) ;
#3328 = COLOUR_RGB ( '',0.000000000000000000, 0.000000000000000000, 0.000000000000000000 ) ;
#3329 = SURFACE_STYLE_FILL_AREA ( #8191 ) ;
#3330 = STYLED_ITEM ( 'NONE', ( #8582 ), #799 ) ;
#3331 = VECTOR ( 'NONE', #9059, 1000.000000000000000 ) ;
#3332 = SURFACE_STYLE_USAGE ( .BOTH. , #8936 ) ;
#3333 = FILL_AREA_STYLE_COLOUR ( '', #3357 ) ;
#3334 = SURFACE_SIDE_STYLE ('',( #3243 ) ) ;
#3335 = DIRECTION ( 'NONE',  ( 0.000000000000000000, -1.000000000000000000, -1.047444401652940007E-14 ) ) ;
#3336 = FILL_AREA_STYLE_COLOUR ( '', #6759 ) ;
#3337 = STYLED_ITEM ( 'NONE', ( #3462 ), #8449 ) ;
#3338 = ORIENTED_EDGE ( 'NONE', *, *, #3102, .T. ) ;
#3339 = CARTESIAN_POINT ( 'NONE',  ( -35.09731990792612066, 6.032913140623267445, -1.575199999999936429 ) ) ;
#3340 = PRESENTATION_STYLE_ASSIGNMENT (( #5419 ) ) ;
#3341 = DIRECTION ( 'NONE',  ( 1.000000000000000000, 0.000000000000000000, 0.000000000000000000 ) ) ;
#3342 = COLOUR_RGB ( '',0.7529411764705882248, 0.7529411764705882248, 0.7529411764705882248 ) ;
#3343 = FACE_OUTER_BOUND ( 'NONE', #6983, .T. ) ;
#3344 = CARTESIAN_POINT ( 'NONE',  ( -39.21211990792613022, 7.258513140623235493, 1.472800000000076714 ) ) ;
#3345 = SURFACE_STYLE_FILL_AREA ( #4095 ) ;
#3346 =( NAMED_UNIT ( * ) SI_UNIT ( $, .STERADIAN. ) SOLID_ANGLE_UNIT ( ) );
#3347 = ORIENTED_EDGE ( 'NONE', *, *, #6721, .F. ) ;
#3348 =( GEOMETRIC_REPRESENTATION_CONTEXT ( 3 ) GLOBAL_UNCERTAINTY_ASSIGNED_CONTEXT ( ( #4684 ) ) GLOBAL_UNIT_ASSIGNED_CONTEXT ( ( #5154, #8630, #5912 ) ) REPRESENTATION_CONTEXT ( 'NONE', 'WORKASPACE' ) );
#3349 = VERTEX_POINT ( 'NONE', #3026 ) ;
#3350 = LINE ( 'NONE', #1240, #4193 ) ;
#3351 = EDGE_CURVE ( 'NONE', #6715, #6479, #5542, .T. ) ;
#3352 = VECTOR ( 'NONE', #5358, 1000.000000000000000 ) ;
#3353 = VECTOR ( 'NONE', #2969, 1000.000000000000000 ) ;
#3354 = DIRECTION ( 'NONE',  ( 6.226573854905984859E-17, -1.000000000000000000, -0.000000000000000000 ) ) ;
#3355 = ORIENTED_EDGE ( 'NONE', *, *, #465, .F. ) ;
#3356 = EDGE_LOOP ( 'NONE', ( #5669, #2051, #3001, #4447 ) ) ;
#3357 = COLOUR_RGB ( '',0.7529411764705882248, 0.7529411764705882248, 0.7529411764705882248 ) ;
#3358 = CARTESIAN_POINT ( 'NONE',  ( -30.21411990792612556, 7.512513140623237717, 1.472800000000079601 ) ) ;
#3359 =( NAMED_UNIT ( * ) SI_UNIT ( $, .STERADIAN. ) SOLID_ANGLE_UNIT ( ) );
#3360 = STYLED_ITEM ( 'NONE', ( #5364 ), #6666 ) ;
#3361 = COLOUR_RGB ( '',0.7529411764705882248, 0.7529411764705882248, 0.7529411764705882248 ) ;
#3362 = ORIENTED_EDGE ( 'NONE', *, *, #3320, .T. ) ;
#3363 = UNCERTAINTY_MEASURE_WITH_UNIT (LENGTH_MEASURE( 1.000000000000000082E-05 ), #8141, 'distance_accuracy_value', 'NONE');
#3364 = ORIENTED_EDGE ( 'NONE', *, *, #6173, .F. ) ;
#3365 = EDGE_LOOP ( 'NONE', ( #2195, #5526, #5986, #4711 ) ) ;
#3366 = DIRECTION ( 'NONE',  ( -0.000000000000000000, 1.047444401652940007E-14, -1.000000000000000000 ) ) ;
#3367 = DIRECTION ( 'NONE',  ( 0.000000000000000000, 0.000000000000000000, -1.000000000000000000 ) ) ;
#3368 = CIRCLE ( 'NONE', #7272, 1.799999999999999600 ) ;
#3369 = DIRECTION ( 'NONE',  ( -0.000000000000000000, -0.000000000000000000, 1.000000000000000000 ) ) ;
#3370 = MECHANICAL_DESIGN_GEOMETRIC_PRESENTATION_REPRESENTATION (  '', ( #2929 ), #1434 ) ;
#3371 =( GEOMETRIC_REPRESENTATION_CONTEXT ( 3 ) GLOBAL_UNCERTAINTY_ASSIGNED_CONTEXT ( ( #3756 ) ) GLOBAL_UNIT_ASSIGNED_CONTEXT ( ( #3188, #329, #1131 ) ) REPRESENTATION_CONTEXT ( 'NONE', 'WORKASPACE' ) );
#3372 =( NAMED_UNIT ( * ) SI_UNIT ( $, .STERADIAN. ) SOLID_ANGLE_UNIT ( ) );
#3373 = EDGE_CURVE ( 'NONE', #8245, #5812, #5911, .T. ) ;
#3374 = CARTESIAN_POINT ( 'NONE',  ( -39.21211990792613022, 8.369713140623280978, -3.530999999999912209 ) ) ;
#3375 =( GEOMETRIC_REPRESENTATION_CONTEXT ( 3 ) GLOBAL_UNCERTAINTY_ASSIGNED_CONTEXT ( ( #5652 ) ) GLOBAL_UNIT_ASSIGNED_CONTEXT ( ( #7098, #757, #5601 ) ) REPRESENTATION_CONTEXT ( 'NONE', 'WORKASPACE' ) );
#3376 = CARTESIAN_POINT ( 'NONE',  ( -23.55039062757601087, -8.053987034035651860, 1.255000000000000115 ) ) ;
#3377 = ORIENTED_EDGE ( 'NONE', *, *, #3298, .T. ) ;
#3378 = CARTESIAN_POINT ( 'NONE',  ( -21.08039062757600846, 5.256012965964359296, 1.205000000000000071 ) ) ;
#3379 = PRESENTATION_STYLE_ASSIGNMENT (( #1271 ) ) ;
#3380 = VERTEX_POINT ( 'NONE', #8120 ) ;
#3381 = PRESENTATION_LAYER_ASSIGNMENT (  '', '', ( #7429 ) ) ;
#3382 = COLOUR_RGB ( '',0.000000000000000000, 0.000000000000000000, 0.000000000000000000 ) ;
#3383 = PRESENTATION_LAYER_ASSIGNMENT (  '', '', ( #1298 ) ) ;
#3384 = PRESENTATION_STYLE_ASSIGNMENT (( #2502 ) ) ;
#3385 = VECTOR ( 'NONE', #6204, 1000.000000000000000 ) ;
#3386 =( NAMED_UNIT ( * ) SI_UNIT ( $, .STERADIAN. ) SOLID_ANGLE_UNIT ( ) );
#3387 = SURFACE_SIDE_STYLE ('',( #9032 ) ) ;
#3388 = LINE ( 'NONE', #7837, #2285 ) ;
#3389 =( NAMED_UNIT ( * ) SI_UNIT ( $, .STERADIAN. ) SOLID_ANGLE_UNIT ( ) );
#3390 = PRESENTATION_LAYER_ASSIGNMENT (  '', '', ( #5496 ) ) ;
#3391 = CARTESIAN_POINT ( 'NONE',  ( -38.45646990792611319, 7.512463140623287572, -3.530999999999921535 ) ) ;
#3392 = EDGE_CURVE ( 'NONE', #4491, #6982, #3072, .T. ) ;
#3393 =( NAMED_UNIT ( * ) SI_UNIT ( $, .STERADIAN. ) SOLID_ANGLE_UNIT ( ) );
#3394 = DIRECTION ( 'NONE',  ( -0.000000000000000000, 1.000000000000000000, 1.047444401652940007E-14 ) ) ;
#3395 = LINE ( 'NONE', #435, #3678 ) ;
#3396 = VERTEX_POINT ( 'NONE', #3213 ) ;
#3397 =( NAMED_UNIT ( * ) SI_UNIT ( $, .STERADIAN. ) SOLID_ANGLE_UNIT ( ) );
#3398 = ORIENTED_EDGE ( 'NONE', *, *, #4188, .T. ) ;
#3399 = CARTESIAN_POINT ( 'NONE',  ( -34.33039062757600846, 4.756012965964352190, 1.205000000000000071 ) ) ;
#3400 = CARTESIAN_POINT ( 'NONE',  ( -32.75411990792613182, 6.890113140623267185, -1.575199999999923994 ) ) ;
#3401 = PRESENTATION_STYLE_ASSIGNMENT (( #1389 ) ) ;
#3402 = CARTESIAN_POINT ( 'NONE',  ( -38.45651990792611485, 6.890113140623240540, 1.367589755157307296 ) ) ;
#3403 = EDGE_LOOP ( 'NONE', ( #6908, #4923, #1960, #6227 ) ) ;
#3404 = ORIENTED_EDGE ( 'NONE', *, *, #2501, .T. ) ;
#3405 = EDGE_CURVE ( 'NONE', #6791, #3466, #5336, .T. ) ;
#3406 = CARTESIAN_POINT ( 'NONE',  ( -23.82731649811006136, -13.42398703403564575, -1.254999999999999893 ) ) ;
#3407 = DIRECTION ( 'NONE',  ( 0.000000000000000000, -1.000000000000000000, -1.047444401652940007E-14 ) ) ;
#3408 = DIRECTION ( 'NONE',  ( -0.5000000000000001110, 0.8660254037844385966, 0.000000000000000000 ) ) ;
#3409 = SURFACE_STYLE_FILL_AREA ( #7671 ) ;
#3410 = DIRECTION ( 'NONE',  ( 1.000000000000000000, 0.000000000000000000, 0.000000000000000000 ) ) ;
#3411 = ORIENTED_EDGE ( 'NONE', *, *, #2805, .F. ) ;
#3412 = VERTEX_POINT ( 'NONE', #8170 ) ;
#3413 = EDGE_CURVE ( 'NONE', #3824, #677, #8721, .T. ) ;
#3414 = EDGE_LOOP ( 'NONE', ( #6425, #1638, #5843, #4151 ) ) ;
#3415 = CARTESIAN_POINT ( 'NONE',  ( -33.57331990792611975, 6.032913140623263892, -1.244999999999936158 ) ) ;
#3416 = LINE ( 'NONE', #5499, #2191 ) ;
#3417 =( BOUNDED_CURVE ( )  B_SPLINE_CURVE ( 3, ( #6802, #3222, #2520, #9153 ),
 .UNSPECIFIED., .F., .F. ) 
 B_SPLINE_CURVE_WITH_KNOTS ( ( 4, 4 ),
 ( 1.570796326794896780, 3.141592653589792672 ),
 .UNSPECIFIED. ) 
 CURVE ( )  GEOMETRIC_REPRESENTATION_ITEM ( )  RATIONAL_B_SPLINE_CURVE ( ( 1.000000000000000000, 0.8047378541243652705, 0.8047378541243652705, 1.000000000000000000 ) ) 
 REPRESENTATION_ITEM ( '' )  );
#3418 = DIRECTION ( 'NONE',  ( 0.000000000000000000, 1.000000000000000000, 1.047444401652940007E-14 ) ) ;
#3419 = DIRECTION ( 'NONE',  ( 1.000000000000000000, -0.000000000000000000, 0.000000000000000000 ) ) ;
#3420 = EDGE_CURVE ( 'NONE', #7380, #8534, #8813, .T. ) ;
#3421 = ADVANCED_FACE ( 'NONE', ( #8205 ), #3970, .F. ) ;
#3422 =( LENGTH_UNIT ( ) NAMED_UNIT ( * ) SI_UNIT ( .MILLI., .METRE. ) );
#3423 = LINE ( 'NONE', #7, #7527 ) ;
#3424 =( LENGTH_UNIT ( ) NAMED_UNIT ( * ) SI_UNIT ( .MILLI., .METRE. ) );
#3425 = ORIENTED_EDGE ( 'NONE', *, *, #2279, .T. ) ;
#3426 = COLOUR_RGB ( '',0.08235294117647058709, 0.08235294117647058709, 0.08235294117647058709 ) ;
#3427 =( LENGTH_UNIT ( ) NAMED_UNIT ( * ) SI_UNIT ( .MILLI., .METRE. ) );
#3428 = LINE ( 'NONE', #2018, #4569 ) ;
#3429 = CARTESIAN_POINT ( 'NONE',  ( -37.63731990792611981, 6.032913140623267445, -1.575199999999936429 ) ) ;
#3430 = VECTOR ( 'NONE', #4235, 1000.000000000000000 ) ;
#3431 = LINE ( 'NONE', #1979, #4356 ) ;
#3432 = CARTESIAN_POINT ( 'NONE',  ( -37.19401384467411731, 8.369713140623288083, -3.530999999999912209 ) ) ;
#3433 = VECTOR ( 'NONE', #3354, 1000.000000000000000 ) ;
#3434 = VECTOR ( 'NONE', #6084, 1000.000000000000000 ) ;
#3435 = ORIENTED_EDGE ( 'NONE', *, *, #4500, .T. ) ;
#3436 = MECHANICAL_DESIGN_GEOMETRIC_PRESENTATION_REPRESENTATION (  '', ( #2848 ), #4494 ) ;
#3437 = LINE ( 'NONE', #3967, #402 ) ;
#3438 = EDGE_LOOP ( 'NONE', ( #6527, #4480 ) ) ;
#3439 = ORIENTED_EDGE ( 'NONE', *, *, #5788, .F. ) ;
#3440 = EDGE_CURVE ( 'NONE', #2369, #7275, #986, .T. ) ;
#3441 = DIRECTION ( 'NONE',  ( 0.000000000000000000, 1.047444401652940007E-14, -1.000000000000000000 ) ) ;
#3442 = FACE_OUTER_BOUND ( 'NONE', #5485, .T. ) ;
#3443 = ADVANCED_FACE ( 'NONE', ( #397 ), #7708, .F. ) ;
#3444 = VECTOR ( 'NONE', #2106, 1000.000000000000000 ) ;
#3445 = FILL_AREA_STYLE ('',( #2696 ) ) ;
#3446 = PRESENTATION_LAYER_ASSIGNMENT (  '', '', ( #2253 ) ) ;
#3447 = DIRECTION ( 'NONE',  ( -1.000000000000000000, 0.000000000000000000, -0.000000000000000000 ) ) ;
#3448 =( GEOMETRIC_REPRESENTATION_CONTEXT ( 3 ) GLOBAL_UNCERTAINTY_ASSIGNED_CONTEXT ( ( #6548 ) ) GLOBAL_UNIT_ASSIGNED_CONTEXT ( ( #2339, #4452, #6582 ) ) REPRESENTATION_CONTEXT ( 'NONE', 'WORKASPACE' ) );
#3449 = DIRECTION ( 'NONE',  ( -0.000000000000000000, -0.000000000000000000, -1.000000000000000000 ) ) ;
#3450 = ORIENTED_EDGE ( 'NONE', *, *, #7219, .T. ) ;
#3451 = ORIENTED_EDGE ( 'NONE', *, *, #4941, .T. ) ;
#3452 = MECHANICAL_DESIGN_GEOMETRIC_PRESENTATION_REPRESENTATION (  '', ( #3905 ), #2406 ) ;
#3453 = CARTESIAN_POINT ( 'NONE',  ( -38.20251990792611707, 7.258513140623235493, 1.472800000000076714 ) ) ;
#3454 = FILL_AREA_STYLE ('',( #2759 ) ) ;
#3455 = DIRECTION ( 'NONE',  ( 1.000000000000000000, 0.000000000000000000, 0.000000000000000000 ) ) ;
#3456 = DIRECTION ( 'NONE',  ( 0.000000000000000000, 1.047444401652940007E-14, -1.000000000000000000 ) ) ;
#3457 = ORIENTED_EDGE ( 'NONE', *, *, #383, .F. ) ;
#3458 = EDGE_LOOP ( 'NONE', ( #5765, #3825, #2149, #7519 ) ) ;
#3459 = ORIENTED_EDGE ( 'NONE', *, *, #8396, .F. ) ;
#3460 = CARTESIAN_POINT ( 'NONE',  ( -32.75411990792613182, 7.512513140623252816, -1.575199999999920664 ) ) ;
#3461 = SURFACE_STYLE_FILL_AREA ( #4828 ) ;
#3462 = PRESENTATION_STYLE_ASSIGNMENT (( #4130 ) ) ;
#3463 = LINE ( 'NONE', #2055, #1687 ) ;
#3464 = EDGE_CURVE ( 'NONE', #8966, #241, #8207, .T. ) ;
#3465 = CARTESIAN_POINT ( 'NONE',  ( -44.88039062757600561, -16.50398703403563871, -0.2349999999999997369 ) ) ;
#3466 = VERTEX_POINT ( 'NONE', #3303 ) ;
#3467 = PRESENTATION_LAYER_ASSIGNMENT (  '', '', ( #199 ) ) ;
#3468 = SURFACE_STYLE_USAGE ( .BOTH. , #5642 ) ;
#3469 = VECTOR ( 'NONE', #3419, 1000.000000000000000 ) ;
#3470 =( LENGTH_UNIT ( ) NAMED_UNIT ( * ) SI_UNIT ( .MILLI., .METRE. ) );
#3471 = LINE ( 'NONE', #6500, #5725 ) ;
#3472 = CARTESIAN_POINT ( 'NONE',  ( -34.33039062757600846, -18.29409031937256103, -0.2464335406786998528 ) ) ;
#3473 = CARTESIAN_POINT ( 'NONE',  ( -22.78039062757601130, 7.056012965964359118, -1.264999999999999902 ) ) ;
#3474 = VECTOR ( 'NONE', #8632, 1000.000000000000000 ) ;
#3475 = LINE ( 'NONE', #4051, #9036 ) ;
#3476 = ORIENTED_EDGE ( 'NONE', *, *, #3477, .T. ) ;
#3477 = EDGE_CURVE ( 'NONE', #4329, #9, #6228, .T. ) ;
#3478 = CARTESIAN_POINT ( 'NONE',  ( -40.82731649811005781, -17.05636897394359863, -1.250249856270432947 ) ) ;
#3479 = ORIENTED_EDGE ( 'NONE', *, *, #4102, .F. ) ;
#3480 = ORIENTED_EDGE ( 'NONE', *, *, #6920, .T. ) ;
#3481 = MECHANICAL_DESIGN_GEOMETRIC_PRESENTATION_REPRESENTATION (  '', ( #4838 ), #203 ) ;
#3482 = AXIS2_PLACEMENT_3D ( 'NONE', #8321, #7549, #424 ) ;
#3483 = FILL_AREA_STYLE ('',( #6559 ) ) ;
#3484 = VECTOR ( 'NONE', #7976, 1000.000000000000000 ) ;
#3485 = EDGE_CURVE ( 'NONE', #9217, #1884, #5427, .T. ) ;
#3486 = UNCERTAINTY_MEASURE_WITH_UNIT (LENGTH_MEASURE( 1.000000000000000082E-05 ), #2676, 'distance_accuracy_value', 'NONE');
#3487 = SURFACE_SIDE_STYLE ('',( #636 ) ) ;
#3488 = CARTESIAN_POINT ( 'NONE',  ( -41.82731649811005781, -16.30398703403564653, -1.266000000000000014 ) ) ;
#3489 = CARTESIAN_POINT ( 'NONE',  ( -40.94731649811006235, -18.17279833390455224, -0.6621407731115727113 ) ) ;
#3490 = CARTESIAN_POINT ( 'NONE',  ( -38.20251990792611707, 7.144113140623235658, 1.472800000000075604 ) ) ;
#3491 =( GEOMETRIC_REPRESENTATION_CONTEXT ( 3 ) GLOBAL_UNCERTAINTY_ASSIGNED_CONTEXT ( ( #3617 ) ) GLOBAL_UNIT_ASSIGNED_CONTEXT ( ( #8386, #8212, #6184 ) ) REPRESENTATION_CONTEXT ( 'NONE', 'WORKASPACE' ) );
#3492 = EDGE_CURVE ( 'NONE', #1564, #8363, #3350, .T. ) ;
#3493 = ORIENTED_EDGE ( 'NONE', *, *, #4853, .F. ) ;
#3494 = VERTEX_POINT ( 'NONE', #4011 ) ;
#3495 = SURFACE_STYLE_USAGE ( .BOTH. , #4816 ) ;
#3496 = EDGE_CURVE ( 'NONE', #6328, #4742, #5476, .T. ) ;
#3497 =( LENGTH_UNIT ( ) NAMED_UNIT ( * ) SI_UNIT ( .MILLI., .METRE. ) );
#3498 = LINE ( 'NONE', #4169, #5943 ) ;
#3499 = EDGE_CURVE ( 'NONE', #1537, #7922, #5399, .T. ) ;
#3500 = VERTEX_POINT ( 'NONE', #4859 ) ;
#3501 = VERTEX_POINT ( 'NONE', #1295 ) ;
#3502 = VERTEX_POINT ( 'NONE', #1857 ) ;
#3503 = EDGE_LOOP ( 'NONE', ( #6837, #5560, #4802, #8809, #1304, #2222 ) ) ;
#3504 = SURFACE_SIDE_STYLE ('',( #656 ) ) ;
#3505 = SURFACE_SIDE_STYLE ('',( #657 ) ) ;
#3506 = SURFACE_SIDE_STYLE ('',( #5536 ) ) ;
#3507 = DIRECTION ( 'NONE',  ( 0.000000000000000000, 0.000000000000000000, 1.000000000000000000 ) ) ;
#3508 = COLOUR_RGB ( '',1.000000000000000000, 0.5019607843137254832, 0.000000000000000000 ) ;
#3509 = DIRECTION ( 'NONE',  ( 0.000000000000000000, -1.047444401652940007E-14, 1.000000000000000000 ) ) ;
#3510 = VERTEX_POINT ( 'NONE', #4712 ) ;
#3511 = VECTOR ( 'NONE', #9224, 1000.000000000000000 ) ;
#3512 = CIRCLE ( 'NONE', #1006, 1.800000000000002931 ) ;
#3513 = EDGE_CURVE ( 'NONE', #5058, #641, #6178, .T. ) ;
#3514 =( NAMED_UNIT ( * ) SI_UNIT ( $, .STERADIAN. ) SOLID_ANGLE_UNIT ( ) );
#3515 = PRESENTATION_STYLE_ASSIGNMENT (( #1373 ) ) ;
#3516 = DIRECTION ( 'NONE',  ( -1.000000000000000000, -0.000000000000000000, 0.000000000000000000 ) ) ;
#3517 = CARTESIAN_POINT ( 'NONE',  ( -34.65401384467418922, 6.032913140623278103, -1.244999999999936158 ) ) ;
#3518 = FILL_AREA_STYLE ('',( #6357 ) ) ;
#3519 = SURFACE_SIDE_STYLE ('',( #5689 ) ) ;
#3520 = UNCERTAINTY_MEASURE_WITH_UNIT (LENGTH_MEASURE( 1.000000000000000082E-05 ), #4435, 'distance_accuracy_value', 'NONE');
#3521 = VECTOR ( 'NONE', #1825, 1000.000000000000000 ) ;
#3522 = VECTOR ( 'NONE', #80, 1000.000000000000000 ) ;
#3523 = CARTESIAN_POINT ( 'NONE',  ( -40.82734843295796168, -14.00398703482844098, 1.184899675086708237 ) ) ;
#3524 =( GEOMETRIC_REPRESENTATION_CONTEXT ( 3 ) GLOBAL_UNCERTAINTY_ASSIGNED_CONTEXT ( ( #1213 ) ) GLOBAL_UNIT_ASSIGNED_CONTEXT ( ( #4805, #1073, #8336 ) ) REPRESENTATION_CONTEXT ( 'NONE', 'WORKASPACE' ) );
#3525 = DIRECTION ( 'NONE',  ( 0.000000000000000000, 0.9896714663085164343, -0.1433540678695623127 ) ) ;
#3526 = LINE ( 'NONE', #79, #6141 ) ;
#3527 =( NAMED_UNIT ( * ) SI_UNIT ( $, .STERADIAN. ) SOLID_ANGLE_UNIT ( ) );
#3528 = VECTOR ( 'NONE', #3760, 1000.000000000000000 ) ;
#3529 = LINE ( 'NONE', #4289, #3096 ) ;
#3530 = EDGE_LOOP ( 'NONE', ( #1864, #4455, #5942, #3411, #5872, #8293 ) ) ;
#3531 = ORIENTED_EDGE ( 'NONE', *, *, #7240, .F. ) ;
#3532 =( GEOMETRIC_REPRESENTATION_CONTEXT ( 3 ) GLOBAL_UNCERTAINTY_ASSIGNED_CONTEXT ( ( #2682 ) ) GLOBAL_UNIT_ASSIGNED_CONTEXT ( ( #683, #592, #6420 ) ) REPRESENTATION_CONTEXT ( 'NONE', 'WORKASPACE' ) );
#3533 = CARTESIAN_POINT ( 'NONE',  ( -36.11331990792611890, 6.032913140623274550, -1.244999999999936158 ) ) ;
#3534 = SURFACE_SIDE_STYLE ('',( #5093 ) ) ;
#3535 = FILL_AREA_STYLE ('',( #4295 ) ) ;
#3536 = EDGE_CURVE ( 'NONE', #36, #7473, #2602, .T. ) ;
#3537 = FACE_OUTER_BOUND ( 'NONE', #8812, .T. ) ;
#3538 = B_SPLINE_CURVE_WITH_KNOTS ( 'NONE', 3,
 ( #9139, #7797, #3478, #2739, #6366, #9193, #5648, #8472, #4947, #974 ),
 .UNSPECIFIED., .F., .F.,
 ( 4, 2, 2, 2, 4 ),
 ( 0.000000000000000000, 0.001225126604154732094, 0.001837689906232098033, 0.002143971557270781328, 0.002450253208309464189 ),
 .UNSPECIFIED. ) ;
#3539 = CARTESIAN_POINT ( 'NONE',  ( -23.82731649811006136, -9.423987034035643973, -1.245000000000000107 ) ) ;
#3540 = VERTEX_POINT ( 'NONE', #8298 ) ;
#3541 = VERTEX_POINT ( 'NONE', #6844 ) ;
#3542 = MECHANICAL_DESIGN_GEOMETRIC_PRESENTATION_REPRESENTATION (  '', ( #6862 ), #3701 ) ;
#3543 = DIRECTION ( 'NONE',  ( -0.000000000000000000, 1.000000000000000000, 1.047444401652940007E-14 ) ) ;
#3544 = LINE ( 'NONE', #2847, #8039 ) ;
#3545 = COLOUR_RGB ( '',0.7529411764705882248, 0.7529411764705882248, 0.7529411764705882248 ) ;
#3546 = FACE_OUTER_BOUND ( 'NONE', #3403, .T. ) ;
#3547 = CARTESIAN_POINT ( 'NONE',  ( -35.29411990792612386, 7.512513140623233276, 1.367589755157312181 ) ) ;
#3548 =( LENGTH_UNIT ( ) NAMED_UNIT ( * ) SI_UNIT ( .MILLI., .METRE. ) );
#3549 = VERTEX_POINT ( 'NONE', #6322 ) ;
#3550 = EDGE_LOOP ( 'NONE', ( #2539, #2524, #6906, #8858, #5332 ) ) ;
#3551 = VECTOR ( 'NONE', #4425, 1000.000000000000000 ) ;
#3552 = ORIENTED_EDGE ( 'NONE', *, *, #1943, .T. ) ;
#3553 = ORIENTED_EDGE ( 'NONE', *, *, #6554, .T. ) ;
#3554 = DIRECTION ( 'NONE',  ( 0.000000000000000000, -1.047444401652940007E-14, 1.000000000000000000 ) ) ;
#3555 = EDGE_CURVE ( 'NONE', #5997, #449, #7612, .T. ) ;
#3556 = PRESENTATION_STYLE_ASSIGNMENT (( #4221 ) ) ;
#3557 = CARTESIAN_POINT ( 'NONE',  ( -20.98039062757600703, -16.50398703403563871, -1.245000000000000107 ) ) ;
#3558 = CARTESIAN_POINT ( 'NONE',  ( -27.82731649811006136, -11.62398703403563971, 1.215000000000000080 ) ) ;
#3559 = FACE_OUTER_BOUND ( 'NONE', #4759, .T. ) ;
#3560 = VECTOR ( 'NONE', #6723, 1000.000000000000000 ) ;
#3561 = ORIENTED_EDGE ( 'NONE', *, *, #1028, .T. ) ;
#3562 = ORIENTED_EDGE ( 'NONE', *, *, #7315, .F. ) ;
#3563 = SURFACE_STYLE_USAGE ( .BOTH. , #8507 ) ;
#3564 =( NAMED_UNIT ( * ) SI_UNIT ( $, .STERADIAN. ) SOLID_ANGLE_UNIT ( ) );
#3565 = SURFACE_STYLE_USAGE ( .BOTH. , #1424 ) ;
#3566 = DIRECTION ( 'NONE',  ( 0.000000000000000000, 1.000000000000000000, 1.047444401652940007E-14 ) ) ;
#3567 = SURFACE_STYLE_USAGE ( .BOTH. , #2067 ) ;
#3568 = LINE ( 'NONE', #9234, #6261 ) ;
#3569 = CARTESIAN_POINT ( 'NONE',  ( -22.78039062757601130, 7.056012965964359118, -0.2349999999999997369 ) ) ;
#3570 = SURFACE_STYLE_FILL_AREA ( #826 ) ;
#3571 =( GEOMETRIC_REPRESENTATION_CONTEXT ( 3 ) GLOBAL_UNCERTAINTY_ASSIGNED_CONTEXT ( ( #4817 ) ) GLOBAL_UNIT_ASSIGNED_CONTEXT ( ( #7049, #4842, #3386 ) ) REPRESENTATION_CONTEXT ( 'NONE', 'WORKASPACE' ) );
#3572 =( NAMED_UNIT ( * ) PLANE_ANGLE_UNIT ( ) SI_UNIT ( $, .RADIAN. ) );
#3573 = ORIENTED_EDGE ( 'NONE', *, *, #5971, .F. ) ;
#3574 = AXIS2_PLACEMENT_3D ( 'NONE', #6645, #2361, #5894 ) ;
#3575 = VERTEX_POINT ( 'NONE', #2743 ) ;
#3576 = SURFACE_STYLE_USAGE ( .BOTH. , #725 ) ;
#3577 = PLANE ( 'NONE',  #4936 ) ;
#3578 = UNCERTAINTY_MEASURE_WITH_UNIT (LENGTH_MEASURE( 1.000000000000000082E-05 ), #8964, 'distance_accuracy_value', 'NONE');
#3579 = FACE_OUTER_BOUND ( 'NONE', #5525, .T. ) ;
#3580 = CARTESIAN_POINT ( 'NONE',  ( -40.82731649811006491, -17.69395963581152031, -1.042749610596882981 ) ) ;
#3581 = EDGE_CURVE ( 'NONE', #25, #3549, #8335, .T. ) ;
#3582 = CIRCLE ( 'NONE', #6149, 1.000000000000000888 ) ;
#3583 =( LENGTH_UNIT ( ) NAMED_UNIT ( * ) SI_UNIT ( .MILLI., .METRE. ) );
#3584 = PRESENTATION_STYLE_ASSIGNMENT (( #8522 ) ) ;
#3585 =( NAMED_UNIT ( * ) SI_UNIT ( $, .STERADIAN. ) SOLID_ANGLE_UNIT ( ) );
#3586 = VECTOR ( 'NONE', #672, 1000.000000000000000 ) ;
#3587 = ORIENTED_EDGE ( 'NONE', *, *, #1882, .T. ) ;
#3588 = ORIENTED_EDGE ( 'NONE', *, *, #6649, .T. ) ;
#3589 = STYLED_ITEM ( 'NONE', ( #4934 ), #1650 ) ;
#3590 = CARTESIAN_POINT ( 'NONE',  ( -34.88731649811006008, -18.28388708950198804, -0.2449552275043981875 ) ) ;
#3591 = DIRECTION ( 'NONE',  ( 1.000000000000000000, -1.182766006347823109E-16, 0.000000000000000000 ) ) ;
#3592 = FILL_AREA_STYLE ('',( #9166 ) ) ;
#3593 = SURFACE_STYLE_FILL_AREA ( #739 ) ;
#3594 = ORIENTED_EDGE ( 'NONE', *, *, #6131, .T. ) ;
#3595 = COLOUR_RGB ( '',0.000000000000000000, 0.000000000000000000, 0.000000000000000000 ) ;
#3596 = VERTEX_POINT ( 'NONE', #7756 ) ;
#3597 = ORIENTED_EDGE ( 'NONE', *, *, #7001, .T. ) ;
#3598 = EDGE_LOOP ( 'NONE', ( #3159, #655, #5297, #2413 ) ) ;
#3599 = EDGE_CURVE ( 'NONE', #3510, #2096, #2074, .T. ) ;
#3600 = STYLED_ITEM ( 'NONE', ( #8994 ), #1358 ) ;
#3601 = DIRECTION ( 'NONE',  ( 1.000000000000000000, 0.000000000000000000, 0.000000000000000000 ) ) ;
#3602 =( LENGTH_UNIT ( ) NAMED_UNIT ( * ) SI_UNIT ( .MILLI., .METRE. ) );
#3603 = CARTESIAN_POINT ( 'NONE',  ( -35.66246990792611626, 7.144163140623349229, -9.372999999999922949 ) ) ;
#3604 =( LENGTH_UNIT ( ) NAMED_UNIT ( * ) SI_UNIT ( .MILLI., .METRE. ) );
#3605 = CARTESIAN_POINT ( 'NONE',  ( -35.66251990792611792, 7.144113140623235658, 1.472800000000075382 ) ) ;
#3606 = SURFACE_STYLE_FILL_AREA ( #5210 ) ;
#3607 = EDGE_CURVE ( 'NONE', #4181, #2096, #4493, .T. ) ;
#3608 = PRESENTATION_STYLE_ASSIGNMENT (( #6441 ) ) ;
#3609 = EDGE_LOOP ( 'NONE', ( #7152, #8084, #5869, #5067 ) ) ;
#3610 = EDGE_LOOP ( 'NONE', ( #2232, #732, #1119, #4052 ) ) ;
#3611 = SURFACE_SIDE_STYLE ('',( #6352 ) ) ;
#3612 = SURFACE_STYLE_FILL_AREA ( #758 ) ;
#3613 = DIRECTION ( 'NONE',  ( 1.000000000000000000, 0.000000000000000000, 0.000000000000000000 ) ) ;
#3614 = LINE ( 'NONE', #4369, #7372 ) ;
#3615 = CARTESIAN_POINT ( 'NONE',  ( -23.55039062757601087, -8.053987034035651860, 1.265000000000000124 ) ) ;
#3616 = SURFACE_SIDE_STYLE ('',( #6888 ) ) ;
#3617 = UNCERTAINTY_MEASURE_WITH_UNIT (LENGTH_MEASURE( 1.000000000000000082E-05 ), #8386, 'distance_accuracy_value', 'NONE');
#3618 = EDGE_CURVE ( 'NONE', #3549, #2609, #679, .T. ) ;
#3619 =( NAMED_UNIT ( * ) PLANE_ANGLE_UNIT ( ) SI_UNIT ( $, .RADIAN. ) );
#3620 = DIRECTION ( 'NONE',  ( -0.000000000000000000, -0.000000000000000000, -1.000000000000000000 ) ) ;
#3621 = MECHANICAL_DESIGN_GEOMETRIC_PRESENTATION_REPRESENTATION (  '', ( #7658 ), #191 ) ;
#3622 =( GEOMETRIC_REPRESENTATION_CONTEXT ( 3 ) GLOBAL_UNCERTAINTY_ASSIGNED_CONTEXT ( ( #8368 ) ) GLOBAL_UNIT_ASSIGNED_CONTEXT ( ( #414, #8824, #6059 ) ) REPRESENTATION_CONTEXT ( 'NONE', 'WORKASPACE' ) );
#3623 = VERTEX_POINT ( 'NONE', #3533 ) ;
#3624 = CARTESIAN_POINT ( 'NONE',  ( -30.46816990792611790, 7.144163140623349229, -9.372999999999922949 ) ) ;
#3625 = SURFACE_STYLE_FILL_AREA ( #3483 ) ;
#3626 = FILL_AREA_STYLE_COLOUR ( '', #6396 ) ;
#3627 = SURFACE_SIDE_STYLE ('',( #9198 ) ) ;
#3628 = STYLED_ITEM ( 'NONE', ( #6120 ), #4074 ) ;
#3629 =( GEOMETRIC_REPRESENTATION_CONTEXT ( 3 ) GLOBAL_UNCERTAINTY_ASSIGNED_CONTEXT ( ( #2470 ) ) GLOBAL_UNIT_ASSIGNED_CONTEXT ( ( #1910, #4065, #3359 ) ) REPRESENTATION_CONTEXT ( 'NONE', 'WORKASPACE' ) );
#3630 = AXIS2_PLACEMENT_3D ( 'NONE', #6659, #7304, #4396 ) ;
#3631 =( LENGTH_UNIT ( ) NAMED_UNIT ( * ) SI_UNIT ( .MILLI., .METRE. ) );
#3632 = PLANE ( 'NONE',  #3002 ) ;
#3633 = CARTESIAN_POINT ( 'NONE',  ( -28.82731649811005781, -16.28837867234000925, -1.244937770040023928 ) ) ;
#3634 = FILL_AREA_STYLE_COLOUR ( '', #8062 ) ;
#3635 = VERTEX_POINT ( 'NONE', #2176 ) ;
#3636 = VERTEX_POINT ( 'NONE', #5050 ) ;
#3637 = PRESENTATION_LAYER_ASSIGNMENT (  '', '', ( #9164 ) ) ;
#3638 = VECTOR ( 'NONE', #8150, 1000.000000000000000 ) ;
#3639 = STYLED_ITEM ( 'NONE', ( #76 ), #5574 ) ;
#3640 = ADVANCED_FACE ( 'NONE', ( #5091 ), #4242, .F. ) ;
#3641 = PRESENTATION_STYLE_ASSIGNMENT (( #8581 ) ) ;
#3642 = SURFACE_STYLE_FILL_AREA ( #7911 ) ;
#3643 = FILL_AREA_STYLE ('',( #5063 ) ) ;
#3644 =( GEOMETRIC_REPRESENTATION_CONTEXT ( 3 ) GLOBAL_UNCERTAINTY_ASSIGNED_CONTEXT ( ( #4120 ) ) GLOBAL_UNIT_ASSIGNED_CONTEXT ( ( #4406, #1646, #7919 ) ) REPRESENTATION_CONTEXT ( 'NONE', 'WORKASPACE' ) );
#3645 = PRESENTATION_LAYER_ASSIGNMENT (  '', '', ( #7680 ) ) ;
#3646 = CARTESIAN_POINT ( 'NONE',  ( -28.82731649811005781, -18.28388708950198804, -0.2449552275043981875 ) ) ;
#3647 = PRESENTATION_STYLE_ASSIGNMENT (( #5763 ) ) ;
#3648 = VERTEX_POINT ( 'NONE', #7984 ) ;
#3649 = VERTEX_POINT ( 'NONE', #7154 ) ;
#3650 = PRESENTATION_LAYER_ASSIGNMENT (  '', '', ( #663 ) ) ;
#3651 = ORIENTED_EDGE ( 'NONE', *, *, #8833, .F. ) ;
#3652 = VERTEX_POINT ( 'NONE', #4199 ) ;
#3653 = SURFACE_SIDE_STYLE ('',( #195 ) ) ;
#3654 = FILL_AREA_STYLE_COLOUR ( '', #1249 ) ;
#3655 = CARTESIAN_POINT ( 'NONE',  ( -40.82734843295796168, -15.57286989362894758, 1.104876692066879995 ) ) ;
#3656 = SURFACE_STYLE_USAGE ( .BOTH. , #7268 ) ;
#3657 = CARTESIAN_POINT ( 'NONE',  ( -30.21416990792612722, 6.890163140623350557, -9.118999999999918060 ) ) ;
#3658 =( GEOMETRIC_REPRESENTATION_CONTEXT ( 3 ) GLOBAL_UNCERTAINTY_ASSIGNED_CONTEXT ( ( #6291 ) ) GLOBAL_UNIT_ASSIGNED_CONTEXT ( ( #1471, #4761, #1195 ) ) REPRESENTATION_CONTEXT ( 'NONE', 'WORKASPACE' ) );
#3659 = EDGE_CURVE ( 'NONE', #7018, #4857, #724, .T. ) ;
#3660 = ORIENTED_EDGE ( 'NONE', *, *, #7886, .F. ) ;
#3661 =( LENGTH_UNIT ( ) NAMED_UNIT ( * ) SI_UNIT ( .MILLI., .METRE. ) );
#3662 = CARTESIAN_POINT ( 'NONE',  ( -32.75416990792612637, 7.512463140623341751, -9.118999999999919837 ) ) ;
#3663 = DIRECTION ( 'NONE',  ( 1.000000000000000000, 0.000000000000000000, 0.000000000000000000 ) ) ;
#3664 =( GEOMETRIC_REPRESENTATION_CONTEXT ( 3 ) GLOBAL_UNCERTAINTY_ASSIGNED_CONTEXT ( ( #6102 ) ) GLOBAL_UNIT_ASSIGNED_CONTEXT ( ( #6446, #9186, #4896 ) ) REPRESENTATION_CONTEXT ( 'NONE', 'WORKASPACE' ) );
#3665 = DIRECTION ( 'NONE',  ( -0.000000000000000000, -0.000000000000000000, 1.000000000000000000 ) ) ;
#3666 = CARTESIAN_POINT ( 'NONE',  ( -35.29416990792612552, 7.512463140623287572, -3.530999999999924643 ) ) ;
#3667 =( BOUNDED_CURVE ( )  B_SPLINE_CURVE ( 3, ( #7081, #3547, #1398, #5580 ),
 .UNSPECIFIED., .F., .F. ) 
 B_SPLINE_CURVE_WITH_KNOTS ( ( 4, 4 ),
 ( 0.000000000000000000, 1.570796326794896558 ),
 .UNSPECIFIED. ) 
 CURVE ( )  GEOMETRIC_REPRESENTATION_ITEM ( )  RATIONAL_B_SPLINE_CURVE ( ( 1.000000000000000000, 0.8047378541243649375, 0.8047378541243649375, 1.000000000000000000 ) ) 
 REPRESENTATION_ITEM ( '' )  );
#3668 = PLANE ( 'NONE',  #8609 ) ;
#3669 = DIRECTION ( 'NONE',  ( 0.000000000000000000, 0.000000000000000000, 1.000000000000000000 ) ) ;
#3670 = AXIS2_PLACEMENT_3D ( 'NONE', #6626, #6674, #8740 ) ;
#3671 = CARTESIAN_POINT ( 'NONE',  ( -23.82731649811006136, -13.42398703403564575, -1.254999999999999893 ) ) ;
#3672 =( GEOMETRIC_REPRESENTATION_CONTEXT ( 3 ) GLOBAL_UNCERTAINTY_ASSIGNED_CONTEXT ( ( #4027 ) ) GLOBAL_UNIT_ASSIGNED_CONTEXT ( ( #5217, #5125, #1568 ) ) REPRESENTATION_CONTEXT ( 'NONE', 'WORKASPACE' ) );
#3673 = DIRECTION ( 'NONE',  ( 0.000000000000000000, -1.000000000000000000, -0.000000000000000000 ) ) ;
#3674 = ORIENTED_EDGE ( 'NONE', *, *, #6815, .F. ) ;
#3675 = SURFACE_SIDE_STYLE ('',( #876 ) ) ;
#3676 = FILL_AREA_STYLE_COLOUR ( '', #4648 ) ;
#3677 = VECTOR ( 'NONE', #2146, 1000.000000000000000 ) ;
#3678 = VECTOR ( 'NONE', #1982, 1000.000000000000000 ) ;
#3679 = EDGE_CURVE ( 'NONE', #8024, #1257, #6458, .T. ) ;
#3680 = STYLED_ITEM ( 'NONE', ( #4578 ), #7803 ) ;
#3681 = UNCERTAINTY_MEASURE_WITH_UNIT (LENGTH_MEASURE( 1.000000000000000082E-05 ), #6617, 'distance_accuracy_value', 'NONE');
#3682 = DIRECTION ( 'NONE',  ( 0.000000000000000000, 1.047444401652940007E-14, -1.000000000000000000 ) ) ;
#3683 = CARTESIAN_POINT ( 'NONE',  ( -32.85933015276888369, 6.995323385466001298, 1.472800000000072940 ) ) ;
#3684 = AXIS2_PLACEMENT_3D ( 'NONE', #5078, #4320, #2912 ) ;
#3685 = SURFACE_STYLE_USAGE ( .BOTH. , #3021 ) ;
#3686 = LINE ( 'NONE', #6566, #6950 ) ;
#3687 = FILL_AREA_STYLE_COLOUR ( '', #6605 ) ;
#3688 = EDGE_LOOP ( 'NONE', ( #8628, #4858, #3736, #6816 ) ) ;
#3689 = ORIENTED_EDGE ( 'NONE', *, *, #2264, .T. ) ;
#3690 = MECHANICAL_DESIGN_GEOMETRIC_PRESENTATION_REPRESENTATION (  '', ( #7877 ), #2633 ) ;
#3691 =( NAMED_UNIT ( * ) SI_UNIT ( $, .STERADIAN. ) SOLID_ANGLE_UNIT ( ) );
#3692 = VECTOR ( 'NONE', #7120, 1000.000000000000000 ) ;
#3693 = PRESENTATION_LAYER_ASSIGNMENT (  '', '', ( #7734 ) ) ;
#3694 = UNCERTAINTY_MEASURE_WITH_UNIT (LENGTH_MEASURE( 1.000000000000000082E-05 ), #7293, 'distance_accuracy_value', 'NONE');
#3695 = UNCERTAINTY_MEASURE_WITH_UNIT (LENGTH_MEASURE( 1.000000000000000082E-05 ), #7416, 'distance_accuracy_value', 'NONE');
#3696 =( NAMED_UNIT ( * ) SI_UNIT ( $, .STERADIAN. ) SOLID_ANGLE_UNIT ( ) );
#3697 = DIRECTION ( 'NONE',  ( -0.000000000000000000, -0.000000000000000000, -1.000000000000000000 ) ) ;
#3698 = EDGE_CURVE ( 'NONE', #7140, #8603, #2123, .T. ) ;
#3699 = ORIENTED_EDGE ( 'NONE', *, *, #4706, .F. ) ;
#3700 = ORIENTED_EDGE ( 'NONE', *, *, #1762, .T. ) ;
#3701 =( GEOMETRIC_REPRESENTATION_CONTEXT ( 3 ) GLOBAL_UNCERTAINTY_ASSIGNED_CONTEXT ( ( #1542 ) ) GLOBAL_UNIT_ASSIGNED_CONTEXT ( ( #8791, #3100, #3902 ) ) REPRESENTATION_CONTEXT ( 'NONE', 'WORKASPACE' ) );
#3702 = ORIENTED_EDGE ( 'NONE', *, *, #4410, .T. ) ;
#3703 = ORIENTED_EDGE ( 'NONE', *, *, #4887, .F. ) ;
#3704 = CARTESIAN_POINT ( 'NONE',  ( -45.88039062757600561, -16.50398703403563871, -1.264999999999999902 ) ) ;
#3705 = PLANE ( 'NONE',  #5301 ) ;
#3706 = COLOUR_RGB ( '',0.000000000000000000, 0.000000000000000000, 0.000000000000000000 ) ;
#3707 = CARTESIAN_POINT ( 'NONE',  ( -39.21211990792613022, 7.144163140623349229, -9.372999999999922949 ) ) ;
#3708 = PLANE ( 'NONE',  #3319 ) ;
#3709 =( GEOMETRIC_REPRESENTATION_CONTEXT ( 3 ) GLOBAL_UNCERTAINTY_ASSIGNED_CONTEXT ( ( #1437 ) ) GLOBAL_UNIT_ASSIGNED_CONTEXT ( ( #3011, #5270, #7327 ) ) REPRESENTATION_CONTEXT ( 'NONE', 'WORKASPACE' ) );
#3710 = MANIFOLD_SOLID_BREP ( '128x64I2COLEDDisplay-1-solid1', #8486 ) ;
#3711 = ADVANCED_FACE ( 'NONE', ( #2458 ), #4564, .F. ) ;
#3712 = ORIENTED_EDGE ( 'NONE', *, *, #8491, .F. ) ;
#3713 = DIRECTION ( 'NONE',  ( 0.000000000000000000, 1.000000000000000000, 1.047444401652940007E-14 ) ) ;
#3714 = PRESENTATION_STYLE_ASSIGNMENT (( #208 ) ) ;
#3715 = PRESENTATION_STYLE_ASSIGNMENT (( #7885 ) ) ;
#3716 = CARTESIAN_POINT ( 'NONE',  ( -40.82734843295796168, -17.83264710389341801, 0.3756754925351361574 ) ) ;
#3717 = LINE ( 'NONE', #7232, #7526 ) ;
#3718 = ADVANCED_FACE ( 'NONE', ( #3816 ), #1025, .T. ) ;
#3719 = CARTESIAN_POINT ( 'NONE',  ( -47.58039062757602267, -14.00398703403564049, 1.205000000000000071 ) ) ;
#3720 = VECTOR ( 'NONE', #7540, 1000.000000000000000 ) ;
#3721 = UNCERTAINTY_MEASURE_WITH_UNIT (LENGTH_MEASURE( 1.000000000000000082E-05 ), #835, 'distance_accuracy_value', 'NONE');
#3722 =( LENGTH_UNIT ( ) NAMED_UNIT ( * ) SI_UNIT ( .MILLI., .METRE. ) );
#3723 = CYLINDRICAL_SURFACE ( 'NONE', #399, 0.2539999999999998925 ) ;
#3724 = CARTESIAN_POINT ( 'NONE',  ( -30.52039062757600618, 7.206012965964358585, -1.266000000000000014 ) ) ;
#3725 = CARTESIAN_POINT ( 'NONE',  ( -28.82731649811006136, -14.55953255205335140, 1.155128106397925292 ) ) ;
#3726 = VERTEX_POINT ( 'NONE', #4472 ) ;
#3727 =( LENGTH_UNIT ( ) NAMED_UNIT ( * ) SI_UNIT ( .MILLI., .METRE. ) );
#3728 = SURFACE_SIDE_STYLE ('',( #3150 ) ) ;
#3729 = LINE ( 'NONE', #8620, #8532 ) ;
#3730 = SURFACE_STYLE_FILL_AREA ( #878 ) ;
#3731 =( BOUNDED_CURVE ( )  B_SPLINE_CURVE ( 3, ( #7654, #872, #2172, #7894 ),
 .UNSPECIFIED., .F., .F. ) 
 B_SPLINE_CURVE_WITH_KNOTS ( ( 4, 4 ),
 ( 1.570796326794896780, 3.141592653589790007 ),
 .UNSPECIFIED. ) 
 CURVE ( )  GEOMETRIC_REPRESENTATION_ITEM ( )  RATIONAL_B_SPLINE_CURVE ( ( 1.000000000000000000, 0.8047378541243658256, 0.8047378541243658256, 1.000000000000000000 ) ) 
 REPRESENTATION_ITEM ( '' )  );
#3732 = CARTESIAN_POINT ( 'NONE',  ( -38.45651990792611485, 7.512513140623237717, 1.218800000000079597 ) ) ;
#3733 = DIRECTION ( 'NONE',  ( 0.000000000000000000, 1.000000000000000000, 0.000000000000000000 ) ) ;
#3734 = FILL_AREA_STYLE_COLOUR ( '', #7389 ) ;
#3735 = ORIENTED_EDGE ( 'NONE', *, *, #2251, .T. ) ;
#3736 = ORIENTED_EDGE ( 'NONE', *, *, #2110, .F. ) ;
#3737 = ADVANCED_FACE ( 'NONE', ( #3771 ), #3863, .T. ) ;
#3738 = LINE ( 'NONE', #7301, #1029 ) ;
#3739 =( NAMED_UNIT ( * ) PLANE_ANGLE_UNIT ( ) SI_UNIT ( $, .RADIAN. ) );
#3740 = DIRECTION ( 'NONE',  ( 1.000000000000000000, 0.000000000000000000, 0.000000000000000000 ) ) ;
#3741 = COLOUR_RGB ( '',0.7529411764705882248, 0.7529411764705882248, 0.7529411764705882248 ) ;
#3742 = FACE_OUTER_BOUND ( 'NONE', #2799, .T. ) ;
#3743 = SURFACE_STYLE_USAGE ( .BOTH. , #896 ) ;
#3744 = VERTEX_POINT ( 'NONE', #3248 ) ;
#3745 = ORIENTED_EDGE ( 'NONE', *, *, #4535, .T. ) ;
#3746 = CIRCLE ( 'NONE', #4945, 1.000000000000000888 ) ;
#3747 = AXIS2_PLACEMENT_3D ( 'NONE', #6887, #3441, #4099 ) ;
#3748 = VECTOR ( 'NONE', #6955, 1000.000000000000000 ) ;
#3749 = EDGE_LOOP ( 'NONE', ( #5544, #263, #1551, #8952 ) ) ;
#3750 = PRESENTATION_STYLE_ASSIGNMENT (( #1556 ) ) ;
#3751 = CARTESIAN_POINT ( 'NONE',  ( -30.83651990792612452, 6.890113140623235211, 1.472800000000072718 ) ) ;
#3752 = VECTOR ( 'NONE', #3697, 1000.000000000000000 ) ;
#3753 = LINE ( 'NONE', #6625, #2726 ) ;
#3754 = DIRECTION ( 'NONE',  ( -1.000000000000000000, 0.000000000000000000, -0.000000000000000000 ) ) ;
#3755 = COLOUR_RGB ( '',0.7529411764705882248, 0.7529411764705882248, 0.7529411764705882248 ) ;
#3756 = UNCERTAINTY_MEASURE_WITH_UNIT (LENGTH_MEASURE( 1.000000000000000082E-05 ), #3188, 'distance_accuracy_value', 'NONE');
#3757 = VECTOR ( 'NONE', #6172, 1000.000000000000000 ) ;
#3758 = ORIENTED_EDGE ( 'NONE', *, *, #333, .T. ) ;
#3759 = AXIS2_PLACEMENT_3D ( 'NONE', #1905, #8338, #1246 ) ;
#3760 = DIRECTION ( 'NONE',  ( 0.000000000000000000, 1.047444401652940007E-14, -1.000000000000000000 ) ) ;
#3761 = PLANE ( 'NONE',  #7870 ) ;
#3762 = FILL_AREA_STYLE ('',( #4458 ) ) ;
#3763 = ADVANCED_FACE ( 'NONE', ( #3290 ), #8163, .T. ) ;
#3764 = CARTESIAN_POINT ( 'NONE',  ( -28.82731649811005781, -17.96944709205484259, 0.2706792717290131267 ) ) ;
#3765 = CARTESIAN_POINT ( 'NONE',  ( -45.88039062757600561, -16.50398703403563871, -1.245000000000000107 ) ) ;
#3766 = FILL_AREA_STYLE_COLOUR ( '', #2890 ) ;
#3767 = FILL_AREA_STYLE_COLOUR ( '', #6189 ) ;
#3768 = DIRECTION ( 'NONE',  ( -6.878506940217426576E-30, -1.000000000000000000, -4.517075813470839259E-45 ) ) ;
#3769 = ORIENTED_EDGE ( 'NONE', *, *, #1436, .T. ) ;
#3770 =( NAMED_UNIT ( * ) PLANE_ANGLE_UNIT ( ) SI_UNIT ( $, .RADIAN. ) );
#3771 = FACE_OUTER_BOUND ( 'NONE', #2184, .T. ) ;
#3772 =( NAMED_UNIT ( * ) PLANE_ANGLE_UNIT ( ) SI_UNIT ( $, .RADIAN. ) );
#3773 =( NAMED_UNIT ( * ) PLANE_ANGLE_UNIT ( ) SI_UNIT ( $, .RADIAN. ) );
#3774 = VECTOR ( 'NONE', #6482, 1000.000000000000000 ) ;
#3775 = DIRECTION ( 'NONE',  ( -4.535567304416186281E-15, -2.618611004132350016E-15, 1.000000000000000000 ) ) ;
#3776 = ORIENTED_EDGE ( 'NONE', *, *, #7219, .F. ) ;
#3777 = ADVANCED_FACE ( 'NONE', ( #1843 ), #4001, .F. ) ;
#3778 = ORIENTED_EDGE ( 'NONE', *, *, #1262, .T. ) ;
#3779 = PLANE ( 'NONE',  #7297 ) ;
#3780 = AXIS2_PLACEMENT_3D ( 'NONE', #1670, #4518, #977 ) ;
#3781 = COLOUR_RGB ( '',0.000000000000000000, 0.000000000000000000, 0.000000000000000000 ) ;
#3782 = DIRECTION ( 'NONE',  ( -0.8660254037844384856, 0.5000000000000004441, 5.237222008264703188E-15 ) ) ;
#3783 = ADVANCED_FACE ( 'NONE', ( #6270 ), #2563, .T. ) ;
#3784 = COLOUR_RGB ( '',0.7529411764705882248, 0.7529411764705882248, 0.7529411764705882248 ) ;
#3785 = PRESENTATION_STYLE_ASSIGNMENT (( #8771 ) ) ;
#3786 = CARTESIAN_POINT ( 'NONE',  ( -32.55731990792611441, 6.032913140623263892, -1.244999999999936158 ) ) ;
#3787 = FILL_AREA_STYLE ('',( #940 ) ) ;
#3788 = SURFACE_STYLE_USAGE ( .BOTH. , #5957 ) ;
#3789 = LINE ( 'NONE', #664, #3752 ) ;
#3790 = AXIS2_PLACEMENT_3D ( 'NONE', #6065, #6016, #8832 ) ;
#3791 = ORIENTED_EDGE ( 'NONE', *, *, #2379, .F. ) ;
#3792 = ORIENTED_EDGE ( 'NONE', *, *, #4979, .T. ) ;
#3793 = ORIENTED_EDGE ( 'NONE', *, *, #1721, .F. ) ;
#3794 = AXIS2_PLACEMENT_3D ( 'NONE', #2669, #3418, #4975 ) ;
#3795 = STYLED_ITEM ( 'NONE', ( #3220 ), #4471 ) ;
#3796 = FILL_AREA_STYLE ('',( #7311 ) ) ;
#3797 = MECHANICAL_DESIGN_GEOMETRIC_PRESENTATION_REPRESENTATION (  '', ( #9010 ), #4824 ) ;
#3798 = ADVANCED_FACE ( 'NONE', ( #7573 ), #3309, .F. ) ;
#3799 = CARTESIAN_POINT ( 'NONE',  ( -45.82731649811005781, -13.42398703403564575, -1.254999999999999893 ) ) ;
#3800 = STYLED_ITEM ( 'NONE', ( #506 ), #8714 ) ;
#3801 = AXIS2_PLACEMENT_3D ( 'NONE', #730, #5809, #5056 ) ;
#3802 = VERTEX_POINT ( 'NONE', #4101 ) ;
#3803 = LINE ( 'NONE', #4602, #416 ) ;
#3804 = CYLINDRICAL_SURFACE ( 'NONE', #9039, 0.5000000000000004441 ) ;
#3805 = CARTESIAN_POINT ( 'NONE',  ( -30.21416990792612367, 7.512463140623347968, -9.267789755157153309 ) ) ;
#3806 = CARTESIAN_POINT ( 'NONE',  ( -28.82731649811005781, -16.92352698751271234, 0.7916228591975321693 ) ) ;
#3807 = MECHANICAL_DESIGN_GEOMETRIC_PRESENTATION_REPRESENTATION (  '', ( #4555 ), #5015 ) ;
#3808 = DIRECTION ( 'NONE',  ( -0.000000000000000000, 1.000000000000000000, 1.047444401652940007E-14 ) ) ;
#3809 = CARTESIAN_POINT ( 'NONE',  ( -46.88039062757600561, 7.056012965964359118, -0.2449999999999997735 ) ) ;
#3810 = VECTOR ( 'NONE', #5521, 1000.000000000000000 ) ;
#3811 = LINE ( 'NONE', #7361, #5899 ) ;
#3812 = EDGE_CURVE ( 'NONE', #5658, #8415, #4003, .T. ) ;
#3813 = AXIS2_PLACEMENT_3D ( 'NONE', #3242, #2537, #2580 ) ;
#3814 = CARTESIAN_POINT ( 'NONE',  ( -35.91651990792611571, 6.890113140623235211, 1.218800000000079597 ) ) ;
#3815 = EDGE_LOOP ( 'NONE', ( #7308, #1458, #2924, #70 ) ) ;
#3816 = FACE_OUTER_BOUND ( 'NONE', #1260, .T. ) ;
#3817 = SURFACE_SIDE_STYLE ('',( #4429 ) ) ;
#3818 = SURFACE_STYLE_FILL_AREA ( #1026 ) ;
#3819 =( GEOMETRIC_REPRESENTATION_CONTEXT ( 3 ) GLOBAL_UNCERTAINTY_ASSIGNED_CONTEXT ( ( #8467 ) ) GLOBAL_UNIT_ASSIGNED_CONTEXT ( ( #3950, #1967, #9075 ) ) REPRESENTATION_CONTEXT ( 'NONE', 'WORKASPACE' ) );
#3820 = FACE_OUTER_BOUND ( 'NONE', #4019, .T. ) ;
#3821 = FILL_AREA_STYLE ('',( #4476 ) ) ;
#3822 = FACE_OUTER_BOUND ( 'NONE', #885, .T. ) ;
#3823 = CARTESIAN_POINT ( 'NONE',  ( -38.45646990792611319, 6.890163140623288385, -3.530999999999928196 ) ) ;
#3824 = VERTEX_POINT ( 'NONE', #6130 ) ;
#3825 = ORIENTED_EDGE ( 'NONE', *, *, #2993, .F. ) ;
#3826 = CARTESIAN_POINT ( 'NONE',  ( -30.01731990792611526, 6.032913140623265669, -1.575199999999936429 ) ) ;
#3827 = MECHANICAL_DESIGN_GEOMETRIC_PRESENTATION_REPRESENTATION (  '', ( #2624 ), #4125 ) ;
#3828 = CARTESIAN_POINT ( 'NONE',  ( -32.11401384467411901, 8.369713140623288083, -3.530999999999912209 ) ) ;
#3829 = CARTESIAN_POINT ( 'NONE',  ( -23.82731649811006136, -13.42398703403564575, -1.254999999999999893 ) ) ;
#3830 =( LENGTH_UNIT ( ) NAMED_UNIT ( * ) SI_UNIT ( .MILLI., .METRE. ) );
#3831 = ADVANCED_FACE ( 'NONE', ( #5522 ), #5481, .T. ) ;
#3832 = PRESENTATION_STYLE_ASSIGNMENT (( #5339 ) ) ;
#3833 = CARTESIAN_POINT ( 'NONE',  ( -37.83416990792611756, 7.512463140623350633, -9.372999999999919396 ) ) ;
#3834 = AXIS2_PLACEMENT_3D ( 'NONE', #3261, #2472, #360 ) ;
#3835 = VECTOR ( 'NONE', #9002, 1000.000000000000000 ) ;
#3836 = ORIENTED_EDGE ( 'NONE', *, *, #1161, .F. ) ;
#3837 = EDGE_LOOP ( 'NONE', ( #1874, #5713, #2199, #3321 ) ) ;
#3838 = ORIENTED_EDGE ( 'NONE', *, *, #408, .T. ) ;
#3839 = CARTESIAN_POINT ( 'NONE',  ( -29.82736094035740138, -18.29409031937256103, -0.2464335406786998528 ) ) ;
#3840 = VECTOR ( 'NONE', #6045, 1000.000000000000000 ) ;
#3841 = CARTESIAN_POINT ( 'NONE',  ( -23.55039062757601087, -3.003987034035643600, 1.255000000000000115 ) ) ;
#3842 = CARTESIAN_POINT ( 'NONE',  ( -20.98039062757600703, -18.30398703403564298, -0.2449999999999997735 ) ) ;
#3843 = CARTESIAN_POINT ( 'NONE',  ( -38.45646990792611319, 7.512463140623350633, -9.372999999999919396 ) ) ;
#3844 =( LENGTH_UNIT ( ) NAMED_UNIT ( * ) SI_UNIT ( .MILLI., .METRE. ) );
#3845 = AXIS2_PLACEMENT_3D ( 'NONE', #627, #2972, #2068 ) ;
#3846 = UNCERTAINTY_MEASURE_WITH_UNIT (LENGTH_MEASURE( 1.000000000000000082E-05 ), #7570, 'distance_accuracy_value', 'NONE');
#3847 = ADVANCED_FACE ( 'NONE', ( #9099 ), #2698, .F. ) ;
#3848 = ORIENTED_EDGE ( 'NONE', *, *, #1008, .F. ) ;
#3849 = LINE ( 'NONE', #6105, #8471 ) ;
#3850 = EDGE_CURVE ( 'NONE', #1335, #9029, #4862, .T. ) ;
#3851 = SURFACE_SIDE_STYLE ('',( #1565 ) ) ;
#3852 = DIRECTION ( 'NONE',  ( 0.000000000000000000, 0.000000000000000000, 1.000000000000000000 ) ) ;
#3853 = PLANE ( 'NONE',  #2496 ) ;
#3854 = SURFACE_STYLE_FILL_AREA ( #2968 ) ;
#3855 = AXIS2_PLACEMENT_3D ( 'NONE', #6744, #8167, #7475 ) ;
#3856 = FILL_AREA_STYLE_COLOUR ( '', #1847 ) ;
#3857 = CARTESIAN_POINT ( 'NONE',  ( -37.19401384467461469, 6.032913140623286985, -3.530999999999936634 ) ) ;
#3858 = DIRECTION ( 'NONE',  ( 0.000000000000000000, 0.000000000000000000, -1.000000000000000000 ) ) ;
#3859 = FILL_AREA_STYLE ('',( #8838 ) ) ;
#3860 = CARTESIAN_POINT ( 'NONE',  ( -36.90071990792635859, 6.540913140623169753, -3.530999999999936634 ) ) ;
#3861 = CARTESIAN_POINT ( 'NONE',  ( -28.82731649811005781, -18.27407675507290818, -0.2449113037486423394 ) ) ;
#3862 = CARTESIAN_POINT ( 'NONE',  ( -45.88039062757600561, -16.50398703403563871, -0.2449999999999997735 ) ) ;
#3863 = CYLINDRICAL_SURFACE ( 'NONE', #5107, 0.2540000000000007807 ) ;
#3864 = SURFACE_STYLE_USAGE ( .BOTH. , #3018 ) ;
#3865 = SURFACE_STYLE_USAGE ( .BOTH. , #1030 ) ;
#3866 = VERTEX_POINT ( 'NONE', #684 ) ;
#3867 = EDGE_LOOP ( 'NONE', ( #6162, #8821, #2009, #9155 ) ) ;
#3868 = FACE_OUTER_BOUND ( 'NONE', #4905, .T. ) ;
#3869 = ORIENTED_EDGE ( 'NONE', *, *, #7594, .F. ) ;
#3870 = CARTESIAN_POINT ( 'NONE',  ( -20.98039062757600703, -18.30398703403564298, -1.245000000000000107 ) ) ;
#3871 = DIRECTION ( 'NONE',  ( 0.000000000000000000, 0.000000000000000000, 1.000000000000000000 ) ) ;
#3872 = EDGE_CURVE ( 'NONE', #5821, #5484, #2227, .T. ) ;
#3873 = LINE ( 'NONE', #2469, #7388 ) ;
#3874 = CARTESIAN_POINT ( 'NONE',  ( -45.82731649811005781, -13.42398703403564575, -1.254999999999999893 ) ) ;
#3875 = FILL_AREA_STYLE ('',( #3219 ) ) ;
#3876 =( LENGTH_UNIT ( ) NAMED_UNIT ( * ) SI_UNIT ( .MILLI., .METRE. ) );
#3877 = PRESENTATION_STYLE_ASSIGNMENT (( #3168 ) ) ;
#3878 = VERTEX_POINT ( 'NONE', #1301 ) ;
#3879 = VERTEX_POINT ( 'NONE', #5806 ) ;
#3880 = EDGE_CURVE ( 'NONE', #2174, #665, #637, .T. ) ;
#3881 = ORIENTED_EDGE ( 'NONE', *, *, #6927, .F. ) ;
#3882 = CARTESIAN_POINT ( 'NONE',  ( -33.37651990792611656, 6.890113140623235211, -1.575199999999927325 ) ) ;
#3883 =( LENGTH_UNIT ( ) NAMED_UNIT ( * ) SI_UNIT ( .MILLI., .METRE. ) );
#3884 = CARTESIAN_POINT ( 'NONE',  ( -35.29416990792612552, 7.512463140623347968, -9.118999999999921613 ) ) ;
#3885 =( LENGTH_UNIT ( ) NAMED_UNIT ( * ) SI_UNIT ( .MILLI., .METRE. ) );
#3886 = PRESENTATION_LAYER_ASSIGNMENT (  '', '', ( #4037 ) ) ;
#3887 = CIRCLE ( 'NONE', #8962, 1.800000000000002931 ) ;
#3888 = EDGE_CURVE ( 'NONE', #7579, #3636, #6421, .T. ) ;
#3889 = VERTEX_POINT ( 'NONE', #1484 ) ;
#3890 = SURFACE_STYLE_USAGE ( .BOTH. , #328 ) ;
#3891 =( GEOMETRIC_REPRESENTATION_CONTEXT ( 3 ) GLOBAL_UNCERTAINTY_ASSIGNED_CONTEXT ( ( #3983 ) ) GLOBAL_UNIT_ASSIGNED_CONTEXT ( ( #8709, #2978, #925 ) ) REPRESENTATION_CONTEXT ( 'NONE', 'WORKASPACE' ) );
#3892 = CARTESIAN_POINT ( 'NONE',  ( -38.65331990792612515, 8.369713140623263214, -1.244999999999924167 ) ) ;
#3893 = SURFACE_STYLE_FILL_AREA ( #2578 ) ;
#3894 = CARTESIAN_POINT ( 'NONE',  ( -28.82731649811005781, -18.28388708950198804, -0.2449552275043978544 ) ) ;
#3895 = EDGE_CURVE ( 'NONE', #1587, #7882, #5707, .T. ) ;
#3896 = DIRECTION ( 'NONE',  ( 0.000000000000000000, 0.000000000000000000, 1.000000000000000000 ) ) ;
#3897 =( NAMED_UNIT ( * ) SI_UNIT ( $, .STERADIAN. ) SOLID_ANGLE_UNIT ( ) );
#3898 = PRESENTATION_LAYER_ASSIGNMENT (  '', '', ( #7191 ) ) ;
#3899 = LINE ( 'NONE', #2933, #7119 ) ;
#3900 = VERTEX_POINT ( 'NONE', #9242 ) ;
#3901 = DIRECTION ( 'NONE',  ( -1.000000000000000000, -0.000000000000000000, -0.000000000000000000 ) ) ;
#3902 =( NAMED_UNIT ( * ) SI_UNIT ( $, .STERADIAN. ) SOLID_ANGLE_UNIT ( ) );
#3903 = EDGE_CURVE ( 'NONE', #3575, #665, #8520, .T. ) ;
#3904 = LINE ( 'NONE', #6777, #1739 ) ;
#3905 = STYLED_ITEM ( 'NONE', ( #2131 ), #3910 ) ;
#3906 = DIRECTION ( 'NONE',  ( 0.000000000000000000, 0.000000000000000000, 1.000000000000000000 ) ) ;
#3907 = PLANE ( 'NONE',  #6740 ) ;
#3908 = SURFACE_SIDE_STYLE ('',( #8796 ) ) ;
#3909 = CARTESIAN_POINT ( 'NONE',  ( -30.83651990792612096, 7.512513140623268804, -1.575199999999925105 ) ) ;
#3910 = ADVANCED_FACE ( 'NONE', ( #9201 ), #7156, .T. ) ;
#3911 = CARTESIAN_POINT ( 'NONE',  ( -21.78039062757600774, 7.056012965964359118, -1.264999999999999902 ) ) ;
#3912 = SURFACE_STYLE_USAGE ( .BOTH. , #1064 ) ;
#3913 = ADVANCED_FACE ( 'NONE', ( #8624, #2180 ), #3632, .T. ) ;
#3914 = PLANE ( 'NONE',  #6615 ) ;
#3915 = DIRECTION ( 'NONE',  ( -1.000000000000000000, 0.000000000000000000, 0.000000000000000000 ) ) ;
#3916 = PRODUCT ( 'User Library-128x64I2COLEDDisplayAdafruit', 'User Library-128x64I2COLEDDisplayAdafruit', '', ( #1824 ) ) ;
#3917 = ORIENTED_EDGE ( 'NONE', *, *, #6558, .F. ) ;
#3918 = CARTESIAN_POINT ( 'NONE',  ( -38.65331990792612515, 8.369713140623266767, -1.575199999999911560 ) ) ;
#3919 = ORIENTED_EDGE ( 'NONE', *, *, #1089, .F. ) ;
#3920 = SURFACE_STYLE_USAGE ( .BOTH. , #1720 ) ;
#3921 = FILL_AREA_STYLE ('',( #4579 ) ) ;
#3922 = CARTESIAN_POINT ( 'NONE',  ( -31.52742597117812196, 6.032913140623286985, -3.530999999999936634 ) ) ;
#3923 = CARTESIAN_POINT ( 'NONE',  ( -40.82731649811006491, -16.30398703403564653, -1.245094783620809942 ) ) ;
#3924 = FACE_OUTER_BOUND ( 'NONE', #4258, .T. ) ;
#3925 = LINE ( 'NONE', #9100, #2242 ) ;
#3926 = VERTEX_POINT ( 'NONE', #8712 ) ;
#3927 = EDGE_LOOP ( 'NONE', ( #3282, #228, #1961, #6622 ) ) ;
#3928 = MECHANICAL_DESIGN_GEOMETRIC_PRESENTATION_REPRESENTATION (  '', ( #4068 ), #6484 ) ;
#3929 = EDGE_CURVE ( 'NONE', #5584, #7655, #2270, .T. ) ;
#3930 = AXIS2_PLACEMENT_3D ( 'NONE', #1321, #7829, #7041 ) ;
#3931 = VERTEX_POINT ( 'NONE', #4521 ) ;
#3932 = LINE ( 'NONE', #7711, #5680 ) ;
#3933 = CARTESIAN_POINT ( 'NONE',  ( -40.82734843295796168, -14.00398703482844098, 1.184899675086708237 ) ) ;
#3934 = LINE ( 'NONE', #7627, #7974 ) ;
#3935 = DIRECTION ( 'NONE',  ( 1.000000000000000000, 0.000000000000000000, 0.000000000000000000 ) ) ;
#3936 =( GEOMETRIC_REPRESENTATION_CONTEXT ( 3 ) GLOBAL_UNCERTAINTY_ASSIGNED_CONTEXT ( ( #6863 ) ) GLOBAL_UNIT_ASSIGNED_CONTEXT ( ( #6965, #1103, #3249 ) ) REPRESENTATION_CONTEXT ( 'NONE', 'WORKASPACE' ) );
#3937 = AXIS2_PLACEMENT_3D ( 'NONE', #4560, #1020, #3858 ) ;
#3938 = DIRECTION ( 'NONE',  ( 1.000000000000000000, 0.000000000000000000, 0.000000000000000000 ) ) ;
#3939 = COLOUR_RGB ( '',0.7529411764705882248, 0.7529411764705882248, 0.7529411764705882248 ) ;
#3940 = UNCERTAINTY_MEASURE_WITH_UNIT (LENGTH_MEASURE( 1.000000000000000082E-05 ), #5502, 'distance_accuracy_value', 'NONE');
#3941 = COLOUR_RGB ( '',0.08235294117647058709, 0.08235294117647058709, 0.08235294117647058709 ) ;
#3942 = PRESENTATION_LAYER_ASSIGNMENT (  '', '', ( #3184 ) ) ;
#3943 = EDGE_LOOP ( 'NONE', ( #6742, #1332, #7171, #5348, #5378, #2002, #5022, #5204 ) ) ;
#3944 = DIRECTION ( 'NONE',  ( 1.000000000000000000, 0.000000000000000000, -0.000000000000000000 ) ) ;
#3945 =( NAMED_UNIT ( * ) PLANE_ANGLE_UNIT ( ) SI_UNIT ( $, .RADIAN. ) );
#3946 = SURFACE_STYLE_FILL_AREA ( #3140 ) ;
#3947 = SURFACE_SIDE_STYLE ('',( #3191 ) ) ;
#3948 = FILL_AREA_STYLE ('',( #3994 ) ) ;
#3949 = EDGE_CURVE ( 'NONE', #3494, #3623, #4568, .T. ) ;
#3950 =( LENGTH_UNIT ( ) NAMED_UNIT ( * ) SI_UNIT ( .MILLI., .METRE. ) );
#3951 =( GEOMETRIC_REPRESENTATION_CONTEXT ( 3 ) GLOBAL_UNCERTAINTY_ASSIGNED_CONTEXT ( ( #6676 ) ) GLOBAL_UNIT_ASSIGNED_CONTEXT ( ( #4783, #2812, #3372 ) ) REPRESENTATION_CONTEXT ( 'NONE', 'WORKASPACE' ) );
#3952 = STYLED_ITEM ( 'NONE', ( #278 ), #4514 ) ;
#3953 = SURFACE_SIDE_STYLE ('',( #2584 ) ) ;
#3954 = DIRECTION ( 'NONE',  ( 0.000000000000000000, 0.000000000000000000, 1.000000000000000000 ) ) ;
#3955 = FACE_OUTER_BOUND ( 'NONE', #4925, .T. ) ;
#3956 = DIRECTION ( 'NONE',  ( -0.000000000000000000, 1.000000000000000000, 1.047444401652940007E-14 ) ) ;
#3957 = COLOUR_RGB ( '',1.000000000000000000, 0.5019607843137254832, 0.000000000000000000 ) ;
#3958 = CARTESIAN_POINT ( 'NONE',  ( -39.82267328534919670, -14.00398703403564227, 1.215000000000000080 ) ) ;
#3959 = DIRECTION ( 'NONE',  ( 0.000000000000000000, 0.000000000000000000, 1.000000000000000000 ) ) ;
#3960 = PLANE ( 'NONE',  #5448 ) ;
#3961 = UNCERTAINTY_MEASURE_WITH_UNIT (LENGTH_MEASURE( 1.000000000000000082E-05 ), #3155, 'distance_accuracy_value', 'NONE');
#3962 = CARTESIAN_POINT ( 'NONE',  ( -36.10039062757601158, 7.206012965964358585, -1.245000000000000107 ) ) ;
#3963 = CARTESIAN_POINT ( 'NONE',  ( -20.98039062757600703, 9.556012965964356454, -1.245000000000000107 ) ) ;
#3964 = DIRECTION ( 'NONE',  ( -0.000000000000000000, 1.000000000000000000, 1.047444401652940007E-14 ) ) ;
#3965 =( GEOMETRIC_REPRESENTATION_CONTEXT ( 3 ) GLOBAL_UNCERTAINTY_ASSIGNED_CONTEXT ( ( #7405 ) ) GLOBAL_UNIT_ASSIGNED_CONTEXT ( ( #3830, #8075, #2561 ) ) REPRESENTATION_CONTEXT ( 'NONE', 'WORKASPACE' ) );
#3966 = ORIENTED_EDGE ( 'NONE', *, *, #6831, .F. ) ;
#3967 = CARTESIAN_POINT ( 'NONE',  ( -20.98039062757600703, 9.556012965964356454, -0.2449999999999997735 ) ) ;
#3968 = ORIENTED_EDGE ( 'NONE', *, *, #7787, .T. ) ;
#3969 = EDGE_CURVE ( 'NONE', #6294, #324, #267, .T. ) ;
#3970 = PLANE ( 'NONE',  #2689 ) ;
#3971 = SURFACE_STYLE_FILL_AREA ( #7522 ) ;
#3972 = PRESENTATION_LAYER_ASSIGNMENT (  '', '', ( #4714 ) ) ;
#3973 = DIRECTION ( 'NONE',  ( 0.000000000000000000, -1.047444401652940007E-14, 1.000000000000000000 ) ) ;
#3974 = DIRECTION ( 'NONE',  ( 0.000000000000000000, 1.024442997624109662E-14, -1.000000000000000000 ) ) ;
#3975 = CARTESIAN_POINT ( 'NONE',  ( -34.36071990792586206, 7.861713140623135310, -1.244999999999917284 ) ) ;
#3976 = SURFACE_STYLE_FILL_AREA ( #8920 ) ;
#3977 = EDGE_LOOP ( 'NONE', ( #1456, #7905, #9065, #7226 ) ) ;
#3978 = ORIENTED_EDGE ( 'NONE', *, *, #138, .F. ) ;
#3979 =( GEOMETRIC_REPRESENTATION_CONTEXT ( 3 ) GLOBAL_UNCERTAINTY_ASSIGNED_CONTEXT ( ( #7440 ) ) GLOBAL_UNIT_ASSIGNED_CONTEXT ( ( #200, #5121, #5169 ) ) REPRESENTATION_CONTEXT ( 'NONE', 'WORKASPACE' ) );
#3980 = VERTEX_POINT ( 'NONE', #7944 ) ;
#3981 = DIRECTION ( 'NONE',  ( 1.000000000000000000, 0.000000000000000000, 0.000000000000000000 ) ) ;
#3982 = CARTESIAN_POINT ( 'NONE',  ( -40.82732714305935673, -17.34927814454643524, 0.6534813890873568676 ) ) ;
#3983 = UNCERTAINTY_MEASURE_WITH_UNIT (LENGTH_MEASURE( 1.000000000000000082E-05 ), #8709, 'distance_accuracy_value', 'NONE');
#3984 = VECTOR ( 'NONE', #1126, 999.9999999999998863 ) ;
#3985 = AXIS2_PLACEMENT_3D ( 'NONE', #3671, #6506, #7796 ) ;
#3986 = FILL_AREA_STYLE ('',( #3176 ) ) ;
#3987 = FILL_AREA_STYLE ('',( #2485 ) ) ;
#3988 =( GEOMETRIC_REPRESENTATION_CONTEXT ( 3 ) GLOBAL_UNCERTAINTY_ASSIGNED_CONTEXT ( ( #893 ) ) GLOBAL_UNIT_ASSIGNED_CONTEXT ( ( #4716, #6711, #1769 ) ) REPRESENTATION_CONTEXT ( 'NONE', 'WORKASPACE' ) );
#3989 = EDGE_LOOP ( 'NONE', ( #8256, #5024, #900, #4720 ) ) ;
#3990 = LINE ( 'NONE', #4032, #1228 ) ;
#3991 = LINE ( 'NONE', #6153, #7125 ) ;
#3992 = CARTESIAN_POINT ( 'NONE',  ( -38.45651990792611485, 7.512513140623251928, 1.218800000000079597 ) ) ;
#3993 = CARTESIAN_POINT ( 'NONE',  ( -40.82734843295796168, -15.57156047659262477, 1.105170918265099278 ) ) ;
#3994 = FILL_AREA_STYLE_COLOUR ( '', #512 ) ;
#3995 = ADVANCED_FACE ( 'NONE', ( #3820 ), #1582, .F. ) ;
#3996 = DIRECTION ( 'NONE',  ( -1.000000000000000000, -0.000000000000000000, -0.000000000000000000 ) ) ;
#3997 = MECHANICAL_DESIGN_GEOMETRIC_PRESENTATION_REPRESENTATION (  '', ( #5206 ), #8762 ) ;
#3998 = EDGE_CURVE ( 'NONE', #5626, #1985, #2437, .T. ) ;
#3999 = EDGE_CURVE ( 'NONE', #3124, #7263, #8063, .T. ) ;
#4000 = VECTOR ( 'NONE', #4621, 1000.000000000000000 ) ;
#4001 = PLANE ( 'NONE',  #7058 ) ;
#4002 = DIRECTION ( 'NONE',  ( -1.000000000000000000, 0.000000000000000000, -0.000000000000000000 ) ) ;
#4003 = B_SPLINE_CURVE_WITH_KNOTS ( 'NONE', 3,
 ( #8301, #6799, #6182, #5385 ),
 .UNSPECIFIED., .F., .F.,
 ( 4, 4 ),
 ( 0.000000000000000000, 1.000000000000000000 ),
 .UNSPECIFIED. ) ;
#4004 = DIRECTION ( 'NONE',  ( -0.000000000000000000, 1.000000000000000000, 0.000000000000000000 ) ) ;
#4005 = LINE ( 'NONE', #6121, #6911 ) ;
#4006 = CARTESIAN_POINT ( 'NONE',  ( -20.98039062757600703, -18.30398703403564298, -1.245000000000000107 ) ) ;
#4007 = LINE ( 'NONE', #3432, #1137 ) ;
#4008 = EDGE_LOOP ( 'NONE', ( #8406, #6249, #6434, #2414 ) ) ;
#4009 = EDGE_CURVE ( 'NONE', #9195, #567, #6697, .T. ) ;
#4010 = ORIENTED_EDGE ( 'NONE', *, *, #7765, .F. ) ;
#4011 = CARTESIAN_POINT ( 'NONE',  ( -36.11331990792611890, 6.032913140623267445, -1.575199999999930212 ) ) ;
#4012 = ADVANCED_FACE ( 'NONE', ( #2411 ), #131, .F. ) ;
#4013 = DIRECTION ( 'NONE',  ( 0.000000000000000000, -1.047444401652940007E-14, 1.000000000000000000 ) ) ;
#4014 = COLOUR_RGB ( '',0.08235294117647058709, 0.08235294117647058709, 0.08235294117647058709 ) ;
#4015 = CARTESIAN_POINT ( 'NONE',  ( -35.29411990792612386, 6.890113140623267185, 1.472800000000079601 ) ) ;
#4016 = FACE_OUTER_BOUND ( 'NONE', #703, .T. ) ;
#4017 = FILL_AREA_STYLE_COLOUR ( '', #4639 ) ;
#4018 = EDGE_CURVE ( 'NONE', #599, #6467, #5468, .T. ) ;
#4019 = EDGE_LOOP ( 'NONE', ( #3793, #1384, #7528, #8204 ) ) ;
#4020 = ADVANCED_FACE ( 'NONE', ( #9037 ), #8903, .F. ) ;
#4021 = ORIENTED_EDGE ( 'NONE', *, *, #1254, .F. ) ;
#4022 = CARTESIAN_POINT ( 'NONE',  ( -36.60742597117763353, 8.369713140623263214, -1.244999999999911955 ) ) ;
#4023 = PLANE ( 'NONE',  #5729 ) ;
#4024 = DIRECTION ( 'NONE',  ( -1.000000000000000000, 0.000000000000000000, 0.000000000000000000 ) ) ;
#4025 =( BOUNDED_CURVE ( )  B_SPLINE_CURVE ( 3, ( #1964, #7686, #1266, #7739 ),
 .UNSPECIFIED., .F., .F. ) 
 B_SPLINE_CURVE_WITH_KNOTS ( ( 4, 4 ),
 ( 0.000000000000000000, 1.570796326794896558 ),
 .UNSPECIFIED. ) 
 CURVE ( )  GEOMETRIC_REPRESENTATION_ITEM ( )  RATIONAL_B_SPLINE_CURVE ( ( 1.000000000000000000, 0.8047378541243649375, 0.8047378541243649375, 1.000000000000000000 ) ) 
 REPRESENTATION_ITEM ( '' )  );
#4026 = CARTESIAN_POINT ( 'NONE',  ( -37.83411990792611590, 6.890113140623238763, 1.367589755157305964 ) ) ;
#4027 = UNCERTAINTY_MEASURE_WITH_UNIT (LENGTH_MEASURE( 1.000000000000000082E-05 ), #5217, 'distance_accuracy_value', 'NONE');
#4028 = VERTEX_POINT ( 'NONE', #3391 ) ;
#4029 =( GEOMETRIC_REPRESENTATION_CONTEXT ( 3 ) GLOBAL_UNCERTAINTY_ASSIGNED_CONTEXT ( ( #6719 ) ) GLOBAL_UNIT_ASSIGNED_CONTEXT ( ( #3427, #5932, #2163 ) ) REPRESENTATION_CONTEXT ( 'NONE', 'WORKASPACE' ) );
#4030 = STYLED_ITEM ( 'NONE', ( #2033 ), #5368 ) ;
#4031 = ORIENTED_EDGE ( 'NONE', *, *, #6815, .T. ) ;
#4032 = CARTESIAN_POINT ( 'NONE',  ( -30.83646990792612641, 6.890163140623288385, -3.530999999999928196 ) ) ;
#4033 = DIRECTION ( 'NONE',  ( -0.000000000000000000, -1.000000000000000000, -1.047444401652940007E-14 ) ) ;
#4034 = SURFACE_STYLE_FILL_AREA ( #2493 ) ;
#4035 = CARTESIAN_POINT ( 'NONE',  ( -37.19401384467411731, 8.369713140623288083, -3.530999999999912209 ) ) ;
#4036 = CARTESIAN_POINT ( 'NONE',  ( -22.78039062757601130, -16.50398703403563871, -0.2349999999999997369 ) ) ;
#4037 = STYLED_ITEM ( 'NONE', ( #4153 ), #3443 ) ;
#4038 = SURFACE_STYLE_FILL_AREA ( #472 ) ;
#4039 = VECTOR ( 'NONE', #5470, 1000.000000000000000 ) ;
#4040 = ORIENTED_EDGE ( 'NONE', *, *, #999, .T. ) ;
#4041 = ADVANCED_FACE ( 'NONE', ( #6272, #2549 ), #347, .F. ) ;
#4042 = COLOUR_RGB ( '',0.000000000000000000, 0.000000000000000000, 0.000000000000000000 ) ;
#4043 = SURFACE_STYLE_FILL_AREA ( #4747 ) ;
#4044 = LINE ( 'NONE', #342, #7629 ) ;
#4045 = VECTOR ( 'NONE', #5072, 1000.000000000000000 ) ;
#4046 = CARTESIAN_POINT ( 'NONE',  ( -45.88039062757600561, -16.50398703403563871, -1.264999999999999902 ) ) ;
#4047 = DIRECTION ( 'NONE',  ( 1.000000000000000000, 0.000000000000000000, 0.000000000000000000 ) ) ;
#4048 = CARTESIAN_POINT ( 'NONE',  ( -38.08811990792612079, 7.258513140623235493, 1.472800000000075382 ) ) ;
#4049 = PRESENTATION_LAYER_ASSIGNMENT (  '', '', ( #5255 ) ) ;
#4050 =( NAMED_UNIT ( * ) PLANE_ANGLE_UNIT ( ) SI_UNIT ( $, .RADIAN. ) );
#4051 = CARTESIAN_POINT ( 'NONE',  ( -32.75411990792613182, 6.890113140623235211, 1.472800000000072718 ) ) ;
#4052 = ORIENTED_EDGE ( 'NONE', *, *, #4979, .F. ) ;
#4053 = STYLED_ITEM ( 'NONE', ( #2684 ), #1297 ) ;
#4054 =( NAMED_UNIT ( * ) PLANE_ANGLE_UNIT ( ) SI_UNIT ( $, .RADIAN. ) );
#4055 = VERTEX_POINT ( 'NONE', #4048 ) ;
#4056 = DIRECTION ( 'NONE',  ( -0.5000000000000003331, -0.8660254037844383745, 0.000000000000000000 ) ) ;
#4057 = PRESENTATION_LAYER_ASSIGNMENT (  '', '', ( #8083 ) ) ;
#4058 = FILL_AREA_STYLE_COLOUR ( '', #3086 ) ;
#4059 = LINE ( 'NONE', #7616, #8593 ) ;
#4060 = PLANE ( 'NONE',  #5248 ) ;
#4061 = VERTEX_POINT ( 'NONE', #3962 ) ;
#4062 = VERTEX_POINT ( 'NONE', #1759 ) ;
#4063 = EDGE_CURVE ( 'NONE', #4215, #5610, #433, .T. ) ;
#4064 = LINE ( 'NONE', #3358, #548 ) ;
#4065 =( NAMED_UNIT ( * ) PLANE_ANGLE_UNIT ( ) SI_UNIT ( $, .RADIAN. ) );
#4066 = CARTESIAN_POINT ( 'NONE',  ( -35.09731990792612066, 8.369713140623266767, -1.575199999999923994 ) ) ;
#4067 = FACE_OUTER_BOUND ( 'NONE', #2028, .T. ) ;
#4068 = STYLED_ITEM ( 'NONE', ( #5637 ), #9073 ) ;
#4069 = ORIENTED_EDGE ( 'NONE', *, *, #8739, .F. ) ;
#4070 = ORIENTED_EDGE ( 'NONE', *, *, #3181, .T. ) ;
#4071 = ORIENTED_EDGE ( 'NONE', *, *, #6142, .F. ) ;
#4072 = DIRECTION ( 'NONE',  ( -0.000000000000000000, -0.000000000000000000, 1.000000000000000000 ) ) ;
#4073 = LINE ( 'NONE', #6340, #113 ) ;
#4074 = ADVANCED_FACE ( 'NONE', ( #3343 ), #6220, .T. ) ;
#4075 = MECHANICAL_DESIGN_GEOMETRIC_PRESENTATION_REPRESENTATION (  '', ( #481 ), #4381 ) ;
#4076 =( GEOMETRIC_REPRESENTATION_CONTEXT ( 3 ) GLOBAL_UNCERTAINTY_ASSIGNED_CONTEXT ( ( #2970 ) ) GLOBAL_UNIT_ASSIGNED_CONTEXT ( ( #8991, #4753, #4797 ) ) REPRESENTATION_CONTEXT ( 'NONE', 'WORKASPACE' ) );
#4077 =( NAMED_UNIT ( * ) PLANE_ANGLE_UNIT ( ) SI_UNIT ( $, .RADIAN. ) );
#4078 = SURFACE_STYLE_FILL_AREA ( #7640 ) ;
#4079 = FACE_OUTER_BOUND ( 'NONE', #6213, .T. ) ;
#4080 = CARTESIAN_POINT ( 'NONE',  ( -32.11401384467411901, 8.369713140623288083, -3.530999999999912209 ) ) ;
#4081 =( NAMED_UNIT ( * ) SI_UNIT ( $, .STERADIAN. ) SOLID_ANGLE_UNIT ( ) );
#4082 =( GEOMETRIC_REPRESENTATION_CONTEXT ( 3 ) GLOBAL_UNCERTAINTY_ASSIGNED_CONTEXT ( ( #1047 ) ) GLOBAL_UNIT_ASSIGNED_CONTEXT ( ( #6205, #8272, #1789 ) ) REPRESENTATION_CONTEXT ( 'NONE', 'WORKASPACE' ) );
#4083 = ORIENTED_EDGE ( 'NONE', *, *, #7765, .T. ) ;
#4084 = STYLED_ITEM ( 'NONE', ( #3647 ), #4384 ) ;
#4085 = MECHANICAL_DESIGN_GEOMETRIC_PRESENTATION_REPRESENTATION (  '', ( #4994 ), #964 ) ;
#4086 = CARTESIAN_POINT ( 'NONE',  ( -38.45646990792611319, 6.890163140623350557, -9.372999999999926501 ) ) ;
#4087 = FILL_AREA_STYLE ('',( #7651 ) ) ;
#4088 = CARTESIAN_POINT ( 'NONE',  ( -39.82267328534919670, -18.14220267626449257, 0.9035539196892449221 ) ) ;
#4089 = DIRECTION ( 'NONE',  ( -0.000000000000000000, -0.000000000000000000, -1.000000000000000000 ) ) ;
#4090 = CARTESIAN_POINT ( 'NONE',  ( -40.82734843295796168, -14.00398703413909907, 1.194547135019942807 ) ) ;
#4091 = PRESENTATION_LAYER_ASSIGNMENT (  '', '', ( #498 ) ) ;
#4092 = AXIS2_PLACEMENT_3D ( 'NONE', #4445, #895, #8727 ) ;
#4093 = SURFACE_SIDE_STYLE ('',( #2732 ) ) ;
#4094 = EDGE_CURVE ( 'NONE', #449, #3931, #3471, .T. ) ;
#4095 = FILL_AREA_STYLE ('',( #6174 ) ) ;
#4096 = EDGE_LOOP ( 'NONE', ( #3712, #3703 ) ) ;
#4097 = COLOUR_RGB ( '',0.7529411764705882248, 0.7529411764705882248, 0.7529411764705882248 ) ;
#4098 = EDGE_LOOP ( 'NONE', ( #5047, #7126, #3046, #6644 ) ) ;
#4099 = DIRECTION ( 'NONE',  ( 0.000000000000000000, 1.000000000000000000, 1.047444401652940007E-14 ) ) ;
#4100 = FACE_OUTER_BOUND ( 'NONE', #1805, .T. ) ;
#4101 = CARTESIAN_POINT ( 'NONE',  ( -22.78039062757601130, -18.30398703403564298, -1.245000000000000107 ) ) ;
#4102 = EDGE_CURVE ( 'NONE', #1537, #6704, #5734, .T. ) ;
#4103 = SURFACE_STYLE_FILL_AREA ( #5009 ) ;
#4104 = FILL_AREA_STYLE ('',( #7716 ) ) ;
#4105 = DIRECTION ( 'NONE',  ( 1.000000000000000000, -0.000000000000000000, 0.000000000000000000 ) ) ;
#4106 = VERTEX_POINT ( 'NONE', #3523 ) ;
#4107 = ORIENTED_EDGE ( 'NONE', *, *, #8686, .T. ) ;
#4108 = CIRCLE ( 'NONE', #87, 1.799999999999999600 ) ;
#4109 = COLOUR_RGB ( '',0.7529411764705882248, 0.7529411764705882248, 0.7529411764705882248 ) ;
#4110 = LINE ( 'NONE', #7722, #8601 ) ;
#4111 = ADVANCED_FACE ( 'NONE', ( #1473 ), #2114, .T. ) ;
#4112 = EDGE_CURVE ( 'NONE', #5392, #5821, #7891, .T. ) ;
#4113 = DIRECTION ( 'NONE',  ( 0.000000000000000000, -1.047444401652940007E-14, 1.000000000000000000 ) ) ;
#4114 =( LENGTH_UNIT ( ) NAMED_UNIT ( * ) SI_UNIT ( .MILLI., .METRE. ) );
#4115 = PLANE ( 'NONE',  #1694 ) ;
#4116 = LINE ( 'NONE', #1353, #3677 ) ;
#4117 = VECTOR ( 'NONE', #9126, 1000.000000000000000 ) ;
#4118 = PRESENTATION_LAYER_ASSIGNMENT (  '', '', ( #6240 ) ) ;
#4119 = EDGE_LOOP ( 'NONE', ( #5768, #61, #2008, #6468, #886 ) ) ;
#4120 = UNCERTAINTY_MEASURE_WITH_UNIT (LENGTH_MEASURE( 1.000000000000000082E-05 ), #4406, 'distance_accuracy_value', 'NONE');
#4121 = ORIENTED_EDGE ( 'NONE', *, *, #4364, .F. ) ;
#4122 = ORIENTED_EDGE ( 'NONE', *, *, #5780, .T. ) ;
#4123 =( LENGTH_UNIT ( ) NAMED_UNIT ( * ) SI_UNIT ( .MILLI., .METRE. ) );
#4124 = SURFACE_SIDE_STYLE ('',( #5630 ) ) ;
#4125 =( GEOMETRIC_REPRESENTATION_CONTEXT ( 3 ) GLOBAL_UNCERTAINTY_ASSIGNED_CONTEXT ( ( #8781 ) ) GLOBAL_UNIT_ASSIGNED_CONTEXT ( ( #6614, #3030, #8773 ) ) REPRESENTATION_CONTEXT ( 'NONE', 'WORKASPACE' ) );
#4126 = CARTESIAN_POINT ( 'NONE',  ( -30.21411990792612556, 7.512513140623252816, -1.575199999999920664 ) ) ;
#4127 = VECTOR ( 'NONE', #8470, 1000.000000000000000 ) ;
#4128 = VECTOR ( 'NONE', #5565, 1000.000000000000000 ) ;
#4129 = FACE_OUTER_BOUND ( 'NONE', #6068, .T. ) ;
#4130 = SURFACE_STYLE_USAGE ( .BOTH. , #708 ) ;
#4131 = DIRECTION ( 'NONE',  ( -0.000000000000000000, -1.000000000000000000, -0.000000000000000000 ) ) ;
#4132 = CARTESIAN_POINT ( 'NONE',  ( -30.83646990792611930, 6.890163140623350557, -9.267789755157160414 ) ) ;
#4133 = CARTESIAN_POINT ( 'NONE',  ( -35.29416990792612552, 6.890163140623348781, -9.118999999999921613 ) ) ;
#4134 = STYLED_ITEM ( 'NONE', ( #5866 ), #7174 ) ;
#4135 = VECTOR ( 'NONE', #1618, 1000.000000000000000 ) ;
#4136 = ADVANCED_FACE ( 'NONE', ( #1327 ), #7748, .F. ) ;
#4137 = ORIENTED_EDGE ( 'NONE', *, *, #5600, .F. ) ;
#4138 = MECHANICAL_DESIGN_GEOMETRIC_PRESENTATION_REPRESENTATION (  '', ( #4267 ), #2488 ) ;
#4139 = EDGE_CURVE ( 'NONE', #2798, #665, #7104, .T. ) ;
#4140 = LINE ( 'NONE', #576, #8897 ) ;
#4141 = VECTOR ( 'NONE', #5535, 1000.000000000000000 ) ;
#4142 = CARTESIAN_POINT ( 'NONE',  ( -33.37646990792612200, 6.890163140623288385, -3.530999999999928196 ) ) ;
#4143 = SURFACE_STYLE_FILL_AREA ( #7602 ) ;
#4144 = FILL_AREA_STYLE_COLOUR ( '', #1696 ) ;
#4145 = CARTESIAN_POINT ( 'NONE',  ( -30.46811990792611979, 7.258513140623235493, 1.472800000000077159 ) ) ;
#4146 = CARTESIAN_POINT ( 'NONE',  ( -23.82731649811005781, -13.42398703403564753, -1.254999999999999893 ) ) ;
#4147 = SURFACE_SIDE_STYLE ('',( #3345 ) ) ;
#4148 =( GEOMETRIC_REPRESENTATION_CONTEXT ( 3 ) GLOBAL_UNCERTAINTY_ASSIGNED_CONTEXT ( ( #2192 ) ) GLOBAL_UNIT_ASSIGNED_CONTEXT ( ( #7148, #1474, #764 ) ) REPRESENTATION_CONTEXT ( 'NONE', 'WORKASPACE' ) );
#4149 = EDGE_LOOP ( 'NONE', ( #7982, #5103 ) ) ;
#4150 = PRESENTATION_LAYER_ASSIGNMENT (  '', '', ( #1760 ) ) ;
#4151 = ORIENTED_EDGE ( 'NONE', *, *, #1272, .T. ) ;
#4152 = VERTEX_POINT ( 'NONE', #1705 ) ;
#4153 = PRESENTATION_STYLE_ASSIGNMENT (( #6924 ) ) ;
#4154 = PRESENTATION_STYLE_ASSIGNMENT (( #5699 ) ) ;
#4155 = CARTESIAN_POINT ( 'NONE',  ( -29.82736094035740138, -18.14220267626449257, 0.9035539196892449221 ) ) ;
#4156 = UNCERTAINTY_MEASURE_WITH_UNIT (LENGTH_MEASURE( 1.000000000000000082E-05 ), #926, 'distance_accuracy_value', 'NONE');
#4157 = STYLED_ITEM ( 'NONE', ( #6269 ), #2870 ) ;
#4158 = CARTESIAN_POINT ( 'NONE',  ( -39.82267328534919670, -18.30398703403564653, -0.2450000000000049916 ) ) ;
#4159 = CARTESIAN_POINT ( 'NONE',  ( -21.08039062757600846, -10.24398703403563893, -0.2450000000000002176 ) ) ;
#4160 = PRESENTATION_STYLE_ASSIGNMENT (( #1302 ) ) ;
#4161 = CARTESIAN_POINT ( 'NONE',  ( -32.55731990792611441, 7.201313140623263997, -1.244999999999924167 ) ) ;
#4162 = ORIENTED_EDGE ( 'NONE', *, *, #1785, .F. ) ;
#4163 = ORIENTED_EDGE ( 'NONE', *, *, #7068, .F. ) ;
#4164 = ADVANCED_FACE ( 'NONE', ( #3099 ), #5221, .F. ) ;
#4165 = CARTESIAN_POINT ( 'NONE',  ( -35.66246990792611626, 7.201313140623350151, -9.372999999999922949 ) ) ;
#4166 = DIRECTION ( 'NONE',  ( 1.000000000000000000, 0.000000000000000000, 0.000000000000000000 ) ) ;
#4167 = UNCERTAINTY_MEASURE_WITH_UNIT (LENGTH_MEASURE( 1.000000000000000082E-05 ), #2381, 'distance_accuracy_value', 'NONE');
#4168 = FACE_OUTER_BOUND ( 'NONE', #7393, .T. ) ;
#4169 = CARTESIAN_POINT ( 'NONE',  ( -39.21211990792613022, 6.032913140623324288, -3.530999999999936634 ) ) ;
#4170 = VERTEX_POINT ( 'NONE', #8658 ) ;
#4171 = ORIENTED_EDGE ( 'NONE', *, *, #3084, .T. ) ;
#4172 = ORIENTED_EDGE ( 'NONE', *, *, #9091, .T. ) ;
#4173 = DIRECTION ( 'NONE',  ( 1.000000000000000000, 0.000000000000000000, 0.000000000000000000 ) ) ;
#4174 = CARTESIAN_POINT ( 'NONE',  ( -38.08816990792612245, 7.258463140623347520, -9.372999999999921172 ) ) ;
#4175 = DIRECTION ( 'NONE',  ( 0.000000000000000000, 0.000000000000000000, 1.000000000000000000 ) ) ;
#4176 = DIRECTION ( 'NONE',  ( -1.000000000000000000, 0.000000000000000000, -0.000000000000000000 ) ) ;
#4177 = CARTESIAN_POINT ( 'NONE',  ( -23.55039062757601087, 3.166012965964347003, 1.265000000000000124 ) ) ;
#4178 = CARTESIAN_POINT ( 'NONE',  ( -33.37646990792612200, 7.512463140623350633, -9.118999999999928718 ) ) ;
#4179 = CARTESIAN_POINT ( 'NONE',  ( -22.78039062757601130, -16.50398703403563871, -1.264999999999999902 ) ) ;
#4180 = EDGE_CURVE ( 'NONE', #4540, #6791, #8614, .T. ) ;
#4181 = VERTEX_POINT ( 'NONE', #2216 ) ;
#4182 =( GEOMETRIC_REPRESENTATION_CONTEXT ( 3 ) GLOBAL_UNCERTAINTY_ASSIGNED_CONTEXT ( ( #2594 ) ) GLOBAL_UNIT_ASSIGNED_CONTEXT ( ( #85, #4952, #726 ) ) REPRESENTATION_CONTEXT ( 'NONE', 'WORKASPACE' ) );
#4183 = EDGE_CURVE ( 'NONE', #5821, #8482, #1758, .T. ) ;
#4184 = CARTESIAN_POINT ( 'NONE',  ( -45.82731649811005781, -9.423987034035642196, -1.254999999999999893 ) ) ;
#4185 = DIRECTION ( 'NONE',  ( 0.000000000000000000, 1.000000000000000000, 1.047444401652940007E-14 ) ) ;
#4186 = SURFACE_SIDE_STYLE ('',( #531 ) ) ;
#4187 = VECTOR ( 'NONE', #1330, 1000.000000000000000 ) ;
#4188 = EDGE_CURVE ( 'NONE', #3540, #380, #6550, .T. ) ;
#4189 = FACE_OUTER_BOUND ( 'NONE', #8758, .T. ) ;
#4190 = CARTESIAN_POINT ( 'NONE',  ( -37.83416990792611756, 6.890163140623317695, -3.530999999999928196 ) ) ;
#4191 = DIRECTION ( 'NONE',  ( 0.000000000000000000, 0.000000000000000000, -1.000000000000000000 ) ) ;
#4192 = STYLED_ITEM ( 'NONE', ( #2654 ), #1849 ) ;
#4193 = VECTOR ( 'NONE', #2031, 1000.000000000000000 ) ;
#4194 = EDGE_LOOP ( 'NONE', ( #609, #3476, #2429, #2902 ) ) ;
#4195 = CYLINDRICAL_SURFACE ( 'NONE', #4757, 1.000000000000000888 ) ;
#4196 = EDGE_CURVE ( 'NONE', #449, #5584, #5082, .T. ) ;
#4197 = EDGE_LOOP ( 'NONE', ( #1598, #2713 ) ) ;
#4198 = ORIENTED_EDGE ( 'NONE', *, *, #8491, .T. ) ;
#4199 = CARTESIAN_POINT ( 'NONE',  ( -47.58039062757602267, 5.256012965964358408, -0.2449999999999997735 ) ) ;
#4200 = FILL_AREA_STYLE ('',( #3626 ) ) ;
#4201 = AXIS2_PLACEMENT_3D ( 'NONE', #8984, #1098, #6211 ) ;
#4202 = EDGE_CURVE ( 'NONE', #2377, #5607, #3811, .T. ) ;
#4203 = B_SPLINE_CURVE_WITH_KNOTS ( 'NONE', 3,
 ( #3894, #8146, #291, #6819, #422, #4647, #7462, #3241, #6910, #8317 ),
 .UNSPECIFIED., .F., .F.,
 ( 4, 2, 2, 2, 4 ),
 ( 2.710505431213761085E-19, 0.0005960047817170912535, 0.001192009563434182290, 0.002384019126868364580, 0.004764586144084012424 ),
 .UNSPECIFIED. ) ;
#4204 = DIRECTION ( 'NONE',  ( 0.000000000000000000, -1.047444401652940007E-14, 1.000000000000000000 ) ) ;
#4205 = CARTESIAN_POINT ( 'NONE',  ( -40.82731649811006491, -18.28388708950198804, -0.2449552275043981875 ) ) ;
#4206 = SURFACE_STYLE_FILL_AREA ( #7199 ) ;
#4207 = CARTESIAN_POINT ( 'NONE',  ( -33.57331990792611975, 8.369713140623263214, -1.244999999999917950 ) ) ;
#4208 = ORIENTED_EDGE ( 'NONE', *, *, #4468, .T. ) ;
#4209 = ORIENTED_EDGE ( 'NONE', *, *, #1955, .T. ) ;
#4210 = VECTOR ( 'NONE', #5534, 1000.000000000000000 ) ;
#4211 = LINE ( 'NONE', #4724, #2792 ) ;
#4212 = CARTESIAN_POINT ( 'NONE',  ( -22.78039062757601130, 7.056012965964359118, -0.2349999999999997369 ) ) ;
#4213 = CARTESIAN_POINT ( 'NONE',  ( -34.33039062757600846, -12.62398703403564149, 1.205000000000000071 ) ) ;
#4214 = EDGE_CURVE ( 'NONE', #1442, #1335, #5887, .T. ) ;
#4215 = VERTEX_POINT ( 'NONE', #7933 ) ;
#4216 = ORIENTED_EDGE ( 'NONE', *, *, #2327, .F. ) ;
#4217 = EDGE_LOOP ( 'NONE', ( #3480, #2852 ) ) ;
#4218 = EDGE_LOOP ( 'NONE', ( #2378, #5068, #5893, #5705 ) ) ;
#4219 =( LENGTH_UNIT ( ) NAMED_UNIT ( * ) SI_UNIT ( .MILLI., .METRE. ) );
#4220 = DIRECTION ( 'NONE',  ( 0.000000000000000000, 1.000000000000000000, -0.000000000000000000 ) ) ;
#4221 = SURFACE_STYLE_USAGE ( .BOTH. , #6342 ) ;
#4222 = DIRECTION ( 'NONE',  ( -0.000000000000000000, -0.000000000000000000, -1.000000000000000000 ) ) ;
#4223 = DIRECTION ( 'NONE',  ( -0.000000000000000000, -0.000000000000000000, -1.000000000000000000 ) ) ;
#4224 = DIRECTION ( 'NONE',  ( 1.000000000000000000, 0.000000000000000000, 0.000000000000000000 ) ) ;
#4225 = FILL_AREA_STYLE ('',( #4980 ) ) ;
#4226 = ORIENTED_EDGE ( 'NONE', *, *, #6241, .F. ) ;
#4227 = MECHANICAL_DESIGN_GEOMETRIC_PRESENTATION_REPRESENTATION (  '', ( #5142 ), #2129 ) ;
#4228 = CARTESIAN_POINT ( 'NONE',  ( -21.78039062757600774, 7.056012965964359118, -0.2349999999999997369 ) ) ;
#4229 = EDGE_CURVE ( 'NONE', #4365, #8425, #8249, .T. ) ;
#4230 = FILL_AREA_STYLE ('',( #4715 ) ) ;
#4231 = CARTESIAN_POINT ( 'NONE',  ( -37.19401384467461469, 6.032913140623324288, -3.530999999999936634 ) ) ;
#4232 = PRESENTATION_LAYER_ASSIGNMENT (  '', '', ( #2138 ) ) ;
#4233 = AXIS2_PLACEMENT_3D ( 'NONE', #9085, #1801, #1109 ) ;
#4234 =( LENGTH_UNIT ( ) NAMED_UNIT ( * ) SI_UNIT ( .MILLI., .METRE. ) );
#4235 = DIRECTION ( 'NONE',  ( -1.801374326040298222E-16, 1.000000000000000000, -0.000000000000000000 ) ) ;
#4236 = SURFACE_STYLE_FILL_AREA ( #5693 ) ;
#4237 = FILL_AREA_STYLE_COLOUR ( '', #4303 ) ;
#4238 = ORIENTED_EDGE ( 'NONE', *, *, #114, .T. ) ;
#4239 = EDGE_LOOP ( 'NONE', ( #409, #8685 ) ) ;
#4240 = VECTOR ( 'NONE', #3507, 1000.000000000000000 ) ;
#4241 = VECTOR ( 'NONE', #3901, 1000.000000000000000 ) ;
#4242 = PLANE ( 'NONE',  #6308 ) ;
#4243 = AXIS2_PLACEMENT_3D ( 'NONE', #2167, #7186, #761 ) ;
#4244 = UNCERTAINTY_MEASURE_WITH_UNIT (LENGTH_MEASURE( 1.000000000000000082E-05 ), #2630, 'distance_accuracy_value', 'NONE');
#4245 = CARTESIAN_POINT ( 'NONE',  ( -28.82731649811005781, -18.28136185513362477, -0.3668299596730744683 ) ) ;
#4246 = LINE ( 'NONE', #2839, #2298 ) ;
#4247 = PRESENTATION_LAYER_ASSIGNMENT (  '', '', ( #2758 ) ) ;
#4248 = PRESENTATION_LAYER_ASSIGNMENT (  '', '', ( #8260 ) ) ;
#4249 = ORIENTED_EDGE ( 'NONE', *, *, #2235, .T. ) ;
#4250 = ORIENTED_EDGE ( 'NONE', *, *, #3440, .F. ) ;
#4251 = ADVANCED_FACE ( 'NONE', ( #214 ), #165, .T. ) ;
#4252 = DIRECTION ( 'NONE',  ( 1.000000000000000000, 0.000000000000000000, 0.000000000000000000 ) ) ;
#4253 = CARTESIAN_POINT ( 'NONE',  ( -31.82071990792610805, 6.540913140622651056, -1.244999999999931051 ) ) ;
#4254 = DIRECTION ( 'NONE',  ( -0.000000000000000000, -1.000000000000000000, -0.000000000000000000 ) ) ;
#4255 = DIRECTION ( 'NONE',  ( -1.000000000000000000, 0.000000000000000000, -0.000000000000000000 ) ) ;
#4256 = SURFACE_STYLE_USAGE ( .BOTH. , #8400 ) ;
#4257 = ORIENTED_EDGE ( 'NONE', *, *, #3210, .T. ) ;
#4258 = EDGE_LOOP ( 'NONE', ( #1676, #2206, #7076, #1359 ) ) ;
#4259 = PRESENTATION_LAYER_ASSIGNMENT (  '', '', ( #7545 ) ) ;
#4260 = APPLICATION_CONTEXT ( 'automotive_design' ) ;
#4261 = ORIENTED_EDGE ( 'NONE', *, *, #3555, .F. ) ;
#4262 = ORIENTED_EDGE ( 'NONE', *, *, #8739, .T. ) ;
#4263 = CARTESIAN_POINT ( 'NONE',  ( -28.82731649811004360, -17.89028266360343267, -0.9463040803828748349 ) ) ;
#4264 = PRESENTATION_STYLE_ASSIGNMENT (( #4973 ) ) ;
#4265 = FILL_AREA_STYLE_COLOUR ( '', #601 ) ;
#4266 = LINE ( 'NONE', #7136, #6949 ) ;
#4267 = STYLED_ITEM ( 'NONE', ( #8572 ), #6618 ) ;
#4268 = LINE ( 'NONE', #4177, #3774 ) ;
#4269 = DIRECTION ( 'NONE',  ( -1.000000000000000000, 0.000000000000000000, 0.000000000000000000 ) ) ;
#4270 = SURFACE_STYLE_USAGE ( .BOTH. , #2158 ) ;
#4271 = DIRECTION ( 'NONE',  ( 1.000000000000000000, 0.000000000000000000, 0.000000000000000000 ) ) ;
#4272 = ORIENTED_EDGE ( 'NONE', *, *, #3010, .T. ) ;
#4273 = AXIS2_PLACEMENT_3D ( 'NONE', #4179, #7782, #662 ) ;
#4274 = ORIENTED_EDGE ( 'NONE', *, *, #3351, .F. ) ;
#4275 =( LENGTH_UNIT ( ) NAMED_UNIT ( * ) SI_UNIT ( .MILLI., .METRE. ) );
#4276 = ADVANCED_FACE ( 'NONE', ( #4743 ), #3283, .T. ) ;
#4277 = CARTESIAN_POINT ( 'NONE',  ( -35.60039062757600448, 7.206012965964358585, -0.2449999999999997735 ) ) ;
#4278 = FACE_OUTER_BOUND ( 'NONE', #6252, .T. ) ;
#4279 = PLANE ( 'NONE',  #7847 ) ;
#4280 = UNCERTAINTY_MEASURE_WITH_UNIT (LENGTH_MEASURE( 1.000000000000000082E-05 ), #4695, 'distance_accuracy_value', 'NONE');
#4281 = STYLED_ITEM ( 'NONE', ( #9060 ), #7013 ) ;
#4282 = PRESENTATION_LAYER_ASSIGNMENT (  '', '', ( #7869 ) ) ;
#4283 =( NAMED_UNIT ( * ) PLANE_ANGLE_UNIT ( ) SI_UNIT ( $, .RADIAN. ) );
#4284 = COLOUR_RGB ( '',0.7529411764705882248, 0.7529411764705882248, 0.7529411764705882248 ) ;
#4285 = DIRECTION ( 'NONE',  ( -0.000000000000000000, -0.000000000000000000, -1.000000000000000000 ) ) ;
#4286 = FILL_AREA_STYLE_COLOUR ( '', #4728 ) ;
#4287 = EDGE_CURVE ( 'NONE', #4152, #7140, #8940, .T. ) ;
#4288 = VECTOR ( 'NONE', #7357, 1000.000000000000000 ) ;
#4289 = CARTESIAN_POINT ( 'NONE',  ( -29.45851990792611730, 6.032913140623286985, -1.244999999999911955 ) ) ;
#4290 = ORIENTED_EDGE ( 'NONE', *, *, #7338, .F. ) ;
#4291 = PLANE ( 'NONE',  #3574 ) ;
#4292 = AXIS2_PLACEMENT_3D ( 'NONE', #1076, #4013, #8300 ) ;
#4293 = PLANE ( 'NONE',  #2484 ) ;
#4294 = CARTESIAN_POINT ( 'NONE',  ( -35.81125966308334796, 7.407252895780579216, -9.372999999999919396 ) ) ;
#4295 = FILL_AREA_STYLE_COLOUR ( '', #8172 ) ;
#4296 = DIRECTION ( 'NONE',  ( -1.000000000000000000, -1.801374326040298222E-16, 0.000000000000000000 ) ) ;
#4297 = DIRECTION ( 'NONE',  ( 1.000000000000000000, 0.000000000000000000, -0.000000000000000000 ) ) ;
#4298 = EDGE_LOOP ( 'NONE', ( #5379, #6321, #127, #5426 ) ) ;
#4299 = EDGE_CURVE ( 'NONE', #9, #9215, #3195, .T. ) ;
#4300 = ORIENTED_EDGE ( 'NONE', *, *, #9147, .T. ) ;
#4301 = EDGE_CURVE ( 'NONE', #554, #4572, #6163, .T. ) ;
#4302 = CARTESIAN_POINT ( 'NONE',  ( -32.56039062757600533, 7.206012965964358585, -1.266000000000000014 ) ) ;
#4303 = COLOUR_RGB ( '',0.08235294117647058709, 0.08235294117647058709, 0.08235294117647058709 ) ;
#4304 =( NAMED_UNIT ( * ) PLANE_ANGLE_UNIT ( ) SI_UNIT ( $, .RADIAN. ) );
#4305 = DIRECTION ( 'NONE',  ( 1.000000000000000000, 1.299418334065024133E-16, -0.000000000000000000 ) ) ;
#4306 = EDGE_CURVE ( 'NONE', #1884, #7579, #8278, .T. ) ;
#4307 = LINE ( 'NONE', #6, #7564 ) ;
#4308 = PLANE ( 'NONE',  #649 ) ;
#4309 = ORIENTED_EDGE ( 'NONE', *, *, #3373, .T. ) ;
#4310 = ORIENTED_EDGE ( 'NONE', *, *, #2619, .T. ) ;
#4311 = ORIENTED_EDGE ( 'NONE', *, *, #6781, .T. ) ;
#4312 = ORIENTED_EDGE ( 'NONE', *, *, #6573, .T. ) ;
#4313 = FILL_AREA_STYLE ('',( #1460 ) ) ;
#4314 = DIRECTION ( 'NONE',  ( 0.000000000000000000, 0.000000000000000000, 1.000000000000000000 ) ) ;
#4315 = PRESENTATION_STYLE_ASSIGNMENT (( #7266 ) ) ;
#4316 = LINE ( 'NONE', #2771, #1826 ) ;
#4317 = DIRECTION ( 'NONE',  ( 1.000000000000000000, 0.000000000000000000, 0.000000000000000000 ) ) ;
#4318 = ORIENTED_EDGE ( 'NONE', *, *, #1827, .F. ) ;
#4319 = EDGE_LOOP ( 'NONE', ( #7597, #5960, #1490, #7950 ) ) ;
#4320 = DIRECTION ( 'NONE',  ( -0.8660254037844387076, -0.5000000000000000000, -5.237222008264700822E-15 ) ) ;
#4321 = FACE_OUTER_BOUND ( 'NONE', #7208, .T. ) ;
#4322 = CARTESIAN_POINT ( 'NONE',  ( -35.29411990792612386, 6.032913140623267445, -1.575199999999936429 ) ) ;
#4323 =( LENGTH_UNIT ( ) NAMED_UNIT ( * ) SI_UNIT ( .MILLI., .METRE. ) );
#4324 = CARTESIAN_POINT ( 'NONE',  ( -35.29416990792612552, 6.890163140623350557, -9.267789755157156861 ) ) ;
#4325 =( NAMED_UNIT ( * ) SI_UNIT ( $, .STERADIAN. ) SOLID_ANGLE_UNIT ( ) );
#4326 = EDGE_CURVE ( 'NONE', #4365, #2798, #6112, .T. ) ;
#4327 = STYLED_ITEM ( 'NONE', ( #2725 ), #193 ) ;
#4328 =( LENGTH_UNIT ( ) NAMED_UNIT ( * ) SI_UNIT ( .MILLI., .METRE. ) );
#4329 = VERTEX_POINT ( 'NONE', #7504 ) ;
#4330 = DIRECTION ( 'NONE',  ( 0.000000000000000000, 0.000000000000000000, 1.000000000000000000 ) ) ;
#4331 = COLOUR_RGB ( '',0.7529411764705882248, 0.7529411764705882248, 0.7529411764705882248 ) ;
#4332 = DIRECTION ( 'NONE',  ( 1.000000000000000000, 0.000000000000000000, 0.000000000000000000 ) ) ;
#4333 = CARTESIAN_POINT ( 'NONE',  ( -22.78039062757601130, -16.50398703403563871, -0.2349999999999997369 ) ) ;
#4334 = DIRECTION ( 'NONE',  ( -0.5000000000000024425, 0.8660254037844372643, 8.871936606718224421E-15 ) ) ;
#4335 = CIRCLE ( 'NONE', #5099, 0.5000000000000004441 ) ;
#4336 = FACE_BOUND ( 'NONE', #4217, .T. ) ;
#4337 = DIRECTION ( 'NONE',  ( -1.000000000000000000, 0.000000000000000000, 0.000000000000000000 ) ) ;
#4338 = MECHANICAL_DESIGN_GEOMETRIC_PRESENTATION_REPRESENTATION (  '', ( #2681 ), #1190 ) ;
#4339 = EDGE_LOOP ( 'NONE', ( #6124, #3362 ) ) ;
#4340 = ORIENTED_EDGE ( 'NONE', *, *, #7567, .F. ) ;
#4341 = STYLED_ITEM ( 'NONE', ( #8664 ), #84 ) ;
#4342 =( GEOMETRIC_REPRESENTATION_CONTEXT ( 3 ) GLOBAL_UNCERTAINTY_ASSIGNED_CONTEXT ( ( #4807 ) ) GLOBAL_UNIT_ASSIGNED_CONTEXT ( ( #6090, #5434, #4719 ) ) REPRESENTATION_CONTEXT ( 'NONE', 'WORKASPACE' ) );
#4343 = AXIS2_PLACEMENT_3D ( 'NONE', #5895, #5272, #7290 ) ;
#4344 = CARTESIAN_POINT ( 'NONE',  ( -47.08039062757600846, -3.003987034035643600, 1.205000000000000071 ) ) ;
#4345 = STYLED_ITEM ( 'NONE', ( #4929 ), #5066 ) ;
#4346 = SURFACE_SIDE_STYLE ('',( #1633 ) ) ;
#4347 = UNCERTAINTY_MEASURE_WITH_UNIT (LENGTH_MEASURE( 1.000000000000000082E-05 ), #5130, 'distance_accuracy_value', 'NONE');
#4348 = DIRECTION ( 'NONE',  ( 0.000000000000000000, 0.000000000000000000, -1.000000000000000000 ) ) ;
#4349 = SURFACE_STYLE_FILL_AREA ( #7257 ) ;
#4350 = ORIENTED_EDGE ( 'NONE', *, *, #2517, .T. ) ;
#4351 = COLOUR_RGB ( '',0.000000000000000000, 0.000000000000000000, 0.000000000000000000 ) ;
#4352 = ADVANCED_FACE ( 'NONE', ( #6824 ), #7596, .F. ) ;
#4353 = ORIENTED_EDGE ( 'NONE', *, *, #3, .F. ) ;
#4354 = ORIENTED_EDGE ( 'NONE', *, *, #4941, .F. ) ;
#4355 = VERTEX_POINT ( 'NONE', #5065 ) ;
#4356 = VECTOR ( 'NONE', #6221, 1000.000000000000000 ) ;
#4357 = CARTESIAN_POINT ( 'NONE',  ( -37.63731990792611981, 8.369713140623266767, -1.575199999999923994 ) ) ;
#4358 = DIRECTION ( 'NONE',  ( 0.000000000000000000, 1.000000000000000000, -0.000000000000000000 ) ) ;
#4359 = CARTESIAN_POINT ( 'NONE',  ( -47.58039062757602267, 5.256012965964357520, 0.7150000000000003020 ) ) ;
#4360 = FACE_OUTER_BOUND ( 'NONE', #2288, .T. ) ;
#4361 = CARTESIAN_POINT ( 'NONE',  ( -40.82733246553401329, -18.28388708950198449, -0.2449552275043976879 ) ) ;
#4362 = CARTESIAN_POINT ( 'NONE',  ( -39.21211990792613022, 7.144113140623235658, 1.472800000000075604 ) ) ;
#4363 = ORIENTED_EDGE ( 'NONE', *, *, #3698, .T. ) ;
#4364 = EDGE_CURVE ( 'NONE', #2207, #8332, #7673, .T. ) ;
#4365 = VERTEX_POINT ( 'NONE', #6264 ) ;
#4366 = PRESENTATION_STYLE_ASSIGNMENT (( #5879 ) ) ;
#4367 = LINE ( 'NONE', #6630, #5625 ) ;
#4368 = CARTESIAN_POINT ( 'NONE',  ( -28.82731649811005781, -15.56870022452160818, 1.095715338311892939 ) ) ;
#4369 = CARTESIAN_POINT ( 'NONE',  ( -30.83646990792612641, 7.512463140623347968, -9.372999999999919396 ) ) ;
#4370 = CARTESIAN_POINT ( 'NONE',  ( -38.45646990792611319, 6.890163140623288385, -3.530999999999923311 ) ) ;
#4371 = UNCERTAINTY_MEASURE_WITH_UNIT (LENGTH_MEASURE( 1.000000000000000082E-05 ), #9176, 'distance_accuracy_value', 'NONE');
#4372 = DIRECTION ( 'NONE',  ( 1.000000000000000000, 0.000000000000000000, 0.000000000000000000 ) ) ;
#4373 = LINE ( 'NONE', #7845, #6082 ) ;
#4374 = AXIS2_PLACEMENT_3D ( 'NONE', #6260, #4269, #2104 ) ;
#4375 = CIRCLE ( 'NONE', #2427, 1.000000000000000888 ) ;
#4376 = VECTOR ( 'NONE', #6299, 1000.000000000000000 ) ;
#4377 = ORIENTED_EDGE ( 'NONE', *, *, #2043, .F. ) ;
#4378 = VECTOR ( 'NONE', #1875, 1000.000000000000000 ) ;
#4379 = SURFACE_SIDE_STYLE ('',( #1525 ) ) ;
#4380 = CARTESIAN_POINT ( 'NONE',  ( -22.78039062757601130, -16.50398703403563871, -0.2349999999999997369 ) ) ;
#4381 =( GEOMETRIC_REPRESENTATION_CONTEXT ( 3 ) GLOBAL_UNCERTAINTY_ASSIGNED_CONTEXT ( ( #1780 ) ) GLOBAL_UNIT_ASSIGNED_CONTEXT ( ( #301, #1710, #8061 ) ) REPRESENTATION_CONTEXT ( 'NONE', 'WORKASPACE' ) );
#4382 =( BOUNDED_CURVE ( )  B_SPLINE_CURVE ( 3, ( #3490, #4913, #3402, #6185 ),
 .UNSPECIFIED., .F., .F. ) 
 B_SPLINE_CURVE_WITH_KNOTS ( ( 4, 4 ),
 ( 1.570796326794896558, 3.141592653589782902 ),
 .UNSPECIFIED. ) 
 CURVE ( )  GEOMETRIC_REPRESENTATION_ITEM ( )  RATIONAL_B_SPLINE_CURVE ( ( 1.000000000000000000, 0.8047378541243672689, 0.8047378541243672689, 1.000000000000000000 ) ) 
 REPRESENTATION_ITEM ( '' )  );
#4383 = COLOUR_RGB ( '',0.7529411764705882248, 0.7529411764705882248, 0.7529411764705882248 ) ;
#4384 = ADVANCED_FACE ( 'NONE', ( #2672 ), #142, .T. ) ;
#4385 = STYLED_ITEM ( 'NONE', ( #5243 ), #6289 ) ;
#4386 =( NAMED_UNIT ( * ) PLANE_ANGLE_UNIT ( ) SI_UNIT ( $, .RADIAN. ) );
#4387 = CARTESIAN_POINT ( 'NONE',  ( -32.75411990792612471, 6.890113140623243204, 1.218800000000072270 ) ) ;
#4388 = SURFACE_STYLE_USAGE ( .BOTH. , #6517 ) ;
#4389 = EDGE_LOOP ( 'NONE', ( #7704, #3769 ) ) ;
#4390 = VERTEX_POINT ( 'NONE', #2283 ) ;
#4391 =( GEOMETRIC_REPRESENTATION_CONTEXT ( 3 ) GLOBAL_UNCERTAINTY_ASSIGNED_CONTEXT ( ( #7316 ) ) GLOBAL_UNIT_ASSIGNED_CONTEXT ( ( #966, #4460, #913 ) ) REPRESENTATION_CONTEXT ( 'NONE', 'WORKASPACE' ) );
#4392 = VECTOR ( 'NONE', #8197, 1000.000000000000000 ) ;
#4393 = CARTESIAN_POINT ( 'NONE',  ( -22.78039062757601130, 7.056012965964359118, -1.264999999999999902 ) ) ;
#4394 = EDGE_CURVE ( 'NONE', #8169, #5296, #5159, .T. ) ;
#4395 = SURFACE_STYLE_USAGE ( .BOTH. , #695 ) ;
#4396 = DIRECTION ( 'NONE',  ( 0.000000000000000000, 0.000000000000000000, 1.000000000000000000 ) ) ;
#4397 =( GEOMETRIC_REPRESENTATION_CONTEXT ( 3 ) GLOBAL_UNCERTAINTY_ASSIGNED_CONTEXT ( ( #7493 ) ) GLOBAL_UNIT_ASSIGNED_CONTEXT ( ( #3604, #2905, #455 ) ) REPRESENTATION_CONTEXT ( 'NONE', 'WORKASPACE' ) );
#4398 = MECHANICAL_DESIGN_GEOMETRIC_PRESENTATION_REPRESENTATION (  '', ( #3795 ), #7534 ) ;
#4399 = SURFACE_STYLE_FILL_AREA ( #844 ) ;
#4400 = ORIENTED_EDGE ( 'NONE', *, *, #7506, .F. ) ;
#4401 = ORIENTED_EDGE ( 'NONE', *, *, #580, .F. ) ;
#4402 = EDGE_CURVE ( 'NONE', #7275, #3889, #7998, .T. ) ;
#4403 = EDGE_CURVE ( 'NONE', #6706, #7201, #7690, .T. ) ;
#4404 = ORIENTED_EDGE ( 'NONE', *, *, #2279, .F. ) ;
#4405 = EDGE_LOOP ( 'NONE', ( #3299, #3792, #7162, #3451 ) ) ;
#4406 =( LENGTH_UNIT ( ) NAMED_UNIT ( * ) SI_UNIT ( .MILLI., .METRE. ) );
#4407 = DIRECTION ( 'NONE',  ( 1.000000000000000000, 0.000000000000000000, 0.000000000000000000 ) ) ;
#4408 = LINE ( 'NONE', #7402, #5881 ) ;
#4409 = CARTESIAN_POINT ( 'NONE',  ( -37.93938015276889075, 6.995373385466116645, -9.372999999999922949 ) ) ;
#4410 = EDGE_CURVE ( 'NONE', #8603, #3124, #2768, .T. ) ;
#4411 = EDGE_LOOP ( 'NONE', ( #8810, #8977, #1457, #1717 ) ) ;
#4412 = CARTESIAN_POINT ( 'NONE',  ( -45.88039062757600561, 7.056012965964359118, -0.2349999999999997369 ) ) ;
#4413 = FILL_AREA_STYLE ('',( #8699 ) ) ;
#4414 = DIRECTION ( 'NONE',  ( 0.000000000000000000, -1.000000000000000000, -1.047444401652940007E-14 ) ) ;
#4415 = AXIS2_PLACEMENT_3D ( 'NONE', #7022, #3449, #6374 ) ;
#4416 = CARTESIAN_POINT ( 'NONE',  ( -40.82734843295796168, -18.24566889786878576, -0.09758404293604464042 ) ) ;
#4417 = SURFACE_STYLE_FILL_AREA ( #4509 ) ;
#4418 = PRESENTATION_STYLE_ASSIGNMENT (( #3143 ) ) ;
#4419 = PRESENTATION_STYLE_ASSIGNMENT (( #669 ) ) ;
#4420 = CARTESIAN_POINT ( 'NONE',  ( -41.82731649811005781, -16.30398703403564653, -0.2449999999999997735 ) ) ;
#4421 = EDGE_CURVE ( 'NONE', #1148, #6664, #9076, .T. ) ;
#4422 = EDGE_CURVE ( 'NONE', #6791, #8245, #3423, .T. ) ;
#4423 = VECTOR ( 'NONE', #5256, 1000.000000000000000 ) ;
#4424 = CARTESIAN_POINT ( 'NONE',  ( -47.08039062757600846, -9.643987034035646388, 1.255000000000000115 ) ) ;
#4425 = DIRECTION ( 'NONE',  ( 0.000000000000000000, 0.000000000000000000, 1.000000000000000000 ) ) ;
#4426 = ORIENTED_EDGE ( 'NONE', *, *, #5561, .T. ) ;
#4427 = FILL_AREA_STYLE ('',( #7194 ) ) ;
#4428 =( NAMED_UNIT ( * ) SI_UNIT ( $, .STERADIAN. ) SOLID_ANGLE_UNIT ( ) );
#4429 = SURFACE_STYLE_FILL_AREA ( #3014 ) ;
#4430 = VECTOR ( 'NONE', #5397, 1000.000000000000000 ) ;
#4431 = DIRECTION ( 'NONE',  ( 1.000000000000000000, 8.673617379883998987E-16, -0.000000000000000000 ) ) ;
#4432 = AXIS2_PLACEMENT_3D ( 'NONE', #4624, #4669, #8206 ) ;
#4433 = CARTESIAN_POINT ( 'NONE',  ( -30.83646990792612641, 7.512463140623350633, -9.118999999999928718 ) ) ;
#4434 = FILL_AREA_STYLE_COLOUR ( '', #3361 ) ;
#4435 =( LENGTH_UNIT ( ) NAMED_UNIT ( * ) SI_UNIT ( .MILLI., .METRE. ) );
#4436 = CARTESIAN_POINT ( 'NONE',  ( -32.75411990792613182, 6.890113140623235211, 1.472800000000072718 ) ) ;
#4437 = EDGE_LOOP ( 'NONE', ( #828, #6426 ) ) ;
#4438 = EDGE_LOOP ( 'NONE', ( #5463, #1629, #5113, #3067 ) ) ;
#4439 = PRESENTATION_LAYER_ASSIGNMENT (  '', '', ( #8902 ) ) ;
#4440 = FACE_OUTER_BOUND ( 'NONE', #5619, .T. ) ;
#4441 = DIRECTION ( 'NONE',  ( 0.000000000000000000, -1.047444401652940007E-14, 1.000000000000000000 ) ) ;
#4442 = PRESENTATION_LAYER_ASSIGNMENT (  '', '', ( #5045 ) ) ;
#4443 = PRESENTATION_STYLE_ASSIGNMENT (( #4395 ) ) ;
#4444 = DIRECTION ( 'NONE',  ( 0.000000000000000000, -1.000000000000000000, -0.000000000000000000 ) ) ;
#4445 = CARTESIAN_POINT ( 'NONE',  ( -45.88039062757600561, -16.50398703403563871, -1.264999999999999902 ) ) ;
#4446 =( NAMED_UNIT ( * ) SI_UNIT ( $, .STERADIAN. ) SOLID_ANGLE_UNIT ( ) );
#4447 = ORIENTED_EDGE ( 'NONE', *, *, #6071, .F. ) ;
#4448 = ORIENTED_EDGE ( 'NONE', *, *, #5788, .T. ) ;
#4449 = PRESENTATION_LAYER_ASSIGNMENT (  '', '', ( #5206 ) ) ;
#4450 = ADVANCED_FACE ( 'NONE', ( #2851 ), #4308, .F. ) ;
#4451 = ORIENTED_EDGE ( 'NONE', *, *, #3221, .F. ) ;
#4452 =( NAMED_UNIT ( * ) PLANE_ANGLE_UNIT ( ) SI_UNIT ( $, .RADIAN. ) );
#4453 = DIRECTION ( 'NONE',  ( -1.000000000000000000, 0.000000000000000000, -0.000000000000000000 ) ) ;
#4454 = SURFACE_STYLE_FILL_AREA ( #8091 ) ;
#4455 = ORIENTED_EDGE ( 'NONE', *, *, #5486, .F. ) ;
#4456 = PLANE ( 'NONE',  #6400 ) ;
#4457 = DIRECTION ( 'NONE',  ( -0.000000000000000000, 1.000000000000000000, 1.047444401652940007E-14 ) ) ;
#4458 = FILL_AREA_STYLE_COLOUR ( '', #4331 ) ;
#4459 = CARTESIAN_POINT ( 'NONE',  ( -23.55039062757601087, 3.166012965964347003, 1.255000000000000115 ) ) ;
#4460 =( NAMED_UNIT ( * ) PLANE_ANGLE_UNIT ( ) SI_UNIT ( $, .RADIAN. ) );
#4461 =( NAMED_UNIT ( * ) SI_UNIT ( $, .STERADIAN. ) SOLID_ANGLE_UNIT ( ) );
#4462 = VECTOR ( 'NONE', #694, 1000.000000000000114 ) ;
#4463 = UNCERTAINTY_MEASURE_WITH_UNIT (LENGTH_MEASURE( 1.000000000000000082E-05 ), #8680, 'distance_accuracy_value', 'NONE');
#4464 = EDGE_CURVE ( 'NONE', #5402, #2764, #1400, .T. ) ;
#4465 = CARTESIAN_POINT ( 'NONE',  ( -29.45851990792611730, 8.369713140623263214, -1.244999999999911955 ) ) ;
#4466 = SURFACE_STYLE_USAGE ( .BOTH. , #7285 ) ;
#4467 =( NAMED_UNIT ( * ) SI_UNIT ( $, .STERADIAN. ) SOLID_ANGLE_UNIT ( ) );
#4468 = EDGE_CURVE ( 'NONE', #6104, #7735, #8080, .T. ) ;
#4469 = ORIENTED_EDGE ( 'NONE', *, *, #3812, .F. ) ;
#4470 = PRESENTATION_STYLE_ASSIGNMENT (( #976 ) ) ;
#4471 = ADVANCED_FACE ( 'NONE', ( #3924 ), #8774, .F. ) ;
#4472 = CARTESIAN_POINT ( 'NONE',  ( -30.21411990792612201, 7.512513140623236829, 1.218800000000075823 ) ) ;
#4473 = FILL_AREA_STYLE ('',( #1580 ) ) ;
#4474 = CARTESIAN_POINT ( 'NONE',  ( -38.45651990792611485, 6.890113140623239651, 1.218800000000075823 ) ) ;
#4475 = DIRECTION ( 'NONE',  ( -0.000000000000000000, 1.000000000000000000, 0.000000000000000000 ) ) ;
#4476 = FILL_AREA_STYLE_COLOUR ( '', #7346 ) ;
#4477 = AXIS2_PLACEMENT_3D ( 'NONE', #8495, #6534, #4314 ) ;
#4478 = SURFACE_STYLE_FILL_AREA ( #7295 ) ;
#4479 = CARTESIAN_POINT ( 'NONE',  ( -35.81130966308334962, 6.995323385466003963, 1.472800000000072940 ) ) ;
#4480 = ORIENTED_EDGE ( 'NONE', *, *, #2855, .T. ) ;
#4481 = ORIENTED_EDGE ( 'NONE', *, *, #3599, .F. ) ;
#4482 = VECTOR ( 'NONE', #5698, 1000.000000000000000 ) ;
#4483 = AXIS2_PLACEMENT_3D ( 'NONE', #978, #5274, #8111 ) ;
#4484 = EDGE_CURVE ( 'NONE', #3744, #5357, #4697, .T. ) ;
#4485 = CARTESIAN_POINT ( 'NONE',  ( -33.06039062757600533, 7.206012965964358585, -1.245000000000000107 ) ) ;
#4486 =( GEOMETRIC_REPRESENTATION_CONTEXT ( 3 ) GLOBAL_UNCERTAINTY_ASSIGNED_CONTEXT ( ( #2215 ) ) GLOBAL_UNIT_ASSIGNED_CONTEXT ( ( #1851, #8200, #4662 ) ) REPRESENTATION_CONTEXT ( 'NONE', 'WORKASPACE' ) );
#4487 = SURFACE_STYLE_USAGE ( .BOTH. , #277 ) ;
#4488 = CARTESIAN_POINT ( 'NONE',  ( -22.78039062757601130, 7.056012965964359118, -1.245000000000000107 ) ) ;
#4489 = CARTESIAN_POINT ( 'NONE',  ( -35.54811990792612164, 7.144113140623235658, 1.472800000000074272 ) ) ;
#4490 = ORIENTED_EDGE ( 'NONE', *, *, #7033, .T. ) ;
#4491 = VERTEX_POINT ( 'NONE', #8870 ) ;
#4492 =( GEOMETRIC_REPRESENTATION_CONTEXT ( 3 ) GLOBAL_UNCERTAINTY_ASSIGNED_CONTEXT ( ( #5094 ) ) GLOBAL_UNIT_ASSIGNED_CONTEXT ( ( #7023, #1303, #44 ) ) REPRESENTATION_CONTEXT ( 'NONE', 'WORKASPACE' ) );
#4493 = CIRCLE ( 'NONE', #5695, 1.000000000000000888 ) ;
#4494 =( GEOMETRIC_REPRESENTATION_CONTEXT ( 3 ) GLOBAL_UNCERTAINTY_ASSIGNED_CONTEXT ( ( #4371 ) ) GLOBAL_UNIT_ASSIGNED_CONTEXT ( ( #9176, #7738, #15 ) ) REPRESENTATION_CONTEXT ( 'NONE', 'WORKASPACE' ) );
#4495 = EDGE_LOOP ( 'NONE', ( #983, #4575, #1031, #251 ) ) ;
#4496 = SURFACE_STYLE_USAGE ( .BOTH. , #8823 ) ;
#4497 = DIRECTION ( 'NONE',  ( 0.000000000000000000, 0.000000000000000000, -1.000000000000000000 ) ) ;
#4498 = FILL_AREA_STYLE ('',( #8735 ) ) ;
#4499 =( GEOMETRIC_REPRESENTATION_CONTEXT ( 3 ) GLOBAL_UNCERTAINTY_ASSIGNED_CONTEXT ( ( #3681 ) ) GLOBAL_UNIT_ASSIGNED_CONTEXT ( ( #6617, #7999, #4446 ) ) REPRESENTATION_CONTEXT ( 'NONE', 'WORKASPACE' ) );
#4500 = EDGE_CURVE ( 'NONE', #3501, #7337, #2473, .T. ) ;
#4501 = SURFACE_STYLE_FILL_AREA ( #8136 ) ;
#4502 = UNCERTAINTY_MEASURE_WITH_UNIT (LENGTH_MEASURE( 1.000000000000000082E-05 ), #1338, 'distance_accuracy_value', 'NONE');
#4503 = VECTOR ( 'NONE', #7471, 1000.000000000000000 ) ;
#4504 = ORIENTED_EDGE ( 'NONE', *, *, #7479, .F. ) ;
#4505 = LINE ( 'NONE', #8045, #2815 ) ;
#4506 =( NAMED_UNIT ( * ) SI_UNIT ( $, .STERADIAN. ) SOLID_ANGLE_UNIT ( ) );
#4507 = CARTESIAN_POINT ( 'NONE',  ( -35.09731990792612066, 8.369713140623266767, -1.244999999999936158 ) ) ;
#4508 = LINE ( 'NONE', #8095, #2604 ) ;
#4509 = FILL_AREA_STYLE ('',( #6496 ) ) ;
#4510 = CARTESIAN_POINT ( 'NONE',  ( -30.31933015276888810, 6.995323385466001298, 1.472800000000074716 ) ) ;
#4511 = DIRECTION ( 'NONE',  ( 0.000000000000000000, 0.000000000000000000, 1.000000000000000000 ) ) ;
#4512 = CARTESIAN_POINT ( 'NONE',  ( -34.33039062757600846, -12.62398703403564149, 1.205000000000000071 ) ) ;
#4513 = SURFACE_STYLE_USAGE ( .BOTH. , #5223 ) ;
#4514 = ADVANCED_FACE ( 'NONE', ( #1077 ), #5917, .F. ) ;
#4515 = CARTESIAN_POINT ( 'NONE',  ( -35.10039062757600448, 7.206012965964358585, -1.266000000000000014 ) ) ;
#4516 = ORIENTED_EDGE ( 'NONE', *, *, #7567, .T. ) ;
#4517 =( LENGTH_UNIT ( ) NAMED_UNIT ( * ) SI_UNIT ( .MILLI., .METRE. ) );
#4518 = DIRECTION ( 'NONE',  ( 0.000000000000000000, 1.000000000000000000, 0.000000000000000000 ) ) ;
#4519 = FACE_BOUND ( 'NONE', #4389, .T. ) ;
#4520 = UNCERTAINTY_MEASURE_WITH_UNIT (LENGTH_MEASURE( 1.000000000000000082E-05 ), #6979, 'distance_accuracy_value', 'NONE');
#4521 = CARTESIAN_POINT ( 'NONE',  ( -39.82267328534919670, -12.62398703403564326, 1.215000000000000080 ) ) ;
#4522 =( NAMED_UNIT ( * ) SI_UNIT ( $, .STERADIAN. ) SOLID_ANGLE_UNIT ( ) );
#4523 = CARTESIAN_POINT ( 'NONE',  ( -23.78039062757601130, 7.056012965964359118, -0.2349999999999997369 ) ) ;
#4524 = ORIENTED_EDGE ( 'NONE', *, *, #2148, .F. ) ;
#4525 = ORIENTED_EDGE ( 'NONE', *, *, #9055, .F. ) ;
#4526 = AXIS2_PLACEMENT_3D ( 'NONE', #4565, #7425, #6878 ) ;
#4527 =( GEOMETRIC_REPRESENTATION_CONTEXT ( 3 ) GLOBAL_UNCERTAINTY_ASSIGNED_CONTEXT ( ( #7103 ) ) GLOBAL_UNIT_ASSIGNED_CONTEXT ( ( #7698, #3619, #7793 ) ) REPRESENTATION_CONTEXT ( 'NONE', 'WORKASPACE' ) );
#4528 = CARTESIAN_POINT ( 'NONE',  ( -30.52039062757600618, 7.206012965964358585, -0.2449999999999997735 ) ) ;
#4529 = PRESENTATION_LAYER_ASSIGNMENT (  '', '', ( #3330 ) ) ;
#4530 = CARTESIAN_POINT ( 'NONE',  ( -32.56039062757600533, 7.206012965964358585, -1.245000000000000107 ) ) ;
#4531 = UNCERTAINTY_MEASURE_WITH_UNIT (LENGTH_MEASURE( 1.000000000000000082E-05 ), #7501, 'distance_accuracy_value', 'NONE');
#4532 =( NAMED_UNIT ( * ) PLANE_ANGLE_UNIT ( ) SI_UNIT ( $, .RADIAN. ) );
#4533 = CARTESIAN_POINT ( 'NONE',  ( -30.58246990792611797, 7.258463140623347520, -9.372999999999922949 ) ) ;
#4534 = SURFACE_SIDE_STYLE ('',( #3976 ) ) ;
#4535 = EDGE_CURVE ( 'NONE', #723, #2609, #6931, .T. ) ;
#4536 = AXIS2_PLACEMENT_3D ( 'NONE', #467, #6157, #6108 ) ;
#4537 = VECTOR ( 'NONE', #1968, 1000.000000000000000 ) ;
#4538 = VERTEX_POINT ( 'NONE', #1816 ) ;
#4539 = VERTEX_POINT ( 'NONE', #6133 ) ;
#4540 = VERTEX_POINT ( 'NONE', #4810 ) ;
#4541 = DIRECTION ( 'NONE',  ( 0.5000000000000197620, 0.8660254037844272723, 0.000000000000000000 ) ) ;
#4542 = CIRCLE ( 'NONE', #5000, 1.000000000000000888 ) ;
#4543 =( GEOMETRIC_REPRESENTATION_CONTEXT ( 3 ) GLOBAL_UNCERTAINTY_ASSIGNED_CONTEXT ( ( #3721 ) ) GLOBAL_UNIT_ASSIGNED_CONTEXT ( ( #835, #7947, #7115 ) ) REPRESENTATION_CONTEXT ( 'NONE', 'WORKASPACE' ) );
#4544 = CARTESIAN_POINT ( 'NONE',  ( -21.08039062757600846, 5.256012965964359296, -0.2449999999999997735 ) ) ;
#4545 =( NAMED_UNIT ( * ) SI_UNIT ( $, .STERADIAN. ) SOLID_ANGLE_UNIT ( ) );
#4546 = SURFACE_STYLE_FILL_AREA ( #110 ) ;
#4547 = SURFACE_SIDE_STYLE ('',( #5966 ) ) ;
#4548 = AXIS2_PLACEMENT_3D ( 'NONE', #6332, #9014, #1953 ) ;
#4549 = PRESENTATION_LAYER_ASSIGNMENT (  '', '', ( #8557 ) ) ;
#4550 = ORIENTED_EDGE ( 'NONE', *, *, #1187, .T. ) ;
#4551 = LINE ( 'NONE', #3136, #3720 ) ;
#4552 = FILL_AREA_STYLE_COLOUR ( '', #4886 ) ;
#4553 = FACE_OUTER_BOUND ( 'NONE', #9044, .T. ) ;
#4554 = CARTESIAN_POINT ( 'NONE',  ( -33.00811990792611539, 7.258513140623235493, 1.472800000000075382 ) ) ;
#4555 = STYLED_ITEM ( 'NONE', ( #6064 ), #427 ) ;
#4556 = LINE ( 'NONE', #6686, #3484 ) ;
#4557 =( NAMED_UNIT ( * ) PLANE_ANGLE_UNIT ( ) SI_UNIT ( $, .RADIAN. ) );
#4558 = VECTOR ( 'NONE', #3566, 1000.000000000000000 ) ;
#4559 = CARTESIAN_POINT ( 'NONE',  ( -38.35125966308335421, 7.407252895780578328, -9.372999999999919396 ) ) ;
#4560 = CARTESIAN_POINT ( 'NONE',  ( -30.01731990792611526, 6.032913140623263892, -1.244999999999936158 ) ) ;
#4561 = LINE ( 'NONE', #3860, #3235 ) ;
#4562 = ADVANCED_FACE ( 'NONE', ( #6891 ), #7525, .T. ) ;
#4563 = CARTESIAN_POINT ( 'NONE',  ( -28.82731649811006136, -17.83264710389341801, 0.3756754925351361574 ) ) ;
#4564 = CYLINDRICAL_SURFACE ( 'NONE', #4343, 1.000000000000000888 ) ;
#4565 = CARTESIAN_POINT ( 'NONE',  ( -22.78039062757601130, -16.50398703403563871, -1.245000000000000107 ) ) ;
#4566 = FILL_AREA_STYLE_COLOUR ( '', #5389 ) ;
#4567 =( GEOMETRIC_REPRESENTATION_CONTEXT ( 3 ) GLOBAL_UNCERTAINTY_ASSIGNED_CONTEXT ( ( #1184 ) ) GLOBAL_UNIT_ASSIGNED_CONTEXT ( ( #3422, #7643, #8892 ) ) REPRESENTATION_CONTEXT ( 'NONE', 'WORKASPACE' ) );
#4568 = LINE ( 'NONE', #6737, #1365 ) ;
#4569 = VECTOR ( 'NONE', #4185, 1000.000000000000000 ) ;
#4570 = EDGE_CURVE ( 'NONE', #3980, #7349, #1117, .T. ) ;
#4571 = ORIENTED_EDGE ( 'NONE', *, *, #6115, .T. ) ;
#4572 = VERTEX_POINT ( 'NONE', #1248 ) ;
#4573 = SURFACE_STYLE_FILL_AREA ( #8811 ) ;
#4574 = AXIS2_PLACEMENT_3D ( 'NONE', #3270, #7492, #4731 ) ;
#4575 = ORIENTED_EDGE ( 'NONE', *, *, #5615, .T. ) ;
#4576 = MECHANICAL_DESIGN_GEOMETRIC_PRESENTATION_REPRESENTATION (  '', ( #7869 ), #6842 ) ;
#4577 = VECTOR ( 'NONE', #6013, 1000.000000000000000 ) ;
#4578 = PRESENTATION_STYLE_ASSIGNMENT (( #105 ) ) ;
#4579 = FILL_AREA_STYLE_COLOUR ( '', #4701 ) ;
#4580 = COLOUR_RGB ( '',1.000000000000000000, 0.5019607843137254832, 0.000000000000000000 ) ;
#4581 = CARTESIAN_POINT ( 'NONE',  ( -36.11331990792611890, 8.369713140623263214, -1.575199999999936429 ) ) ;
#4582 = DIRECTION ( 'NONE',  ( -0.000000000000000000, -1.000000000000000000, -1.047444401652940007E-14 ) ) ;
#4583 = FILL_AREA_STYLE_COLOUR ( '', #6654 ) ;
#4584 = COLOUR_RGB ( '',0.7529411764705882248, 0.7529411764705882248, 0.7529411764705882248 ) ;
#4585 = CARTESIAN_POINT ( 'NONE',  ( -29.82731649811006491, -12.62398703403564149, 1.215000000000000080 ) ) ;
#4586 = ORIENTED_EDGE ( 'NONE', *, *, #5257, .F. ) ;
#4587 = EDGE_LOOP ( 'NONE', ( #8, #501, #1170, #1688, #8390, #7490, #7718, #9103 ) ) ;
#4588 = MECHANICAL_DESIGN_GEOMETRIC_PRESENTATION_REPRESENTATION (  '', ( #1298 ), #8905 ) ;
#4589 = ADVANCED_FACE ( 'NONE', ( #4016, #447 ), #1998, .T. ) ;
#4590 = AXIS2_PLACEMENT_3D ( 'NONE', #7737, #7638, #7037 ) ;
#4591 = ORIENTED_EDGE ( 'NONE', *, *, #9125, .F. ) ;
#4592 = CARTESIAN_POINT ( 'NONE',  ( -22.78039062757601130, 7.056012965964359118, -0.2349999999999997369 ) ) ;
#4593 =( GEOMETRIC_REPRESENTATION_CONTEXT ( 3 ) GLOBAL_UNCERTAINTY_ASSIGNED_CONTEXT ( ( #1283 ) ) GLOBAL_UNIT_ASSIGNED_CONTEXT ( ( #8208, #6088, #1813 ) ) REPRESENTATION_CONTEXT ( 'NONE', 'WORKASPACE' ) );
#4594 = EDGE_CURVE ( 'NONE', #3396, #3648, #6375, .T. ) ;
#4595 = CARTESIAN_POINT ( 'NONE',  ( -35.91646990792611405, 6.890163140623317695, -9.118999999999925166 ) ) ;
#4596 = FILL_AREA_STYLE ('',( #6099 ) ) ;
#4597 = PRESENTATION_STYLE_ASSIGNMENT (( #7581 ) ) ;
#4598 = STYLED_ITEM ( 'NONE', ( #2871 ), #1382 ) ;
#4599 = UNCERTAINTY_MEASURE_WITH_UNIT (LENGTH_MEASURE( 1.000000000000000082E-05 ), #2791, 'distance_accuracy_value', 'NONE');
#4600 = EDGE_CURVE ( 'NONE', #1914, #619, #4246, .T. ) ;
#4601 = ORIENTED_EDGE ( 'NONE', *, *, #3210, .F. ) ;
#4602 = CARTESIAN_POINT ( 'NONE',  ( -32.75411990792613182, 7.512513140623235053, -1.575199999999920664 ) ) ;
#4603 = LINE ( 'NONE', #1655, #7394 ) ;
#4604 = FILL_AREA_STYLE_COLOUR ( '', #7931 ) ;
#4605 = PRESENTATION_LAYER_ASSIGNMENT (  '', '', ( #2503 ) ) ;
#4606 = FILL_AREA_STYLE ('',( #1921 ) ) ;
#4607 = DIRECTION ( 'NONE',  ( -0.5000000000000197620, 0.8660254037844272723, 0.000000000000000000 ) ) ;
#4608 = ORIENTED_EDGE ( 'NONE', *, *, #6768, .T. ) ;
#4609 = DIRECTION ( 'NONE',  ( 1.000000000000000000, 1.299418334065024133E-16, -0.000000000000000000 ) ) ;
#4610 = PRESENTATION_STYLE_ASSIGNMENT (( #8055 ) ) ;
#4611 = DIRECTION ( 'NONE',  ( 0.000000000000000000, -1.047444401652940007E-14, 1.000000000000000000 ) ) ;
#4612 = LINE ( 'NONE', #6875, #6758 ) ;
#4613 = LINE ( 'NONE', #6830, #9157 ) ;
#4614 =( NAMED_UNIT ( * ) SI_UNIT ( $, .STERADIAN. ) SOLID_ANGLE_UNIT ( ) );
#4615 = UNCERTAINTY_MEASURE_WITH_UNIT (LENGTH_MEASURE( 1.000000000000000082E-05 ), #3470, 'distance_accuracy_value', 'NONE');
#4616 = LINE ( 'NONE', #6785, #8222 ) ;
#4617 = ADVANCED_FACE ( 'NONE', ( #7903 ), #2134, .T. ) ;
#4618 = CARTESIAN_POINT ( 'NONE',  ( -33.57331990792611975, 6.032913140623267445, -1.575199999999936429 ) ) ;
#4619 = DIRECTION ( 'NONE',  ( 1.000000000000000000, 0.000000000000000000, -0.000000000000000000 ) ) ;
#4620 = ORIENTED_EDGE ( 'NONE', *, *, #8128, .F. ) ;
#4621 = DIRECTION ( 'NONE',  ( -0.000000000000000000, 1.000000000000000000, 0.000000000000000000 ) ) ;
#4622 = VERTEX_POINT ( 'NONE', #2884 ) ;
#4623 = PRESENTATION_STYLE_ASSIGNMENT (( #3920 ) ) ;
#4624 = CARTESIAN_POINT ( 'NONE',  ( -34.06742597117768412, 6.032913140623324288, -3.530999999999936634 ) ) ;
#4625 = SURFACE_STYLE_USAGE ( .BOTH. , #1770 ) ;
#4626 = DIRECTION ( 'NONE',  ( 0.5000000000000195399, 0.8660254037844273833, 8.871936606718107670E-15 ) ) ;
#4627 =( BOUNDED_CURVE ( )  B_SPLINE_CURVE ( 3, ( #4645, #3805, #330, #2442 ),
 .UNSPECIFIED., .F., .F. ) 
 B_SPLINE_CURVE_WITH_KNOTS ( ( 4, 4 ),
 ( -3.552713678800500929E-15, 1.570796326794898334 ),
 .UNSPECIFIED. ) 
 CURVE ( )  GEOMETRIC_REPRESENTATION_ITEM ( )  RATIONAL_B_SPLINE_CURVE ( ( 1.000000000000000000, 0.8047378541243637162, 0.8047378541243637162, 1.000000000000000000 ) ) 
 REPRESENTATION_ITEM ( '' )  );
#4628 = COLOUR_RGB ( '',0.7529411764705882248, 0.7529411764705882248, 0.7529411764705882248 ) ;
#4629 = ORIENTED_EDGE ( 'NONE', *, *, #8861, .T. ) ;
#4630 = VERTEX_POINT ( 'NONE', #9205 ) ;
#4631 = ORIENTED_EDGE ( 'NONE', *, *, #7649, .F. ) ;
#4632 = ADVANCED_FACE ( 'NONE', ( #3537 ), #7073, .F. ) ;
#4633 = FILL_AREA_STYLE_COLOUR ( '', #6485 ) ;
#4634 = PRESENTATION_LAYER_ASSIGNMENT (  '', '', ( #5090 ) ) ;
#4635 = CARTESIAN_POINT ( 'NONE',  ( -29.82736094035740138, -18.30398703403564653, -0.2450000000000046585 ) ) ;
#4636 = DIRECTION ( 'NONE',  ( 0.000000000000000000, 0.000000000000000000, 1.000000000000000000 ) ) ;
#4637 =( NAMED_UNIT ( * ) SI_UNIT ( $, .STERADIAN. ) SOLID_ANGLE_UNIT ( ) );
#4638 = DIRECTION ( 'NONE',  ( 1.000000000000000000, 0.000000000000000000, 0.000000000000000000 ) ) ;
#4639 = COLOUR_RGB ( '',0.7529411764705882248, 0.7529411764705882248, 0.7529411764705882248 ) ;
#4640 = VECTOR ( 'NONE', #6707, 1000.000000000000000 ) ;
#4641 = COLOUR_RGB ( '',0.000000000000000000, 0.5019607843137254832, 1.000000000000000000 ) ;
#4642 = ORIENTED_EDGE ( 'NONE', *, *, #2975, .T. ) ;
#4643 = CARTESIAN_POINT ( 'NONE',  ( -33.37651990792611656, 6.890113140623239651, 1.218800000000075823 ) ) ;
#4644 = CARTESIAN_POINT ( 'NONE',  ( -29.82736094035740138, -18.13414632975169383, 0.8895037257659451635 ) ) ;
#4645 = CARTESIAN_POINT ( 'NONE',  ( -30.21416990792612367, 7.512463140623343527, -9.118999999999918060 ) ) ;
#4646 = VECTOR ( 'NONE', #7645, 1000.000000000000000 ) ;
#4647 = CARTESIAN_POINT ( 'NONE',  ( -28.82731649811007202, -17.35233244112356488, 0.6628850845770686284 ) ) ;
#4648 = COLOUR_RGB ( '',0.08235294117647058709, 0.08235294117647058709, 0.08235294117647058709 ) ;
#4649 = PRESENTATION_STYLE_ASSIGNMENT (( #5539 ) ) ;
#4650 = SURFACE_STYLE_USAGE ( .BOTH. , #8233 ) ;
#4651 = STYLED_ITEM ( 'NONE', ( #7962 ), #5178 ) ;
#4652 = LINE ( 'NONE', #6958, #2015 ) ;
#4653 = ORIENTED_EDGE ( 'NONE', *, *, #9182, .F. ) ;
#4654 = CARTESIAN_POINT ( 'NONE',  ( -39.21211990792613022, 7.258463140623345744, -9.372999999999922949 ) ) ;
#4655 = DIRECTION ( 'NONE',  ( -1.000000000000000000, 0.000000000000000000, -0.000000000000000000 ) ) ;
#4656 = CARTESIAN_POINT ( 'NONE',  ( -35.29411990792612386, 7.512513140623259922, -1.575199999999920664 ) ) ;
#4657 = EDGE_CURVE ( 'NONE', #9215, #4822, #3686, .T. ) ;
#4658 = DIRECTION ( 'NONE',  ( 1.000000000000000000, 0.000000000000000000, 0.000000000000000000 ) ) ;
#4659 = FILL_AREA_STYLE_COLOUR ( '', #1546 ) ;
#4660 = CARTESIAN_POINT ( 'NONE',  ( -20.98039062757600703, -18.30398703403564298, -1.245000000000000107 ) ) ;
#4661 = CARTESIAN_POINT ( 'NONE',  ( -39.82267328534919670, -14.00398703403564049, 1.215000000000000080 ) ) ;
#4662 =( NAMED_UNIT ( * ) SI_UNIT ( $, .STERADIAN. ) SOLID_ANGLE_UNIT ( ) );
#4663 = B_SPLINE_SURFACE_WITH_KNOTS ( 'NONE', 1, 3, ( 
 ( #8610, #7320, #2211, #3764, #2349, #211, #3806, #4368, #7231, #815 ),
 ( #6544, #4416, #7278, #868, #3716, #6591, #9082, #6589, #5039, #5079 ) ),
 .UNSPECIFIED., .F., .F., .F.,
 ( 2, 2 ),
 ( 4, 2, 2, 2, 4 ),
 ( 0.000000000000000000, 1.000000000000000000 ),
 ( 0.000000000000000000, 0.1250000000000000000, 0.2500000000000000000, 0.5000000000000000000, 1.000000000000000000 ),
 .UNSPECIFIED. ) ;
#4664 = LINE ( 'NONE', #1066, #6542 ) ;
#4665 = ORIENTED_EDGE ( 'NONE', *, *, #7895, .F. ) ;
#4666 = DIRECTION ( 'NONE',  ( 1.000000000000000000, -6.878506940217426576E-30, 6.566942292462172298E-16 ) ) ;
#4667 = ORIENTED_EDGE ( 'NONE', *, *, #1811, .F. ) ;
#4668 = DIRECTION ( 'NONE',  ( 0.000000000000000000, 0.000000000000000000, -1.000000000000000000 ) ) ;
#4669 = DIRECTION ( 'NONE',  ( -0.8660254037844272723, -0.5000000000000197620, -5.237222008264905926E-15 ) ) ;
#4670 = CARTESIAN_POINT ( 'NONE',  ( -29.82736094035740138, -15.29897745040698176, 1.199928837669093751 ) ) ;
#4671 = CARTESIAN_POINT ( 'NONE',  ( -35.29411990792612386, 7.512513140623237717, 1.472800000000079601 ) ) ;
#4672 = ORIENTED_EDGE ( 'NONE', *, *, #5293, .F. ) ;
#4673 = VERTEX_POINT ( 'NONE', #5617 ) ;
#4674 = STYLED_ITEM ( 'NONE', ( #4649 ), #5708 ) ;
#4675 = ORIENTED_EDGE ( 'NONE', *, *, #3618, .T. ) ;
#4676 = ADVANCED_FACE ( 'NONE', ( #8434 ), #3109, .F. ) ;
#4677 =( NAMED_UNIT ( * ) PLANE_ANGLE_UNIT ( ) SI_UNIT ( $, .RADIAN. ) );
#4678 = PRESENTATION_STYLE_ASSIGNMENT (( #325 ) ) ;
#4679 = LINE ( 'NONE', #8445, #7820 ) ;
#4680 = AXIS2_PLACEMENT_3D ( 'NONE', #4035, #8231, #7544 ) ;
#4681 =( BOUNDED_CURVE ( )  B_SPLINE_CURVE ( 3, ( #9221, #8456, #659, #5673 ),
 .UNSPECIFIED., .F., .F. ) 
 B_SPLINE_CURVE_WITH_KNOTS ( ( 4, 4 ),
 ( 1.570796326794896780, 3.141592653589776241 ),
 .UNSPECIFIED. ) 
 CURVE ( )  GEOMETRIC_REPRESENTATION_ITEM ( )  RATIONAL_B_SPLINE_CURVE ( ( 1.000000000000000000, 0.8047378541243690453, 0.8047378541243690453, 1.000000000000000000 ) ) 
 REPRESENTATION_ITEM ( '' )  );
#4682 = CARTESIAN_POINT ( 'NONE',  ( -45.88039062757600561, 7.056012965964359118, -0.2349999999999997369 ) ) ;
#4683 = ADVANCED_FACE ( 'NONE', ( #3822 ), #3157, .F. ) ;
#4684 = UNCERTAINTY_MEASURE_WITH_UNIT (LENGTH_MEASURE( 1.000000000000000082E-05 ), #5154, 'distance_accuracy_value', 'NONE');
#4685 = VERTEX_POINT ( 'NONE', #6650 ) ;
#4686 = CARTESIAN_POINT ( 'NONE',  ( -23.78039062757601130, 7.056012965964359118, -0.2449999999999997735 ) ) ;
#4687 = CARTESIAN_POINT ( 'NONE',  ( -20.98039062757600703, -18.30398703403564298, -0.2449999999999997735 ) ) ;
#4688 = DIRECTION ( 'NONE',  ( -0.000000000000000000, 1.000000000000000000, 0.000000000000000000 ) ) ;
#4689 = MECHANICAL_DESIGN_GEOMETRIC_PRESENTATION_REPRESENTATION (  '', ( #6806 ), #7980 ) ;
#4690 = PLANE ( 'NONE',  #2089 ) ;
#4691 = CARTESIAN_POINT ( 'NONE',  ( -40.82734843295796168, -16.92798137956646443, 0.8003829443833530011 ) ) ;
#4692 = PRESENTATION_STYLE_ASSIGNMENT (( #4650 ) ) ;
#4693 = LINE ( 'NONE', #7689, #7862 ) ;
#4694 = EDGE_LOOP ( 'NONE', ( #5741, #5697, #1948, #3083 ) ) ;
#4695 =( LENGTH_UNIT ( ) NAMED_UNIT ( * ) SI_UNIT ( .MILLI., .METRE. ) );
#4696 = COLOUR_RGB ( '',0.08235294117647058709, 0.08235294117647058709, 0.08235294117647058709 ) ;
#4697 = CIRCLE ( 'NONE', #5915, 1.000000000000000888 ) ;
#4698 = CARTESIAN_POINT ( 'NONE',  ( -30.46816990792611790, 7.144163140623349229, -9.372999999999922949 ) ) ;
#4699 = ADVANCED_FACE ( 'NONE', ( #8673 ), #5233, .F. ) ;
#4700 = DIRECTION ( 'NONE',  ( -0.000000000000000000, -0.000000000000000000, -1.000000000000000000 ) ) ;
#4701 = COLOUR_RGB ( '',0.000000000000000000, 0.000000000000000000, 0.000000000000000000 ) ;
#4702 = CARTESIAN_POINT ( 'NONE',  ( -37.83411990792612301, 6.890113140623235211, 1.472800000000072718 ) ) ;
#4703 = CARTESIAN_POINT ( 'NONE',  ( -45.88039062757600561, -16.50398703403563871, -1.245000000000000107 ) ) ;
#4704 = EDGE_CURVE ( 'NONE', #2994, #8377, #5559, .T. ) ;
#4705 = CARTESIAN_POINT ( 'NONE',  ( -35.91646990792612115, 7.512463140623350633, -9.372999999999919396 ) ) ;
#4706 = EDGE_CURVE ( 'NONE', #9239, #3124, #7701, .T. ) ;
#4707 =( NAMED_UNIT ( * ) PLANE_ANGLE_UNIT ( ) SI_UNIT ( $, .RADIAN. ) );
#4708 = DIRECTION ( 'NONE',  ( 1.000000000000000000, 0.000000000000000000, 0.000000000000000000 ) ) ;
#4709 = ORIENTED_EDGE ( 'NONE', *, *, #625, .F. ) ;
#4710 = CARTESIAN_POINT ( 'NONE',  ( -36.90071990792587542, 7.861713140623420415, -1.244999999999917284 ) ) ;
#4711 = ORIENTED_EDGE ( 'NONE', *, *, #6212, .F. ) ;
#4712 = CARTESIAN_POINT ( 'NONE',  ( -23.78039062757601130, -16.50398703403563871, -1.264999999999999902 ) ) ;
#4713 = SURFACE_STYLE_FILL_AREA ( #398 ) ;
#4714 = STYLED_ITEM ( 'NONE', ( #8048 ), #7531 ) ;
#4715 = FILL_AREA_STYLE_COLOUR ( '', #5926 ) ;
#4716 =( LENGTH_UNIT ( ) NAMED_UNIT ( * ) SI_UNIT ( .MILLI., .METRE. ) );
#4717 = PRESENTATION_STYLE_ASSIGNMENT (( #1860 ) ) ;
#4718 = CARTESIAN_POINT ( 'NONE',  ( -29.82736094035740138, -18.29409031937256103, -0.2464335406786998528 ) ) ;
#4719 =( NAMED_UNIT ( * ) SI_UNIT ( $, .STERADIAN. ) SOLID_ANGLE_UNIT ( ) );
#4720 = ORIENTED_EDGE ( 'NONE', *, *, #6022, .T. ) ;
#4721 = ORIENTED_EDGE ( 'NONE', *, *, #8155, .T. ) ;
#4722 = STYLED_ITEM ( 'NONE', ( #1737 ), #6790 ) ;
#4723 = CIRCLE ( 'NONE', #1133, 1.799999999999999600 ) ;
#4724 = CARTESIAN_POINT ( 'NONE',  ( -44.88039062757600561, 7.056012965964359118, -1.264999999999999902 ) ) ;
#4725 = CARTESIAN_POINT ( 'NONE',  ( -27.82731649811005781, -18.30398703403564298, -1.266000000000000014 ) ) ;
#4726 = UNCERTAINTY_MEASURE_WITH_UNIT (LENGTH_MEASURE( 1.000000000000000082E-05 ), #4275, 'distance_accuracy_value', 'NONE');
#4727 = AXIS2_PLACEMENT_3D ( 'NONE', #604, #6993, #3456 ) ;
#4728 = COLOUR_RGB ( '',0.08235294117647058709, 0.08235294117647058709, 0.08235294117647058709 ) ;
#4729 = DIRECTION ( 'NONE',  ( -0.000000000000000000, 1.047444401652940007E-14, -1.000000000000000000 ) ) ;
#4730 = PRESENTATION_LAYER_ASSIGNMENT (  '', '', ( #2332 ) ) ;
#4731 = DIRECTION ( 'NONE',  ( 1.000000000000000000, 0.000000000000000000, 0.000000000000000000 ) ) ;
#4732 = EDGE_CURVE ( 'NONE', #2532, #3500, #6881, .T. ) ;
#4733 = STYLED_ITEM ( 'NONE', ( #3384 ), #2899 ) ;
#4734 = VECTOR ( 'NONE', #9098, 1000.000000000000000 ) ;
#4735 = ORIENTED_EDGE ( 'NONE', *, *, #8072, .F. ) ;
#4736 = SURFACE_STYLE_FILL_AREA ( #3276 ) ;
#4737 = CARTESIAN_POINT ( 'NONE',  ( -37.19401384467411020, 8.369713140623277425, -3.530999999999912209 ) ) ;
#4738 =( NAMED_UNIT ( * ) SI_UNIT ( $, .STERADIAN. ) SOLID_ANGLE_UNIT ( ) );
#4739 = FILL_AREA_STYLE ('',( #5408 ) ) ;
#4740 = CARTESIAN_POINT ( 'NONE',  ( -39.82267328534919670, -18.29409031937256103, -0.2464335406786998528 ) ) ;
#4741 = SURFACE_STYLE_USAGE ( .BOTH. , #2581 ) ;
#4742 = VERTEX_POINT ( 'NONE', #4799 ) ;
#4743 = FACE_OUTER_BOUND ( 'NONE', #281, .T. ) ;
#4744 = FACE_OUTER_BOUND ( 'NONE', #4825, .T. ) ;
#4745 = ORIENTED_EDGE ( 'NONE', *, *, #873, .F. ) ;
#4746 =( GEOMETRIC_REPRESENTATION_CONTEXT ( 3 ) GLOBAL_UNCERTAINTY_ASSIGNED_CONTEXT ( ( #5761 ) ) GLOBAL_UNIT_ASSIGNED_CONTEXT ( ( #4234, #6504, #7057 ) ) REPRESENTATION_CONTEXT ( 'NONE', 'WORKASPACE' ) );
#4747 = FILL_AREA_STYLE ('',( #386 ) ) ;
#4748 = STYLED_ITEM ( 'NONE', ( #3161 ), #2535 ) ;
#4749 =( NAMED_UNIT ( * ) SI_UNIT ( $, .STERADIAN. ) SOLID_ANGLE_UNIT ( ) );
#4750 = EDGE_CURVE ( 'NONE', #5563, #8516, #6273, .T. ) ;
#4751 = FILL_AREA_STYLE_COLOUR ( '', #66 ) ;
#4752 = UNCERTAINTY_MEASURE_WITH_UNIT (LENGTH_MEASURE( 1.000000000000000082E-05 ), #3631, 'distance_accuracy_value', 'NONE');
#4753 =( NAMED_UNIT ( * ) PLANE_ANGLE_UNIT ( ) SI_UNIT ( $, .RADIAN. ) );
#4754 =( LENGTH_UNIT ( ) NAMED_UNIT ( * ) SI_UNIT ( .MILLI., .METRE. ) );
#4755 = ADVANCED_FACE ( 'NONE', ( #4756 ), #9086, .F. ) ;
#4756 = FACE_OUTER_BOUND ( 'NONE', #3263, .T. ) ;
#4757 = AXIS2_PLACEMENT_3D ( 'NONE', #4996, #5696, #7192 ) ;
#4758 = ORIENTED_EDGE ( 'NONE', *, *, #5857, .F. ) ;
#4759 = EDGE_LOOP ( 'NONE', ( #8119, #2621, #6609, #3479 ) ) ;
#4760 = SURFACE_SIDE_STYLE ('',( #1900 ) ) ;
#4761 =( NAMED_UNIT ( * ) PLANE_ANGLE_UNIT ( ) SI_UNIT ( $, .RADIAN. ) );
#4762 = FACE_OUTER_BOUND ( 'NONE', #2324, .T. ) ;
#4763 = DIRECTION ( 'NONE',  ( 0.000000000000000000, -1.000000000000000000, -1.047444401652940007E-14 ) ) ;
#4764 = CARTESIAN_POINT ( 'NONE',  ( -34.82731649811006491, -18.27407675507290818, -0.2449113037486423394 ) ) ;
#4765 = DIRECTION ( 'NONE',  ( -1.000000000000000000, 0.000000000000000000, 0.000000000000000000 ) ) ;
#4766 = CARTESIAN_POINT ( 'NONE',  ( -28.82731649811006136, -18.28136185513362477, -0.3668299596730744683 ) ) ;
#4767 = ORIENTED_EDGE ( 'NONE', *, *, #6364, .T. ) ;
#4768 = EDGE_LOOP ( 'NONE', ( #364, #3080, #2702, #5225 ) ) ;
#4769 = ADVANCED_FACE ( 'NONE', ( #6078 ), #6122, .T. ) ;
#4770 = FACE_BOUND ( 'NONE', #7784, .T. ) ;
#4771 = DIRECTION ( 'NONE',  ( 1.000000000000000000, 0.000000000000000000, 0.000000000000000000 ) ) ;
#4772 = DIRECTION ( 'NONE',  ( 0.000000000000000000, 0.000000000000000000, -1.000000000000000000 ) ) ;
#4773 = STYLED_ITEM ( 'NONE', ( #4264 ), #675 ) ;
#4774 = EDGE_LOOP ( 'NONE', ( #8351, #5716, #7859, #6093 ) ) ;
#4775 = UNCERTAINTY_MEASURE_WITH_UNIT (LENGTH_MEASURE( 1.000000000000000082E-05 ), #413, 'distance_accuracy_value', 'NONE');
#4776 = ORIENTED_EDGE ( 'NONE', *, *, #73, .T. ) ;
#4777 = AXIS2_PLACEMENT_3D ( 'NONE', #3339, #6216, #2779 ) ;
#4778 = ORIENTED_EDGE ( 'NONE', *, *, #7798, .F. ) ;
#4779 = CARTESIAN_POINT ( 'NONE',  ( -34.65401384467411816, 8.369713140623288083, -3.530999999999912209 ) ) ;
#4780 = FACE_BOUND ( 'NONE', #192, .T. ) ;
#4781 =( LENGTH_UNIT ( ) NAMED_UNIT ( * ) SI_UNIT ( .MILLI., .METRE. ) );
#4782 = EDGE_CURVE ( 'NONE', #7210, #6294, #1475, .T. ) ;
#4783 =( LENGTH_UNIT ( ) NAMED_UNIT ( * ) SI_UNIT ( .MILLI., .METRE. ) );
#4784 = SURFACE_STYLE_FILL_AREA ( #4606 ) ;
#4785 =( NAMED_UNIT ( * ) PLANE_ANGLE_UNIT ( ) SI_UNIT ( $, .RADIAN. ) );
#4786 = DIRECTION ( 'NONE',  ( -1.000000000000000000, 0.000000000000000000, 0.000000000000000000 ) ) ;
#4787 = AXIS2_PLACEMENT_3D ( 'NONE', #6968, #9040, #1980 ) ;
#4788 = CARTESIAN_POINT ( 'NONE',  ( -30.01731990792611526, 8.369713140623266767, -1.244999999999936158 ) ) ;
#4789 = EDGE_LOOP ( 'NONE', ( #875, #4601, #4812, #3364 ) ) ;
#4790 = VECTOR ( 'NONE', #7423, 1000.000000000000000 ) ;
#4791 = PRESENTATION_LAYER_ASSIGNMENT (  '', '', ( #1794 ) ) ;
#4792 = PRESENTATION_LAYER_ASSIGNMENT (  '', '', ( #8505 ) ) ;
#4793 = CARTESIAN_POINT ( 'NONE',  ( -44.88039062757600561, 7.056012965964359118, -0.2449999999999997735 ) ) ;
#4794 = VECTOR ( 'NONE', #4497, 1000.000000000000000 ) ;
#4795 = FILL_AREA_STYLE_COLOUR ( '', #3755 ) ;
#4796 = SURFACE_SIDE_STYLE ('',( #8948 ) ) ;
#4797 =( NAMED_UNIT ( * ) SI_UNIT ( $, .STERADIAN. ) SOLID_ANGLE_UNIT ( ) );
#4798 = COLOUR_RGB ( '',0.7529411764705882248, 0.7529411764705882248, 0.7529411764705882248 ) ;
#4799 = CARTESIAN_POINT ( 'NONE',  ( -46.88039062757600561, 7.056012965964359118, -0.2349999999999997369 ) ) ;
#4800 = LINE ( 'NONE', #7150, #4127 ) ;
#4801 = EDGE_CURVE ( 'NONE', #1564, #8166, #5353, .T. ) ;
#4802 = ORIENTED_EDGE ( 'NONE', *, *, #2231, .T. ) ;
#4803 = SURFACE_STYLE_USAGE ( .BOTH. , #1936 ) ;
#4804 = ORIENTED_EDGE ( 'NONE', *, *, #1624, .F. ) ;
#4805 =( LENGTH_UNIT ( ) NAMED_UNIT ( * ) SI_UNIT ( .MILLI., .METRE. ) );
#4806 = VECTOR ( 'NONE', #175, 1000.000000000000000 ) ;
#4807 = UNCERTAINTY_MEASURE_WITH_UNIT (LENGTH_MEASURE( 1.000000000000000082E-05 ), #6090, 'distance_accuracy_value', 'NONE');
#4808 = PRESENTATION_STYLE_ASSIGNMENT (( #6847 ) ) ;
#4809 = SURFACE_SIDE_STYLE ('',( #4103 ) ) ;
#4810 = CARTESIAN_POINT ( 'NONE',  ( -35.09731990792612066, 8.369713140623263214, -1.244999999999911955 ) ) ;
#4811 = CARTESIAN_POINT ( 'NONE',  ( -28.82731649811006136, -18.17279833390455224, -0.6621407731115727113 ) ) ;
#4812 = ORIENTED_EDGE ( 'NONE', *, *, #1104, .F. ) ;
#4813 = ORIENTED_EDGE ( 'NONE', *, *, #1563, .F. ) ;
#4814 = LINE ( 'NONE', #1252, #2947 ) ;
#4815 = SURFACE_STYLE_FILL_AREA ( #9012 ) ;
#4816 = SURFACE_SIDE_STYLE ('',( #1351 ) ) ;
#4817 = UNCERTAINTY_MEASURE_WITH_UNIT (LENGTH_MEASURE( 1.000000000000000082E-05 ), #7049, 'distance_accuracy_value', 'NONE');
#4818 = CARTESIAN_POINT ( 'NONE',  ( -20.98039062757600703, -18.30398703403564298, -0.2449999999999997735 ) ) ;
#4819 = EDGE_CURVE ( 'NONE', #6177, #9217, #7795, .T. ) ;
#4820 =( NAMED_UNIT ( * ) SI_UNIT ( $, .STERADIAN. ) SOLID_ANGLE_UNIT ( ) );
#4821 = VECTOR ( 'NONE', #7452, 1000.000000000000000 ) ;
#4822 = VERTEX_POINT ( 'NONE', #1379 ) ;
#4823 = ORIENTED_EDGE ( 'NONE', *, *, #7173, .T. ) ;
#4824 =( GEOMETRIC_REPRESENTATION_CONTEXT ( 3 ) GLOBAL_UNCERTAINTY_ASSIGNED_CONTEXT ( ( #8724 ) ) GLOBAL_UNIT_ASSIGNED_CONTEXT ( ( #8981, #7642, #8192 ) ) REPRESENTATION_CONTEXT ( 'NONE', 'WORKASPACE' ) );
#4825 = EDGE_LOOP ( 'NONE', ( #8044, #6032, #3162, #7347 ) ) ;
#4826 = SURFACE_STYLE_USAGE ( .BOTH. , #7682 ) ;
#4827 = DIRECTION ( 'NONE',  ( -0.000000000000000000, -0.000000000000000000, -1.000000000000000000 ) ) ;
#4828 = FILL_AREA_STYLE ('',( #464 ) ) ;
#4829 = STYLED_ITEM ( 'NONE', ( #4897 ), #8257 ) ;
#4830 = DIRECTION ( 'NONE',  ( 1.000000000000000000, 0.000000000000000000, 0.000000000000000000 ) ) ;
#4831 = DIRECTION ( 'NONE',  ( 0.000000000000000000, 0.000000000000000000, 1.000000000000000000 ) ) ;
#4832 = AXIS2_PLACEMENT_3D ( 'NONE', #6192, #5578, #2757 ) ;
#4833 = MECHANICAL_DESIGN_GEOMETRIC_PRESENTATION_REPRESENTATION (  '', ( #4385 ), #5591 ) ;
#4834 = SURFACE_SIDE_STYLE ('',( #1965 ) ) ;
#4835 = DIRECTION ( 'NONE',  ( 0.000000000000000000, 0.000000000000000000, 1.000000000000000000 ) ) ;
#4836 = DIRECTION ( 'NONE',  ( 0.000000000000000000, 1.047444401652940007E-14, -1.000000000000000000 ) ) ;
#4837 = DIRECTION ( 'NONE',  ( 0.000000000000000000, 0.000000000000000000, 1.000000000000000000 ) ) ;
#4838 = STYLED_ITEM ( 'NONE', ( #1879 ), #8424 ) ;
#4839 = VERTEX_POINT ( 'NONE', #7149 ) ;
#4840 = AXIS2_PLACEMENT_3D ( 'NONE', #2147, #8633, #2991 ) ;
#4841 = VECTOR ( 'NONE', #4004, 1000.000000000000000 ) ;
#4842 =( NAMED_UNIT ( * ) PLANE_ANGLE_UNIT ( ) SI_UNIT ( $, .RADIAN. ) );
#4843 = PLANE ( 'NONE',  #8881 ) ;
#4844 = FACE_OUTER_BOUND ( 'NONE', #5627, .T. ) ;
#4845 = LINE ( 'NONE', #6170, #4392 ) ;
#4846 = AXIS2_PLACEMENT_3D ( 'NONE', #8497, #2770, #6397 ) ;
#4847 =( GEOMETRIC_REPRESENTATION_CONTEXT ( 3 ) GLOBAL_UNCERTAINTY_ASSIGNED_CONTEXT ( ( #5886 ) ) GLOBAL_UNIT_ASSIGNED_CONTEXT ( ( #496, #595, #2565 ) ) REPRESENTATION_CONTEXT ( 'NONE', 'WORKASPACE' ) );
#4848 = UNCERTAINTY_MEASURE_WITH_UNIT (LENGTH_MEASURE( 1.000000000000000082E-05 ), #30, 'distance_accuracy_value', 'NONE');
#4849 = CARTESIAN_POINT ( 'NONE',  ( -35.91651990792611571, 7.512513140623237717, 1.218800000000079597 ) ) ;
#4850 = PLANE ( 'NONE',  #7203 ) ;
#4851 = DIRECTION ( 'NONE',  ( -1.000000000000000000, -0.000000000000000000, -0.000000000000000000 ) ) ;
#4852 = LINE ( 'NONE', #9087, #5035 ) ;
#4853 = EDGE_CURVE ( 'NONE', #5607, #7958, #766, .T. ) ;
#4854 = ORIENTED_EDGE ( 'NONE', *, *, #2818, .F. ) ;
#4855 = VECTOR ( 'NONE', #6938, 1000.000000000000000 ) ;
#4856 = FILL_AREA_STYLE ('',( #8294 ) ) ;
#4857 = VERTEX_POINT ( 'NONE', #4190 ) ;
#4858 = ORIENTED_EDGE ( 'NONE', *, *, #8928, .T. ) ;
#4859 = CARTESIAN_POINT ( 'NONE',  ( -31.03331990792612061, 6.032913140623267445, -1.575199999999930212 ) ) ;
#4860 =( NAMED_UNIT ( * ) SI_UNIT ( $, .STERADIAN. ) SOLID_ANGLE_UNIT ( ) );
#4861 = CARTESIAN_POINT ( 'NONE',  ( -37.64039062757601073, 7.206012965964358585, -0.2449999999999997735 ) ) ;
#4862 = LINE ( 'NONE', #4158, #26 ) ;
#4863 = AXIS2_PLACEMENT_3D ( 'NONE', #2168, #77, #6231 ) ;
#4864 = FILL_AREA_STYLE_COLOUR ( '', #3508 ) ;
#4865 = LINE ( 'NONE', #596, #9104 ) ;
#4866 = ORIENTED_EDGE ( 'NONE', *, *, #2356, .F. ) ;
#4867 = EDGE_LOOP ( 'NONE', ( #7328, #2656, #7299, #2498 ) ) ;
#4868 = STYLED_ITEM ( 'NONE', ( #5291 ), #7271 ) ;
#4869 = CARTESIAN_POINT ( 'NONE',  ( -37.63731990792611981, 6.032913140623263892, -1.244999999999930163 ) ) ;
#4870 = SURFACE_SIDE_STYLE ('',( #4917 ) ) ;
#4871 = CARTESIAN_POINT ( 'NONE',  ( -34.33039062757600846, 5.256012965964359296, -0.2449999999999997735 ) ) ;
#4872 = CARTESIAN_POINT ( 'NONE',  ( -32.11401384467409770, 6.032913140623263892, -1.244999999999935048 ) ) ;
#4873 = PRESENTATION_LAYER_ASSIGNMENT (  '', '', ( #2776 ) ) ;
#4874 = STYLED_ITEM ( 'NONE', ( #3326 ), #7783 ) ;
#4875 = EDGE_LOOP ( 'NONE', ( #1550, #8005, #7034, #4021 ) ) ;
#4876 = UNCERTAINTY_MEASURE_WITH_UNIT (LENGTH_MEASURE( 1.000000000000000082E-05 ), #6483, 'distance_accuracy_value', 'NONE');
#4877 = EDGE_CURVE ( 'NONE', #5626, #6706, #719, .T. ) ;
#4878 = VERTEX_POINT ( 'NONE', #628 ) ;
#4879 = ORIENTED_EDGE ( 'NONE', *, *, #3254, .F. ) ;
#4880 = EDGE_CURVE ( 'NONE', #633, #599, #152, .T. ) ;
#4881 = FILL_AREA_STYLE ('',( #6392 ) ) ;
#4882 = VECTOR ( 'NONE', #700, 1000.000000000000000 ) ;
#4883 = COLOUR_RGB ( '',0.000000000000000000, 0.000000000000000000, 0.000000000000000000 ) ;
#4884 = FACE_OUTER_BOUND ( 'NONE', #327, .T. ) ;
#4885 = CARTESIAN_POINT ( 'NONE',  ( -40.82731649811006491, -16.30398703403564653, -1.245094783620809942 ) ) ;
#4886 = COLOUR_RGB ( '',0.000000000000000000, 0.000000000000000000, 0.000000000000000000 ) ;
#4887 = EDGE_CURVE ( 'NONE', #6467, #271, #744, .T. ) ;
#4888 = AXIS2_PLACEMENT_3D ( 'NONE', #3724, #2117, #6597 ) ;
#4889 = ORIENTED_EDGE ( 'NONE', *, *, #4500, .F. ) ;
#4890 = MECHANICAL_DESIGN_GEOMETRIC_PRESENTATION_REPRESENTATION (  '', ( #1452 ), #2642 ) ;
#4891 = EDGE_CURVE ( 'NONE', #9090, #7018, #7893, .T. ) ;
#4892 = AXIS2_PLACEMENT_3D ( 'NONE', #2234, #7993, #4252 ) ;
#4893 =( LENGTH_UNIT ( ) NAMED_UNIT ( * ) SI_UNIT ( .MILLI., .METRE. ) );
#4894 = COLOUR_RGB ( '',0.000000000000000000, 0.000000000000000000, 0.000000000000000000 ) ;
#4895 = SURFACE_STYLE_FILL_AREA ( #6406 ) ;
#4896 =( NAMED_UNIT ( * ) SI_UNIT ( $, .STERADIAN. ) SOLID_ANGLE_UNIT ( ) );
#4897 = PRESENTATION_STYLE_ASSIGNMENT (( #579 ) ) ;
#4898 = DIRECTION ( 'NONE',  ( 0.8660254037844272723, -0.5000000000000197620, -5.237222008264905926E-15 ) ) ;
#4899 = SURFACE_STYLE_USAGE ( .BOTH. , #1931 ) ;
#4900 = CARTESIAN_POINT ( 'NONE',  ( -21.78039062757600774, -16.50398703403563871, -1.264999999999999902 ) ) ;
#4901 = AXIS2_PLACEMENT_3D ( 'NONE', #8512, #5794, #718 ) ;
#4902 = EDGE_LOOP ( 'NONE', ( #8040, #350, #7241, #6292, #7141, #272, #6432, #1203 ) ) ;
#4903 = VECTOR ( 'NONE', #888, 1000.000000000000000 ) ;
#4904 = ORIENTED_EDGE ( 'NONE', *, *, #8634, .T. ) ;
#4905 = EDGE_LOOP ( 'NONE', ( #4122, #2489, #8550, #6712 ) ) ;
#4906 = DIRECTION ( 'NONE',  ( 0.000000000000000000, 1.000000000000000000, -0.000000000000000000 ) ) ;
#4907 =( GEOMETRIC_REPRESENTATION_CONTEXT ( 3 ) GLOBAL_UNCERTAINTY_ASSIGNED_CONTEXT ( ( #5568 ) ) GLOBAL_UNIT_ASSIGNED_CONTEXT ( ( #1927, #7554, #5551 ) ) REPRESENTATION_CONTEXT ( 'NONE', 'WORKASPACE' ) );
#4908 = EDGE_CURVE ( 'NONE', #8534, #7223, #6410, .T. ) ;
#4909 = COLOUR_RGB ( '',0.7529411764705882248, 0.7529411764705882248, 0.7529411764705882248 ) ;
#4910 = FILL_AREA_STYLE_COLOUR ( '', #698 ) ;
#4911 = SURFACE_SIDE_STYLE ('',( #5654 ) ) ;
#4912 = CARTESIAN_POINT ( 'NONE',  ( -40.94731649811006235, -17.89567592258572404, -0.9547890766329637513 ) ) ;
#4913 = CARTESIAN_POINT ( 'NONE',  ( -38.35130966308334877, 6.995323385466003963, 1.472800000000072940 ) ) ;
#4914 = ORIENTED_EDGE ( 'NONE', *, *, #4422, .T. ) ;
#4915 = ORIENTED_EDGE ( 'NONE', *, *, #408, .F. ) ;
#4916 = CARTESIAN_POINT ( 'NONE',  ( -33.12251990792611878, 7.144113140623235658, 1.472800000000075604 ) ) ;
#4917 = SURFACE_STYLE_FILL_AREA ( #3266 ) ;
#4918 = VECTOR ( 'NONE', #1829, 1000.000000000000000 ) ;
#4919 =( NAMED_UNIT ( * ) PLANE_ANGLE_UNIT ( ) SI_UNIT ( $, .RADIAN. ) );
#4920 = UNCERTAINTY_MEASURE_WITH_UNIT (LENGTH_MEASURE( 1.000000000000000082E-05 ), #1421, 'distance_accuracy_value', 'NONE');
#4921 = CARTESIAN_POINT ( 'NONE',  ( -45.88039062757600561, 7.056012965964359118, -0.2349999999999997369 ) ) ;
#4922 = ORIENTED_EDGE ( 'NONE', *, *, #943, .T. ) ;
#4923 = ORIENTED_EDGE ( 'NONE', *, *, #7401, .F. ) ;
#4924 = EDGE_CURVE ( 'NONE', #1763, #8037, #6602, .T. ) ;
#4925 = EDGE_LOOP ( 'NONE', ( #5365, #9228, #4767, #2160 ) ) ;
#4926 = CARTESIAN_POINT ( 'NONE',  ( -30.83651990792612452, 7.512513140623268804, 1.472800000000072718 ) ) ;
#4927 = PRESENTATION_STYLE_ASSIGNMENT (( #463 ) ) ;
#4928 = LINE ( 'NONE', #6954, #861 ) ;
#4929 = PRESENTATION_STYLE_ASSIGNMENT (( #613 ) ) ;
#4930 = CARTESIAN_POINT ( 'NONE',  ( -22.78039062757601130, 7.056012965964359118, -0.2349999999999997369 ) ) ;
#4931 = CARTESIAN_POINT ( 'NONE',  ( -28.82731649811005781, -17.35233244112356488, 0.6628850845770686284 ) ) ;
#4932 =( NAMED_UNIT ( * ) PLANE_ANGLE_UNIT ( ) SI_UNIT ( $, .RADIAN. ) );
#4933 = LINE ( 'NONE', #2862, #1428 ) ;
#4934 = PRESENTATION_STYLE_ASSIGNMENT (( #8035 ) ) ;
#4935 = EDGE_LOOP ( 'NONE', ( #5197, #6135, #2521, #5667 ) ) ;
#4936 = AXIS2_PLACEMENT_3D ( 'NONE', #7371, #4431, #8761 ) ;
#4937 = PLANE ( 'NONE',  #7177 ) ;
#4938 = CARTESIAN_POINT ( 'NONE',  ( -32.75411990792612471, 6.890113140623243204, 1.218800000000072270 ) ) ;
#4939 = SURFACE_STYLE_USAGE ( .BOTH. , #9133 ) ;
#4940 = UNCERTAINTY_MEASURE_WITH_UNIT (LENGTH_MEASURE( 1.000000000000000082E-05 ), #7830, 'distance_accuracy_value', 'NONE');
#4941 = EDGE_CURVE ( 'NONE', #7562, #324, #2218, .T. ) ;
#4942 = SURFACE_STYLE_USAGE ( .BOTH. , #7749 ) ;
#4943 = CARTESIAN_POINT ( 'NONE',  ( -33.37651990792611656, 7.512513140623237717, 1.218800000000079597 ) ) ;
#4944 = CARTESIAN_POINT ( 'NONE',  ( -46.88039062757600561, 7.056012965964359118, -1.245000000000000107 ) ) ;
#4945 = AXIS2_PLACEMENT_3D ( 'NONE', #2701, #1343, #8303 ) ;
#4946 = VECTOR ( 'NONE', #587, 1000.000000000000000 ) ;
#4947 = CARTESIAN_POINT ( 'NONE',  ( -40.82731649811005781, -18.28136185513362477, -0.3668299596730744683 ) ) ;
#4948 = ORIENTED_EDGE ( 'NONE', *, *, #6115, .F. ) ;
#4949 = ORIENTED_EDGE ( 'NONE', *, *, #8004, .F. ) ;
#4950 = DIRECTION ( 'NONE',  ( 0.000000000000000000, 0.000000000000000000, 1.000000000000000000 ) ) ;
#4951 =( NAMED_UNIT ( * ) SI_UNIT ( $, .STERADIAN. ) SOLID_ANGLE_UNIT ( ) );
#4952 =( NAMED_UNIT ( * ) PLANE_ANGLE_UNIT ( ) SI_UNIT ( $, .RADIAN. ) );
#4953 = STYLED_ITEM ( 'NONE', ( #8846 ), #3737 ) ;
#4954 = DIRECTION ( 'NONE',  ( 0.000000000000000000, 0.000000000000000000, -1.000000000000000000 ) ) ;
#4955 = SURFACE_STYLE_USAGE ( .BOTH. , #6514 ) ;
#4956 = CARTESIAN_POINT ( 'NONE',  ( -28.82731649811005781, -18.24724142043159247, -0.4712031309831639647 ) ) ;
#4957 = DIRECTION ( 'NONE',  ( -1.801374326040298222E-16, 1.000000000000000000, 0.000000000000000000 ) ) ;
#4958 = CARTESIAN_POINT ( 'NONE',  ( -44.08039062757600135, -16.50398703403563871, -1.264999999999999902 ) ) ;
#4959 = ORIENTED_EDGE ( 'NONE', *, *, #445, .F. ) ;
#4960 = EDGE_LOOP ( 'NONE', ( #6580, #144, #948, #4216 ) ) ;
#4961 = MECHANICAL_DESIGN_GEOMETRIC_PRESENTATION_REPRESENTATION (  '', ( #3600 ), #762 ) ;
#4962 = STYLED_ITEM ( 'NONE', ( #7072 ), #3913 ) ;
#4963 = CARTESIAN_POINT ( 'NONE',  ( -45.82731649811005781, -9.423987034035640420, -1.254999999999999893 ) ) ;
#4964 = LINE ( 'NONE', #1130, #2058 ) ;
#4965 = DIRECTION ( 'NONE',  ( 1.000000000000000000, 0.000000000000000000, -0.000000000000000000 ) ) ;
#4966 = LINE ( 'NONE', #8077, #3474 ) ;
#4967 = SURFACE_STYLE_FILL_AREA ( #7082 ) ;
#4968 = VERTEX_POINT ( 'NONE', #4900 ) ;
#4969 = ORIENTED_EDGE ( 'NONE', *, *, #3039, .T. ) ;
#4970 = EDGE_CURVE ( 'NONE', #2609, #2808, #3526, .T. ) ;
#4971 = EDGE_LOOP ( 'NONE', ( #9088, #6804, #6436, #487 ) ) ;
#4972 = EDGE_LOOP ( 'NONE', ( #5919, #4665, #1220, #4377 ) ) ;
#4973 = SURFACE_STYLE_USAGE ( .BOTH. , #7213 ) ;
#4974 = CARTESIAN_POINT ( 'NONE',  ( -27.82731649811005781, -12.62398703403564149, 1.215000000000000080 ) ) ;
#4975 = DIRECTION ( 'NONE',  ( 0.000000000000000000, -1.024442997624109662E-14, 1.000000000000000000 ) ) ;
#4976 = CARTESIAN_POINT ( 'NONE',  ( -40.82731649811006491, -18.27734686654926577, -0.2449259450005609462 ) ) ;
#4977 = CARTESIAN_POINT ( 'NONE',  ( -23.82731649811005781, -13.42398703403564220, -1.245000000000000107 ) ) ;
#4978 = VECTOR ( 'NONE', #1463, 1000.000000000000000 ) ;
#4979 = EDGE_CURVE ( 'NONE', #6294, #779, #9235, .T. ) ;
#4980 = FILL_AREA_STYLE_COLOUR ( '', #6681 ) ;
#4981 = STYLED_ITEM ( 'NONE', ( #9123 ), #5833 ) ;
#4982 = CYLINDRICAL_SURFACE ( 'NONE', #7048, 0.5000000000000004441 ) ;
#4983 = VERTEX_POINT ( 'NONE', #1522 ) ;
#4984 = PRESENTATION_LAYER_ASSIGNMENT (  '', '', ( #5285 ) ) ;
#4985 = EDGE_LOOP ( 'NONE', ( #8743, #4629, #2323, #7754 ) ) ;
#4986 = FILL_AREA_STYLE ('',( #6309 ) ) ;
#4987 = PRESENTATION_LAYER_ASSIGNMENT (  '', '', ( #8995 ) ) ;
#4988 = DIRECTION ( 'NONE',  ( 0.000000000000000000, -1.000000000000000000, -1.047444401652940007E-14 ) ) ;
#4989 = DIRECTION ( 'NONE',  ( 0.000000000000000000, 1.000000000000000000, 1.047444401652940007E-14 ) ) ;
#4990 = ADVANCED_FACE ( 'NONE', ( #2116 ), #4993, .T. ) ;
#4991 = DIRECTION ( 'NONE',  ( -1.000000000000000000, 0.000000000000000000, -0.000000000000000000 ) ) ;
#4992 = AXIS2_PLACEMENT_3D ( 'NONE', #791, #1498, #5545 ) ;
#4993 = CYLINDRICAL_SURFACE ( 'NONE', #6753, 1.800000000000002931 ) ;
#4994 = STYLED_ITEM ( 'NONE', ( #479 ), #5517 ) ;
#4995 = ADVANCED_FACE ( 'NONE', ( #124 ), #7237, .F. ) ;
#4996 = CARTESIAN_POINT ( 'NONE',  ( -22.78039062757601130, 7.056012965964359118, -1.264999999999999902 ) ) ;
#4997 = ORIENTED_EDGE ( 'NONE', *, *, #6173, .T. ) ;
#4998 = ORIENTED_EDGE ( 'NONE', *, *, #6268, .F. ) ;
#4999 = ADVANCED_FACE ( 'NONE', ( #2973 ), #5455, .T. ) ;
#5000 = AXIS2_PLACEMENT_3D ( 'NONE', #7963, #1557, #5826 ) ;
#5001 = PRESENTATION_LAYER_ASSIGNMENT (  '', '', ( #3795 ) ) ;
#5002 = CARTESIAN_POINT ( 'NONE',  ( -23.78039062757601130, -16.50398703403563871, -1.264999999999999902 ) ) ;
#5003 = ADVANCED_FACE ( 'NONE', ( #8271 ), #4690, .F. ) ;
#5004 = MECHANICAL_DESIGN_GEOMETRIC_PRESENTATION_REPRESENTATION (  '', ( #6656 ), #2595 ) ;
#5005 = SURFACE_SIDE_STYLE ('',( #5745 ) ) ;
#5006 = UNCERTAINTY_MEASURE_WITH_UNIT (LENGTH_MEASURE( 1.000000000000000082E-05 ), #2646, 'distance_accuracy_value', 'NONE');
#5007 = DIRECTION ( 'NONE',  ( 1.000000000000000000, 0.000000000000000000, 0.000000000000000000 ) ) ;
#5008 = CARTESIAN_POINT ( 'NONE',  ( -28.82731649811005781, -16.56412639562964628, -1.249386187268214154 ) ) ;
#5009 = FILL_AREA_STYLE ('',( #4864 ) ) ;
#5010 = CARTESIAN_POINT ( 'NONE',  ( -29.82731649811006491, -14.00398703403564049, 1.215000000000000080 ) ) ;
#5011 = STYLED_ITEM ( 'NONE', ( #9162 ), #8733 ) ;
#5012 = EDGE_LOOP ( 'NONE', ( #2072, #5424 ) ) ;
#5013 = EDGE_LOOP ( 'NONE', ( #5497, #5037, #4274 ) ) ;
#5014 = FILL_AREA_STYLE_COLOUR ( '', #2545 ) ;
#5015 =( GEOMETRIC_REPRESENTATION_CONTEXT ( 3 ) GLOBAL_UNCERTAINTY_ASSIGNED_CONTEXT ( ( #9015 ) ) GLOBAL_UNIT_ASSIGNED_CONTEXT ( ( #7498, #3945, #256 ) ) REPRESENTATION_CONTEXT ( 'NONE', 'WORKASPACE' ) );
#5016 =( LENGTH_UNIT ( ) NAMED_UNIT ( * ) SI_UNIT ( .MILLI., .METRE. ) );
#5017 = MECHANICAL_DESIGN_GEOMETRIC_PRESENTATION_REPRESENTATION (  '', ( #8418 ), #3965 ) ;
#5018 = FACE_OUTER_BOUND ( 'NONE', #4960, .T. ) ;
#5019 = DIRECTION ( 'NONE',  ( -0.000000000000000000, -1.000000000000000000, 0.000000000000000000 ) ) ;
#5020 = CARTESIAN_POINT ( 'NONE',  ( -38.20246990792612252, 7.201313140623350151, -9.372999999999922949 ) ) ;
#5021 = VERTEX_POINT ( 'NONE', #5500 ) ;
#5022 = ORIENTED_EDGE ( 'NONE', *, *, #6362, .T. ) ;
#5023 = MECHANICAL_DESIGN_GEOMETRIC_PRESENTATION_REPRESENTATION (  '', ( #5472 ), #2914 ) ;
#5024 = ORIENTED_EDGE ( 'NONE', *, *, #584, .T. ) ;
#5025 = ORIENTED_EDGE ( 'NONE', *, *, #7906, .T. ) ;
#5026 = CARTESIAN_POINT ( 'NONE',  ( -30.83651990792612452, 7.512513140623267915, -1.575199999999920664 ) ) ;
#5027 = FILL_AREA_STYLE ('',( #3654 ) ) ;
#5028 = MECHANICAL_DESIGN_GEOMETRIC_PRESENTATION_REPRESENTATION (  '', ( #3225 ), #680 ) ;
#5029 = CARTESIAN_POINT ( 'NONE',  ( -28.82731649811005781, -14.00157464219462256, 1.194676362168962447 ) ) ;
#5030 =( LENGTH_UNIT ( ) NAMED_UNIT ( * ) SI_UNIT ( .MILLI., .METRE. ) );
#5031 = PRESENTATION_LAYER_ASSIGNMENT (  '', '', ( #1872 ) ) ;
#5032 = ADVANCED_FACE ( 'NONE', ( #8316 ), #1919, .F. ) ;
#5033 =( NAMED_UNIT ( * ) SI_UNIT ( $, .STERADIAN. ) SOLID_ANGLE_UNIT ( ) );
#5034 = EDGE_LOOP ( 'NONE', ( #4426, #7025, #8312, #7378 ) ) ;
#5035 = VECTOR ( 'NONE', #3297, 1000.000000000000000 ) ;
#5036 =( GEOMETRIC_REPRESENTATION_CONTEXT ( 3 ) GLOBAL_UNCERTAINTY_ASSIGNED_CONTEXT ( ( #8043 ) ) GLOBAL_UNIT_ASSIGNED_CONTEXT ( ( #116, #7884, #2302 ) ) REPRESENTATION_CONTEXT ( 'NONE', 'WORKASPACE' ) );
#5037 = ORIENTED_EDGE ( 'NONE', *, *, #6142, .T. ) ;
#5038 = SURFACE_STYLE_FILL_AREA ( #4986 ) ;
#5039 = CARTESIAN_POINT ( 'NONE',  ( -40.82734843295796168, -14.55371549771724382, 1.155471809595395971 ) ) ;
#5040 =( GEOMETRIC_REPRESENTATION_CONTEXT ( 3 ) GLOBAL_UNCERTAINTY_ASSIGNED_CONTEXT ( ( #5355 ) ) GLOBAL_UNIT_ASSIGNED_CONTEXT ( ( #6800, #317, #6848 ) ) REPRESENTATION_CONTEXT ( 'NONE', 'WORKASPACE' ) );
#5041 = DIRECTION ( 'NONE',  ( 0.000000000000000000, -1.000000000000000000, -1.047444401652940007E-14 ) ) ;
#5042 = VECTOR ( 'NONE', #4056, 1000.000000000000114 ) ;
#5043 = DIRECTION ( 'NONE',  ( -0.000000000000000000, -0.000000000000000000, -1.000000000000000000 ) ) ;
#5044 = CARTESIAN_POINT ( 'NONE',  ( -35.29416990792612552, 6.890163140623348781, -9.118999999999921613 ) ) ;
#5045 = STYLED_ITEM ( 'NONE', ( #5060 ), #3239 ) ;
#5046 =( GEOMETRIC_REPRESENTATION_CONTEXT ( 3 ) GLOBAL_UNCERTAINTY_ASSIGNED_CONTEXT ( ( #6988 ) ) GLOBAL_UNIT_ASSIGNED_CONTEXT ( ( #4781, #6394, #4738 ) ) REPRESENTATION_CONTEXT ( 'NONE', 'WORKASPACE' ) );
#5047 = ORIENTED_EDGE ( 'NONE', *, *, #9138, .F. ) ;
#5048 = FILL_AREA_STYLE_COLOUR ( '', #5238 ) ;
#5049 = AXIS2_PLACEMENT_3D ( 'NONE', #8476, #1994, #4954 ) ;
#5050 = CARTESIAN_POINT ( 'NONE',  ( -21.58039062757600846, -9.643987034035646388, 1.255000000000000115 ) ) ;
#5051 =( LENGTH_UNIT ( ) NAMED_UNIT ( * ) SI_UNIT ( .MILLI., .METRE. ) );
#5052 = EDGE_CURVE ( 'NONE', #6507, #2300, #658, .T. ) ;
#5053 = STYLED_ITEM ( 'NONE', ( #5737 ), #1386 ) ;
#5054 = CARTESIAN_POINT ( 'NONE',  ( -28.82731649811005781, -17.05521404066708513, -1.240305603012645363 ) ) ;
#5055 = LINE ( 'NONE', #1584, #5933 ) ;
#5056 = DIRECTION ( 'NONE',  ( 0.000000000000000000, -1.000000000000000000, -1.047444401652940007E-14 ) ) ;
#5057 = CARTESIAN_POINT ( 'NONE',  ( -21.58039062757600846, 4.756012965964352190, 1.205000000000000071 ) ) ;
#5058 = VERTEX_POINT ( 'NONE', #9122 ) ;
#5059 = EDGE_LOOP ( 'NONE', ( #8117, #189, #4318, #4010 ) ) ;
#5060 = PRESENTATION_STYLE_ASSIGNMENT (( #7864 ) ) ;
#5061 = MECHANICAL_DESIGN_GEOMETRIC_PRESENTATION_REPRESENTATION (  '', ( #2503 ), #6864 ) ;
#5062 = FILL_AREA_STYLE ('',( #1495 ) ) ;
#5063 = FILL_AREA_STYLE_COLOUR ( '', #3939 ) ;
#5064 = DIRECTION ( 'NONE',  ( -1.000000000000000000, 0.000000000000000000, 0.000000000000000000 ) ) ;
#5065 = CARTESIAN_POINT ( 'NONE',  ( -46.88039062757600561, -16.50398703403563871, -0.2349999999999997369 ) ) ;
#5066 = ADVANCED_FACE ( 'NONE', ( #9220 ), #8410, .T. ) ;
#5067 = ORIENTED_EDGE ( 'NONE', *, *, #3880, .T. ) ;
#5068 = ORIENTED_EDGE ( 'NONE', *, *, #7459, .T. ) ;
#5069 = VERTEX_POINT ( 'NONE', #2769 ) ;
#5070 = ORIENTED_EDGE ( 'NONE', *, *, #6477, .T. ) ;
#5071 = SURFACE_STYLE_USAGE ( .BOTH. , #5770 ) ;
#5072 = DIRECTION ( 'NONE',  ( -0.000000000000000000, 1.000000000000000000, 0.000000000000000000 ) ) ;
#5073 = SURFACE_STYLE_FILL_AREA ( #5776 ) ;
#5074 =( NAMED_UNIT ( * ) PLANE_ANGLE_UNIT ( ) SI_UNIT ( $, .RADIAN. ) );
#5075 = ORIENTED_EDGE ( 'NONE', *, *, #4299, .T. ) ;
#5076 = ORIENTED_EDGE ( 'NONE', *, *, #6066, .T. ) ;
#5077 = ADVANCED_FACE ( 'NONE', ( #4129 ), #2668, .T. ) ;
#5078 = CARTESIAN_POINT ( 'NONE',  ( -32.11401384467411901, 8.369713140623288083, -3.530999999999912209 ) ) ;
#5079 = CARTESIAN_POINT ( 'NONE',  ( -40.82734843295796168, -13.99920798140031053, 1.185155673769936469 ) ) ;
#5080 = LINE ( 'NONE', #7929, #5445 ) ;
#5081 = CARTESIAN_POINT ( 'NONE',  ( -30.83651990792612452, 6.890113140623235211, 1.218800000000079597 ) ) ;
#5082 = LINE ( 'NONE', #4512, #5446 ) ;
#5083 =( GEOMETRIC_REPRESENTATION_CONTEXT ( 3 ) GLOBAL_UNCERTAINTY_ASSIGNED_CONTEXT ( ( #9034 ) ) GLOBAL_UNIT_ASSIGNED_CONTEXT ( ( #5051, #7900, #7804 ) ) REPRESENTATION_CONTEXT ( 'NONE', 'WORKASPACE' ) );
#5084 = FACE_OUTER_BOUND ( 'NONE', #2997, .T. ) ;
#5085 = CARTESIAN_POINT ( 'NONE',  ( -38.45651990792611485, 7.512513140623268804, 1.472800000000072718 ) ) ;
#5086 = EDGE_CURVE ( 'NONE', #8131, #471, #2155, .T. ) ;
#5087 = FACE_OUTER_BOUND ( 'NONE', #6703, .T. ) ;
#5088 = ORIENTED_EDGE ( 'NONE', *, *, #1838, .F. ) ;
#5089 = CARTESIAN_POINT ( 'NONE',  ( -30.21416990792612722, 7.512463140623350633, -9.372999999999919396 ) ) ;
#5090 = STYLED_ITEM ( 'NONE', ( #5375 ), #4769 ) ;
#5091 = FACE_OUTER_BOUND ( 'NONE', #2737, .T. ) ;
#5092 = FILL_AREA_STYLE_COLOUR ( '', #8695 ) ;
#5093 = SURFACE_STYLE_FILL_AREA ( #8621 ) ;
#5094 = UNCERTAINTY_MEASURE_WITH_UNIT (LENGTH_MEASURE( 1.000000000000000082E-05 ), #7023, 'distance_accuracy_value', 'NONE');
#5095 = VECTOR ( 'NONE', #9206, 1000.000000000000000 ) ;
#5096 = CARTESIAN_POINT ( 'NONE',  ( -35.91651990792611571, 7.512513140623235053, 1.472800000000079601 ) ) ;
#5097 = SURFACE_SIDE_STYLE ('',( #881 ) ) ;
#5098 = EDGE_CURVE ( 'NONE', #5906, #12, #3887, .T. ) ;
#5099 = AXIS2_PLACEMENT_3D ( 'NONE', #4528, #5380, #8912 ) ;
#5100 = EDGE_CURVE ( 'NONE', #8032, #8363, #7685, .T. ) ;
#5101 = PRESENTATION_LAYER_ASSIGNMENT (  '', '', ( #444 ) ) ;
#5102 = ORIENTED_EDGE ( 'NONE', *, *, #6586, .F. ) ;
#5103 = ORIENTED_EDGE ( 'NONE', *, *, #7385, .T. ) ;
#5104 = VECTOR ( 'NONE', #264, 1000.000000000000000 ) ;
#5105 = STYLED_ITEM ( 'NONE', ( #3379 ), #1552 ) ;
#5106 = SURFACE_SIDE_STYLE ('',( #2891 ) ) ;
#5107 = AXIS2_PLACEMENT_3D ( 'NONE', #1278, #388, #8284 ) ;
#5108 =( NAMED_UNIT ( * ) SI_UNIT ( $, .STERADIAN. ) SOLID_ANGLE_UNIT ( ) );
#5109 =( NAMED_UNIT ( * ) SI_UNIT ( $, .STERADIAN. ) SOLID_ANGLE_UNIT ( ) );
#5110 = ORIENTED_EDGE ( 'NONE', *, *, #406, .T. ) ;
#5111 = VECTOR ( 'NONE', #3447, 1000.000000000000000 ) ;
#5112 = VERTEX_POINT ( 'NONE', #5118 ) ;
#5113 = ORIENTED_EDGE ( 'NONE', *, *, #3850, .T. ) ;
#5114 = ORIENTED_EDGE ( 'NONE', *, *, #8126, .T. ) ;
#5115 =( NAMED_UNIT ( * ) SI_UNIT ( $, .STERADIAN. ) SOLID_ANGLE_UNIT ( ) );
#5116 =( NAMED_UNIT ( * ) PLANE_ANGLE_UNIT ( ) SI_UNIT ( $, .RADIAN. ) );
#5117 = ADVANCED_FACE ( 'NONE', ( #1645 ), #5165, .T. ) ;
#5118 = CARTESIAN_POINT ( 'NONE',  ( -36.11331990792611890, 8.369713140623266767, -1.575199999999911560 ) ) ;
#5119 = DIRECTION ( 'NONE',  ( 0.000000000000000000, 0.000000000000000000, 1.000000000000000000 ) ) ;
#5120 = LINE ( 'NONE', #3707, #7517 ) ;
#5121 =( NAMED_UNIT ( * ) PLANE_ANGLE_UNIT ( ) SI_UNIT ( $, .RADIAN. ) );
#5122 = ORIENTED_EDGE ( 'NONE', *, *, #8537, .F. ) ;
#5123 = CARTESIAN_POINT ( 'NONE',  ( -35.54816990792612330, 7.258463140623347520, -9.372999999999921172 ) ) ;
#5124 = LINE ( 'NONE', #5728, #5777 ) ;
#5125 =( NAMED_UNIT ( * ) PLANE_ANGLE_UNIT ( ) SI_UNIT ( $, .RADIAN. ) );
#5126 =( NAMED_UNIT ( * ) PLANE_ANGLE_UNIT ( ) SI_UNIT ( $, .RADIAN. ) );
#5127 = SURFACE_STYLE_USAGE ( .BOTH. , #916 ) ;
#5128 = UNCERTAINTY_MEASURE_WITH_UNIT (LENGTH_MEASURE( 1.000000000000000082E-05 ), #1573, 'distance_accuracy_value', 'NONE');
#5129 = PRESENTATION_STYLE_ASSIGNMENT (( #969 ) ) ;
#5130 =( LENGTH_UNIT ( ) NAMED_UNIT ( * ) SI_UNIT ( .MILLI., .METRE. ) );
#5131 = DIRECTION ( 'NONE',  ( 1.000000000000000000, 0.000000000000000000, 0.000000000000000000 ) ) ;
#5132 = FILL_AREA_STYLE_COLOUR ( '', #98 ) ;
#5133 = AXIS2_PLACEMENT_3D ( 'NONE', #7533, #5300, #4541 ) ;
#5134 = VECTOR ( 'NONE', #7267, 1000.000000000000000 ) ;
#5135 = PRESENTATION_STYLE_ASSIGNMENT (( #5323 ) ) ;
#5136 = ORIENTED_EDGE ( 'NONE', *, *, #1275, .F. ) ;
#5137 = SURFACE_STYLE_USAGE ( .BOTH. , #830 ) ;
#5138 = DIRECTION ( 'NONE',  ( 0.000000000000000000, 0.000000000000000000, 1.000000000000000000 ) ) ;
#5139 = DIRECTION ( 'NONE',  ( 1.000000000000000000, 0.000000000000000000, 0.000000000000000000 ) ) ;
#5140 = MECHANICAL_DESIGN_GEOMETRIC_PRESENTATION_REPRESENTATION (  '', ( #5285 ), #8692 ) ;
#5141 = AXIS2_PLACEMENT_3D ( 'NONE', #4231, #4898, #8369 ) ;
#5142 = STYLED_ITEM ( 'NONE', ( #560 ), #6137 ) ;
#5143 = SURFACE_STYLE_USAGE ( .BOTH. , #7247 ) ;
#5144 = CARTESIAN_POINT ( 'NONE',  ( -40.82731649811006491, -16.56412639562964628, -1.249386187268214154 ) ) ;
#5145 = EDGE_CURVE ( 'NONE', #7956, #1985, #5825, .T. ) ;
#5146 = CARTESIAN_POINT ( 'NONE',  ( -28.82731649811005781, -17.05636897394360219, -1.250249856270432947 ) ) ;
#5147 = SURFACE_STYLE_FILL_AREA ( #2273 ) ;
#5148 = CARTESIAN_POINT ( 'NONE',  ( -34.06742597117768412, 6.032913140623315407, -3.530999999999933969 ) ) ;
#5149 = ORIENTED_EDGE ( 'NONE', *, *, #5171, .T. ) ;
#5150 = EDGE_LOOP ( 'NONE', ( #280, #239 ) ) ;
#5151 =( GEOMETRIC_REPRESENTATION_CONTEXT ( 3 ) GLOBAL_UNCERTAINTY_ASSIGNED_CONTEXT ( ( #4280 ) ) GLOBAL_UNIT_ASSIGNED_CONTEXT ( ( #4695, #7644, #6775 ) ) REPRESENTATION_CONTEXT ( 'NONE', 'WORKASPACE' ) );
#5152 = VECTOR ( 'NONE', #817, 1000.000000000000000 ) ;
#5153 = CARTESIAN_POINT ( 'NONE',  ( -31.02039062757600618, 7.206012965964358585, -1.245000000000000107 ) ) ;
#5154 =( LENGTH_UNIT ( ) NAMED_UNIT ( * ) SI_UNIT ( .MILLI., .METRE. ) );
#5155 = FACE_OUTER_BOUND ( 'NONE', #3989, .T. ) ;
#5156 = MECHANICAL_DESIGN_GEOMETRIC_PRESENTATION_REPRESENTATION (  '', ( #7095 ), #1854 ) ;
#5157 = VECTOR ( 'NONE', #3262, 1000.000000000000227 ) ;
#5158 = CARTESIAN_POINT ( 'NONE',  ( -34.65401384467418211, 6.032913140623315407, -3.530999999999933969 ) ) ;
#5159 = LINE ( 'NONE', #522, #4537 ) ;
#5160 = FACE_OUTER_BOUND ( 'NONE', #1512, .T. ) ;
#5161 = VERTEX_POINT ( 'NONE', #3603 ) ;
#5162 = ORIENTED_EDGE ( 'NONE', *, *, #9064, .T. ) ;
#5163 = VERTEX_POINT ( 'NONE', #6624 ) ;
#5164 = EDGE_CURVE ( 'NONE', #3649, #8131, #6670, .T. ) ;
#5165 = CYLINDRICAL_SURFACE ( 'NONE', #8656, 1.800000000000002931 ) ;
#5166 = CARTESIAN_POINT ( 'NONE',  ( -40.82734843295796168, -16.92798137956646443, 0.8003829443833530011 ) ) ;
#5167 = CARTESIAN_POINT ( 'NONE',  ( -34.33039062757600846, -18.30398703403564298, -1.245000000000000107 ) ) ;
#5168 = EDGE_CURVE ( 'NONE', #5754, #984, #7489, .T. ) ;
#5169 =( NAMED_UNIT ( * ) SI_UNIT ( $, .STERADIAN. ) SOLID_ANGLE_UNIT ( ) );
#5170 =( GEOMETRIC_REPRESENTATION_CONTEXT ( 3 ) GLOBAL_UNCERTAINTY_ASSIGNED_CONTEXT ( ( #2711 ) ) GLOBAL_UNIT_ASSIGNED_CONTEXT ( ( #3144, #4557, #6547 ) ) REPRESENTATION_CONTEXT ( 'NONE', 'WORKASPACE' ) );
#5171 = EDGE_CURVE ( 'NONE', #8482, #8127, #8086, .T. ) ;
#5172 = ORIENTED_EDGE ( 'NONE', *, *, #6071, .T. ) ;
#5173 = FILL_AREA_STYLE ('',( #8046 ) ) ;
#5174 = DIRECTION ( 'NONE',  ( 1.000000000000000000, -0.000000000000000000, 0.000000000000000000 ) ) ;
#5175 = AXIS2_PLACEMENT_3D ( 'NONE', #4159, #4957, #4296 ) ;
#5176 = CARTESIAN_POINT ( 'NONE',  ( -40.82734843295796168, -14.00398703482844098, 1.184899675086708237 ) ) ;
#5177 = CARTESIAN_POINT ( 'NONE',  ( -34.65401384467411816, 8.369713140623003866, -3.530999999999917538 ) ) ;
#5178 = ADVANCED_FACE ( 'NONE', ( #7918 ), #2385, .T. ) ;
#5179 = CARTESIAN_POINT ( 'NONE',  ( -41.82731649811005781, -18.30398703403564653, -1.245000000000000107 ) ) ;
#5180 = AXIS2_PLACEMENT_3D ( 'NONE', #7270, #1606, #906 ) ;
#5181 = DIRECTION ( 'NONE',  ( -1.000000000000000000, 0.000000000000000000, -0.000000000000000000 ) ) ;
#5182 = ADVANCED_FACE ( 'NONE', ( #2248 ), #8597, .T. ) ;
#5183 = MECHANICAL_DESIGN_GEOMETRIC_PRESENTATION_REPRESENTATION (  '', ( #7712 ), #7269 ) ;
#5184 = PRODUCT_RELATED_PRODUCT_CATEGORY ( 'part', '', ( #3916 ) ) ;
#5185 = CARTESIAN_POINT ( 'NONE',  ( -33.06039062757600533, 7.206012965964358585, -1.245000000000000107 ) ) ;
#5186 = ORIENTED_EDGE ( 'NONE', *, *, #973, .T. ) ;
#5187 = SURFACE_STYLE_USAGE ( .BOTH. , #6780 ) ;
#5188 = MECHANICAL_DESIGN_GEOMETRIC_PRESENTATION_REPRESENTATION (  '', ( #2544 ), #8439 ) ;
#5189 = CARTESIAN_POINT ( 'NONE',  ( -41.82731649811005781, -12.62398703403564149, 1.215000000000000080 ) ) ;
#5190 =( GEOMETRIC_REPRESENTATION_CONTEXT ( 3 ) GLOBAL_UNCERTAINTY_ASSIGNED_CONTEXT ( ( #3182 ) ) GLOBAL_UNIT_ASSIGNED_CONTEXT ( ( #439, #2177, #4860 ) ) REPRESENTATION_CONTEXT ( 'NONE', 'WORKASPACE' ) );
#5191 = SURFACE_STYLE_USAGE ( .BOTH. , #2318 ) ;
#5192 = CARTESIAN_POINT ( 'NONE',  ( -30.83651990792612452, 7.512513140623237717, 1.218800000000079597 ) ) ;
#5193 = STYLED_ITEM ( 'NONE', ( #9183 ), #2926 ) ;
#5194 = PLANE ( 'NONE',  #6683 ) ;
#5195 =( LENGTH_UNIT ( ) NAMED_UNIT ( * ) SI_UNIT ( .MILLI., .METRE. ) );
#5196 = ORIENTED_EDGE ( 'NONE', *, *, #8057, .F. ) ;
#5197 = ORIENTED_EDGE ( 'NONE', *, *, #5429, .F. ) ;
#5198 = COLOUR_RGB ( '',0.7529411764705882248, 0.7529411764705882248, 0.7529411764705882248 ) ;
#5199 =( NAMED_UNIT ( * ) SI_UNIT ( $, .STERADIAN. ) SOLID_ANGLE_UNIT ( ) );
#5200 = EDGE_CURVE ( 'NONE', #1442, #9195, #8068, .T. ) ;
#5201 = FILL_AREA_STYLE_COLOUR ( '', #2087 ) ;
#5202 = FACE_OUTER_BOUND ( 'NONE', #4694, .T. ) ;
#5203 = CARTESIAN_POINT ( 'NONE',  ( -28.82731649811005425, -14.00398703488017205, 1.184899676195318330 ) ) ;
#5204 = ORIENTED_EDGE ( 'NONE', *, *, #302, .T. ) ;
#5205 = EDGE_LOOP ( 'NONE', ( #4813, #5507, #1419, #1345 ) ) ;
#5206 = STYLED_ITEM ( 'NONE', ( #4610 ), #1487 ) ;
#5207 = ORIENTED_EDGE ( 'NONE', *, *, #2611, .T. ) ;
#5208 = CYLINDRICAL_SURFACE ( 'NONE', #7666, 0.2539999999999972835 ) ;
#5209 = LINE ( 'NONE', #6720, #5134 ) ;
#5210 = FILL_AREA_STYLE ('',( #150 ) ) ;
#5211 = PRESENTATION_LAYER_ASSIGNMENT (  '', '', ( #2358 ) ) ;
#5212 = EDGE_CURVE ( 'NONE', #3500, #1819, #590, .T. ) ;
#5213 = ORIENTED_EDGE ( 'NONE', *, *, #9154, .T. ) ;
#5214 = CARTESIAN_POINT ( 'NONE',  ( -32.11401384467409770, 6.032913140623263892, -1.244999999999936158 ) ) ;
#5215 = LINE ( 'NONE', #8698, #8749 ) ;
#5216 = DIRECTION ( 'NONE',  ( 0.000000000000000000, 0.000000000000000000, 1.000000000000000000 ) ) ;
#5217 =( LENGTH_UNIT ( ) NAMED_UNIT ( * ) SI_UNIT ( .MILLI., .METRE. ) );
#5218 =( LENGTH_UNIT ( ) NAMED_UNIT ( * ) SI_UNIT ( .MILLI., .METRE. ) );
#5219 = LINE ( 'NONE', #8015, #7530 ) ;
#5220 =( NAMED_UNIT ( * ) SI_UNIT ( $, .STERADIAN. ) SOLID_ANGLE_UNIT ( ) );
#5221 = PLANE ( 'NONE',  #3937 ) ;
#5222 = SURFACE_SIDE_STYLE ('',( #2404 ) ) ;
#5223 = SURFACE_SIDE_STYLE ('',( #2357 ) ) ;
#5224 = CARTESIAN_POINT ( 'NONE',  ( -28.82731649811006136, -18.24566889786878576, -0.09758404293604464042 ) ) ;
#5225 = ORIENTED_EDGE ( 'NONE', *, *, #1128, .T. ) ;
#5226 = FILL_AREA_STYLE ('',( #5048 ) ) ;
#5227 =( NAMED_UNIT ( * ) PLANE_ANGLE_UNIT ( ) SI_UNIT ( $, .RADIAN. ) );
#5228 = EDGE_CURVE ( 'NONE', #3122, #4055, #6004, .T. ) ;
#5229 = SURFACE_SIDE_STYLE ('',( #3730 ) ) ;
#5230 = DIRECTION ( 'NONE',  ( 0.000000000000000000, 1.000000000000000000, 1.047444401652940007E-14 ) ) ;
#5231 = SURFACE_STYLE_FILL_AREA ( #932 ) ;
#5232 = MECHANICAL_DESIGN_GEOMETRIC_PRESENTATION_REPRESENTATION (  '', ( #4773 ), #5276 ) ;
#5233 = PLANE ( 'NONE',  #2691 ) ;
#5234 =( NAMED_UNIT ( * ) PLANE_ANGLE_UNIT ( ) SI_UNIT ( $, .RADIAN. ) );
#5235 = COLOUR_RGB ( '',0.000000000000000000, 0.000000000000000000, 0.000000000000000000 ) ;
#5236 = ORIENTED_EDGE ( 'NONE', *, *, #219, .T. ) ;
#5237 = ORIENTED_EDGE ( 'NONE', *, *, #8237, .F. ) ;
#5238 = COLOUR_RGB ( '',0.7529411764705882248, 0.7529411764705882248, 0.7529411764705882248 ) ;
#5239 = PRESENTATION_LAYER_ASSIGNMENT (  '', '', ( #3126 ) ) ;
#5240 = LINE ( 'NONE', #8071, #8616 ) ;
#5241 = CARTESIAN_POINT ( 'NONE',  ( -32.75411990792613182, 7.512513140623235053, 1.472800000000079601 ) ) ;
#5242 =( GEOMETRIC_REPRESENTATION_CONTEXT ( 3 ) GLOBAL_UNCERTAINTY_ASSIGNED_CONTEXT ( ( #7805 ) ) GLOBAL_UNIT_ASSIGNED_CONTEXT ( ( #2086, #2190, #3691 ) ) REPRESENTATION_CONTEXT ( 'NONE', 'WORKASPACE' ) );
#5243 = PRESENTATION_STYLE_ASSIGNMENT (( #96 ) ) ;
#5244 = VECTOR ( 'NONE', #7750, 1000.000000000000000 ) ;
#5245 = DIRECTION ( 'NONE',  ( -0.000000000000000000, -0.000000000000000000, -1.000000000000000000 ) ) ;
#5246 = ORIENTED_EDGE ( 'NONE', *, *, #7479, .T. ) ;
#5247 = ORIENTED_EDGE ( 'NONE', *, *, #3010, .F. ) ;
#5248 = AXIS2_PLACEMENT_3D ( 'NONE', #4436, #5854, #6424 ) ;
#5249 = VERTEX_POINT ( 'NONE', #6857 ) ;
#5250 = LINE ( 'NONE', #3882, #4821 ) ;
#5251 = DIRECTION ( 'NONE',  ( 1.000000000000000000, -0.000000000000000000, -0.000000000000000000 ) ) ;
#5252 =( NAMED_UNIT ( * ) SI_UNIT ( $, .STERADIAN. ) SOLID_ANGLE_UNIT ( ) );
#5253 = CARTESIAN_POINT ( 'NONE',  ( -32.55731990792611441, 6.032913140623267445, -1.575199999999936429 ) ) ;
#5254 = CARTESIAN_POINT ( 'NONE',  ( -27.82731649811005781, -16.30398703403564653, -1.266000000000000014 ) ) ;
#5255 = STYLED_ITEM ( 'NONE', ( #4717 ), #3831 ) ;
#5256 = DIRECTION ( 'NONE',  ( 1.000000000000000000, 0.000000000000000000, 0.000000000000000000 ) ) ;
#5257 = EDGE_CURVE ( 'NONE', #7486, #6627, #8182, .T. ) ;
#5258 = UNCERTAINTY_MEASURE_WITH_UNIT (LENGTH_MEASURE( 1.000000000000000082E-05 ), #3583, 'distance_accuracy_value', 'NONE');
#5259 =( GEOMETRIC_REPRESENTATION_CONTEXT ( 3 ) GLOBAL_UNCERTAINTY_ASSIGNED_CONTEXT ( ( #8529 ) ) GLOBAL_UNIT_ASSIGNED_CONTEXT ( ( #5422, #3295, #5512 ) ) REPRESENTATION_CONTEXT ( 'NONE', 'WORKASPACE' ) );
#5260 = EDGE_LOOP ( 'NONE', ( #6490, #3531, #1120 ) ) ;
#5261 = FACE_OUTER_BOUND ( 'NONE', #4495, .T. ) ;
#5262 = MECHANICAL_DESIGN_GEOMETRIC_PRESENTATION_REPRESENTATION (  '', ( #756 ), #1956 ) ;
#5263 = SURFACE_SIDE_STYLE ('',( #8885 ) ) ;
#5264 = FACE_OUTER_BOUND ( 'NONE', #7172, .T. ) ;
#5265 = CARTESIAN_POINT ( 'NONE',  ( -45.11039062757600249, 3.166012965964347003, 1.255000000000000115 ) ) ;
#5266 = CARTESIAN_POINT ( 'NONE',  ( -35.91646990792611405, 6.890163140623317695, -9.118999999999925166 ) ) ;
#5267 = CARTESIAN_POINT ( 'NONE',  ( -33.56039062757600533, 7.206012965964358585, -1.245000000000000107 ) ) ;
#5268 = FILL_AREA_STYLE ('',( #5973 ) ) ;
#5269 = DIRECTION ( 'NONE',  ( 1.000000000000000000, 0.000000000000000000, 0.000000000000000000 ) ) ;
#5270 =( NAMED_UNIT ( * ) PLANE_ANGLE_UNIT ( ) SI_UNIT ( $, .RADIAN. ) );
#5271 = LINE ( 'NONE', #1179, #4790 ) ;
#5272 = DIRECTION ( 'NONE',  ( 0.000000000000000000, 0.000000000000000000, 1.000000000000000000 ) ) ;
#5273 = FACE_OUTER_BOUND ( 'NONE', #4119, .T. ) ;
#5274 = DIRECTION ( 'NONE',  ( 0.000000000000000000, 0.000000000000000000, 1.000000000000000000 ) ) ;
#5275 = MECHANICAL_DESIGN_GEOMETRIC_PRESENTATION_REPRESENTATION (  '', ( #232 ), #1381 ) ;
#5276 =( GEOMETRIC_REPRESENTATION_CONTEXT ( 3 ) GLOBAL_UNCERTAINTY_ASSIGNED_CONTEXT ( ( #2005 ) ) GLOBAL_UNIT_ASSIGNED_CONTEXT ( ( #3602, #8180, #2525 ) ) REPRESENTATION_CONTEXT ( 'NONE', 'WORKASPACE' ) );
#5277 = ADVANCED_FACE ( 'NONE', ( #6717 ), #1123, .F. ) ;
#5278 = COLOUR_RGB ( '',0.08235294117647058709, 0.08235294117647058709, 0.08235294117647058709 ) ;
#5279 = ORIENTED_EDGE ( 'NONE', *, *, #1328, .T. ) ;
#5280 = VERTEX_POINT ( 'NONE', #5394 ) ;
#5281 = VECTOR ( 'NONE', #1216, 1000.000000000000000 ) ;
#5282 = EDGE_CURVE ( 'NONE', #2377, #4390, #3932, .T. ) ;
#5283 =( NAMED_UNIT ( * ) PLANE_ANGLE_UNIT ( ) SI_UNIT ( $, .RADIAN. ) );
#5284 = VERTEX_POINT ( 'NONE', #4861 ) ;
#5285 = STYLED_ITEM ( 'NONE', ( #1799 ), #8218 ) ;
#5286 = MECHANICAL_DESIGN_GEOMETRIC_PRESENTATION_REPRESENTATION (  '', ( #55 ), #4076 ) ;
#5287 = DIRECTION ( 'NONE',  ( 1.000000000000000000, 0.000000000000000000, 0.000000000000000000 ) ) ;
#5288 = CARTESIAN_POINT ( 'NONE',  ( -45.82731649811005781, -13.42398703403564575, -1.254999999999999893 ) ) ;
#5289 = CARTESIAN_POINT ( 'NONE',  ( -30.58246990792611797, 7.258463140623347520, -9.372999999999922949 ) ) ;
#5290 = CARTESIAN_POINT ( 'NONE',  ( -34.06742597117769122, 6.032913140623278103, -1.244999999999936158 ) ) ;
#5291 = PRESENTATION_STYLE_ASSIGNMENT (( #8123 ) ) ;
#5292 = DIRECTION ( 'NONE',  ( -0.000000000000000000, -1.000000000000000000, -0.000000000000000000 ) ) ;
#5293 = EDGE_CURVE ( 'NONE', #7201, #5069, #412, .T. ) ;
#5294 = VECTOR ( 'NONE', #4176, 1000.000000000000000 ) ;
#5295 =( BOUNDED_CURVE ( )  B_SPLINE_CURVE ( 3, ( #4698, #6826, #381, #8942 ),
 .UNSPECIFIED., .F., .F. ) 
 B_SPLINE_CURVE_WITH_KNOTS ( ( 4, 4 ),
 ( 1.570796326794896780, 3.141592653589803330 ),
 .UNSPECIFIED. ) 
 CURVE ( )  GEOMETRIC_REPRESENTATION_ITEM ( )  RATIONAL_B_SPLINE_CURVE ( ( 1.000000000000000000, 0.8047378541243626060, 0.8047378541243626060, 1.000000000000000000 ) ) 
 REPRESENTATION_ITEM ( '' )  );
#5296 = VERTEX_POINT ( 'NONE', #6143 ) ;
#5297 = ORIENTED_EDGE ( 'NONE', *, *, #8559, .F. ) ;
#5298 = PRESENTATION_LAYER_ASSIGNMENT (  '', '', ( #6806 ) ) ;
#5299 = ORIENTED_EDGE ( 'NONE', *, *, #6781, .F. ) ;
#5300 = DIRECTION ( 'NONE',  ( 0.8660254037844272723, -0.5000000000000197620, -5.237222008264905926E-15 ) ) ;
#5301 = AXIS2_PLACEMENT_3D ( 'NONE', #3751, #2340, #951 ) ;
#5302 = MECHANICAL_DESIGN_GEOMETRIC_PRESENTATION_REPRESENTATION (  '', ( #8260 ), #2000 ) ;
#5303 = CARTESIAN_POINT ( 'NONE',  ( -35.66246990792611626, 7.144163140623349229, -9.372999999999922949 ) ) ;
#5304 = CYLINDRICAL_SURFACE ( 'NONE', #359, 1.000000000000000888 ) ;
#5305 = DIRECTION ( 'NONE',  ( 1.000000000000000000, 0.000000000000000000, 0.000000000000000000 ) ) ;
#5306 = DIRECTION ( 'NONE',  ( 0.000000000000000000, 0.000000000000000000, 1.000000000000000000 ) ) ;
#5307 = CARTESIAN_POINT ( 'NONE',  ( -33.37651990792611656, 6.890113140623235211, 1.218800000000079597 ) ) ;
#5308 = AXIS2_PLACEMENT_3D ( 'NONE', #8583, #8528, #139 ) ;
#5309 = ORIENTED_EDGE ( 'NONE', *, *, #2631, .T. ) ;
#5310 = LINE ( 'NONE', #8140, #6876 ) ;
#5311 = CARTESIAN_POINT ( 'NONE',  ( -39.82267328534919670, -14.00398703403564227, 1.205000000000000071 ) ) ;
#5312 = SURFACE_STYLE_USAGE ( .BOTH. , #6682 ) ;
#5313 = EDGE_CURVE ( 'NONE', #2887, #2290, #8220, .T. ) ;
#5314 = SURFACE_STYLE_USAGE ( .BOTH. , #6015 ) ;
#5315 = PRESENTATION_STYLE_ASSIGNMENT (( #6869 ) ) ;
#5316 = FILL_AREA_STYLE ('',( #3856 ) ) ;
#5317 = PRESENTATION_LAYER_ASSIGNMENT (  '', '', ( #5614 ) ) ;
#5318 = CARTESIAN_POINT ( 'NONE',  ( -30.21411990792612556, 6.890113140623237875, 1.218800000000072270 ) ) ;
#5319 = CARTESIAN_POINT ( 'NONE',  ( -39.21211990792613022, 7.258463140623345744, -9.372999999999922949 ) ) ;
#5320 =( NAMED_UNIT ( * ) PLANE_ANGLE_UNIT ( ) SI_UNIT ( $, .RADIAN. ) );
#5321 = FILL_AREA_STYLE ('',( #8022 ) ) ;
#5322 = MECHANICAL_DESIGN_GEOMETRIC_PRESENTATION_REPRESENTATION (  '', ( #995 ), #674 ) ;
#5323 = SURFACE_STYLE_USAGE ( .BOTH. , #8023 ) ;
#5324 = CARTESIAN_POINT ( 'NONE',  ( -37.63731990792611981, 6.032913140623265669, -1.575199999999936429 ) ) ;
#5325 = SURFACE_STYLE_USAGE ( .BOTH. , #3908 ) ;
#5326 = FACE_BOUND ( 'NONE', #2071, .T. ) ;
#5327 = FILL_AREA_STYLE ('',( #1145 ) ) ;
#5328 = DIRECTION ( 'NONE',  ( 0.000000000000000000, 0.000000000000000000, -1.000000000000000000 ) ) ;
#5329 = SURFACE_STYLE_FILL_AREA ( #8114 ) ;
#5330 = CARTESIAN_POINT ( 'NONE',  ( -35.91651990792611571, 6.890113140623240540, 1.367589755157307296 ) ) ;
#5331 = EDGE_CURVE ( 'NONE', #924, #5484, #1821, .T. ) ;
#5332 = ORIENTED_EDGE ( 'NONE', *, *, #3351, .T. ) ;
#5333 = VERTEX_POINT ( 'NONE', #3127 ) ;
#5334 = VECTOR ( 'NONE', #1761, 1000.000000000000000 ) ;
#5335 = PRESENTATION_LAYER_ASSIGNMENT (  '', '', ( #99 ) ) ;
#5336 = LINE ( 'NONE', #8865, #7781 ) ;
#5337 =( LENGTH_UNIT ( ) NAMED_UNIT ( * ) SI_UNIT ( .MILLI., .METRE. ) );
#5338 = AXIS2_PLACEMENT_3D ( 'NONE', #4184, #1372, #1468 ) ;
#5339 = SURFACE_STYLE_USAGE ( .BOTH. , #2471 ) ;
#5340 = FACE_OUTER_BOUND ( 'NONE', #6934, .T. ) ;
#5341 = AXIS2_PLACEMENT_3D ( 'NONE', #2282, #5064, #7954 ) ;
#5342 =( GEOMETRIC_REPRESENTATION_CONTEXT ( 3 ) GLOBAL_UNCERTAINTY_ASSIGNED_CONTEXT ( ( #9097 ) ) GLOBAL_UNIT_ASSIGNED_CONTEXT ( ( #6730, #297, #4467 ) ) REPRESENTATION_CONTEXT ( 'NONE', 'WORKASPACE' ) );
#5343 = PRESENTATION_STYLE_ASSIGNMENT (( #405 ) ) ;
#5344 = ORIENTED_EDGE ( 'NONE', *, *, #9125, .T. ) ;
#5345 = ORIENTED_EDGE ( 'NONE', *, *, #5928, .F. ) ;
#5346 = B_SPLINE_SURFACE_WITH_KNOTS ( 'NONE', 1, 3, ( 
 ( #3192, #8891, #1835, #8273, #6259, #7592, #4691, #3993, #5501, #6871 ),
 ( #1880, #1175, #6345, #5636, #8547, #4931, #749, #6398, #1366, #5029 ) ),
 .UNSPECIFIED., .F., .F., .F.,
 ( 2, 2 ),
 ( 4, 2, 2, 2, 4 ),
 ( 0.000000000000000000, 1.000000000000000000 ),
 ( 0.000000000000000000, 0.1250000000000000000, 0.2500000000000000000, 0.5000000000000000000, 1.000000000000000000 ),
 .UNSPECIFIED. ) ;
#5347 = VECTOR ( 'NONE', #2054, 1000.000000000000000 ) ;
#5348 = ORIENTED_EDGE ( 'NONE', *, *, #8057, .T. ) ;
#5349 = CARTESIAN_POINT ( 'NONE',  ( -29.82734586157200241, -14.00398703403564049, 1.209999965707260872 ) ) ;
#5350 =( NAMED_UNIT ( * ) PLANE_ANGLE_UNIT ( ) SI_UNIT ( $, .RADIAN. ) );
#5351 = FILL_AREA_STYLE_COLOUR ( '', #5586 ) ;
#5352 = EDGE_CURVE ( 'NONE', #5161, #8363, #2708, .T. ) ;
#5353 =( BOUNDED_CURVE ( )  B_SPLINE_CURVE ( 3, ( #5044, #4324, #5692, #34 ),
 .UNSPECIFIED., .F., .F. ) 
 B_SPLINE_CURVE_WITH_KNOTS ( ( 4, 4 ),
 ( 3.184795951792029622E-15, 1.570796326794896558 ),
 .UNSPECIFIED. ) 
 CURVE ( )  GEOMETRIC_REPRESENTATION_ITEM ( )  RATIONAL_B_SPLINE_CURVE ( ( 1.000000000000000000, 0.8047378541243658256, 0.8047378541243658256, 1.000000000000000000 ) ) 
 REPRESENTATION_ITEM ( '' )  );
#5354 = CARTESIAN_POINT ( 'NONE',  ( -30.58251990792611963, 7.144113140623235658, 1.472800000000075604 ) ) ;
#5355 = UNCERTAINTY_MEASURE_WITH_UNIT (LENGTH_MEASURE( 1.000000000000000082E-05 ), #6800, 'distance_accuracy_value', 'NONE');
#5356 = PRESENTATION_LAYER_ASSIGNMENT (  '', '', ( #4748 ) ) ;
#5357 = VERTEX_POINT ( 'NONE', #2431 ) ;
#5358 = DIRECTION ( 'NONE',  ( 1.000000000000000000, -0.000000000000000000, 0.000000000000000000 ) ) ;
#5359 = PRESENTATION_STYLE_ASSIGNMENT (( #1174 ) ) ;
#5360 = CARTESIAN_POINT ( 'NONE',  ( -38.20246990792612252, 7.144163140623349229, -9.372999999999922949 ) ) ;
#5361 = MECHANICAL_DESIGN_GEOMETRIC_PRESENTATION_REPRESENTATION (  '', ( #2358 ), #3709 ) ;
#5362 =( NAMED_UNIT ( * ) SI_UNIT ( $, .STERADIAN. ) SOLID_ANGLE_UNIT ( ) );
#5363 = PRESENTATION_STYLE_ASSIGNMENT (( #6957 ) ) ;
#5364 = PRESENTATION_STYLE_ASSIGNMENT (( #470 ) ) ;
#5365 = ORIENTED_EDGE ( 'NONE', *, *, #1935, .T. ) ;
#5366 = SURFACE_STYLE_USAGE ( .BOTH. , #6209 ) ;
#5367 = FILL_AREA_STYLE ('',( #6164 ) ) ;
#5368 = ADVANCED_FACE ( 'NONE', ( #7453 ), #6810, .T. ) ;
#5369 = SURFACE_SIDE_STYLE ('',( #4043 ) ) ;
#5370 =( NAMED_UNIT ( * ) SI_UNIT ( $, .STERADIAN. ) SOLID_ANGLE_UNIT ( ) );
#5371 = DIRECTION ( 'NONE',  ( 0.000000000000000000, 0.000000000000000000, 1.000000000000000000 ) ) ;
#5372 = CARTESIAN_POINT ( 'NONE',  ( -35.54816990792612330, 7.144163140623349229, -9.372999999999921172 ) ) ;
#5373 = FILL_AREA_STYLE_COLOUR ( '', #3781 ) ;
#5374 = LINE ( 'NONE', #8804, #3000 ) ;
#5375 = PRESENTATION_STYLE_ASSIGNMENT (( #2507 ) ) ;
#5376 = CARTESIAN_POINT ( 'NONE',  ( -34.33039062757600846, -9.643987034035646388, 1.205000000000000071 ) ) ;
#5377 = ADVANCED_FACE ( 'NONE', ( #7244 ), #831, .F. ) ;
#5378 = ORIENTED_EDGE ( 'NONE', *, *, #3413, .T. ) ;
#5379 = ORIENTED_EDGE ( 'NONE', *, *, #2637, .F. ) ;
#5380 = DIRECTION ( 'NONE',  ( -0.000000000000000000, -0.000000000000000000, -1.000000000000000000 ) ) ;
#5381 = FILL_AREA_STYLE_COLOUR ( '', #6985 ) ;
#5382 = PRESENTATION_STYLE_ASSIGNMENT (( #400 ) ) ;
#5383 = ADVANCED_FACE ( 'NONE', ( #7196 ), #3577, .F. ) ;
#5384 = UNCERTAINTY_MEASURE_WITH_UNIT (LENGTH_MEASURE( 1.000000000000000082E-05 ), #268, 'distance_accuracy_value', 'NONE');
#5385 = CARTESIAN_POINT ( 'NONE',  ( -28.82731649811005425, -14.00398703488017205, 1.184899676195318330 ) ) ;
#5386 = LINE ( 'NONE', #4015, #7426 ) ;
#5387 = FILL_AREA_STYLE ('',( #4583 ) ) ;
#5388 = FILL_AREA_STYLE_COLOUR ( '', #5848 ) ;
#5389 = COLOUR_RGB ( '',0.000000000000000000, 0.5019607843137254832, 1.000000000000000000 ) ;
#5390 = EDGE_LOOP ( 'NONE', ( #2995, #1080 ) ) ;
#5391 = ORIENTED_EDGE ( 'NONE', *, *, #6976, .T. ) ;
#5392 = VERTEX_POINT ( 'NONE', #1671 ) ;
#5393 = CARTESIAN_POINT ( 'NONE',  ( -30.21411990792612201, 6.890113140623239651, 1.218800000000072270 ) ) ;
#5394 = CARTESIAN_POINT ( 'NONE',  ( -33.57331990792611975, 6.032913140623267445, -1.575199999999930212 ) ) ;
#5395 =( NAMED_UNIT ( * ) PLANE_ANGLE_UNIT ( ) SI_UNIT ( $, .RADIAN. ) );
#5396 = DIRECTION ( 'NONE',  ( 1.000000000000000000, 0.000000000000000000, 0.000000000000000000 ) ) ;
#5397 = DIRECTION ( 'NONE',  ( 1.000000000000000000, -0.000000000000000000, 0.000000000000000000 ) ) ;
#5398 = VECTOR ( 'NONE', #2885, 1000.000000000000000 ) ;
#5399 = CIRCLE ( 'NONE', #1348, 1.000000000000000888 ) ;
#5400 = VECTOR ( 'NONE', #806, 1000.000000000000000 ) ;
#5401 = EDGE_CURVE ( 'NONE', #5484, #2266, #6735, .T. ) ;
#5402 = VERTEX_POINT ( 'NONE', #3911 ) ;
#5403 = FILL_AREA_STYLE_COLOUR ( '', #4014 ) ;
#5404 = CARTESIAN_POINT ( 'NONE',  ( -39.82267328534919670, -18.29409031937256103, -0.2464335406786998528 ) ) ;
#5405 = CARTESIAN_POINT ( 'NONE',  ( -30.01731990792611526, 6.032913140623263892, -1.575199999999936429 ) ) ;
#5406 = VECTOR ( 'NONE', #8361, 1000.000000000000000 ) ;
#5407 = DIRECTION ( 'NONE',  ( -0.5000000000000197620, -0.8660254037844272723, 0.000000000000000000 ) ) ;
#5408 = FILL_AREA_STYLE_COLOUR ( '', #7977 ) ;
#5409 = STYLED_ITEM ( 'NONE', ( #1579 ), #3718 ) ;
#5410 = DIRECTION ( 'NONE',  ( -0.4991222051116763203, 0.8665316060966604672, 0.000000000000000000 ) ) ;
#5411 = CARTESIAN_POINT ( 'NONE',  ( -38.20251990792611707, 7.201313140623239129, 1.218800000000076267 ) ) ;
#5412 = APPLICATION_CONTEXT ( 'automotive_design' ) ;
#5413 = LINE ( 'NONE', #6111, #2325 ) ;
#5414 = VERTEX_POINT ( 'NONE', #4474 ) ;
#5415 = STYLED_ITEM ( 'NONE', ( #8713 ), #1244 ) ;
#5416 =( GEOMETRIC_REPRESENTATION_CONTEXT ( 3 ) GLOBAL_UNCERTAINTY_ASSIGNED_CONTEXT ( ( #4520 ) ) GLOBAL_UNIT_ASSIGNED_CONTEXT ( ( #6979, #1814, #443 ) ) REPRESENTATION_CONTEXT ( 'NONE', 'WORKASPACE' ) );
#5417 = SURFACE_STYLE_FILL_AREA ( #6961 ) ;
#5418 = CARTESIAN_POINT ( 'NONE',  ( -32.55731990792611441, 8.369713140623266767, -1.575199999999917999 ) ) ;
#5419 = SURFACE_STYLE_USAGE ( .BOTH. , #6117 ) ;
#5420 =( LENGTH_UNIT ( ) NAMED_UNIT ( * ) SI_UNIT ( .MILLI., .METRE. ) );
#5421 = SURFACE_STYLE_USAGE ( .BOTH. , #4796 ) ;
#5422 =( LENGTH_UNIT ( ) NAMED_UNIT ( * ) SI_UNIT ( .MILLI., .METRE. ) );
#5423 = FILL_AREA_STYLE ('',( #9041 ) ) ;
#5424 = ORIENTED_EDGE ( 'NONE', *, *, #1455, .F. ) ;
#5425 = SURFACE_STYLE_FILL_AREA ( #6226 ) ;
#5426 = ORIENTED_EDGE ( 'NONE', *, *, #8568, .F. ) ;
#5427 = LINE ( 'NONE', #3399, #7481 ) ;
#5428 =( GEOMETRIC_REPRESENTATION_CONTEXT ( 3 ) GLOBAL_UNCERTAINTY_ASSIGNED_CONTEXT ( ( #2530 ) ) GLOBAL_UNIT_ASSIGNED_CONTEXT ( ( #3885, #1778, #8879 ) ) REPRESENTATION_CONTEXT ( 'NONE', 'WORKASPACE' ) );
#5429 = EDGE_CURVE ( 'NONE', #3926, #5584, #7428, .T. ) ;
#5430 = AXIS2_PLACEMENT_3D ( 'NONE', #6766, #8262, #5305 ) ;
#5431 = FILL_AREA_STYLE ('',( #8961 ) ) ;
#5432 = CARTESIAN_POINT ( 'NONE',  ( -37.83411990792612301, 6.890113140623239651, 1.218800000000072270 ) ) ;
#5433 = DIRECTION ( 'NONE',  ( -1.299418334065024133E-16, 1.000000000000000000, 0.000000000000000000 ) ) ;
#5434 =( NAMED_UNIT ( * ) PLANE_ANGLE_UNIT ( ) SI_UNIT ( $, .RADIAN. ) );
#5435 = ORIENTED_EDGE ( 'NONE', *, *, #2637, .T. ) ;
#5436 = ORIENTED_EDGE ( 'NONE', *, *, #564, .T. ) ;
#5437 = VECTOR ( 'NONE', #4002, 1000.000000000000000 ) ;
#5438 =( GEOMETRIC_REPRESENTATION_CONTEXT ( 3 ) GLOBAL_UNCERTAINTY_ASSIGNED_CONTEXT ( ( #8800 ) ) GLOBAL_UNIT_ASSIGNED_CONTEXT ( ( #931, #225, #2643 ) ) REPRESENTATION_CONTEXT ( 'NONE', 'WORKASPACE' ) );
#5439 = CIRCLE ( 'NONE', #955, 1.000000000000000888 ) ;
#5440 =( NAMED_UNIT ( * ) PLANE_ANGLE_UNIT ( ) SI_UNIT ( $, .RADIAN. ) );
#5441 = DIRECTION ( 'NONE',  ( 0.000000000000000000, 0.000000000000000000, 1.000000000000000000 ) ) ;
#5442 = FILL_AREA_STYLE ('',( #1001 ) ) ;
#5443 = DIRECTION ( 'NONE',  ( 1.801374326040298222E-16, -1.000000000000000000, 0.000000000000000000 ) ) ;
#5444 = LINE ( 'NONE', #285, #1686 ) ;
#5445 = VECTOR ( 'NONE', #1517, 1000.000000000000000 ) ;
#5446 = VECTOR ( 'NONE', #2971, 1000.000000000000000 ) ;
#5447 = DIRECTION ( 'NONE',  ( 0.000000000000000000, 0.000000000000000000, 1.000000000000000000 ) ) ;
#5448 = AXIS2_PLACEMENT_3D ( 'NONE', #4705, #4047, #5557 ) ;
#5449 = EDGE_CURVE ( 'NONE', #101, #6104, #5, .T. ) ;
#5450 = AXIS2_PLACEMENT_3D ( 'NONE', #4930, #4222, #1412 ) ;
#5451 = ORIENTED_EDGE ( 'NONE', *, *, #4422, .F. ) ;
#5452 = DIRECTION ( 'NONE',  ( -0.000000000000000000, -1.047444401652940007E-14, 1.000000000000000000 ) ) ;
#5453 = CARTESIAN_POINT ( 'NONE',  ( -38.64039062757601073, 7.206012965964358585, -0.2449999999999997735 ) ) ;
#5454 = PRESENTATION_LAYER_ASSIGNMENT (  '', '', ( #9010 ) ) ;
#5455 = PLANE ( 'NONE',  #8210 ) ;
#5456 = FILL_AREA_STYLE_COLOUR ( '', #1106 ) ;
#5457 = ADVANCED_FACE ( 'NONE', ( #1711, #8850, #4519, #5846, #5326, #8158, #6696, #2363 ), #8667, .F. ) ;
#5458 = CARTESIAN_POINT ( 'NONE',  ( -45.88039062757600561, -16.50398703403563871, -1.264999999999999902 ) ) ;
#5459 = DIRECTION ( 'NONE',  ( -0.000000000000000000, -1.047444401652940007E-14, 1.000000000000000000 ) ) ;
#5460 = ORIENTED_EDGE ( 'NONE', *, *, #8019, .F. ) ;
#5461 = MECHANICAL_DESIGN_GEOMETRIC_PRESENTATION_REPRESENTATION (  '', ( #7102 ), #3491 ) ;
#5462 = CARTESIAN_POINT ( 'NONE',  ( -39.21211990792613022, 7.201313140623350151, -9.372999999999922949 ) ) ;
#5463 = ORIENTED_EDGE ( 'NONE', *, *, #697, .T. ) ;
#5464 = DIRECTION ( 'NONE',  ( 1.000000000000000000, 0.000000000000000000, 0.000000000000000000 ) ) ;
#5465 = CARTESIAN_POINT ( 'NONE',  ( -21.58039062757600846, 4.756012965964352190, 1.255000000000000115 ) ) ;
#5466 = EDGE_CURVE ( 'NONE', #241, #8966, #147, .T. ) ;
#5467 = CARTESIAN_POINT ( 'NONE',  ( -23.99603258442069276, -14.00398703403564049, 1.205000000000000071 ) ) ;
#5468 = LINE ( 'NONE', #7513, #6640 ) ;
#5469 = ADVANCED_FACE ( 'NONE', ( #5945 ), #7985, .F. ) ;
#5470 = DIRECTION ( 'NONE',  ( 0.000000000000000000, 1.000000000000000000, 0.000000000000000000 ) ) ;
#5471 = SURFACE_STYLE_FILL_AREA ( #5423 ) ;
#5472 = STYLED_ITEM ( 'NONE', ( #4692 ), #8978 ) ;
#5473 = ORIENTED_EDGE ( 'NONE', *, *, #3599, .T. ) ;
#5474 = CARTESIAN_POINT ( 'NONE',  ( -23.78039062757601130, 7.056012965964359118, -1.264999999999999902 ) ) ;
#5475 = ORIENTED_EDGE ( 'NONE', *, *, #5168, .F. ) ;
#5476 = LINE ( 'NONE', #6278, #160 ) ;
#5477 = MECHANICAL_DESIGN_GEOMETRIC_PRESENTATION_REPRESENTATION (  '', ( #3360 ), #3819 ) ;
#5478 = PRESENTATION_LAYER_ASSIGNMENT (  '', '', ( #995 ) ) ;
#5479 = DIRECTION ( 'NONE',  ( -0.000000000000000000, -1.000000000000000000, -1.047444401652940007E-14 ) ) ;
#5480 = UNCERTAINTY_MEASURE_WITH_UNIT (LENGTH_MEASURE( 1.000000000000000082E-05 ), #2558, 'distance_accuracy_value', 'NONE');
#5481 = PLANE ( 'NONE',  #3759 ) ;
#5482 = CARTESIAN_POINT ( 'NONE',  ( -33.37651990792611656, 7.512513140623251928, 1.218800000000079597 ) ) ;
#5483 = CARTESIAN_POINT ( 'NONE',  ( -39.21211990792613022, 7.144163140623349229, -9.372999999999922949 ) ) ;
#5484 = VERTEX_POINT ( 'NONE', #7697 ) ;
#5485 = EDGE_LOOP ( 'NONE', ( #4208, #8324, #3302, #56, #7835, #4172 ) ) ;
#5486 = EDGE_CURVE ( 'NONE', #9195, #4685, #7424, .T. ) ;
#5487 = PRESENTATION_STYLE_ASSIGNMENT (( #1307 ) ) ;
#5488 =( LENGTH_UNIT ( ) NAMED_UNIT ( * ) SI_UNIT ( .MILLI., .METRE. ) );
#5489 = UNCERTAINTY_MEASURE_WITH_UNIT (LENGTH_MEASURE( 1.000000000000000082E-05 ), #8608, 'distance_accuracy_value', 'NONE');
#5490 = CIRCLE ( 'NONE', #3077, 0.5000000000000004441 ) ;
#5491 = VECTOR ( 'NONE', #7507, 1000.000000000000000 ) ;
#5492 = MECHANICAL_DESIGN_GEOMETRIC_PRESENTATION_REPRESENTATION (  '', ( #6992 ), #7134 ) ;
#5493 = DIRECTION ( 'NONE',  ( 0.000000000000000000, 0.000000000000000000, 1.000000000000000000 ) ) ;
#5494 = STYLED_ITEM ( 'NONE', ( #4366 ), #2945 ) ;
#5495 = VERTEX_POINT ( 'NONE', #532 ) ;
#5496 = STYLED_ITEM ( 'NONE', ( #8383 ), #6444 ) ;
#5497 = ORIENTED_EDGE ( 'NONE', *, *, #8833, .T. ) ;
#5498 = FACE_BOUND ( 'NONE', #4875, .T. ) ;
#5499 = CARTESIAN_POINT ( 'NONE',  ( -39.21211990792613022, 8.369713140623288083, -3.530999999999912209 ) ) ;
#5500 = CARTESIAN_POINT ( 'NONE',  ( -31.52742597117812196, 6.032913140623264781, -1.244999999999935048 ) ) ;
#5501 = CARTESIAN_POINT ( 'NONE',  ( -40.82734843295796168, -14.55623890451565927, 1.164972024612541235 ) ) ;
#5502 =( LENGTH_UNIT ( ) NAMED_UNIT ( * ) SI_UNIT ( .MILLI., .METRE. ) );
#5503 = EDGE_CURVE ( 'NONE', #7128, #4685, #9077, .T. ) ;
#5504 = ORIENTED_EDGE ( 'NONE', *, *, #922, .T. ) ;
#5505 =( LENGTH_UNIT ( ) NAMED_UNIT ( * ) SI_UNIT ( .MILLI., .METRE. ) );
#5506 = FACE_OUTER_BOUND ( 'NONE', #812, .T. ) ;
#5507 = ORIENTED_EDGE ( 'NONE', *, *, #6768, .F. ) ;
#5508 = CARTESIAN_POINT ( 'NONE',  ( -32.75416990792612637, 7.512463140623341751, -9.118999999999919837 ) ) ;
#5509 = STYLED_ITEM ( 'NONE', ( #3070 ), #2526 ) ;
#5510 = DIRECTION ( 'NONE',  ( 0.000000000000000000, -1.000000000000000000, -0.000000000000000000 ) ) ;
#5511 = LINE ( 'NONE', #7470, #5437 ) ;
#5512 =( NAMED_UNIT ( * ) SI_UNIT ( $, .STERADIAN. ) SOLID_ANGLE_UNIT ( ) );
#5513 = PLANE ( 'NONE',  #8742 ) ;
#5514 = VERTEX_POINT ( 'NONE', #4090 ) ;
#5515 =( NAMED_UNIT ( * ) PLANE_ANGLE_UNIT ( ) SI_UNIT ( $, .RADIAN. ) );
#5516 = EDGE_LOOP ( 'NONE', ( #4504, #2712, #2568, #2662 ) ) ;
#5517 = ADVANCED_FACE ( 'NONE', ( #6271 ), #3960, .F. ) ;
#5518 = CARTESIAN_POINT ( 'NONE',  ( -45.11039062757600249, -3.003987034035643600, 1.255000000000000115 ) ) ;
#5519 = CARTESIAN_POINT ( 'NONE',  ( -39.21211990792613022, 7.201313140623350151, -9.372999999999922949 ) ) ;
#5520 = EDGE_CURVE ( 'NONE', #3549, #1819, #1929, .T. ) ;
#5521 = DIRECTION ( 'NONE',  ( 0.000000000000000000, 0.000000000000000000, 1.000000000000000000 ) ) ;
#5522 = FACE_OUTER_BOUND ( 'NONE', #935, .T. ) ;
#5523 = CARTESIAN_POINT ( 'NONE',  ( -40.94731649811006235, -18.11334830678238461, -0.7435084826342410746 ) ) ;
#5524 = LINE ( 'NONE', #9007, #3433 ) ;
#5525 = EDGE_LOOP ( 'NONE', ( #1431, #3919, #9169, #7647, #5246, #5451, #8515, #8939 ) ) ;
#5526 = ORIENTED_EDGE ( 'NONE', *, *, #5954, .F. ) ;
#5527 = DIRECTION ( 'NONE',  ( -0.000000000000000000, -0.000000000000000000, -1.000000000000000000 ) ) ;
#5528 = FILL_AREA_STYLE_COLOUR ( '', #504 ) ;
#5529 = LINE ( 'NONE', #8349, #6641 ) ;
#5530 = ORIENTED_EDGE ( 'NONE', *, *, #5100, .F. ) ;
#5531 = UNCERTAINTY_MEASURE_WITH_UNIT (LENGTH_MEASURE( 1.000000000000000082E-05 ), #5218, 'distance_accuracy_value', 'NONE');
#5532 = ORIENTED_EDGE ( 'NONE', *, *, #2447, .T. ) ;
#5533 = ORIENTED_EDGE ( 'NONE', *, *, #1089, .T. ) ;
#5534 = DIRECTION ( 'NONE',  ( -1.000000000000000000, -0.000000000000000000, -0.000000000000000000 ) ) ;
#5535 = DIRECTION ( 'NONE',  ( -0.000000000000000000, -0.000000000000000000, -1.000000000000000000 ) ) ;
#5536 = SURFACE_STYLE_FILL_AREA ( #8496 ) ;
#5537 = CARTESIAN_POINT ( 'NONE',  ( -44.08039062757600135, -16.50398703403563871, -1.264999999999999902 ) ) ;
#5538 = MECHANICAL_DESIGN_GEOMETRIC_PRESENTATION_REPRESENTATION (  '', ( #912 ), #8957 ) ;
#5539 = SURFACE_STYLE_USAGE ( .BOTH. , #377 ) ;
#5540 = SURFACE_SIDE_STYLE ('',( #1414 ) ) ;
#5541 = EDGE_CURVE ( 'NONE', #3878, #145, #1281, .T. ) ;
#5542 = CIRCLE ( 'NONE', #1651, 1.800000000000002931 ) ;
#5543 = FACE_OUTER_BOUND ( 'NONE', #8202, .T. ) ;
#5544 = ORIENTED_EDGE ( 'NONE', *, *, #2011, .F. ) ;
#5545 = DIRECTION ( 'NONE',  ( 1.000000000000000000, 0.000000000000000000, 0.000000000000000000 ) ) ;
#5546 = ORIENTED_EDGE ( 'NONE', *, *, #5860, .T. ) ;
#5547 = MECHANICAL_DESIGN_GEOMETRIC_PRESENTATION_REPRESENTATION (  '', ( #4341 ), #5998 ) ;
#5548 = PRESENTATION_LAYER_ASSIGNMENT (  '', '', ( #912 ) ) ;
#5549 = AXIS2_PLACEMENT_3D ( 'NONE', #171, #1622, #5371 ) ;
#5550 = EDGE_CURVE ( 'NONE', #2994, #7486, #4845, .T. ) ;
#5551 =( NAMED_UNIT ( * ) SI_UNIT ( $, .STERADIAN. ) SOLID_ANGLE_UNIT ( ) );
#5552 = SURFACE_STYLE_USAGE ( .BOTH. , #2677 ) ;
#5553 = AXIS2_PLACEMENT_3D ( 'NONE', #7826, #7038, #1411 ) ;
#5554 = SURFACE_STYLE_USAGE ( .BOTH. , #3387 ) ;
#5555 = FACE_OUTER_BOUND ( 'NONE', #4768, .T. ) ;
#5556 = DIRECTION ( 'NONE',  ( 0.000000000000000000, 1.000000000000000000, 0.000000000000000000 ) ) ;
#5557 = DIRECTION ( 'NONE',  ( 0.000000000000000000, 0.000000000000000000, -1.000000000000000000 ) ) ;
#5558 = AXIS2_PLACEMENT_3D ( 'NONE', #728, #2794, #4204 ) ;
#5559 = LINE ( 'NONE', #6835, #1503 ) ;
#5560 = ORIENTED_EDGE ( 'NONE', *, *, #1104, .T. ) ;
#5561 = EDGE_CURVE ( 'NONE', #3726, #2647, #6571, .T. ) ;
#5562 = CARTESIAN_POINT ( 'NONE',  ( -31.52742597117762102, 8.369713140623263214, -1.244999999999913287 ) ) ;
#5563 = VERTEX_POINT ( 'NONE', #4660 ) ;
#5564 = ORIENTED_EDGE ( 'NONE', *, *, #6642, .T. ) ;
#5565 = DIRECTION ( 'NONE',  ( 0.000000000000000000, 0.000000000000000000, 1.000000000000000000 ) ) ;
#5566 =( NAMED_UNIT ( * ) SI_UNIT ( $, .STERADIAN. ) SOLID_ANGLE_UNIT ( ) );
#5567 = EDGE_CURVE ( 'NONE', #4968, #4181, #3250, .T. ) ;
#5568 = UNCERTAINTY_MEASURE_WITH_UNIT (LENGTH_MEASURE( 1.000000000000000082E-05 ), #1927, 'distance_accuracy_value', 'NONE');
#5569 = FILL_AREA_STYLE ('',( #6325 ) ) ;
#5570 = CARTESIAN_POINT ( 'NONE',  ( -22.78039062757601130, 7.056012965964359118, -1.264999999999999902 ) ) ;
#5571 = CARTESIAN_POINT ( 'NONE',  ( -40.94731649811006235, -16.56462454409308904, -1.259197900737540454 ) ) ;
#5572 = SURFACE_STYLE_USAGE ( .BOTH. , #1160 ) ;
#5573 = DIRECTION ( 'NONE',  ( 1.000000000000000000, 0.000000000000000000, 0.000000000000000000 ) ) ;
#5574 = ADVANCED_FACE ( 'NONE', ( #3292 ), #1893, .F. ) ;
#5575 = VERTEX_POINT ( 'NONE', #3615 ) ;
#5576 = ORIENTED_EDGE ( 'NONE', *, *, #943, .F. ) ;
#5577 = CARTESIAN_POINT ( 'NONE',  ( -30.58246990792611797, 7.201313140623347486, -9.118999999999921613 ) ) ;
#5578 = DIRECTION ( 'NONE',  ( 0.000000000000000000, -1.000000000000000000, 0.000000000000000000 ) ) ;
#5579 = ADVANCED_FACE ( 'NONE', ( #8555 ), #5603, .F. ) ;
#5580 = CARTESIAN_POINT ( 'NONE',  ( -35.54811990792612164, 7.258513140623236382, 1.472800000000075160 ) ) ;
#5581 = CARTESIAN_POINT ( 'NONE',  ( -37.83416990792612467, 6.890163140623345228, -9.118999999999921613 ) ) ;
#5582 = ADVANCED_FACE ( 'NONE', ( #4321 ), #1518, .T. ) ;
#5583 = COLOUR_RGB ( '',0.000000000000000000, 0.5019607843137254832, 1.000000000000000000 ) ;
#5584 = VERTEX_POINT ( 'NONE', #6635 ) ;
#5585 = ORIENTED_EDGE ( 'NONE', *, *, #2235, .F. ) ;
#5586 = COLOUR_RGB ( '',1.000000000000000000, 1.000000000000000000, 1.000000000000000000 ) ;
#5587 = VERTEX_POINT ( 'NONE', #5267 ) ;
#5588 = LINE ( 'NONE', #4926, #6488 ) ;
#5589 = LINE ( 'NONE', #1363, #549 ) ;
#5590 =( GEOMETRIC_REPRESENTATION_CONTEXT ( 3 ) GLOBAL_UNCERTAINTY_ASSIGNED_CONTEXT ( ( #4599 ) ) GLOBAL_UNIT_ASSIGNED_CONTEXT ( ( #2791, #2075, #4951 ) ) REPRESENTATION_CONTEXT ( 'NONE', 'WORKASPACE' ) );
#5591 =( GEOMETRIC_REPRESENTATION_CONTEXT ( 3 ) GLOBAL_UNCERTAINTY_ASSIGNED_CONTEXT ( ( #8286 ) ) GLOBAL_UNIT_ASSIGNED_CONTEXT ( ( #842, #4532, #2893 ) ) REPRESENTATION_CONTEXT ( 'NONE', 'WORKASPACE' ) );
#5592 =( NAMED_UNIT ( * ) SI_UNIT ( $, .STERADIAN. ) SOLID_ANGLE_UNIT ( ) );
#5593 = CARTESIAN_POINT ( 'NONE',  ( -23.82731649811006136, -9.423987034035643973, -1.254999999999999893 ) ) ;
#5594 = FACE_OUTER_BOUND ( 'NONE', #598, .T. ) ;
#5595 = FACE_OUTER_BOUND ( 'NONE', #2601, .T. ) ;
#5596 = STYLED_ITEM ( 'NONE', ( #3515 ), #187 ) ;
#5597 = ORIENTED_EDGE ( 'NONE', *, *, #5764, .F. ) ;
#5598 =( BOUNDED_CURVE ( )  B_SPLINE_CURVE ( 3, ( #4916, #9105, #1868, #557 ),
 .UNSPECIFIED., .F., .F. ) 
 B_SPLINE_CURVE_WITH_KNOTS ( ( 4, 4 ),
 ( 1.570796326794896558, 3.141592653589782902 ),
 .UNSPECIFIED. ) 
 CURVE ( )  GEOMETRIC_REPRESENTATION_ITEM ( )  RATIONAL_B_SPLINE_CURVE ( ( 1.000000000000000000, 0.8047378541243672689, 0.8047378541243672689, 1.000000000000000000 ) ) 
 REPRESENTATION_ITEM ( '' )  );
#5599 = PRESENTATION_LAYER_ASSIGNMENT (  '', '', ( #8543 ) ) ;
#5600 = EDGE_CURVE ( 'NONE', #4062, #2567, #1615, .T. ) ;
#5601 =( NAMED_UNIT ( * ) SI_UNIT ( $, .STERADIAN. ) SOLID_ANGLE_UNIT ( ) );
#5602 = CARTESIAN_POINT ( 'NONE',  ( -21.08039062757600846, -14.00398703403564049, 0.7150000000000003020 ) ) ;
#5603 = PLANE ( 'NONE',  #7374 ) ;
#5604 = UNCERTAINTY_MEASURE_WITH_UNIT (LENGTH_MEASURE( 1.000000000000000082E-05 ), #2813, 'distance_accuracy_value', 'NONE');
#5605 = CARTESIAN_POINT ( 'NONE',  ( -33.37651990792611656, 7.512513140623235053, 1.472800000000079601 ) ) ;
#5606 = CARTESIAN_POINT ( 'NONE',  ( -39.21211990792613022, 8.369713140623263214, -1.244999999999911955 ) ) ;
#5607 = VERTEX_POINT ( 'NONE', #967 ) ;
#5608 =( GEOMETRIC_REPRESENTATION_CONTEXT ( 3 ) GLOBAL_UNCERTAINTY_ASSIGNED_CONTEXT ( ( #3090 ) ) GLOBAL_UNIT_ASSIGNED_CONTEXT ( ( #4114, #559, #5664 ) ) REPRESENTATION_CONTEXT ( 'NONE', 'WORKASPACE' ) );
#5609 = ORIENTED_EDGE ( 'NONE', *, *, #3513, .F. ) ;
#5610 = VERTEX_POINT ( 'NONE', #3666 ) ;
#5611 = CARTESIAN_POINT ( 'NONE',  ( -31.03331990792612061, 6.032913140623267445, -1.244999999999936158 ) ) ;
#5612 = DIRECTION ( 'NONE',  ( 0.000000000000000000, 1.000000000000000000, 1.047444401652940007E-14 ) ) ;
#5613 =( NAMED_UNIT ( * ) SI_UNIT ( $, .STERADIAN. ) SOLID_ANGLE_UNIT ( ) );
#5614 = STYLED_ITEM ( 'NONE', ( #8098 ), #8951 ) ;
#5615 = EDGE_CURVE ( 'NONE', #1889, #5163, #1747, .T. ) ;
#5616 = LINE ( 'NONE', #7715, #2915 ) ;
#5617 = CARTESIAN_POINT ( 'NONE',  ( -35.91646990792611405, 7.512463140623347080, -9.118999999999923389 ) ) ;
#5618 = ORIENTED_EDGE ( 'NONE', *, *, #6037, .F. ) ;
#5619 = EDGE_LOOP ( 'NONE', ( #8389, #1312, #1913, #4550 ) ) ;
#5620 = PRESENTATION_LAYER_ASSIGNMENT (  '', '', ( #2618 ) ) ;
#5621 = DIRECTION ( 'NONE',  ( 0.000000000000000000, 0.000000000000000000, 1.000000000000000000 ) ) ;
#5622 = FACE_BOUND ( 'NONE', #5811, .T. ) ;
#5623 = CARTESIAN_POINT ( 'NONE',  ( -41.82731649811005781, -3.003987034035643600, -1.245000000000000107 ) ) ;
#5624 = MECHANICAL_DESIGN_GEOMETRIC_PRESENTATION_REPRESENTATION (  '', ( #2776 ), #3979 ) ;
#5625 = VECTOR ( 'NONE', #2913, 1000.000000000000000 ) ;
#5626 = VERTEX_POINT ( 'NONE', #3719 ) ;
#5627 = EDGE_LOOP ( 'NONE', ( #2244, #1505, #6442, #6061, #3024 ) ) ;
#5628 = EDGE_LOOP ( 'NONE', ( #6579, #722, #7913, #9118, #9009, #2753, #4070, #6208, #4914, #4309 ) ) ;
#5629 = CARTESIAN_POINT ( 'NONE',  ( -40.82731649811005781, -16.30398703403564653, -1.254999999999999893 ) ) ;
#5630 = SURFACE_STYLE_FILL_AREA ( #2715 ) ;
#5631 = AXIS2_PLACEMENT_3D ( 'NONE', #8880, #6333, #2709 ) ;
#5632 = SURFACE_STYLE_USAGE ( .BOTH. , #3505 ) ;
#5633 = ADVANCED_FACE ( 'NONE', ( #2352 ), #915, .F. ) ;
#5634 = VECTOR ( 'NONE', #6085, 1000.000000000000000 ) ;
#5635 = FILL_AREA_STYLE_COLOUR ( '', #1394 ) ;
#5636 = CARTESIAN_POINT ( 'NONE',  ( -28.82731649811005781, -17.97723040388900628, 0.2768188384184762096 ) ) ;
#5637 = PRESENTATION_STYLE_ASSIGNMENT (( #572 ) ) ;
#5638 = SURFACE_STYLE_FILL_AREA ( #7742 ) ;
#5639 = ORIENTED_EDGE ( 'NONE', *, *, #8311, .T. ) ;
#5640 = VECTOR ( 'NONE', #1483, 1000.000000000000000 ) ;
#5641 = MECHANICAL_DESIGN_GEOMETRIC_PRESENTATION_REPRESENTATION (  '', ( #5045 ), #5242 ) ;
#5642 = SURFACE_SIDE_STYLE ('',( #4895 ) ) ;
#5643 = DIRECTION ( 'NONE',  ( 1.000000000000000000, 0.000000000000000000, 0.000000000000000000 ) ) ;
#5644 = DIRECTION ( 'NONE',  ( 0.000000000000000000, 1.000000000000000000, 1.047444401652940007E-14 ) ) ;
#5645 = FILL_AREA_STYLE_COLOUR ( '', #7664 ) ;
#5646 = DIRECTION ( 'NONE',  ( 0.000000000000000000, 1.000000000000000000, 0.000000000000000000 ) ) ;
#5647 = CARTESIAN_POINT ( 'NONE',  ( -39.21211990792613022, 6.032913140623286985, -3.530999999999936634 ) ) ;
#5648 = CARTESIAN_POINT ( 'NONE',  ( -40.82731649811005781, -18.17279833390455224, -0.6621407731115727113 ) ) ;
#5649 = ORIENTED_EDGE ( 'NONE', *, *, #4970, .T. ) ;
#5650 = ORIENTED_EDGE ( 'NONE', *, *, #5352, .T. ) ;
#5651 =( LENGTH_UNIT ( ) NAMED_UNIT ( * ) SI_UNIT ( .MILLI., .METRE. ) );
#5652 = UNCERTAINTY_MEASURE_WITH_UNIT (LENGTH_MEASURE( 1.000000000000000082E-05 ), #7098, 'distance_accuracy_value', 'NONE');
#5653 = AXIS2_PLACEMENT_3D ( 'NONE', #2221, #7938, #2826 ) ;
#5654 = SURFACE_STYLE_FILL_AREA ( #2934 ) ;
#5655 = EDGE_CURVE ( 'NONE', #3396, #3541, #5935, .T. ) ;
#5656 = CARTESIAN_POINT ( 'NONE',  ( -40.94731649811006235, -17.69795780918340000, -1.051763686027078482 ) ) ;
#5657 = LINE ( 'NONE', #4161, #1501 ) ;
#5658 = VERTEX_POINT ( 'NONE', #8751 ) ;
#5659 = ORIENTED_EDGE ( 'NONE', *, *, #1996, .T. ) ;
#5660 = EDGE_CURVE ( 'NONE', #712, #8637, #7552, .T. ) ;
#5661 = EDGE_CURVE ( 'NONE', #2557, #1250, #5219, .T. ) ;
#5662 = DIRECTION ( 'NONE',  ( 0.8665316060966600231, 0.4991222051116768754, 0.000000000000000000 ) ) ;
#5663 = VECTOR ( 'NONE', #6427, 1000.000000000000000 ) ;
#5664 =( NAMED_UNIT ( * ) SI_UNIT ( $, .STERADIAN. ) SOLID_ANGLE_UNIT ( ) );
#5665 = UNCERTAINTY_MEASURE_WITH_UNIT (LENGTH_MEASURE( 1.000000000000000082E-05 ), #3727, 'distance_accuracy_value', 'NONE');
#5666 = DIRECTION ( 'NONE',  ( -0.000000000000000000, -0.000000000000000000, -1.000000000000000000 ) ) ;
#5667 = ORIENTED_EDGE ( 'NONE', *, *, #3929, .F. ) ;
#5668 = ORIENTED_EDGE ( 'NONE', *, *, #3320, .F. ) ;
#5669 = ORIENTED_EDGE ( 'NONE', *, *, #7204, .T. ) ;
#5670 = ORIENTED_EDGE ( 'NONE', *, *, #4403, .F. ) ;
#5671 =( NAMED_UNIT ( * ) SI_UNIT ( $, .STERADIAN. ) SOLID_ANGLE_UNIT ( ) );
#5672 = FILL_AREA_STYLE_COLOUR ( '', #1 ) ;
#5673 = CARTESIAN_POINT ( 'NONE',  ( -38.45646990792611319, 6.890163140623321247, -9.118999999999928718 ) ) ;
#5674 = VECTOR ( 'NONE', #4358, 1000.000000000000000 ) ;
#5675 = EDGE_CURVE ( 'NONE', #7202, #677, #4556, .T. ) ;
#5676 = CARTESIAN_POINT ( 'NONE',  ( -41.82731649811006491, -11.62398703403563793, 1.215000000000000080 ) ) ;
#5677 = ADVANCED_FACE ( 'NONE', ( #5972, #7413 ), #121, .T. ) ;
#5678 = COLOUR_RGB ( '',0.000000000000000000, 0.5019607843137254832, 1.000000000000000000 ) ;
#5679 = EDGE_LOOP ( 'NONE', ( #6652, #9102 ) ) ;
#5680 = VECTOR ( 'NONE', #6098, 1000.000000000000000 ) ;
#5681 = ADVANCED_FACE ( 'NONE', ( #423 ), #9071, .F. ) ;
#5682 = ORIENTED_EDGE ( 'NONE', *, *, #8460, .F. ) ;
#5683 = CYLINDRICAL_SURFACE ( 'NONE', #258, 0.5000000000000004441 ) ;
#5684 = DIRECTION ( 'NONE',  ( 1.000000000000000000, -2.478176394252582127E-16, 0.000000000000000000 ) ) ;
#5685 = PRESENTATION_STYLE_ASSIGNMENT (( #8465 ) ) ;
#5686 = VECTOR ( 'NONE', #7801, 1000.000000000000000 ) ;
#5687 = UNCERTAINTY_MEASURE_WITH_UNIT (LENGTH_MEASURE( 1.000000000000000082E-05 ), #3548, 'distance_accuracy_value', 'NONE');
#5688 = PRESENTATION_STYLE_ASSIGNMENT (( #2213 ) ) ;
#5689 = SURFACE_STYLE_FILL_AREA ( #7613 ) ;
#5690 = SURFACE_STYLE_USAGE ( .BOTH. , #2169 ) ;
#5691 = DIRECTION ( 'NONE',  ( -0.000000000000000000, -0.000000000000000000, -1.000000000000000000 ) ) ;
#5692 = CARTESIAN_POINT ( 'NONE',  ( -35.39938015276889161, 6.995373385466116645, -9.372999999999922949 ) ) ;
#5693 = FILL_AREA_STYLE ('',( #4286 ) ) ;
#5694 = AXIS2_PLACEMENT_3D ( 'NONE', #6048, #362, #8081 ) ;
#5695 = AXIS2_PLACEMENT_3D ( 'NONE', #4380, #5742, #7066 ) ;
#5696 = DIRECTION ( 'NONE',  ( 0.000000000000000000, 0.000000000000000000, 1.000000000000000000 ) ) ;
#5697 = ORIENTED_EDGE ( 'NONE', *, *, #1781, .T. ) ;
#5698 = DIRECTION ( 'NONE',  ( 1.000000000000000000, 0.000000000000000000, -0.000000000000000000 ) ) ;
#5699 = SURFACE_STYLE_USAGE ( .BOTH. , #7757 ) ;
#5700 =( LENGTH_UNIT ( ) NAMED_UNIT ( * ) SI_UNIT ( .MILLI., .METRE. ) );
#5701 = FILL_AREA_STYLE_COLOUR ( '', #316 ) ;
#5702 = CARTESIAN_POINT ( 'NONE',  ( -28.82731649811005781, -18.27155679741174765, -0.3655902959306274735 ) ) ;
#5703 = FACE_OUTER_BOUND ( 'NONE', #7110, .T. ) ;
#5704 = ORIENTED_EDGE ( 'NONE', *, *, #1071, .F. ) ;
#5705 = ORIENTED_EDGE ( 'NONE', *, *, #1753, .F. ) ;
#5706 = STYLED_ITEM ( 'NONE', ( #3108 ), #1173 ) ;
#5707 = CIRCLE ( 'NONE', #6462, 1.799999999999999600 ) ;
#5708 = ADVANCED_FACE ( 'NONE', ( #2670 ), #5346, .T. ) ;
#5709 = DIRECTION ( 'NONE',  ( -0.000000000000000000, -0.000000000000000000, -1.000000000000000000 ) ) ;
#5710 = CYLINDRICAL_SURFACE ( 'NONE', #5308, 0.2539999999999972835 ) ;
#5711 = DIRECTION ( 'NONE',  ( 0.000000000000000000, 0.000000000000000000, -1.000000000000000000 ) ) ;
#5712 = DIRECTION ( 'NONE',  ( 1.000000000000000000, 0.000000000000000000, -0.000000000000000000 ) ) ;
#5713 = ORIENTED_EDGE ( 'NONE', *, *, #7714, .T. ) ;
#5714 = ORIENTED_EDGE ( 'NONE', *, *, #9147, .F. ) ;
#5715 = ORIENTED_EDGE ( 'NONE', *, *, #754, .F. ) ;
#5716 = ORIENTED_EDGE ( 'NONE', *, *, #8888, .T. ) ;
#5717 = CYLINDRICAL_SURFACE ( 'NONE', #4477, 0.2539999999999998925 ) ;
#5718 = CARTESIAN_POINT ( 'NONE',  ( -33.12246990792611712, 7.201313140623347486, -9.118999999999921613 ) ) ;
#5719 = CARTESIAN_POINT ( 'NONE',  ( -32.75411990792612471, 7.512513140623234165, 1.218800000000075823 ) ) ;
#5720 = LINE ( 'NONE', #2156, #7221 ) ;
#5721 = CARTESIAN_POINT ( 'NONE',  ( -35.29416990792612552, 7.512463140623346192, -9.267789755157151532 ) ) ;
#5722 = AXIS2_PLACEMENT_3D ( 'NONE', #1647, #7313, #7216 ) ;
#5723 = EDGE_CURVE ( 'NONE', #3900, #2887, #3463, .T. ) ;
#5724 = ORIENTED_EDGE ( 'NONE', *, *, #3499, .F. ) ;
#5725 = VECTOR ( 'NONE', #31, 1000.000000000000000 ) ;
#5726 = EDGE_LOOP ( 'NONE', ( #6336, #8719, #6319, #2856 ) ) ;
#5727 = EDGE_CURVE ( 'NONE', #4839, #9239, #5720, .T. ) ;
#5728 = CARTESIAN_POINT ( 'NONE',  ( -30.46816990792611790, 7.201313140623350151, -9.372999999999922949 ) ) ;
#5729 = AXIS2_PLACEMENT_3D ( 'NONE', #1952, #4113, #3407 ) ;
#5730 = SURFACE_SIDE_STYLE ('',( #7973 ) ) ;
#5731 = CARTESIAN_POINT ( 'NONE',  ( -34.33039062757600846, -3.003987034035643600, -1.245000000000000107 ) ) ;
#5732 = SURFACE_SIDE_STYLE ('',( #7790 ) ) ;
#5733 =( NAMED_UNIT ( * ) PLANE_ANGLE_UNIT ( ) SI_UNIT ( $, .RADIAN. ) );
#5734 = LINE ( 'NONE', #670, #6039 ) ;
#5735 = AXIS2_PLACEMENT_3D ( 'NONE', #8421, #5556, #2065 ) ;
#5736 =( GEOMETRIC_REPRESENTATION_CONTEXT ( 3 ) GLOBAL_UNCERTAINTY_ASSIGNED_CONTEXT ( ( #4463 ) ) GLOBAL_UNIT_ASSIGNED_CONTEXT ( ( #8680, #6474, #5109 ) ) REPRESENTATION_CONTEXT ( 'NONE', 'WORKASPACE' ) );
#5737 = PRESENTATION_STYLE_ASSIGNMENT (( #2824 ) ) ;
#5738 = DIRECTION ( 'NONE',  ( -0.5000000000000200950, -0.8660254037844270503, -8.871936606718120291E-15 ) ) ;
#5739 = SURFACE_SIDE_STYLE ('',( #4236 ) ) ;
#5740 = CARTESIAN_POINT ( 'NONE',  ( -30.46811990792611979, 7.258513140623235493, 1.472800000000077159 ) ) ;
#5741 = ORIENTED_EDGE ( 'NONE', *, *, #5352, .F. ) ;
#5742 = DIRECTION ( 'NONE',  ( -0.000000000000000000, -0.000000000000000000, -1.000000000000000000 ) ) ;
#5743 = DIRECTION ( 'NONE',  ( 0.000000000000000000, 0.000000000000000000, -1.000000000000000000 ) ) ;
#5744 = EDGE_CURVE ( 'NONE', #4857, #769, #9178, .T. ) ;
#5745 = SURFACE_STYLE_FILL_AREA ( #2126 ) ;
#5746 = SURFACE_SIDE_STYLE ('',( #7852 ) ) ;
#5747 =( LENGTH_UNIT ( ) NAMED_UNIT ( * ) SI_UNIT ( .MILLI., .METRE. ) );
#5748 = CARTESIAN_POINT ( 'NONE',  ( -47.08039062757600846, 4.756012965964352190, 1.255000000000000115 ) ) ;
#5749 =( NAMED_UNIT ( * ) PLANE_ANGLE_UNIT ( ) SI_UNIT ( $, .RADIAN. ) );
#5750 = SURFACE_STYLE_USAGE ( .BOTH. , #7809 ) ;
#5751 = SURFACE_STYLE_FILL_AREA ( #2840 ) ;
#5752 =( GEOMETRIC_REPRESENTATION_CONTEXT ( 3 ) GLOBAL_UNCERTAINTY_ASSIGNED_CONTEXT ( ( #1695 ) ) GLOBAL_UNIT_ASSIGNED_CONTEXT ( ( #5488, #4919, #7626 ) ) REPRESENTATION_CONTEXT ( 'NONE', 'WORKASPACE' ) );
#5753 = MECHANICAL_DESIGN_GEOMETRIC_PRESENTATION_REPRESENTATION (  '', ( #8557 ), #9101 ) ;
#5754 = VERTEX_POINT ( 'NONE', #7091 ) ;
#5755 = ORIENTED_EDGE ( 'NONE', *, *, #3269, .T. ) ;
#5756 = DIRECTION ( 'NONE',  ( 1.000000000000000000, 0.000000000000000000, 0.000000000000000000 ) ) ;
#5757 = VECTOR ( 'NONE', #2396, 1000.000000000000000 ) ;
#5758 = SURFACE_SIDE_STYLE ('',( #7165 ) ) ;
#5759 = STYLED_ITEM ( 'NONE', ( #5363 ), #8976 ) ;
#5760 =( NAMED_UNIT ( * ) SI_UNIT ( $, .STERADIAN. ) SOLID_ANGLE_UNIT ( ) );
#5761 = UNCERTAINTY_MEASURE_WITH_UNIT (LENGTH_MEASURE( 1.000000000000000082E-05 ), #4234, 'distance_accuracy_value', 'NONE');
#5762 = SURFACE_STYLE_USAGE ( .BOTH. , #2896 ) ;
#5763 = SURFACE_STYLE_USAGE ( .BOTH. , #845 ) ;
#5764 = EDGE_CURVE ( 'NONE', #4822, #4329, #7779, .T. ) ;
#5765 = ORIENTED_EDGE ( 'NONE', *, *, #6022, .F. ) ;
#5766 = ORIENTED_EDGE ( 'NONE', *, *, #4202, .F. ) ;
#5767 = VECTOR ( 'NONE', #118, 1000.000000000000000 ) ;
#5768 = ORIENTED_EDGE ( 'NONE', *, *, #7459, .F. ) ;
#5769 = ORIENTED_EDGE ( 'NONE', *, *, #401, .F. ) ;
#5770 = SURFACE_SIDE_STYLE ('',( #6041 ) ) ;
#5771 = SURFACE_STYLE_USAGE ( .BOTH. , #2247 ) ;
#5772 = DIRECTION ( 'NONE',  ( 0.000000000000000000, -1.024442997624109662E-14, 1.000000000000000000 ) ) ;
#5773 = LINE ( 'NONE', #8688, #7983 ) ;
#5774 = PRESENTATION_LAYER_ASSIGNMENT (  '', '', ( #6230 ) ) ;
#5775 = FILL_AREA_STYLE_COLOUR ( '', #5278 ) ;
#5776 = FILL_AREA_STYLE ('',( #7217 ) ) ;
#5777 = VECTOR ( 'NONE', #4457, 1000.000000000000000 ) ;
#5778 = B_SPLINE_CURVE_WITH_KNOTS ( 'NONE', 3,
 ( #5827, #8088, #3655, #5166, #8644, #3043, #1690, #2203, #859, #4361 ),
 .UNSPECIFIED., .F., .F.,
 ( 4, 2, 2, 2, 4 ),
 ( 0.000000000000000000, 0.002365555485198814374, 0.003550048398062969398, 0.004142294854495046259, 0.004734541310927124422 ),
 .UNSPECIFIED. ) ;
#5779 =( NAMED_UNIT ( * ) PLANE_ANGLE_UNIT ( ) SI_UNIT ( $, .RADIAN. ) );
#5780 = EDGE_CURVE ( 'NONE', #5575, #2994, #4268, .T. ) ;
#5781 = ORIENTED_EDGE ( 'NONE', *, *, #8190, .T. ) ;
#5782 = MECHANICAL_DESIGN_GEOMETRIC_PRESENTATION_REPRESENTATION (  '', ( #1003 ), #2330 ) ;
#5783 = VERTEX_POINT ( 'NONE', #3605 ) ;
#5784 = DIRECTION ( 'NONE',  ( -0.5000000000000197620, -0.8660254037844272723, 0.000000000000000000 ) ) ;
#5785 =( NAMED_UNIT ( * ) SI_UNIT ( $, .STERADIAN. ) SOLID_ANGLE_UNIT ( ) );
#5786 = DIRECTION ( 'NONE',  ( -0.000000000000000000, -1.047444401652940007E-14, 1.000000000000000000 ) ) ;
#5787 = FACE_OUTER_BOUND ( 'NONE', #6329, .T. ) ;
#5788 = EDGE_CURVE ( 'NONE', #6435, #6277, #1404, .T. ) ;
#5789 = COLOUR_RGB ( '',0.08235294117647058709, 0.08235294117647058709, 0.08235294117647058709 ) ;
#5790 = CARTESIAN_POINT ( 'NONE',  ( -32.75416990792612637, 6.890163140623347893, -9.372999999999926501 ) ) ;
#5791 = UNCERTAINTY_MEASURE_WITH_UNIT (LENGTH_MEASURE( 1.000000000000000082E-05 ), #3120, 'distance_accuracy_value', 'NONE');
#5792 = VECTOR ( 'NONE', #2935, 1000.000000000000000 ) ;
#5793 = VECTOR ( 'NONE', #3871, 1000.000000000000000 ) ;
#5794 = DIRECTION ( 'NONE',  ( -0.000000000000000000, -0.000000000000000000, -1.000000000000000000 ) ) ;
#5795 =( GEOMETRIC_REPRESENTATION_CONTEXT ( 3 ) GLOBAL_UNCERTAINTY_ASSIGNED_CONTEXT ( ( #5489 ) ) GLOBAL_UNIT_ASSIGNED_CONTEXT ( ( #8608, #3049, #5785 ) ) REPRESENTATION_CONTEXT ( 'NONE', 'WORKASPACE' ) );
#5796 = PRESENTATION_STYLE_ASSIGNMENT (( #2921 ) ) ;
#5797 = CIRCLE ( 'NONE', #4892, 0.5000000000000004441 ) ;
#5798 = VECTOR ( 'NONE', #8786, 1000.000000000000000 ) ;
#5799 = FILL_AREA_STYLE_COLOUR ( '', #125 ) ;
#5800 = ORIENTED_EDGE ( 'NONE', *, *, #7838, .F. ) ;
#5801 = FILL_AREA_STYLE_COLOUR ( '', #6306 ) ;
#5802 = AXIS2_PLACEMENT_3D ( 'NONE', #7713, #9241, #9149 ) ;
#5803 = CARTESIAN_POINT ( 'NONE',  ( -39.21211990792613022, 8.369713140623263214, -1.244999999999911955 ) ) ;
#5804 = CARTESIAN_POINT ( 'NONE',  ( -22.78039062757601130, -16.50398703403563871, -1.264999999999999902 ) ) ;
#5805 = DIRECTION ( 'NONE',  ( 0.000000000000000000, 0.000000000000000000, -1.000000000000000000 ) ) ;
#5806 = CARTESIAN_POINT ( 'NONE',  ( -33.37646990792611490, 7.512463140623347080, -9.118999999999923389 ) ) ;
#5807 = CARTESIAN_POINT ( 'NONE',  ( -40.82731649811006491, -18.10562529651155117, -0.7373595690760407217 ) ) ;
#5808 = CARTESIAN_POINT ( 'NONE',  ( -39.82267328534919670, -18.30398703403564653, -0.2450000000000048250 ) ) ;
#5809 = DIRECTION ( 'NONE',  ( 0.000000000000000000, -1.047444401652940007E-14, 1.000000000000000000 ) ) ;
#5810 = VECTOR ( 'NONE', #6464, 1000.000000000000000 ) ;
#5811 = EDGE_LOOP ( 'NONE', ( #7153, #3169 ) ) ;
#5812 = VERTEX_POINT ( 'NONE', #2906 ) ;
#5813 = EDGE_CURVE ( 'NONE', #7392, #2026, #5891, .T. ) ;
#5814 = EDGE_CURVE ( 'NONE', #9061, #2174, #4316, .T. ) ;
#5815 = CARTESIAN_POINT ( 'NONE',  ( -30.21411990792612556, 6.890113140623235211, 1.472800000000072718 ) ) ;
#5816 = LINE ( 'NONE', #5956, #7366 ) ;
#5817 = PRESENTATION_STYLE_ASSIGNMENT (( #790 ) ) ;
#5818 = DIRECTION ( 'NONE',  ( 1.000000000000000000, -0.000000000000000000, 0.000000000000000000 ) ) ;
#5819 = VERTEX_POINT ( 'NONE', #7175 ) ;
#5820 = ORIENTED_EDGE ( 'NONE', *, *, #1477, .F. ) ;
#5821 = VERTEX_POINT ( 'NONE', #709 ) ;
#5822 = EDGE_LOOP ( 'NONE', ( #229, #2061, #2040, #396, #4922, #3255, #8139, #7024, #704, #6388, #4350, #7087 ) ) ;
#5823 = LINE ( 'NONE', #3829, #5793 ) ;
#5824 = DIRECTION ( 'NONE',  ( 1.000000000000000000, 0.000000000000000000, 0.000000000000000000 ) ) ;
#5825 = LINE ( 'NONE', #4359, #5400 ) ;
#5826 = DIRECTION ( 'NONE',  ( 1.000000000000000000, 0.000000000000000000, 0.000000000000000000 ) ) ;
#5827 = CARTESIAN_POINT ( 'NONE',  ( -40.82734843295796168, -14.00398703413909907, 1.194547135019942807 ) ) ;
#5828 = FACE_OUTER_BOUND ( 'NONE', #9053, .T. ) ;
#5829 = LINE ( 'NONE', #6814, #1595 ) ;
#5830 = VERTEX_POINT ( 'NONE', #3558 ) ;
#5831 = CARTESIAN_POINT ( 'NONE',  ( -23.55039062757601087, 3.166012965964347003, 1.265000000000000124 ) ) ;
#5832 = DIRECTION ( 'NONE',  ( -0.000000000000000000, 1.000000000000000000, 1.047444401652940007E-14 ) ) ;
#5833 = ADVANCED_FACE ( 'NONE', ( #7002 ), #8499, .F. ) ;
#5834 = SURFACE_SIDE_STYLE ('',( #3854 ) ) ;
#5835 = CARTESIAN_POINT ( 'NONE',  ( -37.64039062757601073, 7.206012965964358585, -1.245000000000000107 ) ) ;
#5836 = CARTESIAN_POINT ( 'NONE',  ( -30.21411990792612201, 6.890113140623236987, 1.367589755157307074 ) ) ;
#5837 =( NAMED_UNIT ( * ) PLANE_ANGLE_UNIT ( ) SI_UNIT ( $, .RADIAN. ) );
#5838 = FILL_AREA_STYLE ('',( #821 ) ) ;
#5839 = AXIS2_PLACEMENT_3D ( 'NONE', #3061, #1625, #5139 ) ;
#5840 = CARTESIAN_POINT ( 'NONE',  ( -45.88039062757600561, -16.50398703403563871, -1.264999999999999902 ) ) ;
#5841 =( LENGTH_UNIT ( ) NAMED_UNIT ( * ) SI_UNIT ( .MILLI., .METRE. ) );
#5842 = CARTESIAN_POINT ( 'NONE',  ( -42.40857906609147676, -14.00398703403564049, 1.205000000000000071 ) ) ;
#5843 = ORIENTED_EDGE ( 'NONE', *, *, #5331, .F. ) ;
#5844 = FACE_OUTER_BOUND ( 'NONE', #3815, .T. ) ;
#5845 = VECTOR ( 'NONE', #1286, 1000.000000000000000 ) ;
#5846 = FACE_BOUND ( 'NONE', #4339, .T. ) ;
#5847 =( NAMED_UNIT ( * ) SI_UNIT ( $, .STERADIAN. ) SOLID_ANGLE_UNIT ( ) );
#5848 = COLOUR_RGB ( '',0.08235294117647058709, 0.08235294117647058709, 0.08235294117647058709 ) ;
#5849 = CARTESIAN_POINT ( 'NONE',  ( -41.82731649811005781, -3.003987034035643600, 1.205000000000000071 ) ) ;
#5850 = CARTESIAN_POINT ( 'NONE',  ( -40.82731649811006491, -17.89028266360343267, -0.9463040803828748349 ) ) ;
#5851 = STYLED_ITEM ( 'NONE', ( #3641 ), #3316 ) ;
#5852 = CARTESIAN_POINT ( 'NONE',  ( -36.90071990792635859, 6.540913140623154653, -1.244999999999931051 ) ) ;
#5853 =( NAMED_UNIT ( * ) SI_UNIT ( $, .STERADIAN. ) SOLID_ANGLE_UNIT ( ) );
#5854 = DIRECTION ( 'NONE',  ( -0.000000000000000000, 1.000000000000000000, 1.047444401652940007E-14 ) ) ;
#5855 = COLOUR_RGB ( '',0.7529411764705882248, 0.7529411764705882248, 0.7529411764705882248 ) ;
#5856 = ORIENTED_EDGE ( 'NONE', *, *, #2107, .T. ) ;
#5857 = EDGE_CURVE ( 'NONE', #5819, #6126, #616, .T. ) ;
#5858 = VERTEX_POINT ( 'NONE', #1603 ) ;
#5859 = MECHANICAL_DESIGN_GEOMETRIC_PRESENTATION_REPRESENTATION (  '', ( #7785 ), #4499 ) ;
#5860 = EDGE_CURVE ( 'NONE', #5858, #6982, #5209, .T. ) ;
#5861 = VECTOR ( 'NONE', #5251, 1000.000000000000000 ) ;
#5862 = CARTESIAN_POINT ( 'NONE',  ( -23.82731649811006136, -9.423987034035643973, -1.254999999999999893 ) ) ;
#5863 = UNCERTAINTY_MEASURE_WITH_UNIT (LENGTH_MEASURE( 1.000000000000000082E-05 ), #5897, 'distance_accuracy_value', 'NONE');
#5864 = SURFACE_SIDE_STYLE ('',( #6576 ) ) ;
#5865 = EDGE_CURVE ( 'NONE', #5514, #6435, #5778, .T. ) ;
#5866 = PRESENTATION_STYLE_ASSIGNMENT (( #4487 ) ) ;
#5867 = COLOUR_RGB ( '',0.000000000000000000, 0.000000000000000000, 0.000000000000000000 ) ;
#5868 = CARTESIAN_POINT ( 'NONE',  ( -33.37646990792612200, 7.512463140623287572, -3.530999999999921535 ) ) ;
#5869 = ORIENTED_EDGE ( 'NONE', *, *, #8671, .F. ) ;
#5870 = MECHANICAL_DESIGN_GEOMETRIC_PRESENTATION_REPRESENTATION (  '', ( #5255 ), #5416 ) ;
#5871 = ORIENTED_EDGE ( 'NONE', *, *, #4196, .F. ) ;
#5872 = ORIENTED_EDGE ( 'NONE', *, *, #3998, .T. ) ;
#5873 = EDGE_CURVE ( 'NONE', #8603, #57, #5120, .T. ) ;
#5874 = FILL_AREA_STYLE ('',( #614 ) ) ;
#5875 = CARTESIAN_POINT ( 'NONE',  ( -45.88039062757600561, 7.056012965964359118, -1.264999999999999902 ) ) ;
#5876 = EDGE_CURVE ( 'NONE', #3878, #5280, #6584, .T. ) ;
#5877 = SURFACE_STYLE_USAGE ( .BOTH. , #7921 ) ;
#5878 = ORIENTED_EDGE ( 'NONE', *, *, #7700, .F. ) ;
#5879 = SURFACE_STYLE_USAGE ( .BOTH. , #909 ) ;
#5880 = CARTESIAN_POINT ( 'NONE',  ( -33.27125966308334881, 7.407252895780579216, -9.372999999999919396 ) ) ;
#5881 = VECTOR ( 'NONE', #68, 1000.000000000000000 ) ;
#5882 = CARTESIAN_POINT ( 'NONE',  ( -40.82734843295796168, -14.00398703413909907, 1.194547135019942807 ) ) ;
#5883 = CARTESIAN_POINT ( 'NONE',  ( -45.88039062757600561, 7.056012965964359118, -1.264999999999999902 ) ) ;
#5884 = VECTOR ( 'NONE', #4453, 1000.000000000000000 ) ;
#5885 =( LENGTH_UNIT ( ) NAMED_UNIT ( * ) SI_UNIT ( .MILLI., .METRE. ) );
#5886 = UNCERTAINTY_MEASURE_WITH_UNIT (LENGTH_MEASURE( 1.000000000000000082E-05 ), #496, 'distance_accuracy_value', 'NONE');
#5887 = LINE ( 'NONE', #6637, #1840 ) ;
#5888 = DIRECTION ( 'NONE',  ( 0.000000000000000000, 0.000000000000000000, 1.000000000000000000 ) ) ;
#5889 = CIRCLE ( 'NONE', #4526, 1.799999999999999600 ) ;
#5890 = ADVANCED_FACE ( 'NONE', ( #7353 ), #1558, .F. ) ;
#5891 = CIRCLE ( 'NONE', #332, 1.000000000000000888 ) ;
#5892 = CARTESIAN_POINT ( 'NONE',  ( -35.60039062757600448, 7.206012965964358585, -1.266000000000000014 ) ) ;
#5893 = ORIENTED_EDGE ( 'NONE', *, *, #1455, .T. ) ;
#5894 = DIRECTION ( 'NONE',  ( 0.000000000000000000, 0.000000000000000000, 1.000000000000000000 ) ) ;
#5895 = CARTESIAN_POINT ( 'NONE',  ( -22.78039062757601130, 7.056012965964359118, -1.264999999999999902 ) ) ;
#5896 = PRESENTATION_STYLE_ASSIGNMENT (( #1527 ) ) ;
#5897 =( LENGTH_UNIT ( ) NAMED_UNIT ( * ) SI_UNIT ( .MILLI., .METRE. ) );
#5898 = MECHANICAL_DESIGN_GEOMETRIC_PRESENTATION_REPRESENTATION (  '', ( #2138 ), #489 ) ;
#5899 = VECTOR ( 'NONE', #2403, 1000.000000000000000 ) ;
#5900 = VECTOR ( 'NONE', #3308, 1000.000000000000000 ) ;
#5901 = FILL_AREA_STYLE ('',( #2982 ) ) ;
#5902 = SURFACE_STYLE_USAGE ( .BOTH. , #8198 ) ;
#5903 =( NAMED_UNIT ( * ) SI_UNIT ( $, .STERADIAN. ) SOLID_ANGLE_UNIT ( ) );
#5904 =( LENGTH_UNIT ( ) NAMED_UNIT ( * ) SI_UNIT ( .MILLI., .METRE. ) );
#5905 = SURFACE_STYLE_FILL_AREA ( #7161 ) ;
#5906 = VERTEX_POINT ( 'NONE', #2341 ) ;
#5907 = ORIENTED_EDGE ( 'NONE', *, *, #7033, .F. ) ;
#5908 = PRESENTATION_LAYER_ASSIGNMENT (  '', '', ( #652 ) ) ;
#5909 = AXIS2_PLACEMENT_3D ( 'NONE', #2423, #2519, #319 ) ;
#5910 =( GEOMETRIC_REPRESENTATION_CONTEXT ( 3 ) GLOBAL_UNCERTAINTY_ASSIGNED_CONTEXT ( ( #2949 ) ) GLOBAL_UNIT_ASSIGNED_CONTEXT ( ( #5885, #5126, #4461 ) ) REPRESENTATION_CONTEXT ( 'NONE', 'WORKASPACE' ) );
#5911 = LINE ( 'NONE', #231, #8346 ) ;
#5912 =( NAMED_UNIT ( * ) SI_UNIT ( $, .STERADIAN. ) SOLID_ANGLE_UNIT ( ) );
#5913 = EDGE_CURVE ( 'NONE', #1792, #101, #8041, .T. ) ;
#5914 = CARTESIAN_POINT ( 'NONE',  ( -40.82733246553402040, -18.27407675507290463, -0.2449113037486425060 ) ) ;
#5915 = AXIS2_PLACEMENT_3D ( 'NONE', #4488, #7483, #6047 ) ;
#5916 = SURFACE_STYLE_FILL_AREA ( #3787 ) ;
#5917 = PLANE ( 'NONE',  #71 ) ;
#5918 = EDGE_LOOP ( 'NONE', ( #4915, #5530, #5460, #1908 ) ) ;
#5919 = ORIENTED_EDGE ( 'NONE', *, *, #3888, .T. ) ;
#5920 = MECHANICAL_DESIGN_GEOMETRIC_PRESENTATION_REPRESENTATION (  '', ( #663 ), #1406 ) ;
#5921 = ORIENTED_EDGE ( 'NONE', *, *, #7546, .F. ) ;
#5922 = CARTESIAN_POINT ( 'NONE',  ( -29.82736094035740138, -18.29409031937256103, -0.2464335406786998528 ) ) ;
#5923 = CARTESIAN_POINT ( 'NONE',  ( -39.21211990792613022, 7.258513140623238158, 1.472800000000076492 ) ) ;
#5924 = FACE_OUTER_BOUND ( 'NONE', #3837, .T. ) ;
#5925 = FILL_AREA_STYLE_COLOUR ( '', #5583 ) ;
#5926 = COLOUR_RGB ( '',0.6470588235294117974, 0.6196078431372549211, 0.5882352941176470784 ) ;
#5927 = UNCERTAINTY_MEASURE_WITH_UNIT (LENGTH_MEASURE( 1.000000000000000082E-05 ), #7412, 'distance_accuracy_value', 'NONE');
#5928 = EDGE_CURVE ( 'NONE', #9090, #554, #7258, .T. ) ;
#5929 = ORIENTED_EDGE ( 'NONE', *, *, #4188, .F. ) ;
#5930 = CARTESIAN_POINT ( 'NONE',  ( -45.88039062757600561, 7.056012965964359118, -1.264999999999999902 ) ) ;
#5931 = CARTESIAN_POINT ( 'NONE',  ( -21.58039062757600846, -9.643987034035646388, 1.205000000000000071 ) ) ;
#5932 =( NAMED_UNIT ( * ) PLANE_ANGLE_UNIT ( ) SI_UNIT ( $, .RADIAN. ) );
#5933 = VECTOR ( 'NONE', #7902, 1000.000000000000000 ) ;
#5934 = CARTESIAN_POINT ( 'NONE',  ( -38.14039062757601073, 7.206012965964358585, -1.245000000000000107 ) ) ;
#5935 = LINE ( 'NONE', #5177, #5152 ) ;
#5936 = LINE ( 'NONE', #3857, #3353 ) ;
#5937 = CARTESIAN_POINT ( 'NONE',  ( -35.91651990792611571, 7.512513140623233276, 1.367589755157312181 ) ) ;
#5938 = PRESENTATION_LAYER_ASSIGNMENT (  '', '', ( #4722 ) ) ;
#5939 = CYLINDRICAL_SURFACE ( 'NONE', #1293, 0.2539999999999972835 ) ;
#5940 = PRESENTATION_LAYER_ASSIGNMENT (  '', '', ( #7712 ) ) ;
#5941 = CARTESIAN_POINT ( 'NONE',  ( -28.82731649811006136, -18.17589249420970887, 0.03398883565037071758 ) ) ;
#5942 = ORIENTED_EDGE ( 'NONE', *, *, #7798, .T. ) ;
#5943 = VECTOR ( 'NONE', #2093, 1000.000000000000000 ) ;
#5944 = STYLED_ITEM ( 'NONE', ( #7106 ), #2220 ) ;
#5945 = FACE_OUTER_BOUND ( 'NONE', #8921, .T. ) ;
#5946 = COLOUR_RGB ( '',0.7529411764705882248, 0.7529411764705882248, 0.7529411764705882248 ) ;
#5947 = COLOUR_RGB ( '',0.000000000000000000, 0.000000000000000000, 0.000000000000000000 ) ;
#5948 = FILL_AREA_STYLE_COLOUR ( '', #2783 ) ;
#5949 = ORIENTED_EDGE ( 'NONE', *, *, #922, .F. ) ;
#5950 = EDGE_LOOP ( 'NONE', ( #143, #8676, #6556, #3758 ) ) ;
#5951 = AXIS2_PLACEMENT_3D ( 'NONE', #8099, #1704, #5007 ) ;
#5952 = CARTESIAN_POINT ( 'NONE',  ( -36.60742597117810959, 6.032913140623307413, -3.530999999999936634 ) ) ;
#5953 = CARTESIAN_POINT ( 'NONE',  ( -36.60742597117763353, 8.369713140623288083, -3.530999999999912209 ) ) ;
#5954 = EDGE_CURVE ( 'NONE', #5819, #6328, #3023, .T. ) ;
#5955 = CARTESIAN_POINT ( 'NONE',  ( -20.98039062757600703, -18.30398703403564298, -1.245000000000000107 ) ) ;
#5956 = CARTESIAN_POINT ( 'NONE',  ( -23.55039062757601087, -8.053987034035651860, 1.265000000000000124 ) ) ;
#5957 = SURFACE_SIDE_STYLE ('',( #7447 ) ) ;
#5958 = CYLINDRICAL_SURFACE ( 'NONE', #5694, 1.799999999999999600 ) ;
#5959 = ORIENTED_EDGE ( 'NONE', *, *, #5764, .T. ) ;
#5960 = ORIENTED_EDGE ( 'NONE', *, *, #8460, .T. ) ;
#5961 = ADVANCED_FACE ( 'NONE', ( #5924 ), #3129, .T. ) ;
#5962 = VECTOR ( 'NONE', #1679, 1000.000000000000000 ) ;
#5963 = EDGE_LOOP ( 'NONE', ( #5344, #8473, #180, #8965 ) ) ;
#5964 = SURFACE_SIDE_STYLE ('',( #8261 ) ) ;
#5965 =( NAMED_UNIT ( * ) PLANE_ANGLE_UNIT ( ) SI_UNIT ( $, .RADIAN. ) );
#5966 = SURFACE_STYLE_FILL_AREA ( #6585 ) ;
#5967 = PRESENTATION_STYLE_ASSIGNMENT (( #1692 ) ) ;
#5968 = EDGE_LOOP ( 'NONE', ( #394, #3848, #6855, #1934 ) ) ;
#5969 = LINE ( 'NONE', #8143, #5798 ) ;
#5970 = CARTESIAN_POINT ( 'NONE',  ( -39.82267328534919670, -14.00398703403564227, 1.205000000000000071 ) ) ;
#5971 = EDGE_CURVE ( 'NONE', #8639, #3931, #3753, .T. ) ;
#5972 = FACE_BOUND ( 'NONE', #4149, .T. ) ;
#5973 = FILL_AREA_STYLE_COLOUR ( '', #9018 ) ;
#5974 =( NAMED_UNIT ( * ) PLANE_ANGLE_UNIT ( ) SI_UNIT ( $, .RADIAN. ) );
#5975 = EDGE_CURVE ( 'NONE', #8169, #1250, #6194, .T. ) ;
#5976 = PRESENTATION_STYLE_ASSIGNMENT (( #6070 ) ) ;
#5977 = LINE ( 'NONE', #2976, #7591 ) ;
#5978 = ORIENTED_EDGE ( 'NONE', *, *, #6763, .F. ) ;
#5979 = DIRECTION ( 'NONE',  ( 0.000000000000000000, 1.000000000000000000, 0.000000000000000000 ) ) ;
#5980 =( LENGTH_UNIT ( ) NAMED_UNIT ( * ) SI_UNIT ( .MILLI., .METRE. ) );
#5981 = DIRECTION ( 'NONE',  ( -1.000000000000000000, -0.000000000000000000, -0.000000000000000000 ) ) ;
#5982 = DIRECTION ( 'NONE',  ( -0.000000000000000000, 1.000000000000000000, 0.000000000000000000 ) ) ;
#5983 = PRESENTATION_LAYER_ASSIGNMENT (  '', '', ( #4773 ) ) ;
#5984 = SURFACE_STYLE_USAGE ( .BOTH. , #6701 ) ;
#5985 = FILL_AREA_STYLE ('',( #6702 ) ) ;
#5986 = ORIENTED_EDGE ( 'NONE', *, *, #5857, .T. ) ;
#5987 = EDGE_LOOP ( 'NONE', ( #1189, #7858, #8551, #6403 ) ) ;
#5988 = PRESENTATION_LAYER_ASSIGNMENT (  '', '', ( #2830 ) ) ;
#5989 = VECTOR ( 'NONE', #6057, 1000.000000000000000 ) ;
#5990 = ORIENTED_EDGE ( 'NONE', *, *, #6948, .T. ) ;
#5991 = CARTESIAN_POINT ( 'NONE',  ( -30.21416990792612722, 7.512463140623288460, -3.530999999999921535 ) ) ;
#5992 = CARTESIAN_POINT ( 'NONE',  ( -22.78039062757601130, -16.50398703403563871, -0.2449999999999997735 ) ) ;
#5993 = LINE ( 'NONE', #4322, #4558 ) ;
#5994 = SURFACE_STYLE_FILL_AREA ( #6181 ) ;
#5995 = PRESENTATION_STYLE_ASSIGNMENT (( #8124 ) ) ;
#5996 = ORIENTED_EDGE ( 'NONE', *, *, #8958, .F. ) ;
#5997 = VERTEX_POINT ( 'NONE', #6100 ) ;
#5998 =( GEOMETRIC_REPRESENTATION_CONTEXT ( 3 ) GLOBAL_UNCERTAINTY_ASSIGNED_CONTEXT ( ( #1823 ) ) GLOBAL_UNIT_ASSIGNED_CONTEXT ( ( #6024, #2456, #1708 ) ) REPRESENTATION_CONTEXT ( 'NONE', 'WORKASPACE' ) );
#5999 = VECTOR ( 'NONE', #1772, 1000.000000000000000 ) ;
#6000 = ADVANCED_FACE ( 'NONE', ( #8134 ), #6145, .T. ) ;
#6001 = MECHANICAL_DESIGN_GEOMETRIC_PRESENTATION_REPRESENTATION (  '', ( #8505 ), #8805 ) ;
#6002 = ORIENTED_EDGE ( 'NONE', *, *, #3872, .F. ) ;
#6003 = FACE_OUTER_BOUND ( 'NONE', #1122, .T. ) ;
#6004 = LINE ( 'NONE', #6765, #6595 ) ;
#6005 = PRESENTATION_STYLE_ASSIGNMENT (( #2386 ) ) ;
#6006 = DIRECTION ( 'NONE',  ( -0.000000000000000000, 1.000000000000000000, 1.047444401652940007E-14 ) ) ;
#6007 = PRESENTATION_LAYER_ASSIGNMENT (  '', '', ( #756 ) ) ;
#6008 = CARTESIAN_POINT ( 'NONE',  ( -35.09731990792612066, 6.032913140623263892, -1.244999999999930163 ) ) ;
#6009 = UNCERTAINTY_MEASURE_WITH_UNIT (LENGTH_MEASURE( 1.000000000000000082E-05 ), #3098, 'distance_accuracy_value', 'NONE');
#6010 = ORIENTED_EDGE ( 'NONE', *, *, #6746, .F. ) ;
#6011 = LINE ( 'NONE', #288, #1628 ) ;
#6012 = COLOUR_RGB ( '',0.7529411764705882248, 0.7529411764705882248, 0.7529411764705882248 ) ;
#6013 = DIRECTION ( 'NONE',  ( 0.000000000000000000, 1.000000000000000000, -0.000000000000000000 ) ) ;
#6014 = LINE ( 'NONE', #1744, #5757 ) ;
#6015 = SURFACE_SIDE_STYLE ('',( #3946 ) ) ;
#6016 = DIRECTION ( 'NONE',  ( 0.000000000000000000, 1.000000000000000000, 1.047444401652940007E-14 ) ) ;
#6017 = PRODUCT_DEFINITION_SHAPE ( 'NONE', 'NONE',  #891 ) ;
#6018 = FACE_OUTER_BOUND ( 'NONE', #3186, .T. ) ;
#6019 = FILL_AREA_STYLE ('',( #295 ) ) ;
#6020 = CARTESIAN_POINT ( 'NONE',  ( -33.00816990792611705, 7.201313140623347486, -9.118999999999921613 ) ) ;
#6021 = LINE ( 'NONE', #3057, #4135 ) ;
#6022 = EDGE_CURVE ( 'NONE', #4673, #4215, #8878, .T. ) ;
#6023 = DIRECTION ( 'NONE',  ( -1.000000000000000000, -0.000000000000000000, -0.000000000000000000 ) ) ;
#6024 =( LENGTH_UNIT ( ) NAMED_UNIT ( * ) SI_UNIT ( .MILLI., .METRE. ) );
#6025 = SURFACE_STYLE_USAGE ( .BOTH. , #3728 ) ;
#6026 = LINE ( 'NONE', #5465, #7968 ) ;
#6027 = DIRECTION ( 'NONE',  ( -0.000000000000000000, -0.000000000000000000, -1.000000000000000000 ) ) ;
#6028 = VECTOR ( 'NONE', #2720, 1000.000000000000000 ) ;
#6029 = LINE ( 'NONE', #7376, #1954 ) ;
#6030 = PRESENTATION_LAYER_ASSIGNMENT (  '', '', ( #9146 ) ) ;
#6031 =( NAMED_UNIT ( * ) PLANE_ANGLE_UNIT ( ) SI_UNIT ( $, .RADIAN. ) );
#6032 = ORIENTED_EDGE ( 'NONE', *, *, #5873, .F. ) ;
#6033 = ORIENTED_EDGE ( 'NONE', *, *, #2189, .T. ) ;
#6034 = AXIS2_PLACEMENT_3D ( 'NONE', #610, #9119, #7776 ) ;
#6035 = DIRECTION ( 'NONE',  ( -0.000000000000000000, 1.000000000000000000, 1.047444401652940007E-14 ) ) ;
#6036 = EDGE_LOOP ( 'NONE', ( #72, #5766, #7309, #1718 ) ) ;
#6037 = EDGE_CURVE ( 'NONE', #4968, #3510, #8240, .T. ) ;
#6038 = AXIS2_PLACEMENT_3D ( 'NONE', #7370, #172, #6646 ) ;
#6039 = VECTOR ( 'NONE', #2823, 1000.000000000000000 ) ;
#6040 = DIRECTION ( 'NONE',  ( -1.000000000000000000, 0.000000000000000000, -0.000000000000000000 ) ) ;
#6041 = SURFACE_STYLE_FILL_AREA ( #4313 ) ;
#6042 = STYLED_ITEM ( 'NONE', ( #5487 ), #772 ) ;
#6043 = PRESENTATION_LAYER_ASSIGNMENT (  '', '', ( #5142 ) ) ;
#6044 = UNCERTAINTY_MEASURE_WITH_UNIT (LENGTH_MEASURE( 1.000000000000000082E-05 ), #5016, 'distance_accuracy_value', 'NONE');
#6045 = DIRECTION ( 'NONE',  ( -0.5000000000000024425, -0.8660254037844372643, -8.871936606718224421E-15 ) ) ;
#6046 = PLANE ( 'NONE',  #3834 ) ;
#6047 = DIRECTION ( 'NONE',  ( 1.000000000000000000, 0.000000000000000000, 0.000000000000000000 ) ) ;
#6048 = CARTESIAN_POINT ( 'NONE',  ( -22.78039062757601130, 7.056012965964359118, -1.264999999999999902 ) ) ;
#6049 = STYLED_ITEM ( 'NONE', ( #1375 ), #8282 ) ;
#6050 = MECHANICAL_DESIGN_GEOMETRIC_PRESENTATION_REPRESENTATION (  '', ( #8543 ), #490 ) ;
#6051 = EDGE_LOOP ( 'NONE', ( #24, #8922, #1684, #9249 ) ) ;
#6052 = ORIENTED_EDGE ( 'NONE', *, *, #7861, .T. ) ;
#6053 = PRESENTATION_LAYER_ASSIGNMENT (  '', '', ( #6196 ) ) ;
#6054 = EDGE_LOOP ( 'NONE', ( #1305, #1524, #1041, #9017 ) ) ;
#6055 = FILL_AREA_STYLE ('',( #4633 ) ) ;
#6056 = MECHANICAL_DESIGN_GEOMETRIC_PRESENTATION_REPRESENTATION (  '', ( #8405 ), #4397 ) ;
#6057 = DIRECTION ( 'NONE',  ( 0.000000000000000000, -1.000000000000000000, -0.000000000000000000 ) ) ;
#6058 = CARTESIAN_POINT ( 'NONE',  ( -45.88039062757600561, 7.056012965964359118, -1.264999999999999902 ) ) ;
#6059 =( NAMED_UNIT ( * ) SI_UNIT ( $, .STERADIAN. ) SOLID_ANGLE_UNIT ( ) );
#6060 = ADVANCED_FACE ( 'NONE', ( #6939 ), #3317, .F. ) ;
#6061 = ORIENTED_EDGE ( 'NONE', *, *, #8453, .T. ) ;
#6062 = PRESENTATION_STYLE_ASSIGNMENT (( #3890 ) ) ;
#6063 =( NAMED_UNIT ( * ) SI_UNIT ( $, .STERADIAN. ) SOLID_ANGLE_UNIT ( ) );
#6064 = PRESENTATION_STYLE_ASSIGNMENT (( #5312 ) ) ;
#6065 = CARTESIAN_POINT ( 'NONE',  ( -35.54811990792612164, 7.201313140623239129, 1.218800000000076267 ) ) ;
#6066 = EDGE_CURVE ( 'NONE', #6136, #6081, #3934, .T. ) ;
#6067 = LINE ( 'NONE', #7414, #7284 ) ;
#6068 = EDGE_LOOP ( 'NONE', ( #2380, #3037, #153, #800 ) ) ;
#6069 = PRESENTATION_STYLE_ASSIGNMENT (( #5366 ) ) ;
#6070 = SURFACE_STYLE_USAGE ( .BOTH. , #1664 ) ;
#6071 = EDGE_CURVE ( 'NONE', #7849, #2610, #1209, .T. ) ;
#6072 = DIRECTION ( 'NONE',  ( 0.000000000000000000, 0.000000000000000000, 1.000000000000000000 ) ) ;
#6073 =( NAMED_UNIT ( * ) SI_UNIT ( $, .STERADIAN. ) SOLID_ANGLE_UNIT ( ) );
#6074 = CARTESIAN_POINT ( 'NONE',  ( -21.08039062757600846, -14.00398703403564227, 1.041666666666666963 ) ) ;
#6075 = SURFACE_STYLE_USAGE ( .BOTH. , #1185 ) ;
#6076 = VECTOR ( 'NONE', #8785, 1000.000000000000000 ) ;
#6077 = CARTESIAN_POINT ( 'NONE',  ( -47.68039062757600988, 9.556012965964352901, -0.2449999999999997735 ) ) ;
#6078 = FACE_OUTER_BOUND ( 'NONE', #45, .T. ) ;
#6079 = ORIENTED_EDGE ( 'NONE', *, *, #643, .F. ) ;
#6080 = CARTESIAN_POINT ( 'NONE',  ( -47.68039062757600988, -18.30398703403564653, -0.2449999999999997735 ) ) ;
#6081 = VERTEX_POINT ( 'NONE', #8223 ) ;
#6082 = VECTOR ( 'NONE', #2263, 1000.000000000000000 ) ;
#6083 = VECTOR ( 'NONE', #8640, 1000.000000000000000 ) ;
#6084 = DIRECTION ( 'NONE',  ( 0.000000000000000000, 1.000000000000000000, -0.000000000000000000 ) ) ;
#6085 = DIRECTION ( 'NONE',  ( 0.000000000000000000, 1.047444401652940007E-14, -1.000000000000000000 ) ) ;
#6086 = FILL_AREA_STYLE ('',( #6750 ) ) ;
#6087 = PRESENTATION_LAYER_ASSIGNMENT (  '', '', ( #5494 ) ) ;
#6088 =( NAMED_UNIT ( * ) PLANE_ANGLE_UNIT ( ) SI_UNIT ( $, .RADIAN. ) );
#6089 = FILL_AREA_STYLE ('',( #358 ) ) ;
#6090 =( LENGTH_UNIT ( ) NAMED_UNIT ( * ) SI_UNIT ( .MILLI., .METRE. ) );
#6091 = EDGE_CURVE ( 'NONE', #7655, #3349, #4679, .T. ) ;
#6092 = VECTOR ( 'NONE', #4332, 1000.000000000000000 ) ;
#6093 = ORIENTED_EDGE ( 'NONE', *, *, #23, .F. ) ;
#6094 = EDGE_CURVE ( 'NONE', #5392, #8127, #3667, .T. ) ;
#6095 = ORIENTED_EDGE ( 'NONE', *, *, #8199, .T. ) ;
#6096 = VECTOR ( 'NONE', #9211, 1000.000000000000000 ) ;
#6097 = VERTEX_POINT ( 'NONE', #7122 ) ;
#6098 = DIRECTION ( 'NONE',  ( 1.000000000000000000, 0.000000000000000000, 0.000000000000000000 ) ) ;
#6099 = FILL_AREA_STYLE_COLOUR ( '', #2751 ) ;
#6100 = CARTESIAN_POINT ( 'NONE',  ( -39.82267328534919670, -14.00398703403564227, 1.205000000000000071 ) ) ;
#6101 = CARTESIAN_POINT ( 'NONE',  ( -30.83646990792612641, 7.512463140623303559, -3.530999999999921535 ) ) ;
#6102 = UNCERTAINTY_MEASURE_WITH_UNIT (LENGTH_MEASURE( 1.000000000000000082E-05 ), #6446, 'distance_accuracy_value', 'NONE');
#6103 =( GEOMETRIC_REPRESENTATION_CONTEXT ( 3 ) GLOBAL_UNCERTAINTY_ASSIGNED_CONTEXT ( ( #5006 ) ) GLOBAL_UNIT_ASSIGNED_CONTEXT ( ( #2646, #4054, #3397 ) ) REPRESENTATION_CONTEXT ( 'NONE', 'WORKASPACE' ) );
#6104 = VERTEX_POINT ( 'NONE', #2659 ) ;
#6105 = CARTESIAN_POINT ( 'NONE',  ( -39.21211990792613022, 7.144113140623235658, 1.472800000000075382 ) ) ;
#6106 = CARTESIAN_POINT ( 'NONE',  ( -29.82736094035740138, -18.29409031937256103, -0.2464335406786998528 ) ) ;
#6107 =( GEOMETRIC_REPRESENTATION_CONTEXT ( 3 ) GLOBAL_UNCERTAINTY_ASSIGNED_CONTEXT ( ( #6232 ) ) GLOBAL_UNIT_ASSIGNED_CONTEXT ( ( #4893, #6405, #2820 ) ) REPRESENTATION_CONTEXT ( 'NONE', 'WORKASPACE' ) );
#6108 = DIRECTION ( 'NONE',  ( 1.000000000000000000, 0.000000000000000000, 0.000000000000000000 ) ) ;
#6109 = AXIS2_PLACEMENT_3D ( 'NONE', #5185, #6072, #4658 ) ;
#6110 =( NAMED_UNIT ( * ) SI_UNIT ( $, .STERADIAN. ) SOLID_ANGLE_UNIT ( ) );
#6111 = CARTESIAN_POINT ( 'NONE',  ( -33.37651990792611656, 7.512513140623268804, 1.472800000000072718 ) ) ;
#6112 = LINE ( 'NONE', #9027, #8704 ) ;
#6113 = CARTESIAN_POINT ( 'NONE',  ( -44.08039062757600135, 7.056012965964359118, -0.2349999999999997369 ) ) ;
#6114 = CARTESIAN_POINT ( 'NONE',  ( -39.21211990792613022, 6.032913140623269221, -1.244999999999936158 ) ) ;
#6115 = EDGE_CURVE ( 'NONE', #471, #8314, #5529, .T. ) ;
#6116 = STYLED_ITEM ( 'NONE', ( #6062 ), #1082 ) ;
#6117 = SURFACE_SIDE_STYLE ('',( #2547 ) ) ;
#6118 = DIRECTION ( 'NONE',  ( 0.000000000000000000, 0.000000000000000000, 1.000000000000000000 ) ) ;
#6119 = CARTESIAN_POINT ( 'NONE',  ( -21.78039062757600774, -16.50398703403563871, -1.264999999999999902 ) ) ;
#6120 = PRESENTATION_STYLE_ASSIGNMENT (( #3912 ) ) ;
#6121 = CARTESIAN_POINT ( 'NONE',  ( -28.82731649811005781, -16.30398703403564653, -1.254999999999999893 ) ) ;
#6122 = CYLINDRICAL_SURFACE ( 'NONE', #6450, 0.2540000000000007807 ) ;
#6123 = DIRECTION ( 'NONE',  ( -1.000000000000000000, 0.000000000000000000, 0.000000000000000000 ) ) ;
#6124 = ORIENTED_EDGE ( 'NONE', *, *, #6883, .T. ) ;
#6125 = PRESENTATION_STYLE_ASSIGNMENT (( #2510 ) ) ;
#6126 = VERTEX_POINT ( 'NONE', #1352 ) ;
#6127 = MECHANICAL_DESIGN_GEOMETRIC_PRESENTATION_REPRESENTATION (  '', ( #899 ), #3271 ) ;
#6128 = UNCERTAINTY_MEASURE_WITH_UNIT (LENGTH_MEASURE( 1.000000000000000082E-05 ), #4123, 'distance_accuracy_value', 'NONE');
#6129 = DIRECTION ( 'NONE',  ( 1.000000000000000000, 0.000000000000000000, -0.000000000000000000 ) ) ;
#6130 = CARTESIAN_POINT ( 'NONE',  ( -36.60742597117767616, 8.369713140623208147, -3.530999999999912209 ) ) ;
#6131 = EDGE_CURVE ( 'NONE', #2875, #7047, #696, .T. ) ;
#6132 = CARTESIAN_POINT ( 'NONE',  ( -29.82736094035740138, -18.13414632975169383, 0.8895037257659451635 ) ) ;
#6133 = CARTESIAN_POINT ( 'NONE',  ( -38.20251990792611707, 7.144113140623235658, 1.472800000000075604 ) ) ;
#6134 = AXIS2_PLACEMENT_3D ( 'NONE', #3229, #3981, #8926 ) ;
#6135 = ORIENTED_EDGE ( 'NONE', *, *, #503, .F. ) ;
#6136 = VERTEX_POINT ( 'NONE', #6991 ) ;
#6137 = ADVANCED_FACE ( 'NONE', ( #4168 ), #4115, .F. ) ;
#6138 = EDGE_LOOP ( 'NONE', ( #3228, #2655 ) ) ;
#6139 = DIRECTION ( 'NONE',  ( -0.000000000000000000, 1.000000000000000000, 1.047444401652940007E-14 ) ) ;
#6140 = FILL_AREA_STYLE_COLOUR ( '', #8106 ) ;
#6141 = VECTOR ( 'NONE', #5738, 1000.000000000000114 ) ;
#6142 = EDGE_CURVE ( 'NONE', #8116, #6479, #8487, .T. ) ;
#6143 = CARTESIAN_POINT ( 'NONE',  ( -30.01731990792611526, 8.369713140623264991, -1.244999999999911955 ) ) ;
#6144 = CARTESIAN_POINT ( 'NONE',  ( -39.82267328534919670, -14.00398703403564049, 1.215000000000000080 ) ) ;
#6145 = PLANE ( 'NONE',  #1540 ) ;
#6146 =( NAMED_UNIT ( * ) PLANE_ANGLE_UNIT ( ) SI_UNIT ( $, .RADIAN. ) );
#6147 = CARTESIAN_POINT ( 'NONE',  ( -33.00816990792611705, 7.258463140623347520, -9.372999999999921172 ) ) ;
#6148 = VECTOR ( 'NONE', #7576, 1000.000000000000000 ) ;
#6149 = AXIS2_PLACEMENT_3D ( 'NONE', #4393, #5709, #783 ) ;
#6150 =( GEOMETRIC_REPRESENTATION_CONTEXT ( 3 ) GLOBAL_UNCERTAINTY_ASSIGNED_CONTEXT ( ( #9232 ) ) GLOBAL_UNIT_ASSIGNED_CONTEXT ( ( #6774, #1788, #375 ) ) REPRESENTATION_CONTEXT ( 'NONE', 'WORKASPACE' ) );
#6151 = EDGE_CURVE ( 'NONE', #4622, #4365, #2006, .T. ) ;
#6152 = EDGE_LOOP ( 'NONE', ( #4667, #9208, #9079, #6201 ) ) ;
#6153 = CARTESIAN_POINT ( 'NONE',  ( -46.88039062757600561, 7.056012965964359118, -1.264999999999999902 ) ) ;
#6154 =( GEOMETRIC_REPRESENTATION_CONTEXT ( 3 ) GLOBAL_UNCERTAINTY_ASSIGNED_CONTEXT ( ( #140 ) ) GLOBAL_UNIT_ASSIGNED_CONTEXT ( ( #3424, #7550, #7692 ) ) REPRESENTATION_CONTEXT ( 'NONE', 'WORKASPACE' ) );
#6155 = EDGE_CURVE ( 'NONE', #2377, #3540, #9213, .T. ) ;
#6156 =( NAMED_UNIT ( * ) PLANE_ANGLE_UNIT ( ) SI_UNIT ( $, .RADIAN. ) );
#6157 = DIRECTION ( 'NONE',  ( 0.000000000000000000, 0.000000000000000000, 1.000000000000000000 ) ) ;
#6158 = PRESENTATION_LAYER_ASSIGNMENT (  '', '', ( #921 ) ) ;
#6159 = SURFACE_STYLE_FILL_AREA ( #3280 ) ;
#6160 = PLANE ( 'NONE',  #3813 ) ;
#6161 = PLANE ( 'NONE',  #6386 ) ;
#6162 = ORIENTED_EDGE ( 'NONE', *, *, #7745, .F. ) ;
#6163 = LINE ( 'NONE', #5319, #3638 ) ;
#6164 = FILL_AREA_STYLE_COLOUR ( '', #7935 ) ;
#6165 =( GEOMETRIC_REPRESENTATION_CONTEXT ( 3 ) GLOBAL_UNCERTAINTY_ASSIGNED_CONTEXT ( ( #2364 ) ) GLOBAL_UNIT_ASSIGNED_CONTEXT ( ( #1141, #477, #4749 ) ) REPRESENTATION_CONTEXT ( 'NONE', 'WORKASPACE' ) );
#6166 =( NAMED_UNIT ( * ) PLANE_ANGLE_UNIT ( ) SI_UNIT ( $, .RADIAN. ) );
#6167 = CARTESIAN_POINT ( 'NONE',  ( -33.57331990792611975, 8.369713140623263214, -1.575199999999936429 ) ) ;
#6168 = CARTESIAN_POINT ( 'NONE',  ( -39.82267328534919670, -18.30398703403564653, -0.2450000000000049916 ) ) ;
#6169 = DIRECTION ( 'NONE',  ( 6.566942292462172298E-16, 0.000000000000000000, -1.000000000000000000 ) ) ;
#6170 = CARTESIAN_POINT ( 'NONE',  ( -23.55039062757601087, 3.166012965964347003, 1.265000000000000124 ) ) ;
#6171 = UNCERTAINTY_MEASURE_WITH_UNIT (LENGTH_MEASURE( 1.000000000000000082E-05 ), #3497, 'distance_accuracy_value', 'NONE');
#6172 = DIRECTION ( 'NONE',  ( -1.000000000000000000, -0.000000000000000000, -0.000000000000000000 ) ) ;
#6173 = EDGE_CURVE ( 'NONE', #5069, #3652, #6246, .T. ) ;
#6174 = FILL_AREA_STYLE_COLOUR ( '', #3741 ) ;
#6175 = SURFACE_SIDE_STYLE ('',( #5471 ) ) ;
#6176 = EDGE_LOOP ( 'NONE', ( #851, #2185, #8353 ) ) ;
#6177 = VERTEX_POINT ( 'NONE', #9110 ) ;
#6178 = LINE ( 'NONE', #2648, #6607 ) ;
#6179 = FILL_AREA_STYLE_COLOUR ( '', #4284 ) ;
#6180 =( NAMED_UNIT ( * ) SI_UNIT ( $, .STERADIAN. ) SOLID_ANGLE_UNIT ( ) );
#6181 = FILL_AREA_STYLE ('',( #1158 ) ) ;
#6182 = CARTESIAN_POINT ( 'NONE',  ( -28.82731649811005781, -14.00398703403564227, 1.188115484370647401 ) ) ;
#6183 = FILL_AREA_STYLE_COLOUR ( '', #1268 ) ;
#6184 =( NAMED_UNIT ( * ) SI_UNIT ( $, .STERADIAN. ) SOLID_ANGLE_UNIT ( ) );
#6185 = CARTESIAN_POINT ( 'NONE',  ( -38.45651990792611485, 6.890113140623239651, 1.218800000000075823 ) ) ;
#6186 = ORIENTED_EDGE ( 'NONE', *, *, #5100, .T. ) ;
#6187 = ORIENTED_EDGE ( 'NONE', *, *, #4214, .F. ) ;
#6188 = VECTOR ( 'NONE', #8760, 1000.000000000000000 ) ;
#6189 = COLOUR_RGB ( '',0.000000000000000000, 0.000000000000000000, 0.000000000000000000 ) ;
#6190 =( LENGTH_UNIT ( ) NAMED_UNIT ( * ) SI_UNIT ( .MILLI., .METRE. ) );
#6191 = EDGE_CURVE ( 'NONE', #5058, #2710, #6344, .T. ) ;
#6192 = CARTESIAN_POINT ( 'NONE',  ( -47.58039062757602267, -14.00398703403564227, -0.2449999999999997735 ) ) ;
#6193 = LINE ( 'NONE', #5623, #1115 ) ;
#6194 = LINE ( 'NONE', #3268, #9148 ) ;
#6195 = LINE ( 'NONE', #8264, #4430 ) ;
#6196 = STYLED_ITEM ( 'NONE', ( #2917 ), #5579 ) ;
#6197 = UNCERTAINTY_MEASURE_WITH_UNIT (LENGTH_MEASURE( 1.000000000000000082E-05 ), #1051, 'distance_accuracy_value', 'NONE');
#6198 = VERTEX_POINT ( 'NONE', #603 ) ;
#6199 = VECTOR ( 'NONE', #9070, 1000.000000000000000 ) ;
#6200 = STYLED_ITEM ( 'NONE', ( #2796 ), #4632 ) ;
#6201 = ORIENTED_EDGE ( 'NONE', *, *, #2523, .F. ) ;
#6202 = DIRECTION ( 'NONE',  ( 1.000000000000000000, 0.000000000000000000, 0.000000000000000000 ) ) ;
#6203 =( NAMED_UNIT ( * ) PLANE_ANGLE_UNIT ( ) SI_UNIT ( $, .RADIAN. ) );
#6204 = DIRECTION ( 'NONE',  ( -0.000000000000000000, -0.000000000000000000, -1.000000000000000000 ) ) ;
#6205 =( LENGTH_UNIT ( ) NAMED_UNIT ( * ) SI_UNIT ( .MILLI., .METRE. ) );
#6206 = PRESENTATION_STYLE_ASSIGNMENT (( #3332 ) ) ;
#6207 = DIRECTION ( 'NONE',  ( 0.000000000000000000, -1.000000000000000000, -1.047444401652940007E-14 ) ) ;
#6208 = ORIENTED_EDGE ( 'NONE', *, *, #4180, .T. ) ;
#6209 = SURFACE_SIDE_STYLE ('',( #4038 ) ) ;
#6210 = AXIS2_PLACEMENT_3D ( 'NONE', #6787, #8028, #3022 ) ;
#6211 = DIRECTION ( 'NONE',  ( 1.000000000000000000, 0.000000000000000000, 0.000000000000000000 ) ) ;
#6212 = EDGE_CURVE ( 'NONE', #4742, #6126, #5439, .T. ) ;
#6213 = EDGE_LOOP ( 'NONE', ( #1504, #4354, #1385, #5504 ) ) ;
#6214 = EDGE_CURVE ( 'NONE', #6507, #9172, #7770, .T. ) ;
#6215 = VECTOR ( 'NONE', #6773, 1000.000000000000000 ) ;
#6216 = DIRECTION ( 'NONE',  ( 0.000000000000000000, 1.047444401652940007E-14, -1.000000000000000000 ) ) ;
#6217 = VECTOR ( 'NONE', #5479, 1000.000000000000000 ) ;
#6218 = SURFACE_STYLE_FILL_AREA ( #7511 ) ;
#6219 = CARTESIAN_POINT ( 'NONE',  ( -21.08039062757600846, -14.00398703403564049, 1.205000000000000071 ) ) ;
#6220 = PLANE ( 'NONE',  #5141 ) ;
#6221 = DIRECTION ( 'NONE',  ( 0.000000000000000000, -1.047444401652940007E-14, 1.000000000000000000 ) ) ;
#6222 = CARTESIAN_POINT ( 'NONE',  ( -30.01731990792611526, 6.032913140623267445, -1.575199999999936429 ) ) ;
#6223 = CARTESIAN_POINT ( 'NONE',  ( -39.21211990792613022, 7.144113140623238323, 1.218800000000075823 ) ) ;
#6224 = AXIS2_PLACEMENT_3D ( 'NONE', #5411, #8834, #2497 ) ;
#6225 = ORIENTED_EDGE ( 'NONE', *, *, #5865, .T. ) ;
#6226 = FILL_AREA_STYLE ('',( #437 ) ) ;
#6227 = ORIENTED_EDGE ( 'NONE', *, *, #8330, .F. ) ;
#6228 = LINE ( 'NONE', #9094, #10 ) ;
#6229 = CARTESIAN_POINT ( 'NONE',  ( -37.19401384467462179, 6.032913140623297643, -3.530999999999936634 ) ) ;
#6230 = STYLED_ITEM ( 'NONE', ( #3608 ), #6770 ) ;
#6231 = DIRECTION ( 'NONE',  ( -1.000000000000000000, -1.309225264888156130E-16, 0.000000000000000000 ) ) ;
#6232 = UNCERTAINTY_MEASURE_WITH_UNIT (LENGTH_MEASURE( 1.000000000000000082E-05 ), #4893, 'distance_accuracy_value', 'NONE');
#6233 = SURFACE_STYLE_FILL_AREA ( #5569 ) ;
#6234 = SURFACE_STYLE_FILL_AREA ( #495 ) ;
#6235 = SURFACE_SIDE_STYLE ('',( #6932 ) ) ;
#6236 = ORIENTED_EDGE ( 'NONE', *, *, #1258, .F. ) ;
#6237 = ORIENTED_EDGE ( 'NONE', *, *, #5401, .F. ) ;
#6238 = CIRCLE ( 'NONE', #4574, 1.000000000000000888 ) ;
#6239 = VECTOR ( 'NONE', #3207, 1000.000000000000000 ) ;
#6240 = STYLED_ITEM ( 'NONE', ( #3714 ), #7614 ) ;
#6241 = EDGE_CURVE ( 'NONE', #3575, #4062, #4966, .T. ) ;
#6242 = CARTESIAN_POINT ( 'NONE',  ( -30.52039062757600618, 7.206012965964358585, -1.245000000000000107 ) ) ;
#6243 = CARTESIAN_POINT ( 'NONE',  ( -38.08816990792612245, 7.201313140623347486, -9.118999999999921613 ) ) ;
#6244 = AXIS2_PLACEMENT_3D ( 'NONE', #3646, #2951, #6525 ) ;
#6245 = PRESENTATION_LAYER_ASSIGNMENT (  '', '', ( #1010 ) ) ;
#6246 = LINE ( 'NONE', #4871, #3331 ) ;
#6247 = VECTOR ( 'NONE', #6748, 1000.000000000000000 ) ;
#6248 = CARTESIAN_POINT ( 'NONE',  ( -30.52039062757600618, 7.206012965964358585, -0.2449999999999997735 ) ) ;
#6249 = ORIENTED_EDGE ( 'NONE', *, *, #2962, .F. ) ;
#6250 = VECTOR ( 'NONE', #9011, 1000.000000000000000 ) ;
#6251 = ADVANCED_FACE ( 'NONE', ( #5202 ), #789, .T. ) ;
#6252 = EDGE_LOOP ( 'NONE', ( #8775, #1915, #8281, #2254 ) ) ;
#6253 = CIRCLE ( 'NONE', #4590, 1.000000000000000888 ) ;
#6254 = ORIENTED_EDGE ( 'NONE', *, *, #6268, .T. ) ;
#6255 = CARTESIAN_POINT ( 'NONE',  ( -39.21211990792613022, 8.369713140623263214, -1.244999999999911955 ) ) ;
#6256 = CARTESIAN_POINT ( 'NONE',  ( -29.82734586157200241, -14.00398703403564049, 1.209999965707260872 ) ) ;
#6257 = CARTESIAN_POINT ( 'NONE',  ( -39.21211990792613022, 8.369713140623263214, -3.530999999999912209 ) ) ;
#6258 = CARTESIAN_POINT ( 'NONE',  ( -41.82731649811005781, -16.30398703403564653, -1.245189567241619555 ) ) ;
#6259 = CARTESIAN_POINT ( 'NONE',  ( -40.82734843295796168, -17.83967401293548605, 0.3825688395957673738 ) ) ;
#6260 = CARTESIAN_POINT ( 'NONE',  ( -39.21211990792613022, 7.258513140623238158, 1.218800000000076711 ) ) ;
#6261 = VECTOR ( 'NONE', #5691, 1000.000000000000000 ) ;
#6262 = DIRECTION ( 'NONE',  ( -0.000000000000000000, -0.000000000000000000, 1.000000000000000000 ) ) ;
#6263 = ORIENTED_EDGE ( 'NONE', *, *, #1844, .T. ) ;
#6264 = CARTESIAN_POINT ( 'NONE',  ( -45.88039062757600561, -18.30398703403564298, -0.2449999999999997735 ) ) ;
#6265 = LINE ( 'NONE', #9078, #5406 ) ;
#6266 = EDGE_CURVE ( 'NONE', #5575, #6627, #5816, .T. ) ;
#6267 = VERTEX_POINT ( 'NONE', #7345 ) ;
#6268 = EDGE_CURVE ( 'NONE', #7465, #3878, #939, .T. ) ;
#6269 = PRESENTATION_STYLE_ASSIGNMENT (( #6874 ) ) ;
#6270 = FACE_OUTER_BOUND ( 'NONE', #4867, .T. ) ;
#6271 = FACE_OUTER_BOUND ( 'NONE', #5918, .T. ) ;
#6272 = FACE_OUTER_BOUND ( 'NONE', #6138, .T. ) ;
#6273 = LINE ( 'NONE', #4006, #4039 ) ;
#6274 = ORIENTED_EDGE ( 'NONE', *, *, #7745, .T. ) ;
#6275 = CARTESIAN_POINT ( 'NONE',  ( -37.63731990792611981, 6.032913140623263892, -1.244999999999936158 ) ) ;
#6276 = EDGE_CURVE ( 'NONE', #7922, #1537, #8536, .T. ) ;
#6277 = VERTEX_POINT ( 'NONE', #5914 ) ;
#6278 = CARTESIAN_POINT ( 'NONE',  ( -46.88039062757600561, 7.056012965964359118, -1.264999999999999902 ) ) ;
#6279 = LINE ( 'NONE', #2694, #4128 ) ;
#6280 = SURFACE_STYLE_USAGE ( .BOTH. , #550 ) ;
#6281 = SURFACE_SIDE_STYLE ('',( #1198 ) ) ;
#6282 = CARTESIAN_POINT ( 'NONE',  ( -40.94731649811006235, -18.25679195885846795, -0.4738175444318649121 ) ) ;
#6283 = ORIENTED_EDGE ( 'NONE', *, *, #1088, .T. ) ;
#6284 = ORIENTED_EDGE ( 'NONE', *, *, #119, .T. ) ;
#6285 = CYLINDRICAL_SURFACE ( 'NONE', #2495, 0.2540000000000007807 ) ;
#6286 = CARTESIAN_POINT ( 'NONE',  ( -20.98039062757600703, -18.30398703403564298, -1.245000000000000107 ) ) ;
#6287 = AXIS2_PLACEMENT_3D ( 'NONE', #303, #2269, #224 ) ;
#6288 = PRESENTATION_STYLE_ASSIGNMENT (( #5762 ) ) ;
#6289 = ADVANCED_FACE ( 'NONE', ( #5155 ), #7205, .T. ) ;
#6290 = ORIENTED_EDGE ( 'NONE', *, *, #385, .F. ) ;
#6291 = UNCERTAINTY_MEASURE_WITH_UNIT (LENGTH_MEASURE( 1.000000000000000082E-05 ), #1471, 'distance_accuracy_value', 'NONE');
#6292 = ORIENTED_EDGE ( 'NONE', *, *, #9219, .T. ) ;
#6293 = AXIS2_PLACEMENT_3D ( 'NONE', #4618, #3915, #2985 ) ;
#6294 = VERTEX_POINT ( 'NONE', #2193 ) ;
#6295 =( NAMED_UNIT ( * ) PLANE_ANGLE_UNIT ( ) SI_UNIT ( $, .RADIAN. ) );
#6296 = DIRECTION ( 'NONE',  ( 0.000000000000000000, -1.000000000000000000, 0.000000000000000000 ) ) ;
#6297 = DIRECTION ( 'NONE',  ( 0.000000000000000000, 0.000000000000000000, -1.000000000000000000 ) ) ;
#6298 = CARTESIAN_POINT ( 'NONE',  ( -34.33039062757600846, -14.00398703403564049, 1.215000000000000080 ) ) ;
#6299 = DIRECTION ( 'NONE',  ( 0.000000000000000000, 1.000000000000000000, -0.000000000000000000 ) ) ;
#6300 = LINE ( 'NONE', #9124, #9145 ) ;
#6301 = MECHANICAL_DESIGN_GEOMETRIC_PRESENTATION_REPRESENTATION (  '', ( #4037 ), #6898 ) ;
#6302 =( NAMED_UNIT ( * ) SI_UNIT ( $, .STERADIAN. ) SOLID_ANGLE_UNIT ( ) );
#6303 = CARTESIAN_POINT ( 'NONE',  ( -30.73125966308335677, 6.995373385466118421, -9.372999999999924725 ) ) ;
#6304 = MECHANICAL_DESIGN_GEOMETRIC_PRESENTATION_REPRESENTATION (  '', ( #444 ), #8067 ) ;
#6305 = ORIENTED_EDGE ( 'NONE', *, *, #8357, .F. ) ;
#6306 = COLOUR_RGB ( '',0.08235294117647058709, 0.08235294117647058709, 0.08235294117647058709 ) ;
#6307 =( GEOMETRIC_REPRESENTATION_CONTEXT ( 3 ) GLOBAL_UNCERTAINTY_ASSIGNED_CONTEXT ( ( #4244 ) ) GLOBAL_UNIT_ASSIGNED_CONTEXT ( ( #2630, #8279, #4081 ) ) REPRESENTATION_CONTEXT ( 'NONE', 'WORKASPACE' ) );
#6308 = AXIS2_PLACEMENT_3D ( 'NONE', #2831, #770, #8569 ) ;
#6309 = FILL_AREA_STYLE_COLOUR ( '', #5789 ) ;
#6310 = FILL_AREA_STYLE_COLOUR ( '', #2102 ) ;
#6311 = CARTESIAN_POINT ( 'NONE',  ( -47.58039062757602267, -14.00398703403564049, 0.7150000000000003020 ) ) ;
#6312 = FILL_AREA_STYLE ('',( #4144 ) ) ;
#6313 = EDGE_CURVE ( 'NONE', #3349, #6507, #2236, .T. ) ;
#6314 =( NAMED_UNIT ( * ) PLANE_ANGLE_UNIT ( ) SI_UNIT ( $, .RADIAN. ) );
#6315 =( BOUNDED_CURVE ( )  B_SPLINE_CURVE ( 3, ( #8700, #5880, #911, #1831 ),
 .UNSPECIFIED., .F., .F. ) 
 B_SPLINE_CURVE_WITH_KNOTS ( ( 4, 4 ),
 ( 1.570796326794894782, 3.141592653589775797 ),
 .UNSPECIFIED. ) 
 CURVE ( )  GEOMETRIC_REPRESENTATION_ITEM ( )  RATIONAL_B_SPLINE_CURVE ( ( 1.000000000000000000, 0.8047378541243686012, 0.8047378541243686012, 1.000000000000000000 ) ) 
 REPRESENTATION_ITEM ( '' )  );
#6316 = LINE ( 'NONE', #9134, #2099 ) ;
#6317 = MECHANICAL_DESIGN_GEOMETRIC_PRESENTATION_REPRESENTATION (  '', ( #8083 ), #8074 ) ;
#6318 = CARTESIAN_POINT ( 'NONE',  ( -30.83651990792612096, 6.890113140623237875, 1.367589755157308629 ) ) ;
#6319 = ORIENTED_EDGE ( 'NONE', *, *, #5813, .F. ) ;
#6320 = ORIENTED_EDGE ( 'NONE', *, *, #5052, .F. ) ;
#6321 = ORIENTED_EDGE ( 'NONE', *, *, #4484, .F. ) ;
#6322 = CARTESIAN_POINT ( 'NONE',  ( -31.03331990792612061, 8.369713140623263214, -1.244999999999917950 ) ) ;
#6323 = PLANE ( 'NONE',  #6038 ) ;
#6324 = CARTESIAN_POINT ( 'NONE',  ( -31.03331990792612061, 6.032913140623267445, -1.575199999999936429 ) ) ;
#6325 = FILL_AREA_STYLE_COLOUR ( '', #8446 ) ;
#6326 = SURFACE_STYLE_FILL_AREA ( #6371 ) ;
#6327 = PRESENTATION_STYLE_ASSIGNMENT (( #6980 ) ) ;
#6328 = VERTEX_POINT ( 'NONE', #6613 ) ;
#6329 = EDGE_LOOP ( 'NONE', ( #1079, #8215, #2703, #4758 ) ) ;
#6330 = ADVANCED_FACE ( 'NONE', ( #6889, #7572 ), #2421, .T. ) ;
#6331 = LINE ( 'NONE', #4165, #6250 ) ;
#6332 = CARTESIAN_POINT ( 'NONE',  ( -22.78039062757601130, 7.056012965964359118, -1.245000000000000107 ) ) ;
#6333 = DIRECTION ( 'NONE',  ( 0.000000000000000000, 0.000000000000000000, 1.000000000000000000 ) ) ;
#6334 = COLOUR_RGB ( '',0.7529411764705882248, 0.7529411764705882248, 0.7529411764705882248 ) ;
#6335 = ORIENTED_EDGE ( 'NONE', *, *, #6669, .F. ) ;
#6336 = ORIENTED_EDGE ( 'NONE', *, *, #4464, .T. ) ;
#6337 = VECTOR ( 'NONE', #2388, 1000.000000000000000 ) ;
#6338 = ORIENTED_EDGE ( 'NONE', *, *, #8373, .F. ) ;
#6339 = SURFACE_STYLE_FILL_AREA ( #7036 ) ;
#6340 = CARTESIAN_POINT ( 'NONE',  ( -32.55731990792611441, 8.369713140623266767, -1.244999999999936158 ) ) ;
#6341 = PRESENTATION_LAYER_ASSIGNMENT (  '', '', ( #6936 ) ) ;
#6342 = SURFACE_SIDE_STYLE ('',( #707 ) ) ;
#6343 = LINE ( 'NONE', #6298, #5294 ) ;
#6344 = CIRCLE ( 'NONE', #2289, 1.799999999999999600 ) ;
#6345 = CARTESIAN_POINT ( 'NONE',  ( -28.82731649811005781, -18.18510063209038208, 0.03766094568891640432 ) ) ;
#6346 = LINE ( 'NONE', #2772, #2271 ) ;
#6347 = DIRECTION ( 'NONE',  ( -1.000000000000000000, -0.000000000000000000, -0.000000000000000000 ) ) ;
#6348 = AXIS2_PLACEMENT_3D ( 'NONE', #1703, #8013, #7975 ) ;
#6349 = VERTEX_POINT ( 'NONE', #1038 ) ;
#6350 =( GEOMETRIC_REPRESENTATION_CONTEXT ( 3 ) GLOBAL_UNCERTAINTY_ASSIGNED_CONTEXT ( ( #1376 ) ) GLOBAL_UNIT_ASSIGNED_CONTEXT ( ( #3876, #8818, #1727 ) ) REPRESENTATION_CONTEXT ( 'NONE', 'WORKASPACE' ) );
#6351 = VECTOR ( 'NONE', #8147, 1000.000000000000000 ) ;
#6352 = SURFACE_STYLE_FILL_AREA ( #6491 ) ;
#6353 = CARTESIAN_POINT ( 'NONE',  ( -41.82731649811006491, -11.62398703403563793, 1.215000000000000080 ) ) ;
#6354 = EDGE_CURVE ( 'NONE', #3652, #6706, #442, .T. ) ;
#6355 = DIRECTION ( 'NONE',  ( -0.000000000000000000, -0.000000000000000000, -1.000000000000000000 ) ) ;
#6356 = FILL_AREA_STYLE_COLOUR ( '', #3328 ) ;
#6357 = FILL_AREA_STYLE_COLOUR ( '', #2295 ) ;
#6358 = UNCERTAINTY_MEASURE_WITH_UNIT (LENGTH_MEASURE( 1.000000000000000082E-05 ), #186, 'distance_accuracy_value', 'NONE');
#6359 = FILL_AREA_STYLE_COLOUR ( '', #4383 ) ;
#6360 = CARTESIAN_POINT ( 'NONE',  ( -45.88039062757600561, -16.50398703403563871, -1.264999999999999902 ) ) ;
#6361 = CARTESIAN_POINT ( 'NONE',  ( -38.65331990792612515, 6.032913140623267445, -1.575199999999930212 ) ) ;
#6362 = EDGE_CURVE ( 'NONE', #7202, #5112, #403, .T. ) ;
#6363 = EDGE_LOOP ( 'NONE', ( #6933, #1969, #1865, #8605 ) ) ;
#6364 = EDGE_CURVE ( 'NONE', #7914, #5249, #8173, .T. ) ;
#6365 = COLOUR_RGB ( '',0.7529411764705882248, 0.7529411764705882248, 0.7529411764705882248 ) ;
#6366 = CARTESIAN_POINT ( 'NONE',  ( -40.82731649811005781, -17.89567592258572404, -0.9547890766329637513 ) ) ;
#6367 = ORIENTED_EDGE ( 'NONE', *, *, #6834, .F. ) ;
#6368 = ORIENTED_EDGE ( 'NONE', *, *, #7936, .T. ) ;
#6369 = CARTESIAN_POINT ( 'NONE',  ( -47.68039062757600988, 9.556012965964352901, -1.245000000000000107 ) ) ;
#6370 = SURFACE_STYLE_USAGE ( .BOTH. , #3487 ) ;
#6371 = FILL_AREA_STYLE ('',( #5701 ) ) ;
#6372 = COLOUR_RGB ( '',0.000000000000000000, 0.000000000000000000, 0.000000000000000000 ) ;
#6373 = CARTESIAN_POINT ( 'NONE',  ( -40.82731649811006491, -18.16430169093150226, -0.6570559913331650570 ) ) ;
#6374 = DIRECTION ( 'NONE',  ( 1.000000000000000000, 0.000000000000000000, 0.000000000000000000 ) ) ;
#6375 = LINE ( 'NONE', #7856, #811 ) ;
#6376 = CARTESIAN_POINT ( 'NONE',  ( -35.29416990792612552, 6.890163140623350557, -3.530999999999928196 ) ) ;
#6377 = ORIENTED_EDGE ( 'NONE', *, *, #7444, .F. ) ;
#6378 = VERTEX_POINT ( 'NONE', #5290 ) ;
#6379 = SURFACE_SIDE_STYLE ('',( #2657 ) ) ;
#6380 = ADVANCED_FACE ( 'NONE', ( #8960 ), #8816, .T. ) ;
#6381 = LINE ( 'NONE', #9212, #9237 ) ;
#6382 = PLANE ( 'NONE',  #7101 ) ;
#6383 = CARTESIAN_POINT ( 'NONE',  ( -34.33039062757600846, -3.003987034035643600, -0.2449999999999997735 ) ) ;
#6384 = EDGE_CURVE ( 'NONE', #5021, #3900, #2515, .T. ) ;
#6385 = EDGE_CURVE ( 'NONE', #6677, #3980, #8122, .T. ) ;
#6386 = AXIS2_PLACEMENT_3D ( 'NONE', #1135, #4786, #8938 ) ;
#6387 = COLOUR_RGB ( '',0.6470588235294117974, 0.6196078431372549211, 0.5882352941176470784 ) ;
#6388 = ORIENTED_EDGE ( 'NONE', *, *, #2611, .F. ) ;
#6389 = ORIENTED_EDGE ( 'NONE', *, *, #5331, .T. ) ;
#6390 = EDGE_LOOP ( 'NONE', ( #135, #1215, #9227, #7193 ) ) ;
#6391 = ORIENTED_EDGE ( 'NONE', *, *, #1833, .F. ) ;
#6392 = FILL_AREA_STYLE_COLOUR ( '', #2626 ) ;
#6393 = AXIS2_PLACEMENT_3D ( 'NONE', #1453, #3410, #7030 ) ;
#6394 =( NAMED_UNIT ( * ) PLANE_ANGLE_UNIT ( ) SI_UNIT ( $, .RADIAN. ) );
#6395 = PRESENTATION_LAYER_ASSIGNMENT (  '', '', ( #2929 ) ) ;
#6396 = COLOUR_RGB ( '',0.000000000000000000, 0.5019607843137254832, 1.000000000000000000 ) ;
#6397 = DIRECTION ( 'NONE',  ( 1.000000000000000000, 0.000000000000000000, 0.000000000000000000 ) ) ;
#6398 = CARTESIAN_POINT ( 'NONE',  ( -28.82731649811005781, -15.57156047659262477, 1.105170918265099278 ) ) ;
#6399 = DIRECTION ( 'NONE',  ( 0.000000000000000000, 0.000000000000000000, 1.000000000000000000 ) ) ;
#6400 = AXIS2_PLACEMENT_3D ( 'NONE', #813, #254, #3713 ) ;
#6401 = CARTESIAN_POINT ( 'NONE',  ( -34.06742597117754201, 8.369713140623197489, -1.244999999999911955 ) ) ;
#6402 = CYLINDRICAL_SURFACE ( 'NONE', #3286, 1.799999999999999600 ) ;
#6403 = ORIENTED_EDGE ( 'NONE', *, *, #2631, .F. ) ;
#6404 = EDGE_LOOP ( 'NONE', ( #5769, #7348, #5247, #801 ) ) ;
#6405 =( NAMED_UNIT ( * ) PLANE_ANGLE_UNIT ( ) SI_UNIT ( $, .RADIAN. ) );
#6406 = FILL_AREA_STYLE ('',( #8417 ) ) ;
#6407 = FACE_BOUND ( 'NONE', #574, .T. ) ;
#6408 = PRESENTATION_STYLE_ASSIGNMENT (( #6926 ) ) ;
#6409 = CARTESIAN_POINT ( 'NONE',  ( -32.56039062757600533, 7.206012965964358585, -0.2449999999999997735 ) ) ;
#6410 = LINE ( 'NONE', #4943, #3586 ) ;
#6411 = SURFACE_STYLE_USAGE ( .BOTH. , #2785 ) ;
#6412 = ADVANCED_FACE ( 'NONE', ( #1904 ), #7387, .F. ) ;
#6413 = VECTOR ( 'NONE', #1191, 1000.000000000000000 ) ;
#6414 = FACE_OUTER_BOUND ( 'NONE', #3977, .T. ) ;
#6415 = ORIENTED_EDGE ( 'NONE', *, *, #3254, .T. ) ;
#6416 = EDGE_LOOP ( 'NONE', ( #4137, #4226, #2476, #2664, #586, #5122 ) ) ;
#6417 =( NAMED_UNIT ( * ) PLANE_ANGLE_UNIT ( ) SI_UNIT ( $, .RADIAN. ) );
#6418 = SURFACE_STYLE_USAGE ( .BOTH. , #3534 ) ;
#6419 = AXIS2_PLACEMENT_3D ( 'NONE', #5892, #7981, #923 ) ;
#6420 =( NAMED_UNIT ( * ) SI_UNIT ( $, .STERADIAN. ) SOLID_ANGLE_UNIT ( ) );
#6421 = LINE ( 'NONE', #7021, #2560 ) ;
#6422 =( NAMED_UNIT ( * ) SI_UNIT ( $, .STERADIAN. ) SOLID_ANGLE_UNIT ( ) );
#6423 = CARTESIAN_POINT ( 'NONE',  ( -40.82731649811006491, -16.56462454409308904, -1.259197900737540454 ) ) ;
#6424 = DIRECTION ( 'NONE',  ( 0.000000000000000000, -1.047444401652940007E-14, 1.000000000000000000 ) ) ;
#6425 = ORIENTED_EDGE ( 'NONE', *, *, #2736, .F. ) ;
#6426 = ORIENTED_EDGE ( 'NONE', *, *, #7995, .T. ) ;
#6427 = DIRECTION ( 'NONE',  ( 0.000000000000000000, 0.000000000000000000, 1.000000000000000000 ) ) ;
#6428 =( GEOMETRIC_REPRESENTATION_CONTEXT ( 3 ) GLOBAL_UNCERTAINTY_ASSIGNED_CONTEXT ( ( #6044 ) ) GLOBAL_UNIT_ASSIGNED_CONTEXT ( ( #5016, #8527, #1448 ) ) REPRESENTATION_CONTEXT ( 'NONE', 'WORKASPACE' ) );
#6429 = SURFACE_SIDE_STYLE ('',( #3642 ) ) ;
#6430 = ADVANCED_FACE ( 'NONE', ( #7806 ), #7759, .F. ) ;
#6431 = FILL_AREA_STYLE_COLOUR ( '', #3027 ) ;
#6432 = ORIENTED_EDGE ( 'NONE', *, *, #6838, .T. ) ;
#6433 = EDGE_CURVE ( 'NONE', #7457, #5575, #2697, .T. ) ;
#6434 = ORIENTED_EDGE ( 'NONE', *, *, #1590, .T. ) ;
#6435 = VERTEX_POINT ( 'NONE', #7615 ) ;
#6436 = ORIENTED_EDGE ( 'NONE', *, *, #3115, .F. ) ;
#6437 = CARTESIAN_POINT ( 'NONE',  ( -28.82731649811004360, -18.24724142043159247, -0.4712031309831639647 ) ) ;
#6438 = CYLINDRICAL_SURFACE ( 'NONE', #3794, 0.2539999999999972835 ) ;
#6439 = SURFACE_STYLE_USAGE ( .BOTH. , #617 ) ;
#6440 = MECHANICAL_DESIGN_GEOMETRIC_PRESENTATION_REPRESENTATION (  '', ( #1299 ), #426 ) ;
#6441 = SURFACE_STYLE_USAGE ( .BOTH. , #2105 ) ;
#6442 = ORIENTED_EDGE ( 'NONE', *, *, #4229, .T. ) ;
#6443 = STYLED_ITEM ( 'NONE', ( #4678 ), #5182 ) ;
#6444 = ADVANCED_FACE ( 'NONE', ( #6978 ), #1197, .F. ) ;
#6445 = ORIENTED_EDGE ( 'NONE', *, *, #5541, .T. ) ;
#6446 =( LENGTH_UNIT ( ) NAMED_UNIT ( * ) SI_UNIT ( .MILLI., .METRE. ) );
#6447 = FACE_OUTER_BOUND ( 'NONE', #4972, .T. ) ;
#6448 = MECHANICAL_DESIGN_GEOMETRIC_PRESENTATION_REPRESENTATION (  '', ( #5851 ), #1933 ) ;
#6449 = LINE ( 'NONE', #8556, #6217 ) ;
#6450 = AXIS2_PLACEMENT_3D ( 'NONE', #8950, #4708, #2597 ) ;
#6451 = UNCERTAINTY_MEASURE_WITH_UNIT (LENGTH_MEASURE( 1.000000000000000082E-05 ), #5904, 'distance_accuracy_value', 'NONE');
#6452 =( NAMED_UNIT ( * ) SI_UNIT ( $, .STERADIAN. ) SOLID_ANGLE_UNIT ( ) );
#6453 = CARTESIAN_POINT ( 'NONE',  ( -37.83411990792612301, 7.512513140623235053, 1.218800000000072270 ) ) ;
#6454 = MECHANICAL_DESIGN_GEOMETRIC_PRESENTATION_REPRESENTATION (  '', ( #7632 ), #2846 ) ;
#6455 = PRESENTATION_LAYER_ASSIGNMENT (  '', '', ( #7634 ) ) ;
#6456 = VERTEX_POINT ( 'NONE', #2746 ) ;
#6457 = ORIENTED_EDGE ( 'NONE', *, *, #8799, .F. ) ;
#6458 = LINE ( 'NONE', #6369, #6905 ) ;
#6459 = CARTESIAN_POINT ( 'NONE',  ( -30.83651990792612452, 7.512513140623252816, 1.218800000000078931 ) ) ;
#6460 = FILL_AREA_STYLE_COLOUR ( '', #3426 ) ;
#6461 = ADVANCED_FACE ( 'NONE', ( #4762 ), #2035, .T. ) ;
#6462 = AXIS2_PLACEMENT_3D ( 'NONE', #4333, #2837, #594 ) ;
#6463 = LINE ( 'NONE', #5318, #6092 ) ;
#6464 = DIRECTION ( 'NONE',  ( -4.535567304416185492E-15, -2.618611004132350016E-15, 1.000000000000000000 ) ) ;
#6465 = FACE_BOUND ( 'NONE', #3438, .T. ) ;
#6466 = DIRECTION ( 'NONE',  ( -1.000000000000000000, -1.375701388043485315E-29, 1.313388458492434460E-15 ) ) ;
#6467 = VERTEX_POINT ( 'NONE', #1529 ) ;
#6468 = ORIENTED_EDGE ( 'NONE', *, *, #1753, .T. ) ;
#6469 = MECHANICAL_DESIGN_GEOMETRIC_PRESENTATION_REPRESENTATION (  '', ( #4053 ), #5259 ) ;
#6470 = MECHANICAL_DESIGN_GEOMETRIC_PRESENTATION_REPRESENTATION (  '', ( #33 ), #5438 ) ;
#6471 = CARTESIAN_POINT ( 'NONE',  ( -33.37651990792611656, 7.512513140623251928, 1.218800000000079597 ) ) ;
#6472 = CARTESIAN_POINT ( 'NONE',  ( -32.55731990792611441, 6.032913140623267445, -1.575199999999936429 ) ) ;
#6473 = PRESENTATION_STYLE_ASSIGNMENT (( #4256 ) ) ;
#6474 =( NAMED_UNIT ( * ) PLANE_ANGLE_UNIT ( ) SI_UNIT ( $, .RADIAN. ) );
#6475 = EDGE_LOOP ( 'NONE', ( #8305, #3313, #5207, #2806 ) ) ;
#6476 = ORIENTED_EDGE ( 'NONE', *, *, #3115, .T. ) ;
#6477 = EDGE_CURVE ( 'NONE', #3502, #3380, #1750, .T. ) ;
#6478 = ORIENTED_EDGE ( 'NONE', *, *, #5282, .T. ) ;
#6479 = VERTEX_POINT ( 'NONE', #2448 ) ;
#6480 = CARTESIAN_POINT ( 'NONE',  ( -28.82731649811004360, -18.16430169093150226, -0.6570559913331650570 ) ) ;
#6481 = CARTESIAN_POINT ( 'NONE',  ( -24.58039062757600846, -16.50398703403563871, -1.245000000000000107 ) ) ;
#6482 = DIRECTION ( 'NONE',  ( 0.000000000000000000, 1.000000000000000000, -0.000000000000000000 ) ) ;
#6483 =( LENGTH_UNIT ( ) NAMED_UNIT ( * ) SI_UNIT ( .MILLI., .METRE. ) );
#6484 =( GEOMETRIC_REPRESENTATION_CONTEXT ( 3 ) GLOBAL_UNCERTAINTY_ASSIGNED_CONTEXT ( ( #8403 ) ) GLOBAL_UNIT_ASSIGNED_CONTEXT ( ( #5030, #4932, #750 ) ) REPRESENTATION_CONTEXT ( 'NONE', 'WORKASPACE' ) );
#6485 = COLOUR_RGB ( '',1.000000000000000000, 0.5019607843137254832, 0.000000000000000000 ) ;
#6486 = LINE ( 'NONE', #2909, #4117 ) ;
#6487 =( GEOMETRIC_REPRESENTATION_CONTEXT ( 3 ) GLOBAL_UNCERTAINTY_ASSIGNED_CONTEXT ( ( #5604 ) ) GLOBAL_UNIT_ASSIGNED_CONTEXT ( ( #2813, #571, #5592 ) ) REPRESENTATION_CONTEXT ( 'NONE', 'WORKASPACE' ) );
#6488 = VECTOR ( 'NONE', #4072, 1000.000000000000000 ) ;
#6489 = VERTEX_POINT ( 'NONE', #2981 ) ;
#6490 = ORIENTED_EDGE ( 'NONE', *, *, #697, .F. ) ;
#6491 = FILL_AREA_STYLE ('',( #2778 ) ) ;
#6492 = SURFACE_SIDE_STYLE ('',( #3612 ) ) ;
#6493 = PRESENTATION_LAYER_ASSIGNMENT (  '', '', ( #6042 ) ) ;
#6494 = DIRECTION ( 'NONE',  ( 0.000000000000000000, 0.000000000000000000, -1.000000000000000000 ) ) ;
#6495 = VECTOR ( 'NONE', #8927, 1000.000000000000000 ) ;
#6496 = FILL_AREA_STYLE_COLOUR ( '', #6940 ) ;
#6497 = SURFACE_STYLE_USAGE ( .BOTH. , #8466 ) ;
#6498 = LINE ( 'NONE', #5790, #1867 ) ;
#6499 = VECTOR ( 'NONE', #7469, 1000.000000000000000 ) ;
#6500 = CARTESIAN_POINT ( 'NONE',  ( -39.82267328534919670, -12.62398703403564149, 1.215000000000000080 ) ) ;
#6501 = EDGE_CURVE ( 'NONE', #6570, #4061, #2338, .T. ) ;
#6502 = PRESENTATION_LAYER_ASSIGNMENT (  '', '', ( #7235 ) ) ;
#6503 = PRESENTATION_LAYER_ASSIGNMENT (  '', '', ( #1239 ) ) ;
#6504 =( NAMED_UNIT ( * ) PLANE_ANGLE_UNIT ( ) SI_UNIT ( $, .RADIAN. ) );
#6505 = CARTESIAN_POINT ( 'NONE',  ( -47.58039062757602267, 5.256012965964357520, 1.205000000000000071 ) ) ;
#6506 = DIRECTION ( 'NONE',  ( -1.000000000000000000, 0.000000000000000000, 0.000000000000000000 ) ) ;
#6507 = VERTEX_POINT ( 'NONE', #1052 ) ;
#6508 = CYLINDRICAL_SURFACE ( 'NONE', #7487, 0.5000000000000004441 ) ;
#6509 = MECHANICAL_DESIGN_GEOMETRIC_PRESENTATION_REPRESENTATION (  '', ( #3952 ), #1562 ) ;
#6510 = FILL_AREA_STYLE ('',( #634 ) ) ;
#6511 = CARTESIAN_POINT ( 'NONE',  ( -35.91646990792612115, 6.890163140623288385, -3.530999999999923311 ) ) ;
#6512 = UNCERTAINTY_MEASURE_WITH_UNIT (LENGTH_MEASURE( 1.000000000000000082E-05 ), #8292, 'distance_accuracy_value', 'NONE');
#6513 =( NAMED_UNIT ( * ) PLANE_ANGLE_UNIT ( ) SI_UNIT ( $, .RADIAN. ) );
#6514 = SURFACE_SIDE_STYLE ('',( #6326 ) ) ;
#6515 = LINE ( 'NONE', #5748, #543 ) ;
#6516 = SURFACE_STYLE_FILL_AREA ( #2079 ) ;
#6517 = SURFACE_SIDE_STYLE ('',( #5751 ) ) ;
#6518 = CIRCLE ( 'NONE', #4548, 1.000000000000000888 ) ;
#6519 = ORIENTED_EDGE ( 'NONE', *, *, #6831, .T. ) ;
#6520 = ORIENTED_EDGE ( 'NONE', *, *, #7042, .T. ) ;
#6521 =( NAMED_UNIT ( * ) PLANE_ANGLE_UNIT ( ) SI_UNIT ( $, .RADIAN. ) );
#6522 = MECHANICAL_DESIGN_GEOMETRIC_PRESENTATION_REPRESENTATION (  '', ( #5614 ), #5170 ) ;
#6523 = SURFACE_STYLE_USAGE ( .BOTH. , #4346 ) ;
#6524 =( NAMED_UNIT ( * ) SI_UNIT ( $, .STERADIAN. ) SOLID_ANGLE_UNIT ( ) );
#6525 = DIRECTION ( 'NONE',  ( 0.000000000000000000, 0.000000000000000000, 1.000000000000000000 ) ) ;
#6526 = DIRECTION ( 'NONE',  ( 0.000000000000000000, 0.000000000000000000, -1.000000000000000000 ) ) ;
#6527 = ORIENTED_EDGE ( 'NONE', *, *, #3325, .T. ) ;
#6528 = ORIENTED_EDGE ( 'NONE', *, *, #5727, .F. ) ;
#6529 = VECTOR ( 'NONE', #7360, 1000.000000000000000 ) ;
#6530 = EDGE_CURVE ( 'NONE', #6267, #712, #6463, .T. ) ;
#6531 = EDGE_LOOP ( 'NONE', ( #2988, #4083, #5237, #6186 ) ) ;
#6532 = ORIENTED_EDGE ( 'NONE', *, *, #1275, .T. ) ;
#6533 =( NAMED_UNIT ( * ) PLANE_ANGLE_UNIT ( ) SI_UNIT ( $, .RADIAN. ) );
#6534 = DIRECTION ( 'NONE',  ( -1.000000000000000000, 0.000000000000000000, 0.000000000000000000 ) ) ;
#6535 = SURFACE_STYLE_FILL_AREA ( #4498 ) ;
#6536 = PRESENTATION_LAYER_ASSIGNMENT (  '', '', ( #1730 ) ) ;
#6537 = DIRECTION ( 'NONE',  ( 1.000000000000000000, 0.000000000000000000, 0.000000000000000000 ) ) ;
#6538 = LINE ( 'NONE', #5167, #7358 ) ;
#6539 = VECTOR ( 'NONE', #8651, 1000.000000000000000 ) ;
#6540 = DIRECTION ( 'NONE',  ( -0.000000000000000000, -1.000000000000000000, 0.000000000000000000 ) ) ;
#6541 = COLOUR_RGB ( '',0.7529411764705882248, 0.7529411764705882248, 0.7529411764705882248 ) ;
#6542 = VECTOR ( 'NONE', #3775, 1000.000000000000000 ) ;
#6543 = ORIENTED_EDGE ( 'NONE', *, *, #6558, .T. ) ;
#6544 = CARTESIAN_POINT ( 'NONE',  ( -40.82734843295796168, -18.27407675507290818, -0.2449113037486423394 ) ) ;
#6545 = CARTESIAN_POINT ( 'NONE',  ( -44.88039062757600561, 7.056012965964359118, -1.245000000000000107 ) ) ;
#6546 = DIRECTION ( 'NONE',  ( 0.000000000000000000, 1.047444401652940007E-14, -1.000000000000000000 ) ) ;
#6547 =( NAMED_UNIT ( * ) SI_UNIT ( $, .STERADIAN. ) SOLID_ANGLE_UNIT ( ) );
#6548 = UNCERTAINTY_MEASURE_WITH_UNIT (LENGTH_MEASURE( 1.000000000000000082E-05 ), #2339, 'distance_accuracy_value', 'NONE');
#6549 = PRESENTATION_LAYER_ASSIGNMENT (  '', '', ( #1291 ) ) ;
#6550 = LINE ( 'NONE', #4465, #2286 ) ;
#6551 = FILL_AREA_STYLE_COLOUR ( '', #2041 ) ;
#6552 = PRESENTATION_LAYER_ASSIGNMENT (  '', '', ( #2032 ) ) ;
#6553 = COLOUR_RGB ( '',0.7529411764705882248, 0.7529411764705882248, 0.7529411764705882248 ) ;
#6554 = EDGE_CURVE ( 'NONE', #7263, #8427, #3899, .T. ) ;
#6555 = PRESENTATION_LAYER_ASSIGNMENT (  '', '', ( #1299 ) ) ;
#6556 = ORIENTED_EDGE ( 'NONE', *, *, #2044, .F. ) ;
#6557 = DIRECTION ( 'NONE',  ( 1.000000000000000000, 0.000000000000000000, 0.000000000000000000 ) ) ;
#6558 = EDGE_CURVE ( 'NONE', #4572, #60, #8841, .T. ) ;
#6559 = FILL_AREA_STYLE_COLOUR ( '', #9115 ) ;
#6560 = FACE_OUTER_BOUND ( 'NONE', #1178, .T. ) ;
#6561 = DIRECTION ( 'NONE',  ( 1.000000000000000000, 0.000000000000000000, 0.000000000000000000 ) ) ;
#6562 = CARTESIAN_POINT ( 'NONE',  ( -29.82731649811006491, -14.00398703403564049, 1.215000000000000080 ) ) ;
#6563 =( GEOMETRIC_REPRESENTATION_CONTEXT ( 3 ) GLOBAL_UNCERTAINTY_ASSIGNED_CONTEXT ( ( #4347 ) ) GLOBAL_UNIT_ASSIGNED_CONTEXT ( ( #5130, #6688, #3009 ) ) REPRESENTATION_CONTEXT ( 'NONE', 'WORKASPACE' ) );
#6564 = CARTESIAN_POINT ( 'NONE',  ( -33.00811990792611539, 7.144113140623235658, 1.472800000000074494 ) ) ;
#6565 = FACE_BOUND ( 'NONE', #5390, .T. ) ;
#6566 = CARTESIAN_POINT ( 'NONE',  ( -33.12251990792611878, 7.201313140623236464, 1.472800000000076048 ) ) ;
#6567 =( GEOMETRIC_REPRESENTATION_CONTEXT ( 3 ) GLOBAL_UNCERTAINTY_ASSIGNED_CONTEXT ( ( #2835 ) ) GLOBAL_UNIT_ASSIGNED_CONTEXT ( ( #8863, #1631, #5199 ) ) REPRESENTATION_CONTEXT ( 'NONE', 'WORKASPACE' ) );
#6568 = PRESENTATION_STYLE_ASSIGNMENT (( #7904 ) ) ;
#6569 = EDGE_LOOP ( 'NONE', ( #6283, #7016 ) ) ;
#6570 = VERTEX_POINT ( 'NONE', #8835 ) ;
#6571 =( BOUNDED_CURVE ( )  B_SPLINE_CURVE ( 3, ( #1800, #1144, #2592, #4145 ),
 .UNSPECIFIED., .F., .F. ) 
 B_SPLINE_CURVE_WITH_KNOTS ( ( 4, 4 ),
 ( 0.000000000000000000, 1.570796326794896558 ),
 .UNSPECIFIED. ) 
 CURVE ( )  GEOMETRIC_REPRESENTATION_ITEM ( )  RATIONAL_B_SPLINE_CURVE ( ( 1.000000000000000000, 0.8047378541243649375, 0.8047378541243649375, 1.000000000000000000 ) ) 
 REPRESENTATION_ITEM ( '' )  );
#6572 = B_SPLINE_CURVE_WITH_KNOTS ( 'NONE', 1,
 ( #1545, #5203 ),
 .UNSPECIFIED., .F., .F.,
 ( 2, 2 ),
 ( 0.000000000000000000, 1.000000000000000000 ),
 .UNSPECIFIED. ) ;
#6573 = EDGE_CURVE ( 'NONE', #3170, #3501, #334, .T. ) ;
#6574 = LINE ( 'NONE', #3590, #7624 ) ;
#6575 = PRESENTATION_LAYER_ASSIGNMENT (  '', '', ( #8463 ) ) ;
#6576 = SURFACE_STYLE_FILL_AREA ( #3643 ) ;
#6577 = DIRECTION ( 'NONE',  ( -0.000000000000000000, -1.047444401652940007E-14, 1.000000000000000000 ) ) ;
#6578 = FILL_AREA_STYLE_COLOUR ( '', #8967 ) ;
#6579 = ORIENTED_EDGE ( 'NONE', *, *, #1607, .T. ) ;
#6580 = ORIENTED_EDGE ( 'NONE', *, *, #3420, .F. ) ;
#6581 = ORIENTED_EDGE ( 'NONE', *, *, #575, .F. ) ;
#6582 =( NAMED_UNIT ( * ) SI_UNIT ( $, .STERADIAN. ) SOLID_ANGLE_UNIT ( ) );
#6583 = PRESENTATION_STYLE_ASSIGNMENT (( #903 ) ) ;
#6584 = LINE ( 'NONE', #5253, #5884 ) ;
#6585 = FILL_AREA_STYLE ('',( #5925 ) ) ;
#6586 = EDGE_CURVE ( 'NONE', #1819, #3866, #6067, .T. ) ;
#6587 = ORIENTED_EDGE ( 'NONE', *, *, #7598, .F. ) ;
#6588 =( LENGTH_UNIT ( ) NAMED_UNIT ( * ) SI_UNIT ( .MILLI., .METRE. ) );
#6589 = CARTESIAN_POINT ( 'NONE',  ( -40.82734843295796168, -15.56870022452160818, 1.095715338311892939 ) ) ;
#6590 = SURFACE_STYLE_USAGE ( .BOTH. , #5730 ) ;
#6591 = CARTESIAN_POINT ( 'NONE',  ( -40.82734843295796168, -17.34713668424583943, 0.6544084639867290276 ) ) ;
#6592 = DIRECTION ( 'NONE',  ( 0.000000000000000000, 0.000000000000000000, 1.000000000000000000 ) ) ;
#6593 = DIRECTION ( 'NONE',  ( 0.000000000000000000, -1.024442997624109662E-14, 1.000000000000000000 ) ) ;
#6594 = DIRECTION ( 'NONE',  ( 0.000000000000000000, -1.000000000000000000, -0.000000000000000000 ) ) ;
#6595 = VECTOR ( 'NONE', #1992, 1000.000000000000000 ) ;
#6596 = DIRECTION ( 'NONE',  ( -0.000000000000000000, -0.000000000000000000, -1.000000000000000000 ) ) ;
#6597 = DIRECTION ( 'NONE',  ( 1.000000000000000000, 0.000000000000000000, 0.000000000000000000 ) ) ;
#6598 = EDGE_CURVE ( 'NONE', #8925, #4673, #862, .T. ) ;
#6599 = CARTESIAN_POINT ( 'NONE',  ( -47.58039062757602267, -14.00398703403564049, 1.205000000000000071 ) ) ;
#6600 = ORIENTED_EDGE ( 'NONE', *, *, #1258, .T. ) ;
#6601 = SURFACE_SIDE_STYLE ('',( #1578 ) ) ;
#6602 = CIRCLE ( 'NONE', #597, 1.800000000000002931 ) ;
#6603 = PRESENTATION_STYLE_ASSIGNMENT (( #7330 ) ) ;
#6604 = UNCERTAINTY_MEASURE_WITH_UNIT (LENGTH_MEASURE( 1.000000000000000082E-05 ), #2132, 'distance_accuracy_value', 'NONE');
#6605 = COLOUR_RGB ( '',0.7529411764705882248, 0.7529411764705882248, 0.7529411764705882248 ) ;
#6606 = CARTESIAN_POINT ( 'NONE',  ( -47.58039062757602267, -14.00398703403564227, 0.8783333333333335213 ) ) ;
#6607 = VECTOR ( 'NONE', #9001, 1000.000000000000000 ) ;
#6608 = CARTESIAN_POINT ( 'NONE',  ( -33.37646990792612200, 7.512463140623350633, -9.372999999999919396 ) ) ;
#6609 = ORIENTED_EDGE ( 'NONE', *, *, #526, .F. ) ;
#6610 = EDGE_LOOP ( 'NONE', ( #5650, #3838, #8481, #4969 ) ) ;
#6611 = FILL_AREA_STYLE_COLOUR ( '', #6365 ) ;
#6612 = UNCERTAINTY_MEASURE_WITH_UNIT (LENGTH_MEASURE( 1.000000000000000082E-05 ), #1464, 'distance_accuracy_value', 'NONE');
#6613 = CARTESIAN_POINT ( 'NONE',  ( -46.88039062757600561, 7.056012965964359118, -1.264999999999999902 ) ) ;
#6614 =( LENGTH_UNIT ( ) NAMED_UNIT ( * ) SI_UNIT ( .MILLI., .METRE. ) );
#6615 = AXIS2_PLACEMENT_3D ( 'NONE', #4661, #7516, #5328 ) ;
#6616 = CARTESIAN_POINT ( 'NONE',  ( -20.98039062757600703, -18.30398703403564298, -0.2449999999999997735 ) ) ;
#6617 =( LENGTH_UNIT ( ) NAMED_UNIT ( * ) SI_UNIT ( .MILLI., .METRE. ) );
#6618 = ADVANCED_FACE ( 'NONE', ( #3579 ), #6728, .T. ) ;
#6619 = ORIENTED_EDGE ( 'NONE', *, *, #973, .F. ) ;
#6620 =( GEOMETRIC_REPRESENTATION_CONTEXT ( 3 ) GLOBAL_UNCERTAINTY_ASSIGNED_CONTEXT ( ( #4615 ) ) GLOBAL_UNIT_ASSIGNED_CONTEXT ( ( #3470, #7051, #623 ) ) REPRESENTATION_CONTEXT ( 'NONE', 'WORKASPACE' ) );
#6621 = EDGE_LOOP ( 'NONE', ( #1192, #1728, #4948, #2765 ) ) ;
#6622 = ORIENTED_EDGE ( 'NONE', *, *, #73, .F. ) ;
#6623 = CARTESIAN_POINT ( 'NONE',  ( -30.21416990792612722, 6.890163140623350557, -3.530999999999928196 ) ) ;
#6624 = CARTESIAN_POINT ( 'NONE',  ( -47.68039062757600988, 7.056012965964359118, -0.2349999999999997369 ) ) ;
#6625 = CARTESIAN_POINT ( 'NONE',  ( -39.82267328534919670, -3.003987034035643600, 1.215000000000000080 ) ) ;
#6626 = CARTESIAN_POINT ( 'NONE',  ( -39.21211990792613022, 7.144163140623346564, -9.118999999999921613 ) ) ;
#6627 = VERTEX_POINT ( 'NONE', #3376 ) ;
#6628 = DIRECTION ( 'NONE',  ( 0.000000000000000000, 0.000000000000000000, 1.000000000000000000 ) ) ;
#6629 = LINE ( 'NONE', #1013, #7138 ) ;
#6630 = CARTESIAN_POINT ( 'NONE',  ( -38.65331990792612515, 6.032913140623267445, -1.575199999999936429 ) ) ;
#6631 = FACE_OUTER_BOUND ( 'NONE', #3414, .T. ) ;
#6632 = PRESENTATION_LAYER_ASSIGNMENT (  '', '', ( #8684 ) ) ;
#6633 = LINE ( 'NONE', #8012, #6529 ) ;
#6634 = MECHANICAL_DESIGN_GEOMETRIC_PRESENTATION_REPRESENTATION (  '', ( #4674 ), #51 ) ;
#6635 = CARTESIAN_POINT ( 'NONE',  ( -41.82731649811005781, -12.62398703403564149, 1.205000000000000071 ) ) ;
#6636 =( NAMED_UNIT ( * ) PLANE_ANGLE_UNIT ( ) SI_UNIT ( $, .RADIAN. ) );
#6637 = CARTESIAN_POINT ( 'NONE',  ( -34.33039062757600846, -18.30398703403564653, -0.2450000000000043254 ) ) ;
#6638 = CARTESIAN_POINT ( 'NONE',  ( -37.83416990792611756, 7.512463140623350633, -9.372999999999919396 ) ) ;
#6639 = CARTESIAN_POINT ( 'NONE',  ( -37.63731990792611981, 6.032913140623267445, -1.575199999999936429 ) ) ;
#6640 = VECTOR ( 'NONE', #2505, 1000.000000000000000 ) ;
#6641 = VECTOR ( 'NONE', #1255, 1000.000000000000000 ) ;
#6642 = EDGE_CURVE ( 'NONE', #3596, #7355, #4693, .T. ) ;
#6643 = LINE ( 'NONE', #220, #2807 ) ;
#6644 = ORIENTED_EDGE ( 'NONE', *, *, #2551, .T. ) ;
#6645 = CARTESIAN_POINT ( 'NONE',  ( -30.21416990792612722, 6.890163140623350557, -9.372999999999926501 ) ) ;
#6646 = DIRECTION ( 'NONE',  ( 0.000000000000000000, 0.000000000000000000, -1.000000000000000000 ) ) ;
#6647 =( GEOMETRIC_REPRESENTATION_CONTEXT ( 3 ) GLOBAL_UNCERTAINTY_ASSIGNED_CONTEXT ( ( #5531 ) ) GLOBAL_UNIT_ASSIGNED_CONTEXT ( ( #5218, #8703, #816 ) ) REPRESENTATION_CONTEXT ( 'NONE', 'WORKASPACE' ) );
#6648 = VECTOR ( 'NONE', #8367, 1000.000000000000000 ) ;
#6649 = EDGE_CURVE ( 'NONE', #6097, #7223, #5413, .T. ) ;
#6650 = CARTESIAN_POINT ( 'NONE',  ( -21.08039062757600846, -14.00398703403564049, 1.205000000000000071 ) ) ;
#6651 = DIRECTION ( 'NONE',  ( 0.000000000000000000, 0.000000000000000000, 1.000000000000000000 ) ) ;
#6652 = ORIENTED_EDGE ( 'NONE', *, *, #3019, .T. ) ;
#6653 = ORIENTED_EDGE ( 'NONE', *, *, #1099, .F. ) ;
#6654 = COLOUR_RGB ( '',0.6470588235294117974, 0.6196078431372549211, 0.5882352941176470784 ) ;
#6655 = CARTESIAN_POINT ( 'NONE',  ( -33.37646990792611490, 6.890163140623317695, -9.118999999999925166 ) ) ;
#6656 = STYLED_ITEM ( 'NONE', ( #4418 ), #5677 ) ;
#6657 = DIRECTION ( 'NONE',  ( -1.299418334065024133E-16, 1.000000000000000000, 0.000000000000000000 ) ) ;
#6658 = CARTESIAN_POINT ( 'NONE',  ( -30.83646990792611930, 7.512463140623347968, -9.267789755157153309 ) ) ;
#6659 = CARTESIAN_POINT ( 'NONE',  ( -39.21211990792613022, 7.144163140623346564, -9.118999999999921613 ) ) ;
#6660 = EDGE_CURVE ( 'NONE', #619, #7064, #4652, .T. ) ;
#6661 = FILL_AREA_STYLE_COLOUR ( '', #1855 ) ;
#6662 = PLANE ( 'NONE',  #304 ) ;
#6663 = ORIENTED_EDGE ( 'NONE', *, *, #8126, .F. ) ;
#6664 = VERTEX_POINT ( 'NONE', #1269 ) ;
#6665 = AXIS2_PLACEMENT_3D ( 'NONE', #7410, #963, #2492 ) ;
#6666 = ADVANCED_FACE ( 'NONE', ( #8276 ), #6161, .F. ) ;
#6667 =( GEOMETRIC_REPRESENTATION_CONTEXT ( 3 ) GLOBAL_UNCERTAINTY_ASSIGNED_CONTEXT ( ( #6009 ) ) GLOBAL_UNIT_ASSIGNED_CONTEXT ( ( #3098, #5837, #5220 ) ) REPRESENTATION_CONTEXT ( 'NONE', 'WORKASPACE' ) );
#6668 = ORIENTED_EDGE ( 'NONE', *, *, #323, .F. ) ;
#6669 = EDGE_CURVE ( 'NONE', #1090, #1773, #8234, .T. ) ;
#6670 = LINE ( 'NONE', #2958, #4045 ) ;
#6671 = ADVANCED_FACE ( 'NONE', ( #5543 ), #8320, .F. ) ;
#6672 = CARTESIAN_POINT ( 'NONE',  ( -37.93938015276889075, 7.407252895780580992, -9.372999999999919396 ) ) ;
#6673 =( NAMED_UNIT ( * ) SI_UNIT ( $, .STERADIAN. ) SOLID_ANGLE_UNIT ( ) );
#6674 = DIRECTION ( 'NONE',  ( -1.000000000000000000, 0.000000000000000000, 0.000000000000000000 ) ) ;
#6675 = PRESENTATION_LAYER_ASSIGNMENT (  '', '', ( #5759 ) ) ;
#6676 = UNCERTAINTY_MEASURE_WITH_UNIT (LENGTH_MEASURE( 1.000000000000000082E-05 ), #4783, 'distance_accuracy_value', 'NONE');
#6677 = VERTEX_POINT ( 'NONE', #6401 ) ;
#6678 = SURFACE_STYLE_FILL_AREA ( #7356 ) ;
#6679 = DIRECTION ( 'NONE',  ( 0.8665316060966603562, -0.4991222051116763758, 0.000000000000000000 ) ) ;
#6680 = LINE ( 'NONE', #7182, #1589 ) ;
#6681 = COLOUR_RGB ( '',0.7529411764705882248, 0.7529411764705882248, 0.7529411764705882248 ) ;
#6682 = SURFACE_SIDE_STYLE ('',( #3189 ) ) ;
#6683 = AXIS2_PLACEMENT_3D ( 'NONE', #6608, #133, #7335 ) ;
#6684 = DIRECTION ( 'NONE',  ( 0.000000000000000000, 0.000000000000000000, 1.000000000000000000 ) ) ;
#6685 = SURFACE_SIDE_STYLE ('',( #4417 ) ) ;
#6686 = CARTESIAN_POINT ( 'NONE',  ( -39.21211990792613022, 8.369713140623263214, -1.244999999999911955 ) ) ;
#6687 = CARTESIAN_POINT ( 'NONE',  ( -45.88039062757600561, -16.50398703403563871, -0.2449999999999997735 ) ) ;
#6688 =( NAMED_UNIT ( * ) PLANE_ANGLE_UNIT ( ) SI_UNIT ( $, .RADIAN. ) );
#6689 = COLOUR_RGB ( '',0.08235294117647058709, 0.08235294117647058709, 0.08235294117647058709 ) ;
#6690 = CARTESIAN_POINT ( 'NONE',  ( -30.46811990792611979, 7.201313140623236464, 1.472800000000076937 ) ) ;
#6691 = ORIENTED_EDGE ( 'NONE', *, *, #6037, .T. ) ;
#6692 = PRESENTATION_STYLE_ASSIGNMENT (( #2925 ) ) ;
#6693 = FILL_AREA_STYLE_COLOUR ( '', #1942 ) ;
#6694 = LINE ( 'NONE', #129, #2731 ) ;
#6695 = VECTOR ( 'NONE', #5181, 1000.000000000000000 ) ;
#6696 = FACE_BOUND ( 'NONE', #2629, .T. ) ;
#6697 = LINE ( 'NONE', #6562, #4806 ) ;
#6698 = CARTESIAN_POINT ( 'NONE',  ( -35.29416990792612552, 6.890163140623350557, -9.118999999999918060 ) ) ;
#6699 = EDGE_CURVE ( 'NONE', #4215, #3025, #2101, .T. ) ;
#6700 = COLOUR_RGB ( '',0.7529411764705882248, 0.7529411764705882248, 0.7529411764705882248 ) ;
#6701 = SURFACE_SIDE_STYLE ('',( #307 ) ) ;
#6702 = FILL_AREA_STYLE_COLOUR ( '', #8153 ) ;
#6703 = EDGE_LOOP ( 'NONE', ( #686, #5435, #5475, #1729 ) ) ;
#6704 = VERTEX_POINT ( 'NONE', #3465 ) ;
#6705 = CARTESIAN_POINT ( 'NONE',  ( -34.33039062757600846, -3.003987034035643600, 1.265000000000000124 ) ) ;
#6706 = VERTEX_POINT ( 'NONE', #1416 ) ;
#6707 = DIRECTION ( 'NONE',  ( -0.000000000000000000, 1.047444401652940007E-14, -1.000000000000000000 ) ) ;
#6708 = LINE ( 'NONE', #7875, #6247 ) ;
#6709 = UNCERTAINTY_MEASURE_WITH_UNIT (LENGTH_MEASURE( 1.000000000000000082E-05 ), #7964, 'distance_accuracy_value', 'NONE');
#6710 = UNCERTAINTY_MEASURE_WITH_UNIT (LENGTH_MEASURE( 1.000000000000000082E-05 ), #2706, 'distance_accuracy_value', 'NONE');
#6711 =( NAMED_UNIT ( * ) PLANE_ANGLE_UNIT ( ) SI_UNIT ( $, .RADIAN. ) );
#6712 = ORIENTED_EDGE ( 'NONE', *, *, #6433, .T. ) ;
#6713 = ORIENTED_EDGE ( 'NONE', *, *, #4464, .F. ) ;
#6714 =( GEOMETRIC_REPRESENTATION_CONTEXT ( 3 ) GLOBAL_UNCERTAINTY_ASSIGNED_CONTEXT ( ( #1902 ) ) GLOBAL_UNIT_ASSIGNED_CONTEXT ( ( #6793, #5283, #1033 ) ) REPRESENTATION_CONTEXT ( 'NONE', 'WORKASPACE' ) );
#6715 = VERTEX_POINT ( 'NONE', #8459 ) ;
#6716 =( NAMED_UNIT ( * ) SI_UNIT ( $, .STERADIAN. ) SOLID_ANGLE_UNIT ( ) );
#6717 = FACE_OUTER_BOUND ( 'NONE', #3365, .T. ) ;
#6718 = FACE_OUTER_BOUND ( 'NONE', #3867, .T. ) ;
#6719 = UNCERTAINTY_MEASURE_WITH_UNIT (LENGTH_MEASURE( 1.000000000000000082E-05 ), #3427, 'distance_accuracy_value', 'NONE');
#6720 = CARTESIAN_POINT ( 'NONE',  ( -30.83646990792612641, 7.201313140623287978, -3.530999999999924199 ) ) ;
#6721 = EDGE_CURVE ( 'NONE', #8637, #6853, #2057, .T. ) ;
#6722 = ORIENTED_EDGE ( 'NONE', *, *, #6354, .T. ) ;
#6723 = DIRECTION ( 'NONE',  ( -0.000000000000000000, -1.000000000000000000, -0.000000000000000000 ) ) ;
#6724 = CARTESIAN_POINT ( 'NONE',  ( -30.01731990792611526, 6.890113140623267185, -1.575199999999927547 ) ) ;
#6725 = SURFACE_STYLE_USAGE ( .BOTH. , #5834 ) ;
#6726 = SURFACE_SIDE_STYLE ('',( #2259 ) ) ;
#6727 = FILL_AREA_STYLE ('',( #7324 ) ) ;
#6728 = PLANE ( 'NONE',  #7728 ) ;
#6729 = SURFACE_STYLE_FILL_AREA ( #2540 ) ;
#6730 =( LENGTH_UNIT ( ) NAMED_UNIT ( * ) SI_UNIT ( .MILLI., .METRE. ) );
#6731 = EDGE_CURVE ( 'NONE', #5830, #2300, #6486, .T. ) ;
#6732 = CARTESIAN_POINT ( 'NONE',  ( -28.82731649811006136, -15.57128888243232190, 1.095134310963488566 ) ) ;
#6733 = SURFACE_STYLE_FILL_AREA ( #3247 ) ;
#6734 = PRESENTATION_STYLE_ASSIGNMENT (( #265 ) ) ;
#6735 = LINE ( 'NONE', #3154, #8488 ) ;
#6736 = AXIS2_PLACEMENT_3D ( 'NONE', #2833, #771, #5805 ) ;
#6737 = CARTESIAN_POINT ( 'NONE',  ( -36.11331990792611890, 6.032913140623267445, -1.575199999999936429 ) ) ;
#6738 = PRESENTATION_STYLE_ASSIGNMENT (( #8806 ) ) ;
#6739 = PRESENTATION_STYLE_ASSIGNMENT (( #3865 ) ) ;
#6740 = AXIS2_PLACEMENT_3D ( 'NONE', #6353, #8506, #5684 ) ;
#6741 = ORIENTED_EDGE ( 'NONE', *, *, #1955, .F. ) ;
#6742 = ORIENTED_EDGE ( 'NONE', *, *, #7546, .T. ) ;
#6743 = STYLED_ITEM ( 'NONE', ( #8571 ), #5377 ) ;
#6744 = CARTESIAN_POINT ( 'NONE',  ( -35.54816990792612330, 7.201313140623347486, -9.118999999999921613 ) ) ;
#6745 = ORIENTED_EDGE ( 'NONE', *, *, #6094, .T. ) ;
#6746 = EDGE_CURVE ( 'NONE', #1653, #5495, #4933, .T. ) ;
#6747 = DIRECTION ( 'NONE',  ( 0.000000000000000000, 1.000000000000000000, -0.000000000000000000 ) ) ;
#6748 = DIRECTION ( 'NONE',  ( 1.000000000000000000, 0.000000000000000000, -0.000000000000000000 ) ) ;
#6749 = PRESENTATION_LAYER_ASSIGNMENT (  '', '', ( #7478 ) ) ;
#6750 = FILL_AREA_STYLE_COLOUR ( '', #8130 ) ;
#6751 =( GEOMETRIC_REPRESENTATION_CONTEXT ( 3 ) GLOBAL_UNCERTAINTY_ASSIGNED_CONTEXT ( ( #2179 ) ) GLOBAL_UNIT_ASSIGNED_CONTEXT ( ( #1072, #2371, #275 ) ) REPRESENTATION_CONTEXT ( 'NONE', 'WORKASPACE' ) );
#6752 = PRESENTATION_STYLE_ASSIGNMENT (( #2605 ) ) ;
#6753 = AXIS2_PLACEMENT_3D ( 'NONE', #5840, #7979, #8660 ) ;
#6754 = CARTESIAN_POINT ( 'NONE',  ( -36.11331990792611890, 8.369713140623263214, -1.244999999999924167 ) ) ;
#6755 = FILL_AREA_STYLE ('',( #5388 ) ) ;
#6756 = EDGE_LOOP ( 'NONE', ( #6225, #5755, #8872, #5639 ) ) ;
#6757 = ORIENTED_EDGE ( 'NONE', *, *, #6868, .F. ) ;
#6758 = VECTOR ( 'NONE', #5979, 1000.000000000000000 ) ;
#6759 = COLOUR_RGB ( '',0.6470588235294117974, 0.6196078431372549211, 0.5882352941176470784 ) ;
#6760 = MANIFOLD_SOLID_BREP ( 'User Library-Header 4 Vertical-2-solid1', #8052 ) ;
#6761 = AXIS2_PLACEMENT_3D ( 'NONE', #825, #3669, #5131 ) ;
#6762 = ORIENTED_EDGE ( 'NONE', *, *, #8357, .T. ) ;
#6763 = EDGE_CURVE ( 'NONE', #3510, #4968, #1588, .T. ) ;
#6764 = DIRECTION ( 'NONE',  ( -0.000000000000000000, -0.000000000000000000, -1.000000000000000000 ) ) ;
#6765 = CARTESIAN_POINT ( 'NONE',  ( -39.21211990792613022, 7.258513140623235493, 1.472800000000076714 ) ) ;
#6766 = CARTESIAN_POINT ( 'NONE',  ( -22.78039062757601130, -16.50398703403563871, -1.264999999999999902 ) ) ;
#6767 = CYLINDRICAL_SURFACE ( 'NONE', #5631, 1.799999999999999600 ) ;
#6768 = EDGE_CURVE ( 'NONE', #5830, #1637, #7044, .T. ) ;
#6769 = UNCERTAINTY_MEASURE_WITH_UNIT (LENGTH_MEASURE( 1.000000000000000082E-05 ), #8540, 'distance_accuracy_value', 'NONE');
#6770 = ADVANCED_FACE ( 'NONE', ( #5594 ), #2204, .T. ) ;
#6771 = ORIENTED_EDGE ( 'NONE', *, *, #1532, .F. ) ;
#6772 = CARTESIAN_POINT ( 'NONE',  ( -32.75416990792612637, 6.890163140623351445, -9.118999999999921613 ) ) ;
#6773 = DIRECTION ( 'NONE',  ( 1.000000000000000000, -0.000000000000000000, 0.000000000000000000 ) ) ;
#6774 =( LENGTH_UNIT ( ) NAMED_UNIT ( * ) SI_UNIT ( .MILLI., .METRE. ) );
#6775 =( NAMED_UNIT ( * ) SI_UNIT ( $, .STERADIAN. ) SOLID_ANGLE_UNIT ( ) );
#6776 = EDGE_CURVE ( 'NONE', #5021, #25, #2999, .T. ) ;
#6777 = CARTESIAN_POINT ( 'NONE',  ( -32.75411990792613182, 7.512513140623237717, 1.472800000000079601 ) ) ;
#6778 = PLANE ( 'NONE',  #5338 ) ;
#6779 = FILL_AREA_STYLE_COLOUR ( '', #3941 ) ;
#6780 = SURFACE_SIDE_STYLE ('',( #223 ) ) ;
#6781 = EDGE_CURVE ( 'NONE', #7223, #1048, #954, .T. ) ;
#6782 = ADVANCED_FACE ( 'NONE', ( #7403 ), #8779, .T. ) ;
#6783 =( LENGTH_UNIT ( ) NAMED_UNIT ( * ) SI_UNIT ( .MILLI., .METRE. ) );
#6784 = MECHANICAL_DESIGN_GEOMETRIC_PRESENTATION_REPRESENTATION (  '', ( #8381 ), #2276 ) ;
#6785 = CARTESIAN_POINT ( 'NONE',  ( -39.21211990792613022, 7.512463140623287572, -3.530999999999921091 ) ) ;
#6786 = STYLED_ITEM ( 'NONE', ( #3085 ), #741 ) ;
#6787 = CARTESIAN_POINT ( 'NONE',  ( -31.03331990792612061, 6.032913140623267445, -1.575199999999936429 ) ) ;
#6788 =( GEOMETRIC_REPRESENTATION_CONTEXT ( 3 ) GLOBAL_UNCERTAINTY_ASSIGNED_CONTEXT ( ( #6709 ) ) GLOBAL_UNIT_ASSIGNED_CONTEXT ( ( #7964, #5965, #1004 ) ) REPRESENTATION_CONTEXT ( 'NONE', 'WORKASPACE' ) );
#6789 = LINE ( 'NONE', #5376, #3078 ) ;
#6790 = MANIFOLD_SOLID_BREP ( '128x64I2COLEDDisplay-1-solid3', #7617 ) ;
#6791 = VERTEX_POINT ( 'NONE', #6008 ) ;
#6792 = AXIS2_PLACEMENT_3D ( 'NONE', #1962, #1316, #7035 ) ;
#6793 =( LENGTH_UNIT ( ) NAMED_UNIT ( * ) SI_UNIT ( .MILLI., .METRE. ) );
#6794 = ORIENTED_EDGE ( 'NONE', *, *, #3999, .F. ) ;
#6795 = MECHANICAL_DESIGN_GEOMETRIC_PRESENTATION_REPRESENTATION (  '', ( #8533 ), #4527 ) ;
#6796 = DIRECTION ( 'NONE',  ( 0.000000000000000000, -1.047444401652940007E-14, 1.000000000000000000 ) ) ;
#6797 = AXIS2_PLACEMENT_3D ( 'NONE', #1859, #8251, #6129 ) ;
#6798 = DIRECTION ( 'NONE',  ( 0.000000000000000000, 1.047444401652940007E-14, -1.000000000000000000 ) ) ;
#6799 = CARTESIAN_POINT ( 'NONE',  ( -28.82731649811005781, -14.00398703403564227, 1.191331306785492705 ) ) ;
#6800 =( LENGTH_UNIT ( ) NAMED_UNIT ( * ) SI_UNIT ( .MILLI., .METRE. ) );
#6801 = SURFACE_STYLE_FILL_AREA ( #990 ) ;
#6802 = CARTESIAN_POINT ( 'NONE',  ( -38.20251990792611707, 7.258513140623235493, 1.472800000000076714 ) ) ;
#6803 =( GEOMETRIC_REPRESENTATION_CONTEXT ( 3 ) GLOBAL_UNCERTAINTY_ASSIGNED_CONTEXT ( ( #5128 ) ) GLOBAL_UNIT_ASSIGNED_CONTEXT ( ( #1573, #3145, #1054 ) ) REPRESENTATION_CONTEXT ( 'NONE', 'WORKASPACE' ) );
#6804 = ORIENTED_EDGE ( 'NONE', *, *, #2011, .T. ) ;
#6805 = VERTEX_POINT ( 'NONE', #2963 ) ;
#6806 = STYLED_ITEM ( 'NONE', ( #5688 ), #5582 ) ;
#6807 = ORIENTED_EDGE ( 'NONE', *, *, #2474, .T. ) ;
#6808 = DIRECTION ( 'NONE',  ( 1.000000000000000000, 0.000000000000000000, 0.000000000000000000 ) ) ;
#6809 = COLOUR_RGB ( '',0.7529411764705882248, 0.7529411764705882248, 0.7529411764705882248 ) ;
#6810 = CYLINDRICAL_SURFACE ( 'NONE', #6736, 0.2540000000000007807 ) ;
#6811 = PRESENTATION_STYLE_ASSIGNMENT (( #3230 ) ) ;
#6812 = DIRECTION ( 'NONE',  ( 1.000000000000000000, 0.000000000000000000, 0.000000000000000000 ) ) ;
#6813 = APPLICATION_PROTOCOL_DEFINITION ( 'draft international standard', 'automotive_design', 1998, #4260 ) ;
#6814 = CARTESIAN_POINT ( 'NONE',  ( -30.01731990792611526, 6.032913140623263892, -1.244999999999936158 ) ) ;
#6815 = EDGE_CURVE ( 'NONE', #8718, #3466, #1007, .T. ) ;
#6816 = ORIENTED_EDGE ( 'NONE', *, *, #7444, .T. ) ;
#6817 = DIRECTION ( 'NONE',  ( -1.000000000000000000, -0.000000000000000000, -0.000000000000000000 ) ) ;
#6818 = CARTESIAN_POINT ( 'NONE',  ( -32.75416990792612637, 6.890163140623350557, -3.530999999999928196 ) ) ;
#6819 = CARTESIAN_POINT ( 'NONE',  ( -28.82731649811007202, -17.97723040388900628, 0.2768188384184762096 ) ) ;
#6820 =( NAMED_UNIT ( * ) SI_UNIT ( $, .STERADIAN. ) SOLID_ANGLE_UNIT ( ) );
#6821 = SURFACE_STYLE_FILL_AREA ( #3948 ) ;
#6822 = DIRECTION ( 'NONE',  ( 1.000000000000000000, 0.000000000000000000, 0.000000000000000000 ) ) ;
#6823 = ORIENTED_EDGE ( 'NONE', *, *, #6660, .T. ) ;
#6824 = FACE_OUTER_BOUND ( 'NONE', #7476, .T. ) ;
#6825 = FILL_AREA_STYLE ('',( #3336 ) ) ;
#6826 = CARTESIAN_POINT ( 'NONE',  ( -30.31938015276888265, 6.995373385466113092, -9.372999999999924725 ) ) ;
#6827 = FACE_OUTER_BOUND ( 'NONE', #5950, .T. ) ;
#6828 = DIRECTION ( 'NONE',  ( 0.000000000000000000, 0.000000000000000000, 1.000000000000000000 ) ) ;
#6829 = CARTESIAN_POINT ( 'NONE',  ( -39.82267328534919670, -15.29564772441671394, 1.209947844275661488 ) ) ;
#6830 = CARTESIAN_POINT ( 'NONE',  ( -38.45651990792611485, 6.890113140623235211, -1.575199999999927325 ) ) ;
#6831 = EDGE_CURVE ( 'NONE', #8427, #9239, #7455, .T. ) ;
#6832 = FILL_AREA_STYLE ('',( #5373 ) ) ;
#6833 = LINE ( 'NONE', #5606, #3757 ) ;
#6834 = EDGE_CURVE ( 'NONE', #7018, #1828, #7495, .T. ) ;
#6835 = CARTESIAN_POINT ( 'NONE',  ( -45.11039062757600249, 3.166012965964347003, 1.265000000000000124 ) ) ;
#6836 = LINE ( 'NONE', #2462, #7419 ) ;
#6837 = ORIENTED_EDGE ( 'NONE', *, *, #6354, .F. ) ;
#6838 = EDGE_CURVE ( 'NONE', #3596, #2532, #5829, .T. ) ;
#6839 = DIRECTION ( 'NONE',  ( -0.5000000000000024425, 0.8660254037844372643, 8.871936606718224421E-15 ) ) ;
#6840 = MECHANICAL_DESIGN_GEOMETRIC_PRESENTATION_REPRESENTATION (  '', ( #9035 ), #2782 ) ;
#6841 = ORIENTED_EDGE ( 'NONE', *, *, #2210, .F. ) ;
#6842 =( GEOMETRIC_REPRESENTATION_CONTEXT ( 3 ) GLOBAL_UNCERTAINTY_ASSIGNED_CONTEXT ( ( #6512 ) ) GLOBAL_UNIT_ASSIGNED_CONTEXT ( ( #8292, #629, #1186 ) ) REPRESENTATION_CONTEXT ( 'NONE', 'WORKASPACE' ) );
#6843 = MECHANICAL_DESIGN_GEOMETRIC_PRESENTATION_REPRESENTATION (  '', ( #99 ), #1138 ) ;
#6844 = CARTESIAN_POINT ( 'NONE',  ( -34.65401384467411816, 8.369713140623074921, -3.530999999999914873 ) ) ;
#6845 = CARTESIAN_POINT ( 'NONE',  ( -38.14039062757601073, 7.206012965964358585, -1.245000000000000107 ) ) ;
#6846 =( LENGTH_UNIT ( ) NAMED_UNIT ( * ) SI_UNIT ( .MILLI., .METRE. ) );
#6847 = SURFACE_STYLE_USAGE ( .BOTH. , #6281 ) ;
#6848 =( NAMED_UNIT ( * ) SI_UNIT ( $, .STERADIAN. ) SOLID_ANGLE_UNIT ( ) );
#6849 = SURFACE_SIDE_STYLE ('',( #1201 ) ) ;
#6850 = EDGE_CURVE ( 'NONE', #6097, #7772, #6195, .T. ) ;
#6851 = FACE_OUTER_BOUND ( 'NONE', #4008, .T. ) ;
#6852 = ORIENTED_EDGE ( 'NONE', *, *, #852, .F. ) ;
#6853 = VERTEX_POINT ( 'NONE', #5354 ) ;
#6854 = EDGE_CURVE ( 'NONE', #36, #7457, #8225, .T. ) ;
#6855 = ORIENTED_EDGE ( 'NONE', *, *, #4704, .F. ) ;
#6856 =( LENGTH_UNIT ( ) NAMED_UNIT ( * ) SI_UNIT ( .MILLI., .METRE. ) );
#6857 = CARTESIAN_POINT ( 'NONE',  ( -45.82731649811005781, -13.42398703403564575, -1.245000000000000107 ) ) ;
#6858 = CARTESIAN_POINT ( 'NONE',  ( -40.82734311048331222, -14.56033094796274163, 1.155085320484547484 ) ) ;
#6859 = SURFACE_SIDE_STYLE ('',( #1086 ) ) ;
#6860 = CARTESIAN_POINT ( 'NONE',  ( -37.83411990792612301, 6.890113140623267185, -1.575199999999923994 ) ) ;
#6861 = LINE ( 'NONE', #3178, #8151 ) ;
#6862 = STYLED_ITEM ( 'NONE', ( #7326 ), #1486 ) ;
#6863 = UNCERTAINTY_MEASURE_WITH_UNIT (LENGTH_MEASURE( 1.000000000000000082E-05 ), #6965, 'distance_accuracy_value', 'NONE');
#6864 =( GEOMETRIC_REPRESENTATION_CONTEXT ( 3 ) GLOBAL_UNCERTAINTY_ASSIGNED_CONTEXT ( ( #7245 ) ) GLOBAL_UNIT_ASSIGNED_CONTEXT ( ( #1807, #5515, #1897 ) ) REPRESENTATION_CONTEXT ( 'NONE', 'WORKASPACE' ) );
#6865 = ORIENTED_EDGE ( 'NONE', *, *, #138, .T. ) ;
#6866 = LINE ( 'NONE', #6952, #8387 ) ;
#6867 = CARTESIAN_POINT ( 'NONE',  ( -45.11039062757600249, 3.166012965964347003, 1.265000000000000124 ) ) ;
#6868 = EDGE_CURVE ( 'NONE', #3223, #2153, #6861, .T. ) ;
#6869 = SURFACE_STYLE_USAGE ( .BOTH. , #3947 ) ;
#6870 = VECTOR ( 'NONE', #8844, 1000.000000000000000 ) ;
#6871 = CARTESIAN_POINT ( 'NONE',  ( -40.82734843295796168, -14.00157464219462256, 1.194676362168962447 ) ) ;
#6872 = FILL_AREA_STYLE ('',( #2538 ) ) ;
#6873 = SURFACE_SIDE_STYLE ('',( #6729 ) ) ;
#6874 = SURFACE_STYLE_USAGE ( .BOTH. , #5369 ) ;
#6875 = CARTESIAN_POINT ( 'NONE',  ( -47.68039062757600988, -3.003987034035643600, -1.245000000000000107 ) ) ;
#6876 = VECTOR ( 'NONE', #1654, 1000.000000000000000 ) ;
#6877 = SURFACE_SIDE_STYLE ('',( #4143 ) ) ;
#6878 = DIRECTION ( 'NONE',  ( 1.000000000000000000, 0.000000000000000000, 0.000000000000000000 ) ) ;
#6879 = DIRECTION ( 'NONE',  ( 0.000000000000000000, 0.000000000000000000, 1.000000000000000000 ) ) ;
#6880 = DIRECTION ( 'NONE',  ( -0.8665316060966603562, -0.4991222051116762648, 0.000000000000000000 ) ) ;
#6881 = LINE ( 'NONE', #6222, #7923 ) ;
#6882 = CARTESIAN_POINT ( 'NONE',  ( -30.83651990792612452, 6.890113140623236099, 1.218800000000075823 ) ) ;
#6883 = EDGE_CURVE ( 'NONE', #7819, #2153, #5490, .T. ) ;
#6884 = EDGE_LOOP ( 'NONE', ( #3209, #3377, #8175, #780 ) ) ;
#6885 = CARTESIAN_POINT ( 'NONE',  ( -20.98039062757600703, 9.556012965964356454, -0.2449999999999997735 ) ) ;
#6886 = ORIENTED_EDGE ( 'NONE', *, *, #7967, .T. ) ;
#6887 = CARTESIAN_POINT ( 'NONE',  ( -39.21211990792613022, 7.201313140623236464, 1.472800000000076048 ) ) ;
#6888 = SURFACE_STYLE_FILL_AREA ( #1155 ) ;
#6889 = FACE_BOUND ( 'NONE', #5679, .T. ) ;
#6890 = FACE_OUTER_BOUND ( 'NONE', #410, .T. ) ;
#6891 = FACE_OUTER_BOUND ( 'NONE', #7317, .T. ) ;
#6892 = FILL_AREA_STYLE ('',( #4017 ) ) ;
#6893 = VECTOR ( 'NONE', #5510, 1000.000000000000000 ) ;
#6894 = STYLED_ITEM ( 'NONE', ( #635 ), #5383 ) ;
#6895 = ORIENTED_EDGE ( 'NONE', *, *, #1735, .T. ) ;
#6896 = ORIENTED_EDGE ( 'NONE', *, *, #887, .T. ) ;
#6897 = CARTESIAN_POINT ( 'NONE',  ( -30.83646990792612286, 6.890163140623317695, -9.118999999999928718 ) ) ;
#6898 =( GEOMETRIC_REPRESENTATION_CONTEXT ( 3 ) GLOBAL_UNCERTAINTY_ASSIGNED_CONTEXT ( ( #5480 ) ) GLOBAL_UNIT_ASSIGNED_CONTEXT ( ( #2558, #8379, #1152 ) ) REPRESENTATION_CONTEXT ( 'NONE', 'WORKASPACE' ) );
#6899 = DIRECTION ( 'NONE',  ( 0.000000000000000000, 0.000000000000000000, -1.000000000000000000 ) ) ;
#6900 = STYLED_ITEM ( 'NONE', ( #8371 ), #4755 ) ;
#6901 = CARTESIAN_POINT ( 'NONE',  ( -40.82731915934738964, -18.21734245870245772, 0.04932097214352581388 ) ) ;
#6902 = EDGE_CURVE ( 'NONE', #7210, #7662, #1107, .T. ) ;
#6903 = CARTESIAN_POINT ( 'NONE',  ( -47.08039062757600846, 4.756012965964352190, 1.205000000000000071 ) ) ;
#6904 = DIRECTION ( 'NONE',  ( 1.000000000000000000, 0.000000000000000000, 0.000000000000000000 ) ) ;
#6905 = VECTOR ( 'NONE', #8665, 1000.000000000000000 ) ;
#6906 = ORIENTED_EDGE ( 'NONE', *, *, #1575, .T. ) ;
#6907 =( GEOMETRIC_REPRESENTATION_CONTEXT ( 3 ) GLOBAL_UNCERTAINTY_ASSIGNED_CONTEXT ( ( #7932 ) ) GLOBAL_UNIT_ASSIGNED_CONTEXT ( ( #570, #7135, #2718 ) ) REPRESENTATION_CONTEXT ( 'NONE', 'WORKASPACE' ) );
#6908 = ORIENTED_EDGE ( 'NONE', *, *, #9074, .F. ) ;
#6909 = LINE ( 'NONE', #8641, #735 ) ;
#6910 = CARTESIAN_POINT ( 'NONE',  ( -28.82731649811007202, -14.55917908551364270, 1.164798537445374427 ) ) ;
#6911 = VECTOR ( 'NONE', #6880, 1000.000000000000114 ) ;
#6912 = VERTEX_POINT ( 'NONE', #8184 ) ;
#6913 =( BOUNDED_CURVE ( )  B_SPLINE_CURVE ( 3, ( #6772, #8932, #7407, #960 ),
 .UNSPECIFIED., .F., .F. ) 
 B_SPLINE_CURVE_WITH_KNOTS ( ( 4, 4 ),
 ( 3.184795951792029622E-15, 1.570796326794896558 ),
 .UNSPECIFIED. ) 
 CURVE ( )  GEOMETRIC_REPRESENTATION_ITEM ( )  RATIONAL_B_SPLINE_CURVE ( ( 1.000000000000000000, 0.8047378541243658256, 0.8047378541243658256, 1.000000000000000000 ) ) 
 REPRESENTATION_ITEM ( '' )  );
#6914 = CARTESIAN_POINT ( 'NONE',  ( -39.21211990792613022, 7.201313140623263997, -1.244999999999924167 ) ) ;
#6915 = PLANE ( 'NONE',  #4777 ) ;
#6916 = CARTESIAN_POINT ( 'NONE',  ( -29.82734586157200241, -14.00398703403564049, 1.209999965707260872 ) ) ;
#6917 = DIRECTION ( 'NONE',  ( -1.000000000000000000, 0.000000000000000000, -0.000000000000000000 ) ) ;
#6918 = FILL_AREA_STYLE ('',( #3206 ) ) ;
#6919 = DIRECTION ( 'NONE',  ( -0.000000000000000000, 1.047444401652940007E-14, -1.000000000000000000 ) ) ;
#6920 = EDGE_CURVE ( 'NONE', #8332, #2207, #6238, .T. ) ;
#6921 = ORIENTED_EDGE ( 'NONE', *, *, #219, .F. ) ;
#6922 = DIRECTION ( 'NONE',  ( 6.566942292462172298E-16, 0.000000000000000000, -1.000000000000000000 ) ) ;
#6923 = ORIENTED_EDGE ( 'NONE', *, *, #4877, .F. ) ;
#6924 = SURFACE_STYLE_USAGE ( .BOTH. , #4760 ) ;
#6925 = DIRECTION ( 'NONE',  ( 1.000000000000000000, 0.000000000000000000, 0.000000000000000000 ) ) ;
#6926 = SURFACE_STYLE_USAGE ( .BOTH. , #3616 ) ;
#6927 = EDGE_CURVE ( 'NONE', #2196, #6805, #8929, .T. ) ;
#6928 =( NAMED_UNIT ( * ) SI_UNIT ( $, .STERADIAN. ) SOLID_ANGLE_UNIT ( ) );
#6929 =( NAMED_UNIT ( * ) PLANE_ANGLE_UNIT ( ) SI_UNIT ( $, .RADIAN. ) );
#6930 = CARTESIAN_POINT ( 'NONE',  ( -30.83646990792612286, 7.512463140623350633, -9.118999999999923389 ) ) ;
#6931 = LINE ( 'NONE', #1946, #9171 ) ;
#6932 = SURFACE_STYLE_FILL_AREA ( #6892 ) ;
#6933 = ORIENTED_EDGE ( 'NONE', *, *, #693, .T. ) ;
#6934 = EDGE_LOOP ( 'NONE', ( #6079, #7586, #2109, #4631 ) ) ;
#6935 = MECHANICAL_DESIGN_GEOMETRIC_PRESENTATION_REPRESENTATION (  '', ( #199 ), #3936 ) ;
#6936 = STYLED_ITEM ( 'NONE', ( #870 ), #4164 ) ;
#6937 = COLOUR_RGB ( '',0.7529411764705882248, 0.7529411764705882248, 0.7529411764705882248 ) ;
#6938 = DIRECTION ( 'NONE',  ( 1.000000000000000000, -0.000000000000000000, 0.000000000000000000 ) ) ;
#6939 = FACE_OUTER_BOUND ( 'NONE', #838, .T. ) ;
#6940 = COLOUR_RGB ( '',0.000000000000000000, 0.5019607843137254832, 1.000000000000000000 ) ;
#6941 = VECTOR ( 'NONE', #8531, 1000.000000000000114 ) ;
#6942 = SURFACE_SIDE_STYLE ('',( #8974 ) ) ;
#6943 = VECTOR ( 'NONE', #7323, 1000.000000000000000 ) ;
#6944 = ORIENTED_EDGE ( 'NONE', *, *, #3618, .F. ) ;
#6945 = UNCERTAINTY_MEASURE_WITH_UNIT (LENGTH_MEASURE( 1.000000000000000082E-05 ), #9218, 'distance_accuracy_value', 'NONE');
#6946 = EDGE_CURVE ( 'NONE', #1499, #5163, #1284, .T. ) ;
#6947 = ORIENTED_EDGE ( 'NONE', *, *, #8004, .T. ) ;
#6948 = EDGE_CURVE ( 'NONE', #2827, #12, #9016, .T. ) ;
#6949 = VECTOR ( 'NONE', #4831, 1000.000000000000000 ) ;
#6950 = VECTOR ( 'NONE', #134, 1000.000000000000000 ) ;
#6951 = VERTEX_POINT ( 'NONE', #8310 ) ;
#6952 = CARTESIAN_POINT ( 'NONE',  ( -47.58039062757602267, -3.003987034035643600, -0.2449999999999997735 ) ) ;
#6953 = PLANE ( 'NONE',  #8144 ) ;
#6954 = CARTESIAN_POINT ( 'NONE',  ( -39.21211990792613022, 8.369713140623288083, -3.530999999999912209 ) ) ;
#6955 = DIRECTION ( 'NONE',  ( 1.000000000000000000, -0.000000000000000000, 0.000000000000000000 ) ) ;
#6956 = CARTESIAN_POINT ( 'NONE',  ( -32.75416990792612637, 7.512463140623350633, -9.372999999999919396 ) ) ;
#6957 = SURFACE_STYLE_USAGE ( .BOTH. , #2628 ) ;
#6958 = CARTESIAN_POINT ( 'NONE',  ( -32.11401384467409770, 6.032913140623286985, -3.530999999999936634 ) ) ;
#6959 = COLOUR_RGB ( '',0.6470588235294117974, 0.6196078431372549211, 0.5882352941176470784 ) ;
#6960 = VERTEX_POINT ( 'NONE', #6147 ) ;
#6961 = FILL_AREA_STYLE ('',( #529 ) ) ;
#6962 = FACE_OUTER_BOUND ( 'NONE', #678, .T. ) ;
#6963 = STYLED_ITEM ( 'NONE', ( #4419 ), #8908 ) ;
#6964 = DIRECTION ( 'NONE',  ( 0.000000000000000000, -1.047444401652940007E-14, 1.000000000000000000 ) ) ;
#6965 =( LENGTH_UNIT ( ) NAMED_UNIT ( * ) SI_UNIT ( .MILLI., .METRE. ) );
#6966 = CARTESIAN_POINT ( 'NONE',  ( -21.08039062757600846, -14.00398703403564227, 0.8783333333333335213 ) ) ;
#6967 = CARTESIAN_POINT ( 'NONE',  ( -35.29411990792612386, 7.512513140623235053, 1.472800000000079601 ) ) ;
#6968 = CARTESIAN_POINT ( 'NONE',  ( -39.21211990792613022, 7.201313140623236464, 1.472800000000076048 ) ) ;
#6969 = MECHANICAL_DESIGN_GEOMETRIC_PRESENTATION_REPRESENTATION (  '', ( #5759 ), #1722 ) ;
#6970 = AXIS2_PLACEMENT_3D ( 'NONE', #5934, #6684, #3005 ) ;
#6971 = ORIENTED_EDGE ( 'NONE', *, *, #292, .T. ) ;
#6972 = CARTESIAN_POINT ( 'NONE',  ( -28.82731649811006136, -16.30398703403564653, -1.245094783620809942 ) ) ;
#6973 = ORIENTED_EDGE ( 'NONE', *, *, #9182, .T. ) ;
#6974 = DIRECTION ( 'NONE',  ( -0.000000000000000000, -1.000000000000000000, -1.047444401652940007E-14 ) ) ;
#6975 = COLOUR_RGB ( '',0.000000000000000000, 0.007843137254901960675, 0.3098039215686274606 ) ;
#6976 = EDGE_CURVE ( 'NONE', #2710, #5058, #3368, .T. ) ;
#6977 = UNCERTAINTY_MEASURE_WITH_UNIT (LENGTH_MEASURE( 1.000000000000000082E-05 ), #4517, 'distance_accuracy_value', 'NONE');
#6978 = FACE_OUTER_BOUND ( 'NONE', #1289, .T. ) ;
#6979 =( LENGTH_UNIT ( ) NAMED_UNIT ( * ) SI_UNIT ( .MILLI., .METRE. ) );
#6980 = SURFACE_STYLE_USAGE ( .BOTH. , #4809 ) ;
#6981 = DIRECTION ( 'NONE',  ( 0.000000000000000000, -1.000000000000000000, -1.047444401652940007E-14 ) ) ;
#6982 = VERTEX_POINT ( 'NONE', #6101 ) ;
#6983 = EDGE_LOOP ( 'NONE', ( #1479, #3425, #4889, #5996 ) ) ;
#6984 = PRESENTATION_LAYER_ASSIGNMENT (  '', '', ( #2928 ) ) ;
#6985 = COLOUR_RGB ( '',0.08235294117647058709, 0.08235294117647058709, 0.08235294117647058709 ) ;
#6986 = LINE ( 'NONE', #8441, #8448 ) ;
#6987 = PRESENTATION_LAYER_ASSIGNMENT (  '', '', ( #4733 ) ) ;
#6988 = UNCERTAINTY_MEASURE_WITH_UNIT (LENGTH_MEASURE( 1.000000000000000082E-05 ), #4781, 'distance_accuracy_value', 'NONE');
#6989 = VECTOR ( 'NONE', #4582, 1000.000000000000000 ) ;
#6990 = PRESENTATION_LAYER_ASSIGNMENT (  '', '', ( #689 ) ) ;
#6991 = CARTESIAN_POINT ( 'NONE',  ( -35.91651990792611571, 6.890113140623239651, 1.218800000000075823 ) ) ;
#6992 = STYLED_ITEM ( 'NONE', ( #13 ), #7917 ) ;
#6993 = DIRECTION ( 'NONE',  ( 0.000000000000000000, -1.000000000000000000, -1.047444401652940007E-14 ) ) ;
#6994 = ORIENTED_EDGE ( 'NONE', *, *, #2407, .T. ) ;
#6995 = COLOUR_RGB ( '',0.7529411764705882248, 0.7529411764705882248, 0.7529411764705882248 ) ;
#6996 = ORIENTED_EDGE ( 'NONE', *, *, #5145, .F. ) ;
#6997 = ORIENTED_EDGE ( 'NONE', *, *, #2474, .F. ) ;
#6998 = LINE ( 'NONE', #9066, #4378 ) ;
#6999 = CARTESIAN_POINT ( 'NONE',  ( -39.21211990792613022, 7.201313140623236464, 1.472800000000076048 ) ) ;
#7000 = CARTESIAN_POINT ( 'NONE',  ( -35.66251990792611792, 7.258513140623236382, 1.472800000000076492 ) ) ;
#7001 = EDGE_CURVE ( 'NONE', #7337, #2863, #1211, .T. ) ;
#7002 = FACE_OUTER_BOUND ( 'NONE', #4774, .T. ) ;
#7003 = FILL_AREA_STYLE ('',( #18 ) ) ;
#7004 = COLOUR_RGB ( '',0.08235294117647058709, 0.08235294117647058709, 0.08235294117647058709 ) ;
#7005 = AXIS2_PLACEMENT_3D ( 'NONE', #6275, #4666, #6922 ) ;
#7006 = CARTESIAN_POINT ( 'NONE',  ( -30.83646990792612286, 6.890163140623317695, -9.118999999999928718 ) ) ;
#7007 = SURFACE_STYLE_FILL_AREA ( #6825 ) ;
#7008 = ORIENTED_EDGE ( 'NONE', *, *, #7838, .T. ) ;
#7009 = FACE_OUTER_BOUND ( 'NONE', #8426, .T. ) ;
#7010 = PRESENTATION_LAYER_ASSIGNMENT (  '', '', ( #4157 ) ) ;
#7011 =( NAMED_UNIT ( * ) PLANE_ANGLE_UNIT ( ) SI_UNIT ( $, .RADIAN. ) );
#7012 = CARTESIAN_POINT ( 'NONE',  ( -35.91651990792611571, 7.512513140623235053, 1.472800000000079601 ) ) ;
#7013 = ADVANCED_FACE ( 'NONE', ( #4067 ), #6767, .T. ) ;
#7014 = DIRECTION ( 'NONE',  ( 0.000000000000000000, -1.000000000000000000, -1.047444401652940007E-14 ) ) ;
#7015 = FILL_AREA_STYLE_COLOUR ( '', #2541 ) ;
#7016 = ORIENTED_EDGE ( 'NONE', *, *, #3203, .T. ) ;
#7017 = ORIENTED_EDGE ( 'NONE', *, *, #4394, .F. ) ;
#7018 = VERTEX_POINT ( 'NONE', #5581 ) ;
#7019 = CARTESIAN_POINT ( 'NONE',  ( -37.83416990792611756, 6.890163140623350557, -9.372999999999926501 ) ) ;
#7020 = SURFACE_STYLE_FILL_AREA ( #3445 ) ;
#7021 = CARTESIAN_POINT ( 'NONE',  ( -21.58039062757600846, -9.643987034035646388, 1.255000000000000115 ) ) ;
#7022 = CARTESIAN_POINT ( 'NONE',  ( -33.06039062757600533, 7.206012965964358585, -0.2449999999999997735 ) ) ;
#7023 =( LENGTH_UNIT ( ) NAMED_UNIT ( * ) SI_UNIT ( .MILLI., .METRE. ) );
#7024 = ORIENTED_EDGE ( 'NONE', *, *, #8399, .F. ) ;
#7025 = ORIENTED_EDGE ( 'NONE', *, *, #2727, .T. ) ;
#7026 = EDGE_CURVE ( 'NONE', #5280, #1090, #4307, .T. ) ;
#7027 = CARTESIAN_POINT ( 'NONE',  ( -34.36071990792594733, 6.540913140623156430, -3.530999999999931305 ) ) ;
#7028 = CARTESIAN_POINT ( 'NONE',  ( -44.08039062757600135, 7.056012965964359118, -1.264999999999999902 ) ) ;
#7029 = PRESENTATION_LAYER_ASSIGNMENT (  '', '', ( #6443 ) ) ;
#7030 = DIRECTION ( 'NONE',  ( 0.000000000000000000, 0.000000000000000000, -1.000000000000000000 ) ) ;
#7031 = ORIENTED_EDGE ( 'NONE', *, *, #5860, .F. ) ;
#7032 = ORIENTED_EDGE ( 'NONE', *, *, #6530, .T. ) ;
#7033 = EDGE_CURVE ( 'NONE', #4622, #8116, #4116, .T. ) ;
#7034 = ORIENTED_EDGE ( 'NONE', *, *, #1827, .T. ) ;
#7035 = DIRECTION ( 'NONE',  ( 0.000000000000000000, 0.000000000000000000, 1.000000000000000000 ) ) ;
#7036 = FILL_AREA_STYLE ('',( #2010 ) ) ;
#7037 = DIRECTION ( 'NONE',  ( 1.000000000000000000, 0.000000000000000000, 0.000000000000000000 ) ) ;
#7038 = DIRECTION ( 'NONE',  ( 0.000000000000000000, -1.000000000000000000, -1.047444401652940007E-14 ) ) ;
#7039 = CARTESIAN_POINT ( 'NONE',  ( -38.45651990792611485, 6.890113140623267185, -1.575199999999927547 ) ) ;
#7040 = MECHANICAL_DESIGN_GEOMETRIC_PRESENTATION_REPRESENTATION (  '', ( #1794 ), #156 ) ;
#7041 = DIRECTION ( 'NONE',  ( 1.000000000000000000, 0.000000000000000000, 0.000000000000000000 ) ) ;
#7042 = EDGE_CURVE ( 'NONE', #4572, #8374, #561, .T. ) ;
#7043 = CIRCLE ( 'NONE', #9106, 0.5000000000000004441 ) ;
#7044 = LINE ( 'NONE', #5676, #3511 ) ;
#7045 = COLOUR_RGB ( '',0.7529411764705882248, 0.7529411764705882248, 0.7529411764705882248 ) ;
#7046 =( LENGTH_UNIT ( ) NAMED_UNIT ( * ) SI_UNIT ( .MILLI., .METRE. ) );
#7047 = VERTEX_POINT ( 'NONE', #2762 ) ;
#7048 = AXIS2_PLACEMENT_3D ( 'NONE', #2331, #2774, #8681 ) ;
#7049 =( LENGTH_UNIT ( ) NAMED_UNIT ( * ) SI_UNIT ( .MILLI., .METRE. ) );
#7050 = MECHANICAL_DESIGN_GEOMETRIC_PRESENTATION_REPRESENTATION (  '', ( #4651 ), #3448 ) ;
#7051 =( NAMED_UNIT ( * ) PLANE_ANGLE_UNIT ( ) SI_UNIT ( $, .RADIAN. ) );
#7052 = LINE ( 'NONE', #668, #528 ) ;
#7053 =( LENGTH_UNIT ( ) NAMED_UNIT ( * ) SI_UNIT ( .MILLI., .METRE. ) );
#7054 =( NAMED_UNIT ( * ) PLANE_ANGLE_UNIT ( ) SI_UNIT ( $, .RADIAN. ) );
#7055 = ADVANCED_FACE ( 'NONE', ( #1256 ), #7866, .T. ) ;
#7056 = PRESENTATION_LAYER_ASSIGNMENT (  '', '', ( #5706 ) ) ;
#7057 =( NAMED_UNIT ( * ) SI_UNIT ( $, .STERADIAN. ) SOLID_ANGLE_UNIT ( ) );
#7058 = AXIS2_PLACEMENT_3D ( 'NONE', #4702, #430, #6964 ) ;
#7059 = CARTESIAN_POINT ( 'NONE',  ( -47.08039062757600846, 4.756012965964352190, 1.255000000000000115 ) ) ;
#7060 = DIRECTION ( 'NONE',  ( 0.4999999999999998890, -0.8660254037844387076, 0.000000000000000000 ) ) ;
#7061 = ORIENTED_EDGE ( 'NONE', *, *, #3850, .F. ) ;
#7062 =( NAMED_UNIT ( * ) SI_UNIT ( $, .STERADIAN. ) SOLID_ANGLE_UNIT ( ) );
#7063 = EDGE_LOOP ( 'NONE', ( #1294, #3689 ) ) ;
#7064 = VERTEX_POINT ( 'NONE', #4872 ) ;
#7065 = ADVANCED_FACE ( 'NONE', ( #7167 ), #9111, .T. ) ;
#7066 = DIRECTION ( 'NONE',  ( 1.000000000000000000, 0.000000000000000000, 0.000000000000000000 ) ) ;
#7067 = PRESENTATION_STYLE_ASSIGNMENT (( #3576 ) ) ;
#7068 = EDGE_CURVE ( 'NONE', #2522, #7178, #3498, .T. ) ;
#7069 = DIRECTION ( 'NONE',  ( 0.000000000000000000, 0.000000000000000000, -1.000000000000000000 ) ) ;
#7070 = UNCERTAINTY_MEASURE_WITH_UNIT (LENGTH_MEASURE( 1.000000000000000082E-05 ), #1430, 'distance_accuracy_value', 'NONE');
#7071 = FILL_AREA_STYLE ('',( #4910 ) ) ;
#7072 = PRESENTATION_STYLE_ASSIGNMENT (( #1341 ) ) ;
#7073 = PLANE ( 'NONE',  #2895 ) ;
#7074 = DIRECTION ( 'NONE',  ( 1.000000000000000000, 0.000000000000000000, 0.000000000000000000 ) ) ;
#7075 = VERTEX_POINT ( 'NONE', #7674 ) ;
#7076 = ORIENTED_EDGE ( 'NONE', *, *, #4102, .T. ) ;
#7077 = AXIS2_PLACEMENT_3D ( 'NONE', #8183, #5306, #3935 ) ;
#7078 = CARTESIAN_POINT ( 'NONE',  ( -28.82731649811005781, -18.28388708950198804, -0.2449552275043978544 ) ) ;
#7079 = VECTOR ( 'NONE', #904, 1000.000000000000000 ) ;
#7080 = SURFACE_SIDE_STYLE ('',( #8443 ) ) ;
#7081 = CARTESIAN_POINT ( 'NONE',  ( -35.29411990792612386, 7.512513140623236829, 1.218800000000075823 ) ) ;
#7082 = FILL_AREA_STYLE ('',( #2047 ) ) ;
#7083 = ORIENTED_EDGE ( 'NONE', *, *, #873, .T. ) ;
#7084 = EDGE_LOOP ( 'NONE', ( #2082, #8296, #7656, #4171 ) ) ;
#7085 = STYLED_ITEM ( 'NONE', ( #6752 ), #6380 ) ;
#7086 = ORIENTED_EDGE ( 'NONE', *, *, #7700, .T. ) ;
#7087 = ORIENTED_EDGE ( 'NONE', *, *, #181, .F. ) ;
#7088 = CARTESIAN_POINT ( 'NONE',  ( -38.14039062757601073, 7.206012965964358585, -0.2449999999999997735 ) ) ;
#7089 = FILL_AREA_STYLE ('',( #8409 ) ) ;
#7090 = VECTOR ( 'NONE', #1725, 1000.000000000000000 ) ;
#7091 = CARTESIAN_POINT ( 'NONE',  ( -21.78039062757600774, 7.056012965964359118, -0.2449999999999997735 ) ) ;
#7092 =( NAMED_UNIT ( * ) SI_UNIT ( $, .STERADIAN. ) SOLID_ANGLE_UNIT ( ) );
#7093 = EDGE_CURVE ( 'NONE', #712, #8314, #894, .T. ) ;
#7094 = CARTESIAN_POINT ( 'NONE',  ( -35.29416990792612552, 7.512463140623347968, -9.118999999999921613 ) ) ;
#7095 = STYLED_ITEM ( 'NONE', ( #6811 ), #8649 ) ;
#7096 = ORIENTED_EDGE ( 'NONE', *, *, #6313, .F. ) ;
#7097 = STYLED_ITEM ( 'NONE', ( #5995 ), #4450 ) ;
#7098 =( LENGTH_UNIT ( ) NAMED_UNIT ( * ) SI_UNIT ( .MILLI., .METRE. ) );
#7099 = CARTESIAN_POINT ( 'NONE',  ( -23.82731649811006136, -9.423987034035643973, -1.254999999999999893 ) ) ;
#7100 = SURFACE_STYLE_FILL_AREA ( #4230 ) ;
#7101 = AXIS2_PLACEMENT_3D ( 'NONE', #8485, #2090, #3408 ) ;
#7102 = STYLED_ITEM ( 'NONE', ( #9152 ), #4562 ) ;
#7103 = UNCERTAINTY_MEASURE_WITH_UNIT (LENGTH_MEASURE( 1.000000000000000082E-05 ), #7698, 'distance_accuracy_value', 'NONE');
#7104 = LINE ( 'NONE', #4420, #953 ) ;
#7105 = DIRECTION ( 'NONE',  ( 1.000000000000000000, 0.000000000000000000, 0.000000000000000000 ) ) ;
#7106 = PRESENTATION_STYLE_ASSIGNMENT (( #6411 ) ) ;
#7107 = VECTOR ( 'NONE', #3138, 1000.000000000000000 ) ;
#7108 = VECTOR ( 'NONE', #9108, 1000.000000000000000 ) ;
#7109 = DIRECTION ( 'NONE',  ( 0.000000000000000000, 1.000000000000000000, 0.000000000000000000 ) ) ;
#7110 = EDGE_LOOP ( 'NONE', ( #5088, #8578, #2740, #2121 ) ) ;
#7111 = ORIENTED_EDGE ( 'NONE', *, *, #4403, .T. ) ;
#7112 = EDGE_CURVE ( 'NONE', #12, #5906, #8584, .T. ) ;
#7113 =( NAMED_UNIT ( * ) SI_UNIT ( $, .STERADIAN. ) SOLID_ANGLE_UNIT ( ) );
#7114 = LINE ( 'NONE', #9202, #5810 ) ;
#7115 =( NAMED_UNIT ( * ) SI_UNIT ( $, .STERADIAN. ) SOLID_ANGLE_UNIT ( ) );
#7116 = PLANE ( 'NONE',  #7189 ) ;
#7117 = ORIENTED_EDGE ( 'NONE', *, *, #8510, .T. ) ;
#7118 = ORIENTED_EDGE ( 'NONE', *, *, #1057, .T. ) ;
#7119 = VECTOR ( 'NONE', #130, 1000.000000000000000 ) ;
#7120 = DIRECTION ( 'NONE',  ( 1.000000000000000000, -0.000000000000000000, 0.000000000000000000 ) ) ;
#7121 = FACE_OUTER_BOUND ( 'NONE', #2901, .T. ) ;
#7122 = CARTESIAN_POINT ( 'NONE',  ( -33.37651990792611656, 7.512513140623268804, -1.575199999999925105 ) ) ;
#7123 =( NAMED_UNIT ( * ) PLANE_ANGLE_UNIT ( ) SI_UNIT ( $, .RADIAN. ) );
#7124 = EDGE_CURVE ( 'NONE', #324, #5414, #8078, .T. ) ;
#7125 = VECTOR ( 'NONE', #3852, 1000.000000000000000 ) ;
#7126 = ORIENTED_EDGE ( 'NONE', *, *, #564, .F. ) ;
#7127 = EDGE_LOOP ( 'NONE', ( #6033, #5136, #7008, #4745 ) ) ;
#7128 = VERTEX_POINT ( 'NONE', #8817 ) ;
#7129 = ORIENTED_EDGE ( 'NONE', *, *, #5744, .T. ) ;
#7130 = DIRECTION ( 'NONE',  ( 0.000000000000000000, -1.047444401652940007E-14, 1.000000000000000000 ) ) ;
#7131 = COLOUR_RGB ( '',0.6470588235294117974, 0.6196078431372549211, 0.5882352941176470784 ) ;
#7132 = PLANE ( 'NONE',  #5133 ) ;
#7133 = CIRCLE ( 'NONE', #382, 1.000000000000000888 ) ;
#7134 =( GEOMETRIC_REPRESENTATION_CONTEXT ( 3 ) GLOBAL_UNCERTAINTY_ASSIGNED_CONTEXT ( ( #6769 ) ) GLOBAL_UNIT_ASSIGNED_CONTEXT ( ( #8540, #7477, #491 ) ) REPRESENTATION_CONTEXT ( 'NONE', 'WORKASPACE' ) );
#7135 =( NAMED_UNIT ( * ) PLANE_ANGLE_UNIT ( ) SI_UNIT ( $, .RADIAN. ) );
#7136 = CARTESIAN_POINT ( 'NONE',  ( -30.02039062757600618, 7.206012965964358585, -1.266000000000000014 ) ) ;
#7137 = DIRECTION ( 'NONE',  ( -1.000000000000000000, -0.000000000000000000, 0.000000000000000000 ) ) ;
#7138 = VECTOR ( 'NONE', #8650, 1000.000000000000000 ) ;
#7139 = FILL_AREA_STYLE ('',( #188 ) ) ;
#7140 = VERTEX_POINT ( 'NONE', #4533 ) ;
#7141 = ORIENTED_EDGE ( 'NONE', *, *, #1147, .T. ) ;
#7142 = EDGE_CURVE ( 'NONE', #9090, #769, #989, .T. ) ;
#7143 =( NAMED_UNIT ( * ) PLANE_ANGLE_UNIT ( ) SI_UNIT ( $, .RADIAN. ) );
#7144 = LINE ( 'NONE', #7099, #1583 ) ;
#7145 =( NAMED_UNIT ( * ) PLANE_ANGLE_UNIT ( ) SI_UNIT ( $, .RADIAN. ) );
#7146 = SURFACE_STYLE_FILL_AREA ( #3518 ) ;
#7147 = DIRECTION ( 'NONE',  ( 0.000000000000000000, -1.000000000000000000, -1.047444401652940007E-14 ) ) ;
#7148 =( LENGTH_UNIT ( ) NAMED_UNIT ( * ) SI_UNIT ( .MILLI., .METRE. ) );
#7149 = CARTESIAN_POINT ( 'NONE',  ( -30.21416990792612722, 6.890163140623288385, -3.530999999999928196 ) ) ;
#7150 = CARTESIAN_POINT ( 'NONE',  ( -28.82731649811005781, -16.30398703403564653, -0.2449552275043981875 ) ) ;
#7151 = SURFACE_STYLE_FILL_AREA ( #1478 ) ;
#7152 = ORIENTED_EDGE ( 'NONE', *, *, #4139, .F. ) ;
#7153 = ORIENTED_EDGE ( 'NONE', *, *, #5813, .T. ) ;
#7154 = CARTESIAN_POINT ( 'NONE',  ( -30.83651990792612096, 6.890113140623267185, -1.575199999999927547 ) ) ;
#7155 = CARTESIAN_POINT ( 'NONE',  ( -38.20246990792612252, 7.258463140623347520, -9.372999999999922949 ) ) ;
#7156 = PLANE ( 'NONE',  #5558 ) ;
#7157 = CARTESIAN_POINT ( 'NONE',  ( -28.82731649811005781, -18.16430169093150226, -0.6570559913331650570 ) ) ;
#7158 = ADVANCED_FACE ( 'NONE', ( #3742 ), #7256, .F. ) ;
#7159 = CARTESIAN_POINT ( 'NONE',  ( -40.82731649811006491, -18.17279833390455224, -0.6621407731115727113 ) ) ;
#7160 = FILL_AREA_STYLE_COLOUR ( '', #499 ) ;
#7161 = FILL_AREA_STYLE ('',( #3687 ) ) ;
#7162 = ORIENTED_EDGE ( 'NONE', *, *, #1844, .F. ) ;
#7163 = ORIENTED_EDGE ( 'NONE', *, *, #7598, .T. ) ;
#7164 = CARTESIAN_POINT ( 'NONE',  ( -34.33039062757600846, -10.24398703403564781, -0.2449999999999997735 ) ) ;
#7165 = SURFACE_STYLE_FILL_AREA ( #646 ) ;
#7166 = CARTESIAN_POINT ( 'NONE',  ( -39.21211990792613022, 8.369713140623288083, -1.244999999999936158 ) ) ;
#7167 = FACE_OUTER_BOUND ( 'NONE', #4902, .T. ) ;
#7168 = FILL_AREA_STYLE_COLOUR ( '', #345 ) ;
#7169 = ORIENTED_EDGE ( 'NONE', *, *, #5814, .T. ) ;
#7170 = EDGE_LOOP ( 'NONE', ( #7752, #1212, #4959, #630 ) ) ;
#7171 = ORIENTED_EDGE ( 'NONE', *, *, #1161, .T. ) ;
#7172 = EDGE_LOOP ( 'NONE', ( #2956, #632, #2029, #2671 ) ) ;
#7173 = EDGE_CURVE ( 'NONE', #4106, #8415, #6572, .T. ) ;
#7174 = ADVANCED_FACE ( 'NONE', ( #1593 ), #97, .F. ) ;
#7175 = CARTESIAN_POINT ( 'NONE',  ( -44.88039062757600561, 7.056012965964359118, -1.264999999999999902 ) ) ;
#7176 = PRESENTATION_STYLE_ASSIGNMENT (( #6439 ) ) ;
#7177 = AXIS2_PLACEMENT_3D ( 'NONE', #27, #6494, #714 ) ;
#7178 = VERTEX_POINT ( 'NONE', #5158 ) ;
#7179 = MECHANICAL_DESIGN_GEOMETRIC_PRESENTATION_REPRESENTATION (  '', ( #6743 ), #4182 ) ;
#7180 = ORIENTED_EDGE ( 'NONE', *, *, #5913, .F. ) ;
#7181 = DIRECTION ( 'NONE',  ( 1.000000000000000000, 0.000000000000000000, 0.000000000000000000 ) ) ;
#7182 = CARTESIAN_POINT ( 'NONE',  ( -33.00816990792611705, 7.201313140623350151, -9.372999999999919396 ) ) ;
#7183 =( NAMED_UNIT ( * ) SI_UNIT ( $, .STERADIAN. ) SOLID_ANGLE_UNIT ( ) );
#7184 = CARTESIAN_POINT ( 'NONE',  ( -22.78039062757601130, -16.50398703403563871, -0.2349999999999997369 ) ) ;
#7185 = CARTESIAN_POINT ( 'NONE',  ( -47.58039062757602267, -14.00398703403564227, 1.194547135025485929 ) ) ;
#7186 = DIRECTION ( 'NONE',  ( 1.000000000000000000, 6.226573854905984859E-17, -0.000000000000000000 ) ) ;
#7187 = FACE_OUTER_BOUND ( 'NONE', #4587, .T. ) ;
#7188 = DIRECTION ( 'NONE',  ( 0.000000000000000000, 1.000000000000000000, -0.000000000000000000 ) ) ;
#7189 = AXIS2_PLACEMENT_3D ( 'NONE', #8716, #6466, #2322 ) ;
#7190 = PRESENTATION_LAYER_ASSIGNMENT (  '', '', ( #5409 ) ) ;
#7191 = STYLED_ITEM ( 'NONE', ( #8889 ), #5032 ) ;
#7192 = DIRECTION ( 'NONE',  ( 1.000000000000000000, 0.000000000000000000, 0.000000000000000000 ) ) ;
#7193 = ORIENTED_EDGE ( 'NONE', *, *, #3659, .F. ) ;
#7194 = FILL_AREA_STYLE_COLOUR ( '', #1642 ) ;
#7195 = DIRECTION ( 'NONE',  ( 0.000000000000000000, 0.000000000000000000, 1.000000000000000000 ) ) ;
#7196 = FACE_OUTER_BOUND ( 'NONE', #4935, .T. ) ;
#7197 = PRESENTATION_LAYER_ASSIGNMENT (  '', '', ( #174 ) ) ;
#7198 = EDGE_CURVE ( 'NONE', #6277, #9061, #620, .T. ) ;
#7199 = FILL_AREA_STYLE ('',( #7160 ) ) ;
#7200 = DIRECTION ( 'NONE',  ( 0.000000000000000000, 0.000000000000000000, 1.000000000000000000 ) ) ;
#7201 = VERTEX_POINT ( 'NONE', #3167 ) ;
#7202 = VERTEX_POINT ( 'NONE', #6754 ) ;
#7203 = AXIS2_PLACEMENT_3D ( 'NONE', #1285, #7014, #581 ) ;
#7204 = EDGE_CURVE ( 'NONE', #7849, #169, #1200, .T. ) ;
#7205 = CYLINDRICAL_SURFACE ( 'NONE', #1841, 0.2540000000000007807 ) ;
#7206 = FILL_AREA_STYLE_COLOUR ( '', #846 ) ;
#7207 = EDGE_LOOP ( 'NONE', ( #7939, #993, #279, #7032 ) ) ;
#7208 = EDGE_LOOP ( 'NONE', ( #8875, #3404, #3917, #6520 ) ) ;
#7209 = ORIENTED_EDGE ( 'NONE', *, *, #1147, .F. ) ;
#7210 = VERTEX_POINT ( 'NONE', #5432 ) ;
#7211 = ADVANCED_FACE ( 'NONE', ( #5340 ), #6046, .F. ) ;
#7212 = LINE ( 'NONE', #802, #2021 ) ;
#7213 = SURFACE_SIDE_STYLE ('',( #7264 ) ) ;
#7214 = FILL_AREA_STYLE_COLOUR ( '', #1804 ) ;
#7215 = SURFACE_SIDE_STYLE ('',( #6535 ) ) ;
#7216 = DIRECTION ( 'NONE',  ( 0.000000000000000000, -0.000000000000000000, 1.000000000000000000 ) ) ;
#7217 = FILL_AREA_STYLE_COLOUR ( '', #6334 ) ;
#7218 =( GEOMETRIC_REPRESENTATION_CONTEXT ( 3 ) GLOBAL_UNCERTAINTY_ASSIGNED_CONTEXT ( ( #2091 ) ) GLOBAL_UNIT_ASSIGNED_CONTEXT ( ( #6856, #4677, #6716 ) ) REPRESENTATION_CONTEXT ( 'NONE', 'WORKASPACE' ) );
#7219 = EDGE_CURVE ( 'NONE', #4028, #769, #4059, .T. ) ;
#7220 = PRESENTATION_STYLE_ASSIGNMENT (( #4270 ) ) ;
#7221 = VECTOR ( 'NONE', #17, 1000.000000000000000 ) ;
#7222 = VECTOR ( 'NONE', #5452, 1000.000000000000000 ) ;
#7223 = VERTEX_POINT ( 'NONE', #5482 ) ;
#7224 = EDGE_CURVE ( 'NONE', #7075, #6277, #8919, .T. ) ;
#7225 = PRESENTATION_LAYER_ASSIGNMENT (  '', '', ( #8104 ) ) ;
#7226 = ORIENTED_EDGE ( 'NONE', *, *, #4306, .F. ) ;
#7227 = FACE_OUTER_BOUND ( 'NONE', #8535, .T. ) ;
#7228 = COLOUR_RGB ( '',0.000000000000000000, 0.000000000000000000, 0.000000000000000000 ) ;
#7229 = PLANE ( 'NONE',  #7846 ) ;
#7230 = MECHANICAL_DESIGN_GEOMETRIC_PRESENTATION_REPRESENTATION (  '', ( #8243 ), #3180 ) ;
#7231 = CARTESIAN_POINT ( 'NONE',  ( -28.82731649811005781, -14.55371549771724382, 1.155471809595395971 ) ) ;
#7232 = CARTESIAN_POINT ( 'NONE',  ( -37.19401384467461469, 6.032913140623324288, -3.530999999999936634 ) ) ;
#7233 = SURFACE_STYLE_FILL_AREA ( #6727 ) ;
#7234 = EDGE_CURVE ( 'NONE', #6198, #6081, #5386, .T. ) ;
#7235 = STYLED_ITEM ( 'NONE', ( #2350 ), #8344 ) ;
#7236 = MECHANICAL_DESIGN_GEOMETRIC_PRESENTATION_REPRESENTATION (  '', ( #7097 ), #6350 ) ;
#7237 = CYLINDRICAL_SURFACE ( 'NONE', #6761, 1.000000000000000888 ) ;
#7238 =( GEOMETRIC_REPRESENTATION_CONTEXT ( 3 ) GLOBAL_UNCERTAINTY_ASSIGNED_CONTEXT ( ( #4848 ) ) GLOBAL_UNIT_ASSIGNED_CONTEXT ( ( #30, #6314, #2730 ) ) REPRESENTATION_CONTEXT ( 'NONE', 'WORKASPACE' ) );
#7239 = CARTESIAN_POINT ( 'NONE',  ( -45.11039062757600249, 3.166012965964347003, 1.265000000000000124 ) ) ;
#7240 = EDGE_CURVE ( 'NONE', #9195, #702, #843, .T. ) ;
#7241 = ORIENTED_EDGE ( 'NONE', *, *, #6384, .T. ) ;
#7242 = CARTESIAN_POINT ( 'NONE',  ( -37.64039062757601073, 7.206012965964358585, -1.266000000000000014 ) ) ;
#7243 = AXIS2_PLACEMENT_3D ( 'NONE', #685, #1534, #639 ) ;
#7244 = FACE_OUTER_BOUND ( 'NONE', #2198, .T. ) ;
#7245 = UNCERTAINTY_MEASURE_WITH_UNIT (LENGTH_MEASURE( 1.000000000000000082E-05 ), #1807, 'distance_accuracy_value', 'NONE');
#7246 = CARTESIAN_POINT ( 'NONE',  ( -38.45646990792612030, 7.512463140623341751, -9.118999999999925166 ) ) ;
#7247 = SURFACE_SIDE_STYLE ('',( #1530 ) ) ;
#7248 = CARTESIAN_POINT ( 'NONE',  ( -28.82731649811005781, -17.69395963581152031, -1.042749610596882981 ) ) ;
#7249 = CARTESIAN_POINT ( 'NONE',  ( -28.82731649811005781, -17.89567592258572404, -0.9547890766329637513 ) ) ;
#7250 = CARTESIAN_POINT ( 'NONE',  ( -34.36071990792593311, 6.540913140623151989, -3.530999999999936634 ) ) ;
#7251 = ORIENTED_EDGE ( 'NONE', *, *, #7338, .T. ) ;
#7252 = ORIENTED_EDGE ( 'NONE', *, *, #8928, .F. ) ;
#7253 = EDGE_CURVE ( 'NONE', #4028, #60, #1039, .T. ) ;
#7254 = CARTESIAN_POINT ( 'NONE',  ( -45.88039062757600561, 7.056012965964359118, -1.264999999999999902 ) ) ;
#7255 = PRESENTATION_LAYER_ASSIGNMENT (  '', '', ( #8418 ) ) ;
#7256 = PLANE ( 'NONE',  #6244 ) ;
#7257 = FILL_AREA_STYLE ('',( #2194 ) ) ;
#7258 =( BOUNDED_CURVE ( )  B_SPLINE_CURVE ( 3, ( #8598, #149, #6672, #7920 ),
 .UNSPECIFIED., .F., .F. ) 
 B_SPLINE_CURVE_WITH_KNOTS ( ( 4, 4 ),
 ( -3.552713678800500929E-15, 1.570796326794898334 ),
 .UNSPECIFIED. ) 
 CURVE ( )  GEOMETRIC_REPRESENTATION_ITEM ( )  RATIONAL_B_SPLINE_CURVE ( ( 1.000000000000000000, 0.8047378541243637162, 0.8047378541243637162, 1.000000000000000000 ) ) 
 REPRESENTATION_ITEM ( '' )  );
#7259 = ORIENTED_EDGE ( 'NONE', *, *, #3392, .T. ) ;
#7260 = ORIENTED_EDGE ( 'NONE', *, *, #6155, .F. ) ;
#7261 =( GEOMETRIC_REPRESENTATION_CONTEXT ( 3 ) GLOBAL_UNCERTAINTY_ASSIGNED_CONTEXT ( ( #5258 ) ) GLOBAL_UNIT_ASSIGNED_CONTEXT ( ( #3583, #2133, #9204 ) ) REPRESENTATION_CONTEXT ( 'NONE', 'WORKASPACE' ) );
#7262 = ORIENTED_EDGE ( 'NONE', *, *, #8861, .F. ) ;
#7263 = VERTEX_POINT ( 'NONE', #6930 ) ;
#7264 = SURFACE_STYLE_FILL_AREA ( #7961 ) ;
#7265 = DIRECTION ( 'NONE',  ( 1.000000000000000000, 0.000000000000000000, 0.000000000000000000 ) ) ;
#7266 = SURFACE_STYLE_USAGE ( .BOTH. , #1461 ) ;
#7267 = DIRECTION ( 'NONE',  ( -0.000000000000000000, 1.000000000000000000, 1.047444401652940007E-14 ) ) ;
#7268 = SURFACE_SIDE_STYLE ('',( #3606 ) ) ;
#7269 =( GEOMETRIC_REPRESENTATION_CONTEXT ( 3 ) GLOBAL_UNCERTAINTY_ASSIGNED_CONTEXT ( ( #3363 ) ) GLOBAL_UNIT_ASSIGNED_CONTEXT ( ( #8141, #289, #6063 ) ) REPRESENTATION_CONTEXT ( 'NONE', 'WORKASPACE' ) );
#7270 = CARTESIAN_POINT ( 'NONE',  ( -39.21211990792613022, 8.369713140623288083, -3.530999999999912209 ) ) ;
#7271 = ADVANCED_FACE ( 'NONE', ( #6890 ), #446, .F. ) ;
#7272 = AXIS2_PLACEMENT_3D ( 'NONE', #7538, #5493, #4638 ) ;
#7273 = PRESENTATION_LAYER_ASSIGNMENT (  '', '', ( #5944 ) ) ;
#7274 =( GEOMETRIC_REPRESENTATION_CONTEXT ( 3 ) GLOBAL_UNCERTAINTY_ASSIGNED_CONTEXT ( ( #202 ) ) GLOBAL_UNIT_ASSIGNED_CONTEXT ( ( #5337, #6533, #5115 ) ) REPRESENTATION_CONTEXT ( 'NONE', 'WORKASPACE' ) );
#7275 = VERTEX_POINT ( 'NONE', #7760 ) ;
#7276 = CARTESIAN_POINT ( 'NONE',  ( -35.91646990792612115, 6.890163140623350557, -9.372999999999926501 ) ) ;
#7277 = PLANE ( 'NONE',  #2490 ) ;
#7278 = CARTESIAN_POINT ( 'NONE',  ( -40.82734843295796168, -18.17589249420970887, 0.03398883565037071758 ) ) ;
#7279 = DIRECTION ( 'NONE',  ( -1.000000000000000000, 0.000000000000000000, 0.000000000000000000 ) ) ;
#7280 = PRESENTATION_LAYER_ASSIGNMENT (  '', '', ( #5193 ) ) ;
#7281 = DIRECTION ( 'NONE',  ( 0.000000000000000000, 0.000000000000000000, -1.000000000000000000 ) ) ;
#7282 = UNCERTAINTY_MEASURE_WITH_UNIT (LENGTH_MEASURE( 1.000000000000000082E-05 ), #6783, 'distance_accuracy_value', 'NONE');
#7283 =( GEOMETRIC_REPRESENTATION_CONTEXT ( 3 ) GLOBAL_UNCERTAINTY_ASSIGNED_CONTEXT ( ( #879 ) ) GLOBAL_UNIT_ASSIGNED_CONTEXT ( ( #5841, #673, #3527 ) ) REPRESENTATION_CONTEXT ( 'NONE', 'WORKASPACE' ) );
#7284 = VECTOR ( 'NONE', #2130, 1000.000000000000000 ) ;
#7285 = SURFACE_SIDE_STYLE ('',( #970 ) ) ;
#7286 = CARTESIAN_POINT ( 'NONE',  ( -39.21211990792613022, 8.369713140623288083, -3.530999999999912209 ) ) ;
#7287 = AXIS2_PLACEMENT_3D ( 'NONE', #6242, #5621, #1951 ) ;
#7288 = CARTESIAN_POINT ( 'NONE',  ( -47.68039062757600988, -16.50398703403563871, -0.2449999999999997735 ) ) ;
#7289 = ORIENTED_EDGE ( 'NONE', *, *, #6313, .T. ) ;
#7290 = DIRECTION ( 'NONE',  ( 1.000000000000000000, 0.000000000000000000, 0.000000000000000000 ) ) ;
#7291 = SURFACE_STYLE_FILL_AREA ( #4473 ) ;
#7292 = EDGE_CURVE ( 'NONE', #6378, #1090, #5616, .T. ) ;
#7293 =( LENGTH_UNIT ( ) NAMED_UNIT ( * ) SI_UNIT ( .MILLI., .METRE. ) );
#7294 = SURFACE_STYLE_FILL_AREA ( #5901 ) ;
#7295 = FILL_AREA_STYLE ('',( #4434 ) ) ;
#7296 = PRESENTATION_STYLE_ASSIGNMENT (( #1585 ) ) ;
#7297 = AXIS2_PLACEMENT_3D ( 'NONE', #6705, #230, #2370 ) ;
#7298 =( NAMED_UNIT ( * ) PLANE_ANGLE_UNIT ( ) SI_UNIT ( $, .RADIAN. ) );
#7299 = ORIENTED_EDGE ( 'NONE', *, *, #4183, .F. ) ;
#7300 = ORIENTED_EDGE ( 'NONE', *, *, #2454, .T. ) ;
#7301 = CARTESIAN_POINT ( 'NONE',  ( -38.08816990792612245, 7.201313140623350151, -9.372999999999919396 ) ) ;
#7302 = SURFACE_SIDE_STYLE ('',( #890 ) ) ;
#7303 =( GEOMETRIC_REPRESENTATION_CONTEXT ( 3 ) GLOBAL_UNCERTAINTY_ASSIGNED_CONTEXT ( ( #773 ) ) GLOBAL_UNIT_ASSIGNED_CONTEXT ( ( #4328, #2874, #35 ) ) REPRESENTATION_CONTEXT ( 'NONE', 'WORKASPACE' ) );
#7304 = DIRECTION ( 'NONE',  ( -1.000000000000000000, 0.000000000000000000, 0.000000000000000000 ) ) ;
#7305 = SURFACE_SIDE_STYLE ('',( #4399 ) ) ;
#7306 = SURFACE_SIDE_STYLE ('',( #942 ) ) ;
#7307 = VERTEX_POINT ( 'NONE', #2838 ) ;
#7308 = ORIENTED_EDGE ( 'NONE', *, *, #3203, .F. ) ;
#7309 = ORIENTED_EDGE ( 'NONE', *, *, #6155, .T. ) ;
#7310 = CARTESIAN_POINT ( 'NONE',  ( -37.19401384467411731, 8.369713140623263214, -1.244999999999913287 ) ) ;
#7311 = FILL_AREA_STYLE_COLOUR ( '', #2996 ) ;
#7312 = SURFACE_STYLE_USAGE ( .BOTH. , #196 ) ;
#7313 = DIRECTION ( 'NONE',  ( 0.000000000000000000, 1.000000000000000000, 0.000000000000000000 ) ) ;
#7314 =( NAMED_UNIT ( * ) PLANE_ANGLE_UNIT ( ) SI_UNIT ( $, .RADIAN. ) );
#7315 = EDGE_CURVE ( 'NONE', #1405, #6489, #2013, .T. ) ;
#7316 = UNCERTAINTY_MEASURE_WITH_UNIT (LENGTH_MEASURE( 1.000000000000000082E-05 ), #966, 'distance_accuracy_value', 'NONE');
#7317 = EDGE_LOOP ( 'NONE', ( #2886, #5279, #997, #3778 ) ) ;
#7318 = DIRECTION ( 'NONE',  ( 0.000000000000000000, 0.000000000000000000, 1.000000000000000000 ) ) ;
#7319 = SURFACE_STYLE_FILL_AREA ( #3762 ) ;
#7320 = CARTESIAN_POINT ( 'NONE',  ( -28.82731649811005781, -18.24566889786878576, -0.09758404293604464042 ) ) ;
#7321 = CARTESIAN_POINT ( 'NONE',  ( -34.33039062757600846, -9.423987034035643973, -1.245000000000000107 ) ) ;
#7322 = ADVANCED_FACE ( 'NONE', ( #5703 ), #7432, .F. ) ;
#7323 = DIRECTION ( 'NONE',  ( -1.000000000000000000, -0.000000000000000000, 0.000000000000000000 ) ) ;
#7324 = FILL_AREA_STYLE_COLOUR ( '', #666 ) ;
#7325 = CARTESIAN_POINT ( 'NONE',  ( -35.81130966308334962, 7.407302895780468077, 1.472800000000076714 ) ) ;
#7326 = PRESENTATION_STYLE_ASSIGNMENT (( #4466 ) ) ;
#7327 =( NAMED_UNIT ( * ) SI_UNIT ( $, .STERADIAN. ) SOLID_ANGLE_UNIT ( ) );
#7328 = ORIENTED_EDGE ( 'NONE', *, *, #1943, .F. ) ;
#7329 = STYLED_ITEM ( 'NONE', ( #5796 ), #4990 ) ;
#7330 = SURFACE_STYLE_USAGE ( .BOTH. , #5229 ) ;
#7331 = PRESENTATION_LAYER_ASSIGNMENT (  '', '', ( #3589 ) ) ;
#7332 = FILL_AREA_STYLE_COLOUR ( '', #5867 ) ;
#7333 = VECTOR ( 'NONE', #4906, 1000.000000000000000 ) ;
#7334 = EDGE_CURVE ( 'NONE', #8639, #1335, #8862, .T. ) ;
#7335 = DIRECTION ( 'NONE',  ( 0.000000000000000000, 0.000000000000000000, -1.000000000000000000 ) ) ;
#7336 = ORIENTED_EDGE ( 'NONE', *, *, #5466, .T. ) ;
#7337 = VERTEX_POINT ( 'NONE', #5852 ) ;
#7338 = EDGE_CURVE ( 'NONE', #4028, #8954, #5055, .T. ) ;
#7339 = ADVANCED_FACE ( 'NONE', ( #7946 ), #5194, .F. ) ;
#7340 = CARTESIAN_POINT ( 'NONE',  ( -32.75416990792612637, 7.512463140623347968, -9.118999999999921613 ) ) ;
#7341 = AXIS2_PLACEMENT_3D ( 'NONE', #1837, #1222, #4655 ) ;
#7342 = MECHANICAL_DESIGN_GEOMETRIC_PRESENTATION_REPRESENTATION (  '', ( #921 ), #6165 ) ;
#7343 = CARTESIAN_POINT ( 'NONE',  ( -31.52742597117762102, 8.369713140623288083, -3.530999999999912209 ) ) ;
#7344 = B_SPLINE_CURVE_WITH_KNOTS ( 'NONE', 3,
 ( #6599, #1023, #5842, #1576 ),
 .UNSPECIFIED., .F., .F.,
 ( 4, 4 ),
 ( 0.000000000000000000, 1.000000000000000000 ),
 .UNSPECIFIED. ) ;
#7345 = CARTESIAN_POINT ( 'NONE',  ( -30.83651990792612452, 6.890113140623236099, 1.218800000000075823 ) ) ;
#7346 = COLOUR_RGB ( '',0.08235294117647058709, 0.08235294117647058709, 0.08235294117647058709 ) ;
#7347 = ORIENTED_EDGE ( 'NONE', *, *, #4287, .F. ) ;
#7348 = ORIENTED_EDGE ( 'NONE', *, *, #6838, .F. ) ;
#7349 = VERTEX_POINT ( 'NONE', #177 ) ;
#7350 = CARTESIAN_POINT ( 'NONE',  ( -40.82731649811006491, -18.28388708950198804, -0.2449552275043981875 ) ) ;
#7351 =( LENGTH_UNIT ( ) NAMED_UNIT ( * ) SI_UNIT ( .MILLI., .METRE. ) );
#7352 = PRESENTATION_STYLE_ASSIGNMENT (( #7312 ) ) ;
#7353 = FACE_OUTER_BOUND ( 'NONE', #274, .T. ) ;
#7354 =( NAMED_UNIT ( * ) PLANE_ANGLE_UNIT ( ) SI_UNIT ( $, .RADIAN. ) );
#7355 = VERTEX_POINT ( 'NONE', #8715 ) ;
#7356 = FILL_AREA_STYLE ('',( #5403 ) ) ;
#7357 = DIRECTION ( 'NONE',  ( 1.000000000000000000, -0.000000000000000000, 0.000000000000000000 ) ) ;
#7358 = VECTOR ( 'NONE', #3754, 1000.000000000000000 ) ;
#7359 = ADVANCED_FACE ( 'NONE', ( #2937, #4336, #6565, #8626, #1533, #6465, #43 ), #2883, .T. ) ;
#7360 = DIRECTION ( 'NONE',  ( 0.000000000000000000, 0.000000000000000000, 1.000000000000000000 ) ) ;
#7361 = CARTESIAN_POINT ( 'NONE',  ( -39.21211990792613022, 6.032913140623286985, -3.530999999999936634 ) ) ;
#7362 = LINE ( 'NONE', #5179, #1612 ) ;
#7363 = CARTESIAN_POINT ( 'NONE',  ( -27.82731649811005781, -12.62398703403564326, 1.215000000000000080 ) ) ;
#7364 = PRESENTATION_LAYER_ASSIGNMENT (  '', '', ( #481 ) ) ;
#7365 = COLOUR_RGB ( '',0.7529411764705882248, 0.7529411764705882248, 0.7529411764705882248 ) ;
#7366 = VECTOR ( 'NONE', #1496, 1000.000000000000000 ) ;
#7367 = LINE ( 'NONE', #6690, #6870 ) ;
#7368 = ORIENTED_EDGE ( 'NONE', *, *, #7421, .F. ) ;
#7369 = CARTESIAN_POINT ( 'NONE',  ( -45.11039062757600249, -8.053987034035651860, 1.255000000000000115 ) ) ;
#7370 = CARTESIAN_POINT ( 'NONE',  ( -20.98039062757600703, -18.30398703403564298, -1.245000000000000107 ) ) ;
#7371 = CARTESIAN_POINT ( 'NONE',  ( -41.82731649811005781, -12.62398703403564149, 1.215000000000000080 ) ) ;
#7372 = VECTOR ( 'NONE', #3665, 1000.000000000000000 ) ;
#7373 = PRESENTATION_LAYER_ASSIGNMENT (  '', '', ( #4084 ) ) ;
#7374 = AXIS2_PLACEMENT_3D ( 'NONE', #7747, #8422, #2066 ) ;
#7375 = CARTESIAN_POINT ( 'NONE',  ( -34.33039062757600846, -3.003987034035643600, 1.255000000000000115 ) ) ;
#7376 = CARTESIAN_POINT ( 'NONE',  ( -37.63731990792611981, 6.890113140623267185, -1.575199999999927547 ) ) ;
#7377 = LINE ( 'NONE', #3823, #8289 ) ;
#7378 = ORIENTED_EDGE ( 'NONE', *, *, #3322, .T. ) ;
#7379 = ADVANCED_FACE ( 'NONE', ( #5555 ), #4843, .F. ) ;
#7380 = VERTEX_POINT ( 'NONE', #4938 ) ;
#7381 = AXIS2_PLACEMENT_3D ( 'NONE', #2959, #244, #5119 ) ;
#7382 = MECHANICAL_DESIGN_GEOMETRIC_PRESENTATION_REPRESENTATION (  '', ( #6200 ), #4543 ) ;
#7383 = DIRECTION ( 'NONE',  ( -1.000000000000000000, -1.299418334065024133E-16, 0.000000000000000000 ) ) ;
#7384 = LINE ( 'NONE', #315, #6083 ) ;
#7385 = EDGE_CURVE ( 'NONE', #2096, #4181, #88, .T. ) ;
#7386 = DIRECTION ( 'NONE',  ( 0.000000000000000000, -1.000000000000000000, -1.047444401652940007E-14 ) ) ;
#7387 = PLANE ( 'NONE',  #7438 ) ;
#7388 = VECTOR ( 'NONE', #3165, 1000.000000000000000 ) ;
#7389 = COLOUR_RGB ( '',0.000000000000000000, 0.000000000000000000, 0.000000000000000000 ) ;
#7390 =( LENGTH_UNIT ( ) NAMED_UNIT ( * ) SI_UNIT ( .MILLI., .METRE. ) );
#7391 = DIRECTION ( 'NONE',  ( 0.000000000000000000, 1.000000000000000000, 0.000000000000000000 ) ) ;
#7392 = VERTEX_POINT ( 'NONE', #4228 ) ;
#7393 = EDGE_LOOP ( 'NONE', ( #8590, #2775, #1110 ) ) ;
#7394 = VECTOR ( 'NONE', #8189, 1000.000000000000000 ) ;
#7395 = VECTOR ( 'NONE', #1616, 1000.000000000000000 ) ;
#7396 = ORIENTED_EDGE ( 'NONE', *, *, #8128, .T. ) ;
#7397 = FILL_AREA_STYLE ('',( #3125 ) ) ;
#7398 = DIRECTION ( 'NONE',  ( -4.535567304416283311E-15, -2.618611004132519622E-15, 1.000000000000000000 ) ) ;
#7399 = SURFACE_STYLE_FILL_AREA ( #4596 ) ;
#7400 = SURFACE_STYLE_USAGE ( .BOTH. , #952 ) ;
#7401 = EDGE_CURVE ( 'NONE', #3237, #1898, #7144, .T. ) ;
#7402 = CARTESIAN_POINT ( 'NONE',  ( -32.55731990792611441, 8.369713140623266767, -1.575199999999911782 ) ) ;
#7403 = FACE_OUTER_BOUND ( 'NONE', #6036, .T. ) ;
#7404 = AXIS2_PLACEMENT_3D ( 'NONE', #5458, #8274, #1881 ) ;
#7405 = UNCERTAINTY_MEASURE_WITH_UNIT (LENGTH_MEASURE( 1.000000000000000082E-05 ), #3830, 'distance_accuracy_value', 'NONE');
#7406 = ORIENTED_EDGE ( 'NONE', *, *, #4594, .F. ) ;
#7407 = CARTESIAN_POINT ( 'NONE',  ( -32.85938015276888535, 6.995373385466116645, -9.372999999999922949 ) ) ;
#7408 = FILL_AREA_STYLE ('',( #255 ) ) ;
#7409 =( GEOMETRIC_REPRESENTATION_CONTEXT ( 3 ) GLOBAL_UNCERTAINTY_ASSIGNED_CONTEXT ( ( #6612 ) ) GLOBAL_UNIT_ASSIGNED_CONTEXT ( ( #1464, #5074, #6302 ) ) REPRESENTATION_CONTEXT ( 'NONE', 'WORKASPACE' ) );
#7410 = CARTESIAN_POINT ( 'NONE',  ( -38.14039062757601073, 7.206012965964358585, -0.2449999999999997735 ) ) ;
#7411 = CARTESIAN_POINT ( 'NONE',  ( -39.82267328534919670, -18.29409031937256103, -0.2464335406786998528 ) ) ;
#7412 =( LENGTH_UNIT ( ) NAMED_UNIT ( * ) SI_UNIT ( .MILLI., .METRE. ) );
#7413 = FACE_OUTER_BOUND ( 'NONE', #5012, .T. ) ;
#7414 = CARTESIAN_POINT ( 'NONE',  ( -30.01731990792611526, 8.369713140623266767, -1.575199999999911782 ) ) ;
#7415 = SURFACE_SIDE_STYLE ('',( #8790 ) ) ;
#7416 =( LENGTH_UNIT ( ) NAMED_UNIT ( * ) SI_UNIT ( .MILLI., .METRE. ) );
#7417 = COLOUR_RGB ( '',0.000000000000000000, 0.000000000000000000, 0.000000000000000000 ) ;
#7418 = LINE ( 'NONE', #3147, #1445 ) ;
#7419 = VECTOR ( 'NONE', #349, 1000.000000000000000 ) ;
#7420 = MECHANICAL_DESIGN_GEOMETRIC_PRESENTATION_REPRESENTATION (  '', ( #2326 ), #3371 ) ;
#7421 = EDGE_CURVE ( 'NONE', #3380, #3502, #2319, .T. ) ;
#7422 = CARTESIAN_POINT ( 'NONE',  ( -35.29411990792612386, 6.890113140623267185, -1.575199999999927325 ) ) ;
#7423 = DIRECTION ( 'NONE',  ( 0.000000000000000000, 1.000000000000000000, -0.000000000000000000 ) ) ;
#7424 = B_SPLINE_CURVE_WITH_KNOTS ( 'NONE', 3,
 ( #6916, #8901, #5467, #6219 ),
 .UNSPECIFIED., .F., .F.,
 ( 4, 4 ),
 ( 0.000000000000000000, 1.000000000000000000 ),
 .UNSPECIFIED. ) ;
#7425 = DIRECTION ( 'NONE',  ( 0.000000000000000000, 0.000000000000000000, 1.000000000000000000 ) ) ;
#7426 = VECTOR ( 'NONE', #8211, 1000.000000000000000 ) ;
#7427 = AXIS2_PLACEMENT_3D ( 'NONE', #2543, #1839, #3244 ) ;
#7428 = LINE ( 'NONE', #5189, #1497 ) ;
#7429 = STYLED_ITEM ( 'NONE', ( #1153 ), #8014 ) ;
#7430 = DIRECTION ( 'NONE',  ( 1.313388458492434460E-15, 0.000000000000000000, 1.000000000000000000 ) ) ;
#7431 = MECHANICAL_DESIGN_GEOMETRIC_PRESENTATION_REPRESENTATION (  '', ( #2636 ), #112 ) ;
#7432 = B_SPLINE_SURFACE_WITH_KNOTS ( 'NONE', 1, 3, ( 
 ( #7855, #2795, #6282, #3489, #5523, #4912, #5656, #2653, #5571, #1440 ),
 ( #4205, #1997, #8478, #7159, #1945, #9151, #2748, #1391, #6423, #9050 ),
 ( #638, #4245, #8672, #2321, #90, #7249, #776, #5146, #2272, #2182 ) ),
 .UNSPECIFIED., .F., .F., .F.,
 ( 2, 1, 2 ),
 ( 4, 2, 2, 2, 4 ),
 ( -0.01000000000000000021, 0.000000000000000000, 1.000000000000000000 ),
 ( 0.000000000000000000, 0.1250000000000000000, 0.2500000000000000000, 0.5000000000000000000, 1.000000000000000000 ),
 .UNSPECIFIED. ) ;
#7433 = VECTOR ( 'NONE', #6297, 1000.000000000000000 ) ;
#7434 = LINE ( 'NONE', #270, #6239 ) ;
#7435 = EDGE_CURVE ( 'NONE', #1985, #7128, #1846, .T. ) ;
#7436 = ORIENTED_EDGE ( 'NONE', *, *, #5313, .F. ) ;
#7437 = ORIENTED_EDGE ( 'NONE', *, *, #4819, .T. ) ;
#7438 = AXIS2_PLACEMENT_3D ( 'NONE', #9048, #1300, #1944 ) ;
#7439 = SURFACE_STYLE_USAGE ( .BOTH. , #8910 ) ;
#7440 = UNCERTAINTY_MEASURE_WITH_UNIT (LENGTH_MEASURE( 1.000000000000000082E-05 ), #200, 'distance_accuracy_value', 'NONE');
#7441 = ORIENTED_EDGE ( 'NONE', *, *, #6066, .F. ) ;
#7442 = CARTESIAN_POINT ( 'NONE',  ( -32.75411990792613182, 7.512513140623235053, 1.218800000000072270 ) ) ;
#7443 = LINE ( 'NONE', #8171, #1740 ) ;
#7444 = EDGE_CURVE ( 'NONE', #6853, #4170, #3428, .T. ) ;
#7445 = EDGE_CURVE ( 'NONE', #6627, #36, #7052, .T. ) ;
#7446 = CARTESIAN_POINT ( 'NONE',  ( -47.58039062757602267, 5.256012965964356631, -0.2449999999999997735 ) ) ;
#7447 = SURFACE_STYLE_FILL_AREA ( #5387 ) ;
#7448 = CARTESIAN_POINT ( 'NONE',  ( -21.08039062757600846, -14.00398703403564049, 0.7150000000000003020 ) ) ;
#7449 = ORIENTED_EDGE ( 'NONE', *, *, #7198, .F. ) ;
#7450 = ORIENTED_EDGE ( 'NONE', *, *, #5541, .F. ) ;
#7451 = ORIENTED_EDGE ( 'NONE', *, *, #3464, .T. ) ;
#7452 = DIRECTION ( 'NONE',  ( -0.000000000000000000, 1.000000000000000000, 0.000000000000000000 ) ) ;
#7453 = FACE_OUTER_BOUND ( 'NONE', #2965, .T. ) ;
#7454 = CARTESIAN_POINT ( 'NONE',  ( -35.29416990792612552, 6.890163140623350557, -9.372999999999926501 ) ) ;
#7455 = LINE ( 'NONE', #3657, #3231 ) ;
#7456 = EDGE_CURVE ( 'NONE', #8534, #4329, #3008, .T. ) ;
#7457 = VERTEX_POINT ( 'NONE', #2304 ) ;
#7458 = DIRECTION ( 'NONE',  ( 1.000000000000000000, 0.000000000000000000, 0.000000000000000000 ) ) ;
#7459 = EDGE_CURVE ( 'NONE', #1909, #7882, #6633, .T. ) ;
#7460 = CARTESIAN_POINT ( 'NONE',  ( -38.64039062757601073, 7.206012965964358585, -1.245000000000000107 ) ) ;
#7461 = FILL_AREA_STYLE ('',( #1014 ) ) ;
#7462 = CARTESIAN_POINT ( 'NONE',  ( -28.82731649811007202, -16.92798137956646443, 0.8003829443833530011 ) ) ;
#7463 = FILL_AREA_STYLE_COLOUR ( '', #519 ) ;
#7464 = DIRECTION ( 'NONE',  ( 0.000000000000000000, 0.000000000000000000, 1.000000000000000000 ) ) ;
#7465 = VERTEX_POINT ( 'NONE', #257 ) ;
#7466 = PRESENTATION_STYLE_ASSIGNMENT (( #2583 ) ) ;
#7467 =( NAMED_UNIT ( * ) PLANE_ANGLE_UNIT ( ) SI_UNIT ( $, .RADIAN. ) );
#7468 = CARTESIAN_POINT ( 'NONE',  ( -28.82731649811006136, -17.96944709205484259, 0.2706792717290131267 ) ) ;
#7469 = DIRECTION ( 'NONE',  ( 0.000000000000000000, 1.000000000000000000, 1.047444401652940007E-14 ) ) ;
#7470 = CARTESIAN_POINT ( 'NONE',  ( -34.33039062757600846, -18.30398703403564653, -1.245000000000000107 ) ) ;
#7471 = DIRECTION ( 'NONE',  ( -0.000000000000000000, -1.000000000000000000, 0.000000000000000000 ) ) ;
#7472 = CARTESIAN_POINT ( 'NONE',  ( -39.21211990792613022, 7.144163140623346564, -9.118999999999921613 ) ) ;
#7473 = VERTEX_POINT ( 'NONE', #5265 ) ;
#7474 = PRESENTATION_LAYER_ASSIGNMENT (  '', '', ( #6900 ) ) ;
#7475 = DIRECTION ( 'NONE',  ( 0.000000000000000000, 1.024442997624109662E-14, -1.000000000000000000 ) ) ;
#7476 = EDGE_LOOP ( 'NONE', ( #310, #2938, #3439, #2048 ) ) ;
#7477 =( NAMED_UNIT ( * ) PLANE_ANGLE_UNIT ( ) SI_UNIT ( $, .RADIAN. ) );
#7478 = STYLED_ITEM ( 'NONE', ( #3877 ), #1658 ) ;
#7479 = EDGE_CURVE ( 'NONE', #7178, #8245, #3094, .T. ) ;
#7480 = CARTESIAN_POINT ( 'NONE',  ( -39.21211990792613022, 7.201313140623263997, -1.244999999999924167 ) ) ;
#7481 = VECTOR ( 'NONE', #8955, 1000.000000000000000 ) ;
#7482 = CARTESIAN_POINT ( 'NONE',  ( -40.82731649811009333, -17.69395963581152031, -1.042749610596882981 ) ) ;
#7483 = DIRECTION ( 'NONE',  ( 0.000000000000000000, 0.000000000000000000, 1.000000000000000000 ) ) ;
#7484 = FACE_OUTER_BOUND ( 'NONE', #2243, .T. ) ;
#7485 = ORIENTED_EDGE ( 'NONE', *, *, #1559, .T. ) ;
#7486 = VERTEX_POINT ( 'NONE', #4459 ) ;
#7487 = AXIS2_PLACEMENT_3D ( 'NONE', #1797, #7600, #8944 ) ;
#7488 = MECHANICAL_DESIGN_GEOMETRIC_PRESENTATION_REPRESENTATION (  '', ( #2253 ), #8661 ) ;
#7489 = CIRCLE ( 'NONE', #608, 1.000000000000000888 ) ;
#7490 = ORIENTED_EDGE ( 'NONE', *, *, #2351, .T. ) ;
#7491 = PRESENTATION_LAYER_ASSIGNMENT (  '', '', ( #3905 ) ) ;
#7492 = DIRECTION ( 'NONE',  ( 0.000000000000000000, 0.000000000000000000, 1.000000000000000000 ) ) ;
#7493 = UNCERTAINTY_MEASURE_WITH_UNIT (LENGTH_MEASURE( 1.000000000000000082E-05 ), #3604, 'distance_accuracy_value', 'NONE');
#7494 = EDGE_CURVE ( 'NONE', #9029, #5997, #1282, .T. ) ;
#7495 =( BOUNDED_CURVE ( )  B_SPLINE_CURVE ( 3, ( #8646, #1560, #4409, #3318 ),
 .UNSPECIFIED., .F., .F. ) 
 B_SPLINE_CURVE_WITH_KNOTS ( ( 4, 4 ),
 ( 3.184795951792029622E-15, 1.570796326794896558 ),
 .UNSPECIFIED. ) 
 CURVE ( )  GEOMETRIC_REPRESENTATION_ITEM ( )  RATIONAL_B_SPLINE_CURVE ( ( 1.000000000000000000, 0.8047378541243658256, 0.8047378541243658256, 1.000000000000000000 ) ) 
 REPRESENTATION_ITEM ( '' )  );
#7496 = ORIENTED_EDGE ( 'NONE', *, *, #824, .T. ) ;
#7497 = FACE_OUTER_BOUND ( 'NONE', #5260, .T. ) ;
#7498 =( LENGTH_UNIT ( ) NAMED_UNIT ( * ) SI_UNIT ( .MILLI., .METRE. ) );
#7499 = CARTESIAN_POINT ( 'NONE',  ( -44.08039062757600135, -16.50398703403563871, -0.2449999999999997735 ) ) ;
#7500 = EDGE_CURVE ( 'NONE', #7210, #9207, #1656, .T. ) ;
#7501 =( LENGTH_UNIT ( ) NAMED_UNIT ( * ) SI_UNIT ( .MILLI., .METRE. ) );
#7502 = DIRECTION ( 'NONE',  ( 0.000000000000000000, 0.000000000000000000, 1.000000000000000000 ) ) ;
#7503 = ORIENTED_EDGE ( 'NONE', *, *, #1057, .F. ) ;
#7504 = CARTESIAN_POINT ( 'NONE',  ( -33.00811990792611539, 7.258513140623235493, 1.472800000000075382 ) ) ;
#7505 = DIRECTION ( 'NONE',  ( 1.000000000000000000, 0.000000000000000000, -0.000000000000000000 ) ) ;
#7506 = EDGE_CURVE ( 'NONE', #8342, #7733, #520, .T. ) ;
#7507 = DIRECTION ( 'NONE',  ( -0.000000000000000000, -1.000000000000000000, -0.000000000000000000 ) ) ;
#7508 = FILL_AREA_STYLE ('',( #1796 ) ) ;
#7509 = CARTESIAN_POINT ( 'NONE',  ( -20.98039062757601059, -16.50398703403563871, -1.264999999999999902 ) ) ;
#7510 = FILL_AREA_STYLE ('',( #1798 ) ) ;
#7511 = FILL_AREA_STYLE ('',( #4659 ) ) ;
#7512 = DIRECTION ( 'NONE',  ( 0.000000000000000000, 1.047444401652940007E-14, -1.000000000000000000 ) ) ;
#7513 = CARTESIAN_POINT ( 'NONE',  ( -24.58039062757600846, 7.056012965964359118, -1.264999999999999902 ) ) ;
#7514 = EDGE_CURVE ( 'NONE', #4106, #5514, #3069, .T. ) ;
#7515 = AXIS2_PLACEMENT_3D ( 'NONE', #3843, #3130, #7537 ) ;
#7516 = DIRECTION ( 'NONE',  ( 1.000000000000000000, -0.000000000000000000, 0.000000000000000000 ) ) ;
#7517 = VECTOR ( 'NONE', #6537, 1000.000000000000000 ) ;
#7518 = FACE_OUTER_BOUND ( 'NONE', #407, .T. ) ;
#7519 = ORIENTED_EDGE ( 'NONE', *, *, #4063, .F. ) ;
#7520 = ORIENTED_EDGE ( 'NONE', *, *, #6214, .T. ) ;
#7521 = PRESENTATION_LAYER_ASSIGNMENT (  '', '', ( #4829 ) ) ;
#7522 = FILL_AREA_STYLE ('',( #6179 ) ) ;
#7523 = VECTOR ( 'NONE', #5019, 1000.000000000000000 ) ;
#7524 = CARTESIAN_POINT ( 'NONE',  ( -40.82731649811009333, -18.10562529651155117, -0.7373595690760407217 ) ) ;
#7525 = CYLINDRICAL_SURFACE ( 'NONE', #2600, 0.2539999999999998925 ) ;
#7526 = VECTOR ( 'NONE', #1613, 1000.000000000000000 ) ;
#7527 = VECTOR ( 'NONE', #7867, 1000.000000000000000 ) ;
#7528 = ORIENTED_EDGE ( 'NONE', *, *, #524, .F. ) ;
#7529 = ORIENTED_EDGE ( 'NONE', *, *, #4600, .T. ) ;
#7530 = VECTOR ( 'NONE', #3808, 1000.000000000000000 ) ;
#7531 = ADVANCED_FACE ( 'NONE', ( #965 ), #4663, .T. ) ;
#7532 = ORIENTED_EDGE ( 'NONE', *, *, #7421, .T. ) ;
#7533 = CARTESIAN_POINT ( 'NONE',  ( -32.11401384467409770, 6.032913140623263892, -1.244999999999936158 ) ) ;
#7534 =( GEOMETRIC_REPRESENTATION_CONTEXT ( 3 ) GLOBAL_UNCERTAINTY_ASSIGNED_CONTEXT ( ( #1472 ) ) GLOBAL_UNIT_ASSIGNED_CONTEXT ( ( #7390, #3031, #3076 ) ) REPRESENTATION_CONTEXT ( 'NONE', 'WORKASPACE' ) );
#7535 = DIRECTION ( 'NONE',  ( 0.000000000000000000, 0.000000000000000000, 1.000000000000000000 ) ) ;
#7536 = SURFACE_SIDE_STYLE ('',( #2528 ) ) ;
#7537 = DIRECTION ( 'NONE',  ( 0.000000000000000000, 0.000000000000000000, -1.000000000000000000 ) ) ;
#7538 = CARTESIAN_POINT ( 'NONE',  ( -22.78039062757601130, -16.50398703403563871, -1.264999999999999902 ) ) ;
#7539 = ORIENTED_EDGE ( 'NONE', *, *, #2802, .F. ) ;
#7540 = DIRECTION ( 'NONE',  ( 0.000000000000000000, -0.000000000000000000, -1.000000000000000000 ) ) ;
#7541 = DIRECTION ( 'NONE',  ( 0.000000000000000000, 0.000000000000000000, 1.000000000000000000 ) ) ;
#7542 = LINE ( 'NONE', #290, #8563 ) ;
#7543 = CARTESIAN_POINT ( 'NONE',  ( -41.82731649811005781, -16.30398703403564653, -1.266000000000000014 ) ) ;
#7544 = DIRECTION ( 'NONE',  ( 0.4999999999999998890, -0.8660254037844387076, 0.000000000000000000 ) ) ;
#7545 = STYLED_ITEM ( 'NONE', ( #7890 ), #8871 ) ;
#7546 = EDGE_CURVE ( 'NONE', #8718, #4540, #2347, .T. ) ;
#7547 = FILL_AREA_STYLE_COLOUR ( '', #8736 ) ;
#7548 = ORIENTED_EDGE ( 'NONE', *, *, #1415, .F. ) ;
#7549 = DIRECTION ( 'NONE',  ( -0.000000000000000000, 1.000000000000000000, 1.047444401652940007E-14 ) ) ;
#7550 =( NAMED_UNIT ( * ) PLANE_ANGLE_UNIT ( ) SI_UNIT ( $, .RADIAN. ) );
#7551 = CARTESIAN_POINT ( 'NONE',  ( -32.11401384467411901, 8.369713140623263214, -1.244999999999913287 ) ) ;
#7552 =( BOUNDED_CURVE ( )  B_SPLINE_CURVE ( 3, ( #8049, #5836, #4510, #1018 ),
 .UNSPECIFIED., .F., .F. ) 
 B_SPLINE_CURVE_WITH_KNOTS ( ( 4, 4 ),
 ( 2.300140402884102849E-16, 1.570796326794896780 ),
 .UNSPECIFIED. ) 
 CURVE ( )  GEOMETRIC_REPRESENTATION_ITEM ( )  RATIONAL_B_SPLINE_CURVE ( ( 1.000000000000000000, 0.8047378541243649375, 0.8047378541243649375, 1.000000000000000000 ) ) 
 REPRESENTATION_ITEM ( '' )  );
#7553 = MECHANICAL_DESIGN_GEOMETRIC_PRESENTATION_REPRESENTATION (  '', ( #4714 ), #3672 ) ;
#7554 =( NAMED_UNIT ( * ) PLANE_ANGLE_UNIT ( ) SI_UNIT ( $, .RADIAN. ) );
#7555 = SURFACE_STYLE_USAGE ( .BOTH. , #299 ) ;
#7556 = FILL_AREA_STYLE ('',( #4795 ) ) ;
#7557 = CARTESIAN_POINT ( 'NONE',  ( -29.45851990792611730, 8.369713140623270320, -1.244999999999911955 ) ) ;
#7558 = UNCERTAINTY_MEASURE_WITH_UNIT (LENGTH_MEASURE( 1.000000000000000082E-05 ), #2019, 'distance_accuracy_value', 'NONE');
#7559 = DIRECTION ( 'NONE',  ( -0.000000000000000000, -1.047444401652940007E-14, 1.000000000000000000 ) ) ;
#7560 = SURFACE_STYLE_FILL_AREA ( #6918 ) ;
#7561 = PRESENTATION_STYLE_ASSIGNMENT (( #1331 ) ) ;
#7562 = VERTEX_POINT ( 'NONE', #74 ) ;
#7563 = LINE ( 'NONE', #3256, #710 ) ;
#7564 = VECTOR ( 'NONE', #738, 1000.000000000000000 ) ;
#7565 = ORIENTED_EDGE ( 'NONE', *, *, #7112, .T. ) ;
#7566 = VECTOR ( 'NONE', #8615, 1000.000000000000000 ) ;
#7567 = EDGE_CURVE ( 'NONE', #8516, #641, #4723, .T. ) ;
#7568 = FILL_AREA_STYLE ('',( #2693 ) ) ;
#7569 = SURFACE_STYLE_USAGE ( .BOTH. , #3304 ) ;
#7570 =( LENGTH_UNIT ( ) NAMED_UNIT ( * ) SI_UNIT ( .MILLI., .METRE. ) );
#7571 = VECTOR ( 'NONE', #6679, 1000.000000000000000 ) ;
#7572 = FACE_OUTER_BOUND ( 'NONE', #7063, .T. ) ;
#7573 = FACE_OUTER_BOUND ( 'NONE', #3927, .T. ) ;
#7574 = DIRECTION ( 'NONE',  ( 0.000000000000000000, 1.047444401652940007E-14, -1.000000000000000000 ) ) ;
#7575 = DIRECTION ( 'NONE',  ( -1.000000000000000000, -1.299418334065024133E-16, 0.000000000000000000 ) ) ;
#7576 = DIRECTION ( 'NONE',  ( 0.000000000000000000, 1.000000000000000000, 1.047444401652940007E-14 ) ) ;
#7577 = AXIS2_PLACEMENT_3D ( 'NONE', #8668, #7464, #774 ) ;
#7578 = ORIENTED_EDGE ( 'NONE', *, *, #5503, .F. ) ;
#7579 = VERTEX_POINT ( 'NONE', #5931 ) ;
#7580 = PRESENTATION_STYLE_ASSIGNMENT (( #7766 ) ) ;
#7581 = SURFACE_STYLE_USAGE ( .BOTH. , #7536 ) ;
#7582 = DIRECTION ( 'NONE',  ( 0.000000000000000000, -0.000000000000000000, 1.000000000000000000 ) ) ;
#7583 = MECHANICAL_DESIGN_GEOMETRIC_PRESENTATION_REPRESENTATION (  '', ( #5053 ), #4148 ) ;
#7584 = UNCERTAINTY_MEASURE_WITH_UNIT (LENGTH_MEASURE( 1.000000000000000082E-05 ), #5420, 'distance_accuracy_value', 'NONE');
#7585 = PRESENTATION_LAYER_ASSIGNMENT (  '', '', ( #5509 ) ) ;
#7586 = ORIENTED_EDGE ( 'NONE', *, *, #7609, .F. ) ;
#7587 = CARTESIAN_POINT ( 'NONE',  ( -30.52039062757600618, 7.206012965964358585, -1.245000000000000107 ) ) ;
#7588 = CARTESIAN_POINT ( 'NONE',  ( -35.29416990792612552, 6.890163140623347893, -9.372999999999926501 ) ) ;
#7589 = DIRECTION ( 'NONE',  ( 8.673617379883998987E-16, -1.000000000000000000, -0.000000000000000000 ) ) ;
#7590 = SURFACE_SIDE_STYLE ('',( #3893 ) ) ;
#7591 = VECTOR ( 'NONE', #4611, 1000.000000000000000 ) ;
#7592 = CARTESIAN_POINT ( 'NONE',  ( -40.82734843295796168, -17.35233244112356488, 0.6628850845770686284 ) ) ;
#7593 = FACE_OUTER_BOUND ( 'NONE', #3598, .T. ) ;
#7594 = EDGE_CURVE ( 'NONE', #2137, #4390, #4367, .T. ) ;
#7595 = PRESENTATION_STYLE_ASSIGNMENT (( #4741 ) ) ;
#7596 = PLANE ( 'NONE',  #2139 ) ;
#7597 = ORIENTED_EDGE ( 'NONE', *, *, #6131, .F. ) ;
#7598 = EDGE_CURVE ( 'NONE', #60, #9090, #8607, .T. ) ;
#7599 = PRESENTATION_STYLE_ASSIGNMENT (( #2588 ) ) ;
#7600 = DIRECTION ( 'NONE',  ( 0.000000000000000000, 0.000000000000000000, 1.000000000000000000 ) ) ;
#7601 = AXIS2_PLACEMENT_3D ( 'NONE', #6472, #4, #1494 ) ;
#7602 = FILL_AREA_STYLE ('',( #6310 ) ) ;
#7603 = CYLINDRICAL_SURFACE ( 'NONE', #8840, 1.800000000000002931 ) ;
#7604 = FILL_AREA_STYLE ('',( #4751 ) ) ;
#7605 = DIRECTION ( 'NONE',  ( 0.000000000000000000, -1.047444401652940007E-14, 1.000000000000000000 ) ) ;
#7606 = FACE_OUTER_BOUND ( 'NONE', #6475, .T. ) ;
#7607 =( NAMED_UNIT ( * ) SI_UNIT ( $, .STERADIAN. ) SOLID_ANGLE_UNIT ( ) );
#7608 = ORIENTED_EDGE ( 'NONE', *, *, #1314, .T. ) ;
#7609 = EDGE_CURVE ( 'NONE', #6456, #7676, #2209, .T. ) ;
#7610 = CARTESIAN_POINT ( 'NONE',  ( -35.29416990792612552, 7.512463140623350633, -9.372999999999919396 ) ) ;
#7611 = ORIENTED_EDGE ( 'NONE', *, *, #4570, .F. ) ;
#7612 = LINE ( 'NONE', #1337, #914 ) ;
#7613 = FILL_AREA_STYLE ('',( #1941 ) ) ;
#7614 = ADVANCED_FACE ( 'NONE', ( #7227 ), #3804, .F. ) ;
#7615 = CARTESIAN_POINT ( 'NONE',  ( -40.82733246553401329, -18.28388708950198449, -0.2449552275043976879 ) ) ;
#7616 = CARTESIAN_POINT ( 'NONE',  ( -39.21211990792613022, 7.512463140623287572, -3.530999999999921091 ) ) ;
#7617 = CLOSED_SHELL ( 'NONE', ( #1650, #4990, #8181, #2685, #5833, #84, #2923, #6060, #5117, #8908, #6444, #9073, #7359, #8752, #2220, #5681, #9168, #4514, #7013, #8051, #1297, #5574, #8218, #3421, #8344, #8649, #2918, #8662, #3711, #7614, #2238, #1572, #2761, #2023, #5457, #249, #1487, #1507, #2354, #6137, #8714, #7322, #8282, #5003, #8090, #8871, #8951, #7271, #6000, #48, #4471, #7158, #5708, #699, #7684, #2417, #5677, #4589, #1658, #7531, #4352, #786, #1143, #187, #5383, #5890, #4632, #1678, #2704, #1382, #3640, #8280, #7743, #8014, #3913, #1244, #1386, #1082, #3763, #8107, #7174, #7783, #427, #2535 ) ) ;
#7618 = CARTESIAN_POINT ( 'NONE',  ( -35.09731990792612066, 6.032913140623267445, -1.575199999999936429 ) ) ;
#7619 = EDGE_CURVE ( 'NONE', #2875, #6960, #8428, .T. ) ;
#7620 = PRESENTATION_LAYER_ASSIGNMENT (  '', '', ( #6894 ) ) ;
#7621 = ORIENTED_EDGE ( 'NONE', *, *, #8462, .F. ) ;
#7622 = ORIENTED_EDGE ( 'NONE', *, *, #4402, .F. ) ;
#7623 = CARTESIAN_POINT ( 'NONE',  ( -44.08039062757600135, -16.50398703403563871, -1.245000000000000107 ) ) ;
#7624 = VECTOR ( 'NONE', #2845, 1000.000000000000000 ) ;
#7625 = MECHANICAL_DESIGN_GEOMETRIC_PRESENTATION_REPRESENTATION (  '', ( #6900 ), #8203 ) ;
#7626 =( NAMED_UNIT ( * ) SI_UNIT ( $, .STERADIAN. ) SOLID_ANGLE_UNIT ( ) );
#7627 = CARTESIAN_POINT ( 'NONE',  ( -35.29411990792612386, 6.890113140623237875, 1.218800000000072270 ) ) ;
#7628 = CARTESIAN_POINT ( 'NONE',  ( -37.93933015276888909, 6.995323385466001298, 1.472800000000072940 ) ) ;
#7629 = VECTOR ( 'NONE', #3956, 1000.000000000000000 ) ;
#7630 = PRESENTATION_LAYER_ASSIGNMENT (  '', '', ( #4192 ) ) ;
#7631 = ORIENTED_EDGE ( 'NONE', *, *, #7334, .F. ) ;
#7632 = STYLED_ITEM ( 'NONE', ( #38 ), #3640 ) ;
#7633 = ORIENTED_EDGE ( 'NONE', *, *, #6501, .T. ) ;
#7634 = STYLED_ITEM ( 'NONE', ( #5359 ), #4999 ) ;
#7635 = EDGE_LOOP ( 'NONE', ( #4404, #6921, #1393, #1764 ) ) ;
#7636 = DIRECTION ( 'NONE',  ( -0.000000000000000000, -1.000000000000000000, -0.000000000000000000 ) ) ;
#7637 = FACE_BOUND ( 'NONE', #238, .T. ) ;
#7638 = DIRECTION ( 'NONE',  ( -0.000000000000000000, -0.000000000000000000, -1.000000000000000000 ) ) ;
#7639 = FILL_AREA_STYLE_COLOUR ( '', #7045 ) ;
#7640 = FILL_AREA_STYLE ('',( #5635 ) ) ;
#7641 = AXIS2_PLACEMENT_3D ( 'NONE', #1114, #4763, #3974 ) ;
#7642 =( NAMED_UNIT ( * ) PLANE_ANGLE_UNIT ( ) SI_UNIT ( $, .RADIAN. ) );
#7643 =( NAMED_UNIT ( * ) PLANE_ANGLE_UNIT ( ) SI_UNIT ( $, .RADIAN. ) );
#7644 =( NAMED_UNIT ( * ) PLANE_ANGLE_UNIT ( ) SI_UNIT ( $, .RADIAN. ) );
#7645 = DIRECTION ( 'NONE',  ( -0.000000000000000000, -0.000000000000000000, 1.000000000000000000 ) ) ;
#7646 =( GEOMETRIC_REPRESENTATION_CONTEXT ( 3 ) GLOBAL_UNCERTAINTY_ASSIGNED_CONTEXT ( ( #8916 ) ) GLOBAL_UNIT_ASSIGNED_CONTEXT ( ( #1802, #3772, #4522 ) ) REPRESENTATION_CONTEXT ( 'NONE', 'WORKASPACE' ) );
#7647 = ORIENTED_EDGE ( 'NONE', *, *, #7068, .T. ) ;
#7648 = PRESENTATION_LAYER_ASSIGNMENT (  '', '', ( #33 ) ) ;
#7649 = EDGE_CURVE ( 'NONE', #1818, #6960, #6680, .T. ) ;
#7650 = CARTESIAN_POINT ( 'NONE',  ( -36.60742597117811670, 6.032913140623291426, -1.244999999999935048 ) ) ;
#7651 = FILL_AREA_STYLE_COLOUR ( '', #5678 ) ;
#7652 = SURFACE_SIDE_STYLE ('',( #2548 ) ) ;
#7653 = CARTESIAN_POINT ( 'NONE',  ( -35.29416990792612552, 7.512463140623350633, -9.372999999999919396 ) ) ;
#7654 = CARTESIAN_POINT ( 'NONE',  ( -33.12246990792611712, 7.144163140623349229, -9.372999999999922949 ) ) ;
#7655 = VERTEX_POINT ( 'NONE', #2865 ) ;
#7656 = ORIENTED_EDGE ( 'NONE', *, *, #3536, .T. ) ;
#7657 = DIRECTION ( 'NONE',  ( -0.000000000000000000, -0.000000000000000000, -1.000000000000000000 ) ) ;
#7658 = STYLED_ITEM ( 'NONE', ( #7965 ), #9163 ) ;
#7659 = PRESENTATION_LAYER_ASSIGNMENT (  '', '', ( #3172 ) ) ;
#7660 =( NAMED_UNIT ( * ) PLANE_ANGLE_UNIT ( ) SI_UNIT ( $, .RADIAN. ) );
#7661 = ORIENTED_EDGE ( 'NONE', *, *, #7906, .F. ) ;
#7662 = VERTEX_POINT ( 'NONE', #1566 ) ;
#7663 = COLOUR_RGB ( '',0.6470588235294117974, 0.6196078431372549211, 0.5882352941176470784 ) ;
#7664 = COLOUR_RGB ( '',0.7529411764705882248, 0.7529411764705882248, 0.7529411764705882248 ) ;
#7665 = EDGE_CURVE ( 'NONE', #57, #4152, #5124, .T. ) ;
#7666 = AXIS2_PLACEMENT_3D ( 'NONE', #6243, #7724, #411 ) ;
#7667 =( GEOMETRIC_REPRESENTATION_CONTEXT ( 3 ) GLOBAL_UNCERTAINTY_ASSIGNED_CONTEXT ( ( #6358 ) ) GLOBAL_UNIT_ASSIGNED_CONTEXT ( ( #186, #3029, #6524 ) ) REPRESENTATION_CONTEXT ( 'NONE', 'WORKASPACE' ) );
#7668 = DIRECTION ( 'NONE',  ( -0.5000000000000113243, -0.8660254037844321573, -8.871936606718172356E-15 ) ) ;
#7669 = FILL_AREA_STYLE_COLOUR ( '', #6937 ) ;
#7670 = AXIS2_PLACEMENT_3D ( 'NONE', #3862, #6828, #3105 ) ;
#7671 = FILL_AREA_STYLE ('',( #6431 ) ) ;
#7672 = MECHANICAL_DESIGN_GEOMETRIC_PRESENTATION_REPRESENTATION (  '', ( #6049 ), #6647 ) ;
#7673 = CIRCLE ( 'NONE', #4992, 1.000000000000000888 ) ;
#7674 = CARTESIAN_POINT ( 'NONE',  ( -28.82731649811005781, -18.27407675507290818, -0.2449113037486423394 ) ) ;
#7675 = PRESENTATION_LAYER_ASSIGNMENT (  '', '', ( #4994 ) ) ;
#7676 = VERTEX_POINT ( 'NONE', #8553 ) ;
#7677 = UNCERTAINTY_MEASURE_WITH_UNIT (LENGTH_MEASURE( 1.000000000000000082E-05 ), #1870, 'distance_accuracy_value', 'NONE');
#7678 = ORIENTED_EDGE ( 'NONE', *, *, #1314, .F. ) ;
#7679 = MECHANICAL_DESIGN_GEOMETRIC_PRESENTATION_REPRESENTATION (  '', ( #3337 ), #3951 ) ;
#7680 = STYLED_ITEM ( 'NONE', ( #4160 ), #4589 ) ;
#7681 = ORIENTED_EDGE ( 'NONE', *, *, #2640, .T. ) ;
#7682 = SURFACE_SIDE_STYLE ('',( #4736 ) ) ;
#7683 = CARTESIAN_POINT ( 'NONE',  ( -39.82267328534919670, -14.00398703403564227, 1.205000000000000071 ) ) ;
#7684 = ADVANCED_FACE ( 'NONE', ( #865, #910 ), #3761, .T. ) ;
#7685 = LINE ( 'NONE', #1265, #4794 ) ;
#7686 = CARTESIAN_POINT ( 'NONE',  ( -37.83411990792611590, 7.512513140623233276, 1.367589755157312181 ) ) ;
#7687 = SURFACE_STYLE_USAGE ( .BOTH. , #4834 ) ;
#7688 = CARTESIAN_POINT ( 'NONE',  ( -37.83416990792612467, 7.512463140623347080, -9.118999999999918060 ) ) ;
#7689 = CARTESIAN_POINT ( 'NONE',  ( -39.21211990792613022, 6.032913140623263892, -1.244999999999936158 ) ) ;
#7690 = LINE ( 'NONE', #3378, #8398 ) ;
#7691 = AXIS2_PLACEMENT_3D ( 'NONE', #5241, #8915, #1724 ) ;
#7692 =( NAMED_UNIT ( * ) SI_UNIT ( $, .STERADIAN. ) SOLID_ANGLE_UNIT ( ) );
#7693 = ORIENTED_EDGE ( 'NONE', *, *, #406, .F. ) ;
#7694 = DIRECTION ( 'NONE',  ( -0.000000000000000000, 1.000000000000000000, 1.047444401652940007E-14 ) ) ;
#7695 = FACE_OUTER_BOUND ( 'NONE', #6176, .T. ) ;
#7696 = DIRECTION ( 'NONE',  ( 0.000000000000000000, 1.047444401652940007E-14, -1.000000000000000000 ) ) ;
#7697 = CARTESIAN_POINT ( 'NONE',  ( -35.91651990792611571, 7.512513140623268804, -1.575199999999925771 ) ) ;
#7698 =( LENGTH_UNIT ( ) NAMED_UNIT ( * ) SI_UNIT ( .MILLI., .METRE. ) );
#7699 = FILL_AREA_STYLE_COLOUR ( '', #1208 ) ;
#7700 = EDGE_CURVE ( 'NONE', #7465, #7064, #1092, .T. ) ;
#7701 = LINE ( 'NONE', #393, #5845 ) ;
#7702 = DIRECTION ( 'NONE',  ( 0.000000000000000000, 0.000000000000000000, 1.000000000000000000 ) ) ;
#7703 = COLOUR_RGB ( '',0.000000000000000000, 0.5019607843137254832, 1.000000000000000000 ) ;
#7704 = ORIENTED_EDGE ( 'NONE', *, *, #7315, .T. ) ;
#7705 = PLANE ( 'NONE',  #8917 ) ;
#7706 = VERTEX_POINT ( 'NONE', #2394 ) ;
#7707 = CARTESIAN_POINT ( 'NONE',  ( -41.82731649811005781, -12.62398703403564149, 1.215000000000000080 ) ) ;
#7708 = PLANE ( 'NONE',  #3747 ) ;
#7709 = SURFACE_STYLE_FILL_AREA ( #39 ) ;
#7710 = VECTOR ( 'NONE', #8693, 1000.000000000000000 ) ;
#7711 = CARTESIAN_POINT ( 'NONE',  ( -39.21211990792613022, 6.032913140623263892, -1.244999999999936158 ) ) ;
#7712 = STYLED_ITEM ( 'NONE', ( #8979 ), #7684 ) ;
#7713 = CARTESIAN_POINT ( 'NONE',  ( -22.78039062757601130, -16.50398703403563871, -1.264999999999999902 ) ) ;
#7714 = EDGE_CURVE ( 'NONE', #1889, #7706, #3512, .T. ) ;
#7715 = CARTESIAN_POINT ( 'NONE',  ( -39.21211990792613022, 6.032913140623263892, -1.244999999999936158 ) ) ;
#7716 = FILL_AREA_STYLE_COLOUR ( '', #653 ) ;
#7717 = LINE ( 'NONE', #5483, #16 ) ;
#7718 = ORIENTED_EDGE ( 'NONE', *, *, #7594, .T. ) ;
#7719 = EDGE_LOOP ( 'NONE', ( #3012, #3869, #6841, #3355 ) ) ;
#7720 = VECTOR ( 'NONE', #7912, 1000.000000000000000 ) ;
#7721 = AXIS2_PLACEMENT_3D ( 'NONE', #1362, #9067, #3367 ) ;
#7722 = CARTESIAN_POINT ( 'NONE',  ( -39.21211990792613022, 8.369713140623263214, -1.244999999999911955 ) ) ;
#7723 = EDGE_CURVE ( 'NONE', #583, #5495, #372, .T. ) ;
#7724 = DIRECTION ( 'NONE',  ( 0.000000000000000000, -1.000000000000000000, -1.047444401652940007E-14 ) ) ;
#7725 = DIRECTION ( 'NONE',  ( 0.000000000000000000, 0.000000000000000000, 1.000000000000000000 ) ) ;
#7726 = PRESENTATION_LAYER_ASSIGNMENT (  '', '', ( #7877 ) ) ;
#7727 =( NAMED_UNIT ( * ) PLANE_ANGLE_UNIT ( ) SI_UNIT ( $, .RADIAN. ) );
#7728 = AXIS2_PLACEMENT_3D ( 'NONE', #3281, #6207, #4836 ) ;
#7729 = MECHANICAL_DESIGN_GEOMETRIC_PRESENTATION_REPRESENTATION (  '', ( #2032 ), #5795 ) ;
#7730 =( LENGTH_UNIT ( ) NAMED_UNIT ( * ) SI_UNIT ( .MILLI., .METRE. ) );
#7731 = EDGE_LOOP ( 'NONE', ( #1371, #1630, #7436, #7872 ) ) ;
#7732 = AXIS2_PLACEMENT_3D ( 'NONE', #7276, #6139, #1206 ) ;
#7733 = VERTEX_POINT ( 'NONE', #7460 ) ;
#7734 = STYLED_ITEM ( 'NONE', ( #7777 ), #452 ) ;
#7735 = VERTEX_POINT ( 'NONE', #4687 ) ;
#7736 = CARTESIAN_POINT ( 'NONE',  ( -33.15913172202133552, -14.00398703403564227, 1.205000000000000071 ) ) ;
#7737 = CARTESIAN_POINT ( 'NONE',  ( -45.88039062757600561, -16.50398703403563871, -0.2349999999999997369 ) ) ;
#7738 =( NAMED_UNIT ( * ) PLANE_ANGLE_UNIT ( ) SI_UNIT ( $, .RADIAN. ) );
#7739 = CARTESIAN_POINT ( 'NONE',  ( -38.08811990792612079, 7.258513140623235493, 1.472800000000075382 ) ) ;
#7740 = DIRECTION ( 'NONE',  ( -0.5000000000000197620, -0.8660254037844272723, 0.000000000000000000 ) ) ;
#7741 = AXIS2_PLACEMENT_3D ( 'NONE', #823, #5043, #2920 ) ;
#7742 = FILL_AREA_STYLE ('',( #8501 ) ) ;
#7743 = ADVANCED_FACE ( 'NONE', ( #2441 ), #8750, .T. ) ;
#7744 = ORIENTED_EDGE ( 'NONE', *, *, #5876, .T. ) ;
#7745 = EDGE_CURVE ( 'NONE', #2207, #8966, #3991, .T. ) ;
#7746 = DIRECTION ( 'NONE',  ( -1.000000000000000000, 0.000000000000000000, -0.000000000000000000 ) ) ;
#7747 = CARTESIAN_POINT ( 'NONE',  ( -34.65401384467411816, 7.353713140623290734, -3.530999999999923311 ) ) ;
#7748 = PLANE ( 'NONE',  #1101 ) ;
#7749 = SURFACE_SIDE_STYLE ('',( #8659 ) ) ;
#7750 = DIRECTION ( 'NONE',  ( 1.000000000000000000, 0.000000000000000000, 0.000000000000000000 ) ) ;
#7751 = CARTESIAN_POINT ( 'NONE',  ( -30.58251990792611963, 7.144113140623235658, 1.472800000000075604 ) ) ;
#7752 = ORIENTED_EDGE ( 'NONE', *, *, #100, .F. ) ;
#7753 = VECTOR ( 'NONE', #2533, 1000.000000000000227 ) ;
#7754 = ORIENTED_EDGE ( 'NONE', *, *, #4782, .T. ) ;
#7755 = VERTEX_POINT ( 'NONE', #5453 ) ;
#7756 = CARTESIAN_POINT ( 'NONE',  ( -30.01731990792611526, 6.032913140623263892, -1.244999999999924167 ) ) ;
#7757 = SURFACE_SIDE_STYLE ('',( #7709 ) ) ;
#7758 =( NAMED_UNIT ( * ) PLANE_ANGLE_UNIT ( ) SI_UNIT ( $, .RADIAN. ) );
#7759 = PLANE ( 'NONE',  #5049 ) ;
#7760 = CARTESIAN_POINT ( 'NONE',  ( -32.11401384467411191, 8.369713140623277425, -3.530999999999912209 ) ) ;
#7761 =( NAMED_UNIT ( * ) PLANE_ANGLE_UNIT ( ) SI_UNIT ( $, .RADIAN. ) );
#7762 = DIRECTION ( 'NONE',  ( -1.000000000000000000, 0.000000000000000000, -0.000000000000000000 ) ) ;
#7763 = VERTEX_POINT ( 'NONE', #4737 ) ;
#7764 = ORIENTED_EDGE ( 'NONE', *, *, #6191, .T. ) ;
#7765 = EDGE_CURVE ( 'NONE', #1564, #6951, #8933, .T. ) ;
#7766 = SURFACE_STYLE_USAGE ( .BOTH. , #6379 ) ;
#7767 =( NAMED_UNIT ( * ) SI_UNIT ( $, .STERADIAN. ) SOLID_ANGLE_UNIT ( ) );
#7768 = PLANE ( 'NONE',  #819 ) ;
#7769 = MECHANICAL_DESIGN_GEOMETRIC_PRESENTATION_REPRESENTATION (  '', ( #431 ), #2382 ) ;
#7770 = LINE ( 'NONE', #4213, #1981 ) ;
#7771 = PRESENTATION_LAYER_ASSIGNMENT (  '', '', ( #4030 ) ) ;
#7772 = VERTEX_POINT ( 'NONE', #3460 ) ;
#7773 = ORIENTED_EDGE ( 'NONE', *, *, #2251, .F. ) ;
#7774 = COLOUR_RGB ( '',0.7529411764705882248, 0.7529411764705882248, 0.7529411764705882248 ) ;
#7775 = EDGE_LOOP ( 'NONE', ( #6713, #2554 ) ) ;
#7776 = DIRECTION ( 'NONE',  ( 1.734723475976805714E-15, -1.000000000000000000, 0.000000000000000000 ) ) ;
#7777 = PRESENTATION_STYLE_ASSIGNMENT (( #5632 ) ) ;
#7778 = DIRECTION ( 'NONE',  ( 0.000000000000000000, 1.000000000000000000, 1.047444401652940007E-14 ) ) ;
#7779 = LINE ( 'NONE', #7879, #3469 ) ;
#7780 = CARTESIAN_POINT ( 'NONE',  ( -33.37651990792611656, 6.890113140623235211, 1.472800000000072718 ) ) ;
#7781 = VECTOR ( 'NONE', #4668, 1000.000000000000000 ) ;
#7782 = DIRECTION ( 'NONE',  ( -0.000000000000000000, -0.000000000000000000, -1.000000000000000000 ) ) ;
#7783 = ADVANCED_FACE ( 'NONE', ( #8315 ), #6953, .F. ) ;
#7784 = EDGE_LOOP ( 'NONE', ( #5724, #136 ) ) ;
#7785 = STYLED_ITEM ( 'NONE', ( #1636 ), #1572 ) ;
#7786 = COLOUR_RGB ( '',0.08235294117647058709, 0.08235294117647058709, 0.08235294117647058709 ) ;
#7787 = EDGE_CURVE ( 'NONE', #7755, #5284, #2477, .T. ) ;
#7788 = SURFACE_STYLE_FILL_AREA ( #8196 ) ;
#7789 = CARTESIAN_POINT ( 'NONE',  ( -30.83651990792612452, 7.512513140623235053, 1.472800000000079601 ) ) ;
#7790 = SURFACE_STYLE_FILL_AREA ( #1325 ) ;
#7791 = FILL_AREA_STYLE ('',( #7839 ) ) ;
#7792 = ADVANCED_FACE ( 'NONE', ( #1409 ), #8494, .T. ) ;
#7793 =( NAMED_UNIT ( * ) SI_UNIT ( $, .STERADIAN. ) SOLID_ANGLE_UNIT ( ) );
#7794 = AXIS2_PLACEMENT_3D ( 'NONE', #5570, #8384, #1995 ) ;
#7795 = LINE ( 'NONE', #7059, #4187 ) ;
#7796 = DIRECTION ( 'NONE',  ( 0.000000000000000000, 0.000000000000000000, 1.000000000000000000 ) ) ;
#7797 = CARTESIAN_POINT ( 'NONE',  ( -40.82731649811005781, -16.56462454409308549, -1.259197900737540454 ) ) ;
#7798 = EDGE_CURVE ( 'NONE', #9195, #5997, #734, .T. ) ;
#7799 = ORIENTED_EDGE ( 'NONE', *, *, #5228, .F. ) ;
#7800 = ORIENTED_EDGE ( 'NONE', *, *, #3325, .F. ) ;
#7801 = DIRECTION ( 'NONE',  ( -1.000000000000000000, -0.000000000000000000, -0.000000000000000000 ) ) ;
#7802 = DIRECTION ( 'NONE',  ( -1.000000000000000000, 0.000000000000000000, -0.000000000000000000 ) ) ;
#7803 = ADVANCED_FACE ( 'NONE', ( #9020, #5498, #1917, #7637, #4780 ), #8408, .F. ) ;
#7804 =( NAMED_UNIT ( * ) SI_UNIT ( $, .STERADIAN. ) SOLID_ANGLE_UNIT ( ) );
#7805 = UNCERTAINTY_MEASURE_WITH_UNIT (LENGTH_MEASURE( 1.000000000000000082E-05 ), #2086, 'distance_accuracy_value', 'NONE');
#7806 = FACE_OUTER_BOUND ( 'NONE', #521, .T. ) ;
#7807 =( NAMED_UNIT ( * ) PLANE_ANGLE_UNIT ( ) SI_UNIT ( $, .RADIAN. ) );
#7808 = CARTESIAN_POINT ( 'NONE',  ( -28.82731649811005781, -16.29358145957188952, -1.245021702440555877 ) ) ;
#7809 = SURFACE_SIDE_STYLE ('',( #6516 ) ) ;
#7810 = CARTESIAN_POINT ( 'NONE',  ( -38.08816990792612245, 7.144163140623349229, -9.372999999999921172 ) ) ;
#7811 = ORIENTED_EDGE ( 'NONE', *, *, #5876, .F. ) ;
#7812 = ORIENTED_EDGE ( 'NONE', *, *, #7445, .F. ) ;
#7813 = COLOUR_RGB ( '',0.7529411764705882248, 0.7529411764705882248, 0.7529411764705882248 ) ;
#7814 = FILL_AREA_STYLE_COLOUR ( '', #7228 ) ;
#7815 = SURFACE_STYLE_USAGE ( .BOTH. , #7080 ) ;
#7816 = DIRECTION ( 'NONE',  ( 1.000000000000000000, 0.000000000000000000, -0.000000000000000000 ) ) ;
#7817 = EDGE_CURVE ( 'NONE', #1909, #101, #8896, .T. ) ;
#7818 = ORIENTED_EDGE ( 'NONE', *, *, #4287, .T. ) ;
#7819 = VERTEX_POINT ( 'NONE', #1036 ) ;
#7820 = VECTOR ( 'NONE', #7816, 1000.000000000000000 ) ;
#7821 = ORIENTED_EDGE ( 'NONE', *, *, #1701, .T. ) ;
#7822 = ORIENTED_EDGE ( 'NONE', *, *, #6902, .T. ) ;
#7823 = FILL_AREA_STYLE_COLOUR ( '', #6975 ) ;
#7824 = VECTOR ( 'NONE', #2258, 1000.000000000000000 ) ;
#7825 = STYLED_ITEM ( 'NONE', ( #5129 ), #4251 ) ;
#7826 = CARTESIAN_POINT ( 'NONE',  ( -30.46816990792611790, 7.201313140623347486, -9.118999999999921613 ) ) ;
#7827 = DIRECTION ( 'NONE',  ( -0.000000000000000000, -1.047444401652940007E-14, 1.000000000000000000 ) ) ;
#7828 =( GEOMETRIC_REPRESENTATION_CONTEXT ( 3 ) GLOBAL_UNCERTAINTY_ASSIGNED_CONTEXT ( ( #5863 ) ) GLOBAL_UNIT_ASSIGNED_CONTEXT ( ( #5897, #2317, #3389 ) ) REPRESENTATION_CONTEXT ( 'NONE', 'WORKASPACE' ) );
#7829 = DIRECTION ( 'NONE',  ( 0.000000000000000000, 0.000000000000000000, 1.000000000000000000 ) ) ;
#7830 =( LENGTH_UNIT ( ) NAMED_UNIT ( * ) SI_UNIT ( .MILLI., .METRE. ) );
#7831 = CARTESIAN_POINT ( 'NONE',  ( -35.39933015276888995, 6.995323385466003074, 1.472800000000072940 ) ) ;
#7832 =( GEOMETRIC_REPRESENTATION_CONTEXT ( 3 ) GLOBAL_UNCERTAINTY_ASSIGNED_CONTEXT ( ( #7677 ) ) GLOBAL_UNIT_ASSIGNED_CONTEXT ( ( #1870, #5350, #5252 ) ) REPRESENTATION_CONTEXT ( 'NONE', 'WORKASPACE' ) );
#7833 = ORIENTED_EDGE ( 'NONE', *, *, #4306, .T. ) ;
#7834 = COLOUR_RGB ( '',0.08235294117647058709, 0.08235294117647058709, 0.08235294117647058709 ) ;
#7835 = ORIENTED_EDGE ( 'NONE', *, *, #1046, .T. ) ;
#7836 = DIRECTION ( 'NONE',  ( -0.000000000000000000, -0.000000000000000000, -1.000000000000000000 ) ) ;
#7837 = CARTESIAN_POINT ( 'NONE',  ( -35.91646990792612115, 6.890163140623288385, -3.530999999999928196 ) ) ;
#7838 = EDGE_CURVE ( 'NONE', #1315, #9042, #5823, .T. ) ;
#7839 = FILL_AREA_STYLE_COLOUR ( '', #2140 ) ;
#7840 = CARTESIAN_POINT ( 'NONE',  ( -39.21211990792613022, 6.032913140623286985, -3.530999999999936634 ) ) ;
#7841 = AXIS2_PLACEMENT_3D ( 'NONE', #5862, #787, #3591 ) ;
#7842 = UNCERTAINTY_MEASURE_WITH_UNIT (LENGTH_MEASURE( 1.000000000000000082E-05 ), #3722, 'distance_accuracy_value', 'NONE');
#7843 = FILL_AREA_STYLE ('',( #1521 ) ) ;
#7844 = DIRECTION ( 'NONE',  ( 0.000000000000000000, 0.000000000000000000, 1.000000000000000000 ) ) ;
#7845 = CARTESIAN_POINT ( 'NONE',  ( -38.65331990792612515, 6.032913140623267445, -1.575199999999911782 ) ) ;
#7846 = AXIS2_PLACEMENT_3D ( 'NONE', #155, #4414, #866 ) ;
#7847 = AXIS2_PLACEMENT_3D ( 'NONE', #7840, #7147, #2113 ) ;
#7848 = SURFACE_SIDE_STYLE ('',( #8514 ) ) ;
#7849 = VERTEX_POINT ( 'NONE', #4357 ) ;
#7850 = CARTESIAN_POINT ( 'NONE',  ( -47.68039062757600988, -16.50398703403563871, -0.2349999999999997369 ) ) ;
#7851 = SURFACE_STYLE_FILL_AREA ( #6510 ) ;
#7852 = SURFACE_STYLE_FILL_AREA ( #6019 ) ;
#7853 = DIRECTION ( 'NONE',  ( 0.000000000000000000, 1.047444401652940007E-14, -1.000000000000000000 ) ) ;
#7854 = LINE ( 'NONE', #8477, #5792 ) ;
#7855 = CARTESIAN_POINT ( 'NONE',  ( -40.94731649811006235, -18.28388708950198804, -0.2449552275043981875 ) ) ;
#7856 = CARTESIAN_POINT ( 'NONE',  ( -34.65401384467411816, 7.353713140623290734, -3.530999999999917538 ) ) ;
#7857 = CARTESIAN_POINT ( 'NONE',  ( -22.78039062757601130, 7.056012965964359118, -1.264999999999999902 ) ) ;
#7858 = ORIENTED_EDGE ( 'NONE', *, *, #4018, .T. ) ;
#7859 = ORIENTED_EDGE ( 'NONE', *, *, #354, .F. ) ;
#7860 = EDGE_CURVE ( 'NONE', #5402, #7392, #7384, .T. ) ;
#7861 = EDGE_CURVE ( 'NONE', #619, #2887, #7212, .T. ) ;
#7862 = VECTOR ( 'NONE', #6822, 1000.000000000000000 ) ;
#7863 =( GEOMETRIC_REPRESENTATION_CONTEXT ( 3 ) GLOBAL_UNCERTAINTY_ASSIGNED_CONTEXT ( ( #3272 ) ) GLOBAL_UNIT_ASSIGNED_CONTEXT ( ( #552, #8385, #1247 ) ) REPRESENTATION_CONTEXT ( 'NONE', 'WORKASPACE' ) );
#7864 = SURFACE_STYLE_USAGE ( .BOTH. , #7302 ) ;
#7865 = PLANE ( 'NONE',  #7601 ) ;
#7866 = CYLINDRICAL_SURFACE ( 'NONE', #6393, 0.2539999999999998925 ) ;
#7867 = DIRECTION ( 'NONE',  ( 1.000000000000000000, 0.000000000000000000, 0.000000000000000000 ) ) ;
#7868 = PRESENTATION_LAYER_ASSIGNMENT (  '', '', ( #2624 ) ) ;
#7869 = STYLED_ITEM ( 'NONE', ( #7561 ), #2060 ) ;
#7870 = AXIS2_PLACEMENT_3D ( 'NONE', #1172, #8229, #3944 ) ;
#7871 = ORIENTED_EDGE ( 'NONE', *, *, #7292, .F. ) ;
#7872 = ORIENTED_EDGE ( 'NONE', *, *, #5723, .F. ) ;
#7873 = ORIENTED_EDGE ( 'NONE', *, *, #905, .T. ) ;
#7874 = ORIENTED_EDGE ( 'NONE', *, *, #4394, .T. ) ;
#7875 = CARTESIAN_POINT ( 'NONE',  ( -47.08039062757600846, -9.643987034035646388, 1.255000000000000115 ) ) ;
#7876 = LINE ( 'NONE', #856, #2070 ) ;
#7877 = STYLED_ITEM ( 'NONE', ( #972 ), #2354 ) ;
#7878 = SURFACE_STYLE_FILL_AREA ( #5027 ) ;
#7879 = CARTESIAN_POINT ( 'NONE',  ( -39.21211990792613022, 7.258513140623235493, 1.472800000000076714 ) ) ;
#7880 = PRESENTATION_LAYER_ASSIGNMENT (  '', '', ( #2636 ) ) ;
#7881 = ORIENTED_EDGE ( 'NONE', *, *, #181, .T. ) ;
#7882 = VERTEX_POINT ( 'NONE', #8866 ) ;
#7883 = PLANE ( 'NONE',  #3684 ) ;
#7884 =( NAMED_UNIT ( * ) PLANE_ANGLE_UNIT ( ) SI_UNIT ( $, .RADIAN. ) );
#7885 = SURFACE_STYLE_USAGE ( .BOTH. , #209 ) ;
#7886 = EDGE_CURVE ( 'NONE', #3648, #6677, #2245, .T. ) ;
#7887 =( NAMED_UNIT ( * ) PLANE_ANGLE_UNIT ( ) SI_UNIT ( $, .RADIAN. ) );
#7888 =( NAMED_UNIT ( * ) SI_UNIT ( $, .STERADIAN. ) SOLID_ANGLE_UNIT ( ) );
#7889 =( NAMED_UNIT ( * ) SI_UNIT ( $, .STERADIAN. ) SOLID_ANGLE_UNIT ( ) );
#7890 = PRESENTATION_STYLE_ASSIGNMENT (( #440 ) ) ;
#7891 = LINE ( 'NONE', #4849, #8392 ) ;
#7892 = PLANE ( 'NONE',  #3845 ) ;
#7893 = LINE ( 'NONE', #2784, #2390 ) ;
#7894 = CARTESIAN_POINT ( 'NONE',  ( -33.37646990792611490, 6.890163140623317695, -9.118999999999925166 ) ) ;
#7895 = EDGE_CURVE ( 'NONE', #2196, #3636, #6708, .T. ) ;
#7896 =( GEOMETRIC_REPRESENTATION_CONTEXT ( 3 ) GLOBAL_UNCERTAINTY_ASSIGNED_CONTEXT ( ( #6604 ) ) GLOBAL_UNIT_ASSIGNED_CONTEXT ( ( #2132, #2983, #6422 ) ) REPRESENTATION_CONTEXT ( 'NONE', 'WORKASPACE' ) );
#7897 = PRESENTATION_STYLE_ASSIGNMENT (( #2027 ) ) ;
#7898 = ORIENTED_EDGE ( 'NONE', *, *, #7723, .T. ) ;
#7899 = CARTESIAN_POINT ( 'NONE',  ( -22.78039062757601130, -16.50398703403563871, -1.264999999999999902 ) ) ;
#7900 =( NAMED_UNIT ( * ) PLANE_ANGLE_UNIT ( ) SI_UNIT ( $, .RADIAN. ) );
#7901 = SURFACE_STYLE_USAGE ( .BOTH. , #5097 ) ;
#7902 = DIRECTION ( 'NONE',  ( 0.000000000000000000, -1.000000000000000000, -0.000000000000000000 ) ) ;
#7903 = FACE_OUTER_BOUND ( 'NONE', #11, .T. ) ;
#7904 = SURFACE_STYLE_USAGE ( .BOTH. , #731 ) ;
#7905 = ORIENTED_EDGE ( 'NONE', *, *, #114, .F. ) ;
#7906 = EDGE_CURVE ( 'NONE', #5414, #7210, #7443, .T. ) ;
#7907 = ORIENTED_EDGE ( 'NONE', *, *, #2107, .F. ) ;
#7908 = LINE ( 'NONE', #7164, #3692 ) ;
#7909 = EDGE_CURVE ( 'NONE', #7075, #2567, #8635, .T. ) ;
#7910 = LINE ( 'NONE', #4253, #4462 ) ;
#7911 = FILL_AREA_STYLE ('',( #6611 ) ) ;
#7912 = DIRECTION ( 'NONE',  ( 0.000000000000000000, -1.000000000000000000, -0.000000000000000000 ) ) ;
#7913 = ORIENTED_EDGE ( 'NONE', *, *, #6669, .T. ) ;
#7914 = VERTEX_POINT ( 'NONE', #5288 ) ;
#7915 = ORIENTED_EDGE ( 'NONE', *, *, #7494, .T. ) ;
#7916 = EDGE_LOOP ( 'NONE', ( #8378, #1536, #4904, #4823 ) ) ;
#7917 = ADVANCED_FACE ( 'NONE', ( #2419 ), #8121, .T. ) ;
#7918 = FACE_OUTER_BOUND ( 'NONE', #6610, .T. ) ;
#7919 =( NAMED_UNIT ( * ) SI_UNIT ( $, .STERADIAN. ) SOLID_ANGLE_UNIT ( ) );
#7920 = CARTESIAN_POINT ( 'NONE',  ( -38.08816990792612245, 7.258463140623347520, -9.372999999999921172 ) ) ;
#7921 = SURFACE_SIDE_STYLE ('',( #5073 ) ) ;
#7922 = VERTEX_POINT ( 'NONE', #1901 ) ;
#7923 = VECTOR ( 'NONE', #2686, 1000.000000000000000 ) ;
#7924 = ORIENTED_EDGE ( 'NONE', *, *, #4094, .T. ) ;
#7925 = FILL_AREA_STYLE ('',( #4552 ) ) ;
#7926 = DIRECTION ( 'NONE',  ( 1.000000000000000000, 0.000000000000000000, 0.000000000000000000 ) ) ;
#7927 =( NAMED_UNIT ( * ) PLANE_ANGLE_UNIT ( ) SI_UNIT ( $, .RADIAN. ) );
#7928 = CARTESIAN_POINT ( 'NONE',  ( -39.82267328534919670, -15.29897745040698176, 1.199928837669093751 ) ) ;
#7929 = CARTESIAN_POINT ( 'NONE',  ( -20.98039062757600703, -18.30398703403564298, -1.245000000000000107 ) ) ;
#7930 = COLOUR_RGB ( '',0.7529411764705882248, 0.7529411764705882248, 0.7529411764705882248 ) ;
#7931 = COLOUR_RGB ( '',0.000000000000000000, 0.000000000000000000, 0.000000000000000000 ) ;
#7932 = UNCERTAINTY_MEASURE_WITH_UNIT (LENGTH_MEASURE( 1.000000000000000082E-05 ), #570, 'distance_accuracy_value', 'NONE');
#7933 = CARTESIAN_POINT ( 'NONE',  ( -35.29416990792612552, 7.512463140623347968, -9.118999999999921613 ) ) ;
#7934 = FACE_OUTER_BOUND ( 'NONE', #855, .T. ) ;
#7935 = COLOUR_RGB ( '',0.7529411764705882248, 0.7529411764705882248, 0.7529411764705882248 ) ;
#7936 = EDGE_CURVE ( 'NONE', #6960, #6456, #1241, .T. ) ;
#7937 = AXIS2_PLACEMENT_3D ( 'NONE', #6999, #2811, #7778 ) ;
#7938 = DIRECTION ( 'NONE',  ( -1.000000000000000000, 0.000000000000000000, 0.000000000000000000 ) ) ;
#7939 = ORIENTED_EDGE ( 'NONE', *, *, #5660, .T. ) ;
#7940 = PLANE ( 'NONE',  #3780 ) ;
#7941 =( LENGTH_UNIT ( ) NAMED_UNIT ( * ) SI_UNIT ( .MILLI., .METRE. ) );
#7942 = MECHANICAL_DESIGN_GEOMETRIC_PRESENTATION_REPRESENTATION (  '', ( #4962 ), #615 ) ;
#7943 =( NAMED_UNIT ( * ) PLANE_ANGLE_UNIT ( ) SI_UNIT ( $, .RADIAN. ) );
#7944 = CARTESIAN_POINT ( 'NONE',  ( -34.36071990792586917, 7.861713140623137086, -1.244999999999914619 ) ) ;
#7945 = CARTESIAN_POINT ( 'NONE',  ( -40.82731649811006491, -16.29878424680376980, -1.245105634841087827 ) ) ;
#7946 = FACE_OUTER_BOUND ( 'NONE', #4098, .T. ) ;
#7947 =( NAMED_UNIT ( * ) PLANE_ANGLE_UNIT ( ) SI_UNIT ( $, .RADIAN. ) );
#7948 = PLANE ( 'NONE',  #1347 ) ;
#7949 = ORIENTED_EDGE ( 'NONE', *, *, #4750, .F. ) ;
#7950 = ORIENTED_EDGE ( 'NONE', *, *, #8874, .F. ) ;
#7951 =( LENGTH_UNIT ( ) NAMED_UNIT ( * ) SI_UNIT ( .MILLI., .METRE. ) );
#7952 = FILL_AREA_STYLE ('',( #2892 ) ) ;
#7953 = ADVANCED_FACE ( 'NONE', ( #4100 ), #1112, .F. ) ;
#7954 = DIRECTION ( 'NONE',  ( 0.000000000000000000, 0.000000000000000000, 1.000000000000000000 ) ) ;
#7955 = CARTESIAN_POINT ( 'NONE',  ( -40.82734843295796168, -18.27407675507290818, -0.2449113037486423394 ) ) ;
#7956 = VERTEX_POINT ( 'NONE', #546 ) ;
#7957 = ORIENTED_EDGE ( 'NONE', *, *, #625, .T. ) ;
#7958 = VERTEX_POINT ( 'NONE', #6229 ) ;
#7959 = VERTEX_POINT ( 'NONE', #3400 ) ;
#7960 = DIRECTION ( 'NONE',  ( 1.000000000000000000, 0.000000000000000000, 0.000000000000000000 ) ) ;
#7961 = FILL_AREA_STYLE ('',( #107 ) ) ;
#7962 = PRESENTATION_STYLE_ASSIGNMENT (( #8734 ) ) ;
#7963 = CARTESIAN_POINT ( 'NONE',  ( -22.78039062757601130, 7.056012965964359118, -0.2449999999999997735 ) ) ;
#7964 =( LENGTH_UNIT ( ) NAMED_UNIT ( * ) SI_UNIT ( .MILLI., .METRE. ) );
#7965 = PRESENTATION_STYLE_ASSIGNMENT (( #3656 ) ) ;
#7966 = AXIS2_PLACEMENT_3D ( 'NONE', #2960, #8690, #2296 ) ;
#7967 = EDGE_CURVE ( 'NONE', #3104, #7178, #356, .T. ) ;
#7968 = VECTOR ( 'NONE', #4089, 1000.000000000000000 ) ;
#7969 = MECHANICAL_DESIGN_GEOMETRIC_PRESENTATION_REPRESENTATION (  '', ( #3628 ), #482 ) ;
#7970 = ORIENTED_EDGE ( 'NONE', *, *, #5971, .T. ) ;
#7971 = FACE_OUTER_BOUND ( 'NONE', #6531, .T. ) ;
#7972 = CARTESIAN_POINT ( 'NONE',  ( -38.14039062757601073, 7.206012965964358585, -1.266000000000000014 ) ) ;
#7973 = SURFACE_STYLE_FILL_AREA ( #2303 ) ;
#7974 = VECTOR ( 'NONE', #6812, 1000.000000000000000 ) ;
#7975 = DIRECTION ( 'NONE',  ( 1.000000000000000000, 0.000000000000000000, 0.000000000000000000 ) ) ;
#7976 = DIRECTION ( 'NONE',  ( -1.000000000000000000, -0.000000000000000000, -0.000000000000000000 ) ) ;
#7977 = COLOUR_RGB ( '',0.000000000000000000, 0.000000000000000000, 0.000000000000000000 ) ;
#7978 = AXIS2_PLACEMENT_3D ( 'NONE', #6020, #3335, #2449 ) ;
#7979 = DIRECTION ( 'NONE',  ( 0.000000000000000000, 0.000000000000000000, 1.000000000000000000 ) ) ;
#7980 =( GEOMETRIC_REPRESENTATION_CONTEXT ( 3 ) GLOBAL_UNCERTAINTY_ASSIGNED_CONTEXT ( ( #2373 ) ) GLOBAL_UNIT_ASSIGNED_CONTEXT ( ( #1326, #7054, #2112 ) ) REPRESENTATION_CONTEXT ( 'NONE', 'WORKASPACE' ) );
#7981 = DIRECTION ( 'NONE',  ( 0.000000000000000000, 0.000000000000000000, 1.000000000000000000 ) ) ;
#7982 = ORIENTED_EDGE ( 'NONE', *, *, #3607, .T. ) ;
#7983 = VECTOR ( 'NONE', #8545, 1000.000000000000000 ) ;
#7984 = CARTESIAN_POINT ( 'NONE',  ( -34.06742597117758464, 8.369713140623147751, -3.530999999999914873 ) ) ;
#7985 = PLANE ( 'NONE',  #8401 ) ;
#7986 = CARTESIAN_POINT ( 'NONE',  ( -40.82731649811006491, -16.28837867234000925, -1.244937770040023928 ) ) ;
#7987 = CARTESIAN_POINT ( 'NONE',  ( -39.82267328534919670, -18.14220267626449257, 0.9035539196892449221 ) ) ;
#7988 = SURFACE_SIDE_STYLE ('',( #5147 ) ) ;
#7989 = CYLINDRICAL_SURFACE ( 'NONE', #8585, 0.2540000000000007807 ) ;
#7990 = MECHANICAL_DESIGN_GEOMETRIC_PRESENTATION_REPRESENTATION (  '', ( #2758 ), #2457 ) ;
#7991 = ORIENTED_EDGE ( 'NONE', *, *, #2447, .F. ) ;
#7992 = ORIENTED_EDGE ( 'NONE', *, *, #6094, .F. ) ;
#7993 = DIRECTION ( 'NONE',  ( 0.000000000000000000, 0.000000000000000000, 1.000000000000000000 ) ) ;
#7994 = AXIS2_PLACEMENT_3D ( 'NONE', #122, #4511, #2401 ) ;
#7995 = EDGE_CURVE ( 'NONE', #7733, #8342, #2188, .T. ) ;
#7996 = UNCERTAINTY_MEASURE_WITH_UNIT (LENGTH_MEASURE( 1.000000000000000082E-05 ), #2615, 'distance_accuracy_value', 'NONE');
#7997 = CARTESIAN_POINT ( 'NONE',  ( -27.82731649811006136, -3.003987034035643600, 1.205000000000000071 ) ) ;
#7998 = LINE ( 'NONE', #4080, #6941 ) ;
#7999 =( NAMED_UNIT ( * ) PLANE_ANGLE_UNIT ( ) SI_UNIT ( $, .RADIAN. ) );
#8000 = EDGE_LOOP ( 'NONE', ( #2083, #711, #287, #1500 ) ) ;
#8001 = EDGE_LOOP ( 'NONE', ( #1586, #7622, #4250, #7991 ) ) ;
#8002 = VECTOR ( 'NONE', #5786, 1000.000000000000000 ) ;
#8003 = EDGE_CURVE ( 'NONE', #2764, #2026, #6279, .T. ) ;
#8004 = EDGE_CURVE ( 'NONE', #6378, #1914, #3258, .T. ) ;
#8005 = ORIENTED_EDGE ( 'NONE', *, *, #8237, .T. ) ;
#8006 = LINE ( 'NONE', #6623, #5674 ) ;
#8007 = SURFACE_SIDE_STYLE ('',( #4501 ) ) ;
#8008 =( GEOMETRIC_REPRESENTATION_CONTEXT ( 3 ) GLOBAL_UNCERTAINTY_ASSIGNED_CONTEXT ( ( #682 ) ) GLOBAL_UNIT_ASSIGNED_CONTEXT ( ( #9236, #1476, #4325 ) ) REPRESENTATION_CONTEXT ( 'NONE', 'WORKASPACE' ) );
#8009 = AXIS2_PLACEMENT_3D ( 'NONE', #987, #7130, #705 ) ;
#8010 = ORIENTED_EDGE ( 'NONE', *, *, #5675, .T. ) ;
#8011 = CARTESIAN_POINT ( 'NONE',  ( -32.75416990792612637, 7.512463140623346192, -9.267789755157151532 ) ) ;
#8012 = CARTESIAN_POINT ( 'NONE',  ( -24.58039062757600846, -16.50398703403563871, -1.264999999999999902 ) ) ;
#8013 = DIRECTION ( 'NONE',  ( 0.000000000000000000, 0.000000000000000000, 1.000000000000000000 ) ) ;
#8014 = ADVANCED_FACE ( 'NONE', ( #2513 ), #8250, .F. ) ;
#8015 = CARTESIAN_POINT ( 'NONE',  ( -29.45851990792611730, 7.201313140623287978, -3.530999999999924199 ) ) ;
#8016 = PLANE ( 'NONE',  #982 ) ;
#8017 = UNCERTAINTY_MEASURE_WITH_UNIT (LENGTH_MEASURE( 1.000000000000000082E-05 ), #1832, 'distance_accuracy_value', 'NONE');
#8018 = SURFACE_SIDE_STYLE ('',( #2261 ) ) ;
#8019 = EDGE_CURVE ( 'NONE', #5333, #8032, #2832, .T. ) ;
#8020 = MECHANICAL_DESIGN_GEOMETRIC_PRESENTATION_REPRESENTATION (  '', ( #7085 ), #3988 ) ;
#8021 = EDGE_CURVE ( 'NONE', #4170, #2360, #204, .T. ) ;
#8022 = FILL_AREA_STYLE_COLOUR ( '', #2487 ) ;
#8023 = SURFACE_SIDE_STYLE ('',( #298 ) ) ;
#8024 = VERTEX_POINT ( 'NONE', #1296 ) ;
#8025 = LINE ( 'NONE', #7242, #8947 ) ;
#8026 =( LENGTH_UNIT ( ) NAMED_UNIT ( * ) SI_UNIT ( .MILLI., .METRE. ) );
#8027 = PRESENTATION_STYLE_ASSIGNMENT (( #5191 ) ) ;
#8028 = DIRECTION ( 'NONE',  ( -1.000000000000000000, 0.000000000000000000, 0.000000000000000000 ) ) ;
#8029 = PRESENTATION_LAYER_ASSIGNMENT (  '', '', ( #269 ) ) ;
#8030 = DIRECTION ( 'NONE',  ( 0.000000000000000000, 0.000000000000000000, 1.000000000000000000 ) ) ;
#8031 = ORIENTED_EDGE ( 'NONE', *, *, #4196, .T. ) ;
#8032 = VERTEX_POINT ( 'NONE', #6511 ) ;
#8033 = DIRECTION ( 'NONE',  ( -0.000000000000000000, 1.047444401652940007E-14, -1.000000000000000000 ) ) ;
#8034 = CARTESIAN_POINT ( 'NONE',  ( -32.55731990792611441, 6.032913140623263892, -1.244999999999936158 ) ) ;
#8035 = SURFACE_STYLE_USAGE ( .BOTH. , #7306 ) ;
#8036 = ORIENTED_EDGE ( 'NONE', *, *, #8330, .T. ) ;
#8037 = VERTEX_POINT ( 'NONE', #8570 ) ;
#8038 = ADVANCED_FACE ( 'NONE', ( #8518 ), #4293, .F. ) ;
#8039 = VECTOR ( 'NONE', #2088, 1000.000000000000000 ) ;
#8040 = ORIENTED_EDGE ( 'NONE', *, *, #3041, .T. ) ;
#8041 = LINE ( 'NONE', #3842, #7079 ) ;
#8042 = CARTESIAN_POINT ( 'NONE',  ( -39.21211990792613022, 6.032913140623263892, -1.244999999999936158 ) ) ;
#8043 = UNCERTAINTY_MEASURE_WITH_UNIT (LENGTH_MEASURE( 1.000000000000000082E-05 ), #116, 'distance_accuracy_value', 'NONE');
#8044 = ORIENTED_EDGE ( 'NONE', *, *, #7665, .F. ) ;
#8045 = CARTESIAN_POINT ( 'NONE',  ( -39.21211990792613022, 7.144113140623235658, 1.472800000000075604 ) ) ;
#8046 = FILL_AREA_STYLE_COLOUR ( '', #6700 ) ;
#8047 = SURFACE_SIDE_STYLE ('',( #814 ) ) ;
#8048 = PRESENTATION_STYLE_ASSIGNMENT (( #6725 ) ) ;
#8049 = CARTESIAN_POINT ( 'NONE',  ( -30.21411990792612201, 6.890113140623239651, 1.218800000000072270 ) ) ;
#8050 = SURFACE_SIDE_STYLE ('',( #2214 ) ) ;
#8051 = ADVANCED_FACE ( 'NONE', ( #3442 ), #6323, .T. ) ;
#8052 = CLOSED_SHELL ( 'NONE', ( #7803, #6412, #2569, #7065, #276, #6618, #8856, #6782, #452, #4251, #3910, #1173, #7792, #1467, #1358, #3798, #3132, #4699, #8622, #6289, #5517, #185, #7917, #675, #3316, #8733, #4074, #2899, #8375, #4999, #6461, #5579, #2926, #8826, #8780, #8038, #3737, #9203, #6666, #4769, #7339, #20, #5368, #1552, #1923, #3036, #2526, #7953, #5178, #2166, #4164, #2870, #741, #772, #5582, #4020, #4276, #7211, #5077, #5066, #6251, #8257, #2945, #6770, #3718, #3777, #2585, #3239, #4676, #9163, #2060, #8978, #3831, #8975, #5182, #8600, #4617, #5633, #8449, #4755, #8976, #1866, #7379, #4384, #3443, #4111, #4450, #9038, #193, #4562, #799, #4012, #5377, #1849, #4683, #5469, #8424, #6671, #6380, #8769, #7055, #6430, #253, #667, #3995, #1486, #4136, #8756, #5032, #2299, #3783, #8564 ) ) ;
#8053 = DIRECTION ( 'NONE',  ( 1.000000000000000000, 0.000000000000000000, 0.000000000000000000 ) ) ;
#8054 =( GEOMETRIC_REPRESENTATION_CONTEXT ( 3 ) GLOBAL_UNCERTAINTY_ASSIGNED_CONTEXT ( ( #533 ) ) GLOBAL_UNIT_ASSIGNED_CONTEXT ( ( #3883, #1084, #5566 ) ) REPRESENTATION_CONTEXT ( 'NONE', 'WORKASPACE' ) );
#8055 = SURFACE_STYLE_USAGE ( .BOTH. , #5222 ) ;
#8056 = DIRECTION ( 'NONE',  ( 0.000000000000000000, -1.000000000000000000, -1.047444401652940007E-14 ) ) ;
#8057 = EDGE_CURVE ( 'NONE', #3541, #3824, #3729, .T. ) ;
#8058 = PRESENTATION_LAYER_ASSIGNMENT (  '', '', ( #1659 ) ) ;
#8059 = LINE ( 'NONE', #3814, #8770 ) ;
#8060 = ORIENTED_EDGE ( 'NONE', *, *, #484, .F. ) ;
#8061 =( NAMED_UNIT ( * ) SI_UNIT ( $, .STERADIAN. ) SOLID_ANGLE_UNIT ( ) );
#8062 = COLOUR_RGB ( '',0.000000000000000000, 0.000000000000000000, 0.000000000000000000 ) ;
#8063 = LINE ( 'NONE', #4433, #2410 ) ;
#8064 = FACE_OUTER_BOUND ( 'NONE', #8873, .T. ) ;
#8065 = FILL_AREA_STYLE_COLOUR ( '', #8118 ) ;
#8066 = LINE ( 'NONE', #8907, #1888 ) ;
#8067 =( GEOMETRIC_REPRESENTATION_CONTEXT ( 3 ) GLOBAL_UNCERTAINTY_ASSIGNED_CONTEXT ( ( #820 ) ) GLOBAL_UNIT_ASSIGNED_CONTEXT ( ( #7351, #65, #8687 ) ) REPRESENTATION_CONTEXT ( 'NONE', 'WORKASPACE' ) );
#8068 = B_SPLINE_CURVE_WITH_KNOTS ( 'NONE', 3,
 ( #4635, #4155, #1000, #5349 ),
 .UNSPECIFIED., .F., .F.,
 ( 4, 4 ),
 ( 0.000000000000000000, 1.000000000000000000 ),
 .UNSPECIFIED. ) ;
#8069 = ORIENTED_EDGE ( 'NONE', *, *, #8444, .F. ) ;
#8070 = ORIENTED_EDGE ( 'NONE', *, *, #2754, .T. ) ;
#8071 = CARTESIAN_POINT ( 'NONE',  ( -33.37646990792612200, 7.512463140623350633, -9.372999999999919396 ) ) ;
#8072 = EDGE_CURVE ( 'NONE', #9172, #9195, #2225, .T. ) ;
#8073 = CARTESIAN_POINT ( 'NONE',  ( -34.06742597117768412, 7.048913140623040086, -3.530999999999925976 ) ) ;
#8074 =( GEOMETRIC_REPRESENTATION_CONTEXT ( 3 ) GLOBAL_UNCERTAINTY_ASSIGNED_CONTEXT ( ( #1062 ) ) GLOBAL_UNIT_ASSIGNED_CONTEXT ( ( #551, #6929, #9049 ) ) REPRESENTATION_CONTEXT ( 'NONE', 'WORKASPACE' ) );
#8075 =( NAMED_UNIT ( * ) PLANE_ANGLE_UNIT ( ) SI_UNIT ( $, .RADIAN. ) );
#8076 = UNCERTAINTY_MEASURE_WITH_UNIT (LENGTH_MEASURE( 1.000000000000000082E-05 ), #7941, 'distance_accuracy_value', 'NONE');
#8077 = CARTESIAN_POINT ( 'NONE',  ( -27.82731649811005781, -16.30398703403564653, -1.266000000000000014 ) ) ;
#8078 = LINE ( 'NONE', #1682, #7720 ) ;
#8079 = COLOUR_RGB ( '',0.000000000000000000, 0.5019607843137254832, 1.000000000000000000 ) ;
#8080 = LINE ( 'NONE', #6616, #3040 ) ;
#8081 = DIRECTION ( 'NONE',  ( 1.000000000000000000, 0.000000000000000000, 0.000000000000000000 ) ) ;
#8082 = ORIENTED_EDGE ( 'NONE', *, *, #556, .F. ) ;
#8083 = STYLED_ITEM ( 'NONE', ( #4808 ), #3798 ) ;
#8084 = ORIENTED_EDGE ( 'NONE', *, *, #1477, .T. ) ;
#8085 = ORIENTED_EDGE ( 'NONE', *, *, #7886, .T. ) ;
#8086 = LINE ( 'NONE', #5923, #5861 ) ;
#8087 = FACE_OUTER_BOUND ( 'NONE', #37, .T. ) ;
#8088 = CARTESIAN_POINT ( 'NONE',  ( -40.82734843295796168, -14.55917908500957481, 1.164798537475171258 ) ) ;
#8089 = DIRECTION ( 'NONE',  ( 1.000000000000000000, -0.000000000000000000, 0.000000000000000000 ) ) ;
#8090 = ADVANCED_FACE ( 'NONE', ( #5273 ), #2316, .T. ) ;
#8091 = FILL_AREA_STYLE ('',( #2389 ) ) ;
#8092 = ORIENTED_EDGE ( 'NONE', *, *, #3477, .F. ) ;
#8093 = CYLINDRICAL_SURFACE ( 'NONE', #2367, 1.800000000000002931 ) ;
#8094 = PLANE ( 'NONE',  #7732 ) ;
#8095 = CARTESIAN_POINT ( 'NONE',  ( -35.91646990792612115, 7.512463140623350633, -9.118999999999928718 ) ) ;
#8096 = PRODUCT_DEFINITION_FORMATION_WITH_SPECIFIED_SOURCE ( 'ANY', '', #3916, .NOT_KNOWN. ) ;
#8097 = CARTESIAN_POINT ( 'NONE',  ( -40.82734843295796168, -14.00398703403564227, 1.191331310114619679 ) ) ;
#8098 = PRESENTATION_STYLE_ASSIGNMENT (( #259 ) ) ;
#8099 = CARTESIAN_POINT ( 'NONE',  ( -35.60039062757600448, 7.206012965964358585, -0.2449999999999997735 ) ) ;
#8100 = CIRCLE ( 'NONE', #52, 0.5000000000000004441 ) ;
#8101 = DIRECTION ( 'NONE',  ( -1.000000000000000000, -0.000000000000000000, -0.000000000000000000 ) ) ;
#8102 = FILL_AREA_STYLE ('',( #2355 ) ) ;
#8103 = SURFACE_STYLE_USAGE ( .BOTH. , #1752 ) ;
#8104 = STYLED_ITEM ( 'NONE', ( #6734 ), #8090 ) ;
#8105 =( GEOMETRIC_REPRESENTATION_CONTEXT ( 3 ) GLOBAL_UNCERTAINTY_ASSIGNED_CONTEXT ( ( #7842 ) ) GLOBAL_UNIT_ASSIGNED_CONTEXT ( ( #3722, #5974, #2308 ) ) REPRESENTATION_CONTEXT ( 'NONE', 'WORKASPACE' ) );
#8106 = COLOUR_RGB ( '',1.000000000000000000, 1.000000000000000000, 1.000000000000000000 ) ;
#8107 = ADVANCED_FACE ( 'NONE', ( #6560 ), #7940, .F. ) ;
#8108 = CARTESIAN_POINT ( 'NONE',  ( -41.82731649811005781, -18.30398703403564653, -0.2449999999999997735 ) ) ;
#8109 = FACE_OUTER_BOUND ( 'NONE', #7731, .T. ) ;
#8110 = CARTESIAN_POINT ( 'NONE',  ( -35.54811990792612164, 7.258513140623236382, 1.472800000000075160 ) ) ;
#8111 = DIRECTION ( 'NONE',  ( 1.000000000000000000, 0.000000000000000000, 0.000000000000000000 ) ) ;
#8112 = AXIS2_PLACEMENT_3D ( 'NONE', #2916, #7279, #3095 ) ;
#8113 = DIRECTION ( 'NONE',  ( 0.000000000000000000, 0.000000000000000000, 1.000000000000000000 ) ) ;
#8114 = FILL_AREA_STYLE ('',( #3734 ) ) ;
#8115 = SURFACE_STYLE_FILL_AREA ( #1627 ) ;
#8116 = VERTEX_POINT ( 'NONE', #2409 ) ;
#8117 = ORIENTED_EDGE ( 'NONE', *, *, #1187, .F. ) ;
#8118 = COLOUR_RGB ( '',0.000000000000000000, 0.000000000000000000, 0.000000000000000000 ) ;
#8119 = ORIENTED_EDGE ( 'NONE', *, *, #3499, .T. ) ;
#8120 = CARTESIAN_POINT ( 'NONE',  ( -36.10039062757601158, 7.206012965964358585, -0.2449999999999997735 ) ) ;
#8121 = PLANE ( 'NONE',  #4432 ) ;
#8122 = LINE ( 'NONE', #3166, #3840 ) ;
#8123 = SURFACE_STYLE_USAGE ( .BOTH. , #2422 ) ;
#8124 = SURFACE_STYLE_USAGE ( .BOTH. , #54 ) ;
#8125 = DIRECTION ( 'NONE',  ( 0.000000000000000000, 0.000000000000000000, 1.000000000000000000 ) ) ;
#8126 = EDGE_CURVE ( 'NONE', #4061, #3380, #6694, .T. ) ;
#8127 = VERTEX_POINT ( 'NONE', #8110 ) ;
#8128 = EDGE_CURVE ( 'NONE', #641, #3802, #5889, .T. ) ;
#8129 = ORIENTED_EDGE ( 'NONE', *, *, #9219, .F. ) ;
#8130 = COLOUR_RGB ( '',0.000000000000000000, 0.000000000000000000, 0.000000000000000000 ) ;
#8131 = VERTEX_POINT ( 'NONE', #3909 ) ;
#8132 = SURFACE_STYLE_FILL_AREA ( #6055 ) ;
#8133 = CARTESIAN_POINT ( 'NONE',  ( -40.82733246553402040, -18.27407675507290463, -0.2449113037486425060 ) ) ;
#8134 = FACE_OUTER_BOUND ( 'NONE', #3503, .T. ) ;
#8135 = PRESENTATION_STYLE_ASSIGNMENT (( #5877 ) ) ;
#8136 = FILL_AREA_STYLE ('',( #1649 ) ) ;
#8137 = COLOUR_RGB ( '',1.000000000000000000, 0.5019607843137254832, 0.000000000000000000 ) ;
#8138 = UNCERTAINTY_MEASURE_WITH_UNIT (LENGTH_MEASURE( 1.000000000000000082E-05 ), #4219, 'distance_accuracy_value', 'NONE');
#8139 = ORIENTED_EDGE ( 'NONE', *, *, #7817, .F. ) ;
#8140 = CARTESIAN_POINT ( 'NONE',  ( -34.36071990792585495, 7.861713140623140639, -3.530999999999912209 ) ) ;
#8141 =( LENGTH_UNIT ( ) NAMED_UNIT ( * ) SI_UNIT ( .MILLI., .METRE. ) );
#8142 = PRESENTATION_LAYER_ASSIGNMENT (  '', '', ( #3225 ) ) ;
#8143 = CARTESIAN_POINT ( 'NONE',  ( -36.11331990792611890, 6.032913140623267445, -1.575199999999911782 ) ) ;
#8144 = AXIS2_PLACEMENT_3D ( 'NONE', #8355, #6296, #9120 ) ;
#8145 = DIRECTION ( 'NONE',  ( 0.000000000000000000, 1.000000000000000000, 0.000000000000000000 ) ) ;
#8146 = CARTESIAN_POINT ( 'NONE',  ( -28.82731649811007202, -18.25548052603022953, -0.09568576697269767783 ) ) ;
#8147 = DIRECTION ( 'NONE',  ( 0.000000000000000000, 0.000000000000000000, 1.000000000000000000 ) ) ;
#8148 =( NAMED_UNIT ( * ) PLANE_ANGLE_UNIT ( ) SI_UNIT ( $, .RADIAN. ) );
#8149 = CARTESIAN_POINT ( 'NONE',  ( -34.65401384467411816, 8.369713140623003866, -3.530999999999912209 ) ) ;
#8150 = DIRECTION ( 'NONE',  ( -1.000000000000000000, -0.000000000000000000, -0.000000000000000000 ) ) ;
#8151 = VECTOR ( 'NONE', #415, 1000.000000000000000 ) ;
#8152 = CARTESIAN_POINT ( 'NONE',  ( -45.88039062757600561, 7.056012965964359118, -0.2349999999999997369 ) ) ;
#8153 = COLOUR_RGB ( '',0.7529411764705882248, 0.7529411764705882248, 0.7529411764705882248 ) ;
#8154 = AXIS2_PLACEMENT_3D ( 'NONE', #9143, #5743, #7802 ) ;
#8155 = EDGE_CURVE ( 'NONE', #4878, #1884, #6026, .T. ) ;
#8156 = PRESENTATION_LAYER_ASSIGNMENT (  '', '', ( #3234 ) ) ;
#8157 = PRESENTATION_STYLE_ASSIGNMENT (( #5325 ) ) ;
#8158 = FACE_BOUND ( 'NONE', #8492, .T. ) ;
#8159 = PRESENTATION_LAYER_ASSIGNMENT (  '', '', ( #4267 ) ) ;
#8160 = CARTESIAN_POINT ( 'NONE',  ( -29.45851990792611730, 8.369713140623288083, -3.530999999999924199 ) ) ;
#8161 = VECTOR ( 'NONE', #7668, 1000.000000000000000 ) ;
#8162 = SURFACE_SIDE_STYLE ('',( #5329 ) ) ;
#8163 = B_SPLINE_SURFACE_WITH_KNOTS ( 'NONE', 1, 3, ( 
 ( #1891, #8945, #577, #8988 ),
 ( #3958, #6829, #4088, #6168 ) ),
 .UNSPECIFIED., .F., .F., .F.,
 ( 2, 2 ),
 ( 4, 4 ),
 ( 0.000000000000000000, 1.000000000000000000 ),
 ( 0.000000000000000000, 1.000000000000000000 ),
 .UNSPECIFIED. ) ;
#8164 = VECTOR ( 'NONE', #4033, 1000.000000000000000 ) ;
#8165 = CARTESIAN_POINT ( 'NONE',  ( -35.66251990792611792, 7.144113140623235658, 1.472800000000075382 ) ) ;
#8166 = VERTEX_POINT ( 'NONE', #5372 ) ;
#8167 = DIRECTION ( 'NONE',  ( 0.000000000000000000, -1.000000000000000000, -1.047444401652940007E-14 ) ) ;
#8168 = UNCERTAINTY_MEASURE_WITH_UNIT (LENGTH_MEASURE( 1.000000000000000082E-05 ), #508, 'distance_accuracy_value', 'NONE');
#8169 = VERTEX_POINT ( 'NONE', #7557 ) ;
#8170 = CARTESIAN_POINT ( 'NONE',  ( -45.82731649811005781, -9.423987034035642196, -1.245000000000000107 ) ) ;
#8171 = CARTESIAN_POINT ( 'NONE',  ( -37.83411990792612301, 6.890113140623237875, 1.218800000000072270 ) ) ;
#8172 = COLOUR_RGB ( '',1.000000000000000000, 0.5019607843137254832, 0.000000000000000000 ) ;
#8173 = LINE ( 'NONE', #3874, #7090 ) ;
#8174 = SURFACE_STYLE_FILL_AREA ( #3875 ) ;
#8175 = ORIENTED_EDGE ( 'NONE', *, *, #7860, .T. ) ;
#8176 = ORIENTED_EDGE ( 'NONE', *, *, #2786, .T. ) ;
#8177 = EDGE_CURVE ( 'NONE', #3170, #169, #8847, .T. ) ;
#8178 = MECHANICAL_DESIGN_GEOMETRIC_PRESENTATION_REPRESENTATION (  '', ( #4157 ), #8442 ) ;
#8179 = ORIENTED_EDGE ( 'NONE', *, *, #1590, .F. ) ;
#8180 =( NAMED_UNIT ( * ) PLANE_ANGLE_UNIT ( ) SI_UNIT ( $, .RADIAN. ) );
#8181 = ADVANCED_FACE ( 'NONE', ( #3151 ), #8989, .F. ) ;
#8182 = LINE ( 'NONE', #3841, #5989 ) ;
#8183 = CARTESIAN_POINT ( 'NONE',  ( 0.000000000000000000, 0.000000000000000000, 0.000000000000000000 ) ) ;
#8184 = CARTESIAN_POINT ( 'NONE',  ( -20.98039062757600703, 9.556012965964354677, -1.245000000000000107 ) ) ;
#8185 = EDGE_CURVE ( 'NONE', #6715, #3135, #1100, .T. ) ;
#8186 = EDGE_LOOP ( 'NONE', ( #1223, #795, #8304, #2240, #6886, #4163, #5236, #2241, #3493, #8436, #8082, #9141, #8539, #5196, #1820, #2039, #5585, #2287, #4591, #8060, #8864, #8129 ) ) ;
#8187 = DIRECTION ( 'NONE',  ( -1.000000000000000000, 0.000000000000000000, -0.000000000000000000 ) ) ;
#8188 = CARTESIAN_POINT ( 'NONE',  ( -39.82267328534919670, -18.13414632975169383, 0.8895037257659451635 ) ) ;
#8189 = DIRECTION ( 'NONE',  ( -0.000000000000000000, -0.000000000000000000, -1.000000000000000000 ) ) ;
#8190 = EDGE_CURVE ( 'NONE', #8451, #7562, #4613, .T. ) ;
#8191 = FILL_AREA_STYLE ('',( #5456 ) ) ;
#8192 =( NAMED_UNIT ( * ) SI_UNIT ( $, .STERADIAN. ) SOLID_ANGLE_UNIT ( ) );
#8193 = SURFACE_STYLE_FILL_AREA ( #378 ) ;
#8194 =( NAMED_UNIT ( * ) SI_UNIT ( $, .STERADIAN. ) SOLID_ANGLE_UNIT ( ) );
#8195 =( BOUNDED_CURVE ( )  B_SPLINE_CURVE ( 3, ( #8165, #4479, #5330, #2508 ),
 .UNSPECIFIED., .F., .F. ) 
 B_SPLINE_CURVE_WITH_KNOTS ( ( 4, 4 ),
 ( 1.570796326794896558, 3.141592653589782902 ),
 .UNSPECIFIED. ) 
 CURVE ( )  GEOMETRIC_REPRESENTATION_ITEM ( )  RATIONAL_B_SPLINE_CURVE ( ( 1.000000000000000000, 0.8047378541243672689, 0.8047378541243672689, 1.000000000000000000 ) ) 
 REPRESENTATION_ITEM ( '' )  );
#8196 = FILL_AREA_STYLE ('',( #6779 ) ) ;
#8197 = DIRECTION ( 'NONE',  ( -0.000000000000000000, -0.000000000000000000, -1.000000000000000000 ) ) ;
#8198 = SURFACE_SIDE_STYLE ('',( #1672 ) ) ;
#8199 = EDGE_CURVE ( 'NONE', #687, #6715, #5511, .T. ) ;
#8200 =( NAMED_UNIT ( * ) PLANE_ANGLE_UNIT ( ) SI_UNIT ( $, .RADIAN. ) );
#8201 = DIRECTION ( 'NONE',  ( -1.000000000000000000, -0.000000000000000000, 0.000000000000000000 ) ) ;
#8202 = EDGE_LOOP ( 'NONE', ( #7441, #3113, #8682, #1667 ) ) ;
#8203 =( GEOMETRIC_REPRESENTATION_CONTEXT ( 3 ) GLOBAL_UNCERTAINTY_ASSIGNED_CONTEXT ( ( #164 ) ) GLOBAL_UNIT_ASSIGNED_CONTEXT ( ( #2644, #4050, #7607 ) ) REPRESENTATION_CONTEXT ( 'NONE', 'WORKASPACE' ) );
#8204 = ORIENTED_EDGE ( 'NONE', *, *, #5171, .F. ) ;
#8205 = FACE_OUTER_BOUND ( 'NONE', #1987, .T. ) ;
#8206 = DIRECTION ( 'NONE',  ( 0.5000000000000197620, -0.8660254037844272723, 0.000000000000000000 ) ) ;
#8207 = CIRCLE ( 'NONE', #8959, 1.000000000000000888 ) ;
#8208 =( LENGTH_UNIT ( ) NAMED_UNIT ( * ) SI_UNIT ( .MILLI., .METRE. ) );
#8209 = SURFACE_STYLE_FILL_AREA ( #5431 ) ;
#8210 = AXIS2_PLACEMENT_3D ( 'NONE', #1878, #421, #5407 ) ;
#8211 = DIRECTION ( 'NONE',  ( 0.000000000000000000, 0.000000000000000000, 1.000000000000000000 ) ) ;
#8212 =( NAMED_UNIT ( * ) PLANE_ANGLE_UNIT ( ) SI_UNIT ( $, .RADIAN. ) );
#8213 = CARTESIAN_POINT ( 'NONE',  ( -21.08039062757600846, -14.00398703403564227, 1.205000000000000071 ) ) ;
#8214 = ORIENTED_EDGE ( 'NONE', *, *, #8888, .F. ) ;
#8215 = ORIENTED_EDGE ( 'NONE', *, *, #3496, .T. ) ;
#8216 =( GEOMETRIC_REPRESENTATION_CONTEXT ( 3 ) GLOBAL_UNCERTAINTY_ASSIGNED_CONTEXT ( ( #6977 ) ) GLOBAL_UNIT_ASSIGNED_CONTEXT ( ( #4517, #5227, #4428 ) ) REPRESENTATION_CONTEXT ( 'NONE', 'WORKASPACE' ) );
#8217 = ORIENTED_EDGE ( 'NONE', *, *, #3065, .F. ) ;
#8218 = ADVANCED_FACE ( 'NONE', ( #8946 ), #7603, .T. ) ;
#8219 = FACE_OUTER_BOUND ( 'NONE', #2804, .T. ) ;
#8220 = LINE ( 'NONE', #9096, #2073 ) ;
#8221 = PLANE ( 'NONE',  #8710 ) ;
#8222 = VECTOR ( 'NONE', #348, 1000.000000000000000 ) ;
#8223 = CARTESIAN_POINT ( 'NONE',  ( -35.29411990792612386, 6.890113140623252086, 1.218800000000072270 ) ) ;
#8224 = VECTOR ( 'NONE', #4475, 1000.000000000000000 ) ;
#8225 = LINE ( 'NONE', #1957, #8894 ) ;
#8226 = UNCERTAINTY_MEASURE_WITH_UNIT (LENGTH_MEASURE( 1.000000000000000082E-05 ), #6846, 'distance_accuracy_value', 'NONE');
#8227 = ORIENTED_EDGE ( 'NONE', *, *, #6241, .T. ) ;
#8228 = DIRECTION ( 'NONE',  ( -1.000000000000000000, -0.000000000000000000, -0.000000000000000000 ) ) ;
#8229 = DIRECTION ( 'NONE',  ( 0.000000000000000000, 0.000000000000000000, 1.000000000000000000 ) ) ;
#8230 = DIRECTION ( 'NONE',  ( 0.000000000000000000, 0.000000000000000000, -1.000000000000000000 ) ) ;
#8231 = DIRECTION ( 'NONE',  ( -0.8660254037844387076, -0.4999999999999998890, -5.237222008264700822E-15 ) ) ;
#8232 =( NAMED_UNIT ( * ) PLANE_ANGLE_UNIT ( ) SI_UNIT ( $, .RADIAN. ) );
#8233 = SURFACE_SIDE_STYLE ('',( #8193 ) ) ;
#8234 = LINE ( 'NONE', #1791, #994 ) ;
#8235 = ORIENTED_EDGE ( 'NONE', *, *, #8797, .T. ) ;
#8236 = CARTESIAN_POINT ( 'NONE',  ( -30.83651990792612452, 7.512513140623252816, 1.218800000000078931 ) ) ;
#8237 = EDGE_CURVE ( 'NONE', #8032, #6951, #3388, .T. ) ;
#8238 = VECTOR ( 'NONE', #4835, 1000.000000000000000 ) ;
#8239 =( LENGTH_UNIT ( ) NAMED_UNIT ( * ) SI_UNIT ( .MILLI., .METRE. ) );
#8240 = CIRCLE ( 'NONE', #5430, 1.000000000000000888 ) ;
#8241 =( LENGTH_UNIT ( ) NAMED_UNIT ( * ) SI_UNIT ( .MILLI., .METRE. ) );
#8242 = SURFACE_SIDE_STYLE ('',( #7560 ) ) ;
#8243 = STYLED_ITEM ( 'NONE', ( #1871 ), #6060 ) ;
#8244 = DIRECTION ( 'NONE',  ( -1.000000000000000000, 0.000000000000000000, 0.000000000000000000 ) ) ;
#8245 = VERTEX_POINT ( 'NONE', #3517 ) ;
#8246 = DIRECTION ( 'NONE',  ( 0.000000000000000000, -1.000000000000000000, -1.047444401652940007E-14 ) ) ;
#8247 = ORIENTED_EDGE ( 'NONE', *, *, #1575, .F. ) ;
#8248 = AXIS2_PLACEMENT_3D ( 'NONE', #3429, #7696, #4989 ) ;
#8249 = CIRCLE ( 'NONE', #8852, 1.800000000000002931 ) ;
#8250 = PLANE ( 'NONE',  #8154 ) ;
#8251 = DIRECTION ( 'NONE',  ( 0.000000000000000000, 0.000000000000000000, 1.000000000000000000 ) ) ;
#8252 = SURFACE_SIDE_STYLE ('',( #8209 ) ) ;
#8253 = PRESENTATION_STYLE_ASSIGNMENT (( #4625 ) ) ;
#8254 = PRESENTATION_LAYER_ASSIGNMENT (  '', '', ( #7825 ) ) ;
#8255 = ORIENTED_EDGE ( 'NONE', *, *, #5567, .F. ) ;
#8256 = ORIENTED_EDGE ( 'NONE', *, *, #6699, .T. ) ;
#8257 = ADVANCED_FACE ( 'NONE', ( #6407, #4278 ), #1974, .F. ) ;
#8258 =( NAMED_UNIT ( * ) SI_UNIT ( $, .STERADIAN. ) SOLID_ANGLE_UNIT ( ) );
#8259 = STYLED_ITEM ( 'NONE', ( #2278 ), #8752 ) ;
#8260 = STYLED_ITEM ( 'NONE', ( #3584 ), #4617 ) ;
#8261 = SURFACE_STYLE_FILL_AREA ( #5442 ) ;
#8262 = DIRECTION ( 'NONE',  ( -0.000000000000000000, -0.000000000000000000, -1.000000000000000000 ) ) ;
#8263 = APPLICATION_PROTOCOL_DEFINITION ( 'draft international standard', 'automotive_design', 1998, #5412 ) ;
#8264 = CARTESIAN_POINT ( 'NONE',  ( -33.37651990792611656, 7.512513140623267915, -1.575199999999920664 ) ) ;
#8265 = EDGE_CURVE ( 'NONE', #779, #9207, #2821, .T. ) ;
#8266 = MECHANICAL_DESIGN_GEOMETRIC_PRESENTATION_REPRESENTATION (  '', ( #2944 ), #1713 ) ;
#8267 = MECHANICAL_DESIGN_GEOMETRIC_PRESENTATION_REPRESENTATION (  '', ( #8565 ), #2606 ) ;
#8268 = ORIENTED_EDGE ( 'NONE', *, *, #5975, .T. ) ;
#8269 = FACE_OUTER_BOUND ( 'NONE', #2439, .T. ) ;
#8270 = CARTESIAN_POINT ( 'NONE',  ( -41.82731649811005781, -12.62398703403564149, 1.215000000000000080 ) ) ;
#8271 = FACE_OUTER_BOUND ( 'NONE', #6416, .T. ) ;
#8272 =( NAMED_UNIT ( * ) PLANE_ANGLE_UNIT ( ) SI_UNIT ( $, .RADIAN. ) );
#8273 = CARTESIAN_POINT ( 'NONE',  ( -40.82734843295796168, -17.97723040388900628, 0.2768188384184762096 ) ) ;
#8274 = DIRECTION ( 'NONE',  ( 0.000000000000000000, 0.000000000000000000, 1.000000000000000000 ) ) ;
#8275 = PRESENTATION_LAYER_ASSIGNMENT (  '', '', ( #8565 ) ) ;
#8276 = FACE_OUTER_BOUND ( 'NONE', #4319, .T. ) ;
#8277 = ORIENTED_EDGE ( 'NONE', *, *, #7124, .T. ) ;
#8278 = LINE ( 'NONE', #1749, #215 ) ;
#8279 =( NAMED_UNIT ( * ) PLANE_ANGLE_UNIT ( ) SI_UNIT ( $, .RADIAN. ) );
#8280 = ADVANCED_FACE ( 'NONE', ( #6447 ), #2680, .F. ) ;
#8281 = ORIENTED_EDGE ( 'NONE', *, *, #7204, .F. ) ;
#8282 = ADVANCED_FACE ( 'NONE', ( #4844 ), #1280, .T. ) ;
#8283 = PLANE ( 'NONE',  #8589 ) ;
#8284 = DIRECTION ( 'NONE',  ( 0.000000000000000000, 0.000000000000000000, -1.000000000000000000 ) ) ;
#8285 = EDGE_CURVE ( 'NONE', #7263, #6982, #3614, .T. ) ;
#8286 = UNCERTAINTY_MEASURE_WITH_UNIT (LENGTH_MEASURE( 1.000000000000000082E-05 ), #842, 'distance_accuracy_value', 'NONE');
#8287 = EDGE_CURVE ( 'NONE', #7958, #8437, #3717, .T. ) ;
#8288 = VECTOR ( 'NONE', #6347, 1000.000000000000000 ) ;
#8289 = VECTOR ( 'NONE', #3110, 1000.000000000000000 ) ;
#8290 = SURFACE_STYLE_FILL_AREA ( #5327 ) ;
#8291 = PRESENTATION_LAYER_ASSIGNMENT (  '', '', ( #2326 ) ) ;
#8292 =( LENGTH_UNIT ( ) NAMED_UNIT ( * ) SI_UNIT ( .MILLI., .METRE. ) );
#8293 = ORIENTED_EDGE ( 'NONE', *, *, #7435, .T. ) ;
#8294 = FILL_AREA_STYLE_COLOUR ( '', #3545 ) ;
#8295 = VECTOR ( 'NONE', #6577, 1000.000000000000000 ) ;
#8296 = ORIENTED_EDGE ( 'NONE', *, *, #7445, .T. ) ;
#8297 = COLOUR_RGB ( '',0.000000000000000000, 0.000000000000000000, 0.000000000000000000 ) ;
#8298 = CARTESIAN_POINT ( 'NONE',  ( -39.21211990792613022, 8.369713140623263214, -1.244999999999917950 ) ) ;
#8299 = AXIS2_PLACEMENT_3D ( 'NONE', #4412, #2256, #207 ) ;
#8300 = DIRECTION ( 'NONE',  ( 0.000000000000000000, -1.000000000000000000, -1.047444401652940007E-14 ) ) ;
#8301 = CARTESIAN_POINT ( 'NONE',  ( -28.82731649811005425, -14.00398703434601444, 1.194547131130967221 ) ) ;
#8302 = CARTESIAN_POINT ( 'NONE',  ( -39.21211990792613022, 7.258513140623238158, 1.218800000000076711 ) ) ;
#8303 = DIRECTION ( 'NONE',  ( 1.000000000000000000, 0.000000000000000000, 0.000000000000000000 ) ) ;
#8304 = ORIENTED_EDGE ( 'NONE', *, *, #4600, .F. ) ;
#8305 = ORIENTED_EDGE ( 'NONE', *, *, #3020, .F. ) ;
#8306 = SURFACE_STYLE_USAGE ( .BOTH. , #2613 ) ;
#8307 = FACE_OUTER_BOUND ( 'NONE', #3123, .T. ) ;
#8308 = CARTESIAN_POINT ( 'NONE',  ( -35.60039062757600448, 7.206012965964358585, -1.266000000000000014 ) ) ;
#8309 = CARTESIAN_POINT ( 'NONE',  ( -33.12251990792611878, 7.144113140623235658, 1.472800000000075604 ) ) ;
#8310 = CARTESIAN_POINT ( 'NONE',  ( -35.29416990792612552, 6.890163140623317695, -3.530999999999928196 ) ) ;
#8311 = EDGE_CURVE ( 'NONE', #5658, #5514, #8748, .T. ) ;
#8312 = ORIENTED_EDGE ( 'NONE', *, *, #5660, .F. ) ;
#8313 = COLOUR_RGB ( '',0.000000000000000000, 0.000000000000000000, 0.000000000000000000 ) ;
#8314 = VERTEX_POINT ( 'NONE', #760 ) ;
#8315 = FACE_OUTER_BOUND ( 'NONE', #5968, .T. ) ;
#8316 = FACE_OUTER_BOUND ( 'NONE', #9238, .T. ) ;
#8317 = CARTESIAN_POINT ( 'NONE',  ( -28.82731649811005425, -14.00398703434601444, 1.194547131130967221 ) ) ;
#8318 = FILL_AREA_STYLE_COLOUR ( '', #1402 ) ;
#8319 = CARTESIAN_POINT ( 'NONE',  ( -30.21411990792612556, 7.512513140623235053, 1.472800000000079601 ) ) ;
#8320 = PLANE ( 'NONE',  #240 ) ;
#8321 = CARTESIAN_POINT ( 'NONE',  ( -29.45851990792611730, 8.369713140623288083, -3.530999999999912209 ) ) ;
#8322 = LINE ( 'NONE', #4788, #4646 ) ;
#8323 = B_SPLINE_CURVE_WITH_KNOTS ( 'NONE', 3,
 ( #2608, #4766, #2797, #4811, #1202, #8388, #1999, #8480, #8435, #2080 ),
 .UNSPECIFIED., .F., .F.,
 ( 4, 2, 2, 2, 4 ),
 ( 3.252606517456513302E-19, 0.0003086963905489647098, 0.0006173927810979290944, 0.001234785562195857972, 0.002469571124391715510 ),
 .UNSPECIFIED. ) ;
#8324 = ORIENTED_EDGE ( 'NONE', *, *, #8373, .T. ) ;
#8325 = CARTESIAN_POINT ( 'NONE',  ( -33.37646990792612200, 7.512463140623350633, -3.530999999999921535 ) ) ;
#8326 =( LENGTH_UNIT ( ) NAMED_UNIT ( * ) SI_UNIT ( .MILLI., .METRE. ) );
#8327 = SURFACE_STYLE_USAGE ( .BOTH. , #7652 ) ;
#8328 = FILL_AREA_STYLE ('',( #8990 ) ) ;
#8329 =( NAMED_UNIT ( * ) PLANE_ANGLE_UNIT ( ) SI_UNIT ( $, .RADIAN. ) );
#8330 = EDGE_CURVE ( 'NONE', #1856, #3412, #3051, .T. ) ;
#8331 = CARTESIAN_POINT ( 'NONE',  ( -38.65331990792612515, 6.032913140623267445, -1.575199999999936429 ) ) ;
#8332 = VERTEX_POINT ( 'NONE', #6545 ) ;
#8333 = DIRECTION ( 'NONE',  ( 0.000000000000000000, 1.047444401652940007E-14, -1.000000000000000000 ) ) ;
#8334 = EDGE_LOOP ( 'NONE', ( #7822, #3561, #3700, #5025 ) ) ;
#8335 = LINE ( 'NONE', #5611, #7333 ) ;
#8336 =( NAMED_UNIT ( * ) SI_UNIT ( $, .STERADIAN. ) SOLID_ANGLE_UNIT ( ) );
#8337 =( NAMED_UNIT ( * ) PLANE_ANGLE_UNIT ( ) SI_UNIT ( $, .RADIAN. ) );
#8338 = DIRECTION ( 'NONE',  ( 0.000000000000000000, -1.047444401652940007E-14, 1.000000000000000000 ) ) ;
#8339 =( NAMED_UNIT ( * ) SI_UNIT ( $, .STERADIAN. ) SOLID_ANGLE_UNIT ( ) );
#8340 = LINE ( 'NONE', #6376, #5095 ) ;
#8341 = MECHANICAL_DESIGN_GEOMETRIC_PRESENTATION_REPRESENTATION (  '', ( #3126 ), #1492 ) ;
#8342 = VERTEX_POINT ( 'NONE', #5835 ) ;
#8343 = ORIENTED_EDGE ( 'NONE', *, *, #3405, .F. ) ;
#8344 = ADVANCED_FACE ( 'NONE', ( #1657 ), #212, .F. ) ;
#8345 = FILL_AREA_STYLE ('',( #453 ) ) ;
#8346 = VECTOR ( 'NONE', #3163, 1000.000000000000114 ) ;
#8347 = CARTESIAN_POINT ( 'NONE',  ( -37.83411990792612301, 7.512513140623252816, -1.575199999999920664 ) ) ;
#8348 = FILL_AREA_STYLE ('',( #5528 ) ) ;
#8349 = CARTESIAN_POINT ( 'NONE',  ( -30.21411990792612556, 7.512513140623235053, -1.575199999999920664 ) ) ;
#8350 = PRESENTATION_LAYER_ASSIGNMENT (  '', '', ( #2828 ) ) ;
#8351 = ORIENTED_EDGE ( 'NONE', *, *, #7995, .F. ) ;
#8352 = ORIENTED_EDGE ( 'NONE', *, *, #3513, .T. ) ;
#8353 = ORIENTED_EDGE ( 'NONE', *, *, #5449, .F. ) ;
#8354 = FACE_OUTER_BOUND ( 'NONE', #944, .T. ) ;
#8355 = CARTESIAN_POINT ( 'NONE',  ( -45.11039062757600249, 3.166012965964347003, 1.265000000000000124 ) ) ;
#8356 = CARTESIAN_POINT ( 'NONE',  ( -32.75416990792612637, 6.890163140623317695, -3.530999999999928196 ) ) ;
#8357 = EDGE_CURVE ( 'NONE', #3135, #6479, #957, .T. ) ;
#8358 = FILL_AREA_STYLE ('',( #4265 ) ) ;
#8359 = CYLINDRICAL_SURFACE ( 'NONE', #781, 1.000000000000000888 ) ;
#8360 = ORIENTED_EDGE ( 'NONE', *, *, #157, .T. ) ;
#8361 = DIRECTION ( 'NONE',  ( -0.000000000000000000, -0.000000000000000000, -1.000000000000000000 ) ) ;
#8362 = PRESENTATION_LAYER_ASSIGNMENT (  '', '', ( #3600 ) ) ;
#8363 = VERTEX_POINT ( 'NONE', #5266 ) ;
#8364 = CARTESIAN_POINT ( 'NONE',  ( -31.82071990792610805, 6.540913140622675925, -3.530999999999935302 ) ) ;
#8365 = ADVANCED_FACE ( 'NONE', ( #5787 ), #159, .F. ) ;
#8366 = SURFACE_STYLE_FILL_AREA ( #8554 ) ;
#8367 = DIRECTION ( 'NONE',  ( -0.000000000000000000, -0.000000000000000000, -1.000000000000000000 ) ) ;
#8368 = UNCERTAINTY_MEASURE_WITH_UNIT (LENGTH_MEASURE( 1.000000000000000082E-05 ), #414, 'distance_accuracy_value', 'NONE');
#8369 = DIRECTION ( 'NONE',  ( 0.5000000000000197620, 0.8660254037844272723, 0.000000000000000000 ) ) ;
#8370 = FILL_AREA_STYLE_COLOUR ( '', #8079 ) ;
#8371 = PRESENTATION_STYLE_ASSIGNMENT (( #8906 ) ) ;
#8372 = CARTESIAN_POINT ( 'NONE',  ( -23.78039062757601130, -16.50398703403563871, -0.2349999999999997369 ) ) ;
#8373 = EDGE_CURVE ( 'NONE', #7735, #5563, #5080, .T. ) ;
#8374 = VERTEX_POINT ( 'NONE', #5360 ) ;
#8375 = ADVANCED_FACE ( 'NONE', ( #8890 ), #2494, .F. ) ;
#8376 = DIRECTION ( 'NONE',  ( 1.000000000000000000, 1.299418334065024133E-16, -0.000000000000000000 ) ) ;
#8377 = VERTEX_POINT ( 'NONE', #1134 ) ;
#8378 = ORIENTED_EDGE ( 'NONE', *, *, #2802, .T. ) ;
#8379 =( NAMED_UNIT ( * ) PLANE_ANGLE_UNIT ( ) SI_UNIT ( $, .RADIAN. ) );
#8380 = CARTESIAN_POINT ( 'NONE',  ( -30.83651990792612452, 7.512513140623235941, 1.367589755157313514 ) ) ;
#8381 = STYLED_ITEM ( 'NONE', ( #8135 ), #9203 ) ;
#8382 = AXIS2_PLACEMENT_3D ( 'NONE', #1790, #5410, #9024 ) ;
#8383 = PRESENTATION_STYLE_ASSIGNMENT (( #6280 ) ) ;
#8384 = DIRECTION ( 'NONE',  ( 0.000000000000000000, 0.000000000000000000, 1.000000000000000000 ) ) ;
#8385 =( NAMED_UNIT ( * ) PLANE_ANGLE_UNIT ( ) SI_UNIT ( $, .RADIAN. ) );
#8386 =( LENGTH_UNIT ( ) NAMED_UNIT ( * ) SI_UNIT ( .MILLI., .METRE. ) );
#8387 = VECTOR ( 'NONE', #7636, 1000.000000000000000 ) ;
#8388 = CARTESIAN_POINT ( 'NONE',  ( -28.82731649811006136, -17.89567592258572404, -0.9547890766329637513 ) ) ;
#8389 = ORIENTED_EDGE ( 'NONE', *, *, #4801, .T. ) ;
#8390 = ORIENTED_EDGE ( 'NONE', *, *, #8177, .T. ) ;
#8391 = AXIS2_PLACEMENT_3D ( 'NONE', #5804, #5138, #2362 ) ;
#8392 = VECTOR ( 'NONE', #4991, 1000.000000000000000 ) ;
#8393 = VECTOR ( 'NONE', #1634, 1000.000000000000000 ) ;
#8394 = DIRECTION ( 'NONE',  ( 0.000000000000000000, 1.000000000000000000, 1.047444401652940007E-14 ) ) ;
#8395 = AXIS2_PLACEMENT_3D ( 'NONE', #387, #3289, #1756 ) ;
#8396 = EDGE_CURVE ( 'NONE', #837, #5658, #4203, .T. ) ;
#8397 = AXIS2_PLACEMENT_3D ( 'NONE', #3765, #6592, #2398 ) ;
#8398 = VECTOR ( 'NONE', #1454, 1000.000000000000000 ) ;
#8399 = EDGE_CURVE ( 'NONE', #6104, #1909, #1555, .T. ) ;
#8400 = SURFACE_SIDE_STYLE ('',( #53 ) ) ;
#8401 = AXIS2_PLACEMENT_3D ( 'NONE', #7012, #2641, #7512 ) ;
#8402 = ORIENTED_EDGE ( 'NONE', *, *, #6763, .T. ) ;
#8403 = UNCERTAINTY_MEASURE_WITH_UNIT (LENGTH_MEASURE( 1.000000000000000082E-05 ), #5030, 'distance_accuracy_value', 'NONE');
#8404 = EDGE_LOOP ( 'NONE', ( #4238, #8235, #1251, #2014 ) ) ;
#8405 = STYLED_ITEM ( 'NONE', ( #4315 ), #8622 ) ;
#8406 = ORIENTED_EDGE ( 'NONE', *, *, #5052, .T. ) ;
#8407 = CARTESIAN_POINT ( 'NONE',  ( -33.37651990792611656, 6.890113140623267185, -1.575199999999927547 ) ) ;
#8408 = PLANE ( 'NONE',  #8009 ) ;
#8409 = FILL_AREA_STYLE_COLOUR ( '', #4894 ) ;
#8410 = CYLINDRICAL_SURFACE ( 'NONE', #5553, 0.2540000000000007807 ) ;
#8411 = CARTESIAN_POINT ( 'NONE',  ( -36.90071990792635859, 6.540913140623169753, -3.530999999999933969 ) ) ;
#8412 = FILL_AREA_STYLE ('',( #5775 ) ) ;
#8413 = MECHANICAL_DESIGN_GEOMETRIC_PRESENTATION_REPRESENTATION (  '', ( #5011 ), #5608 ) ;
#8414 = FILL_AREA_STYLE ('',( #6578 ) ) ;
#8415 = VERTEX_POINT ( 'NONE', #2579 ) ;
#8416 = B_SPLINE_CURVE_WITH_KNOTS ( 'NONE', 3,
 ( #8133, #6901, #8778, #3982, #1085, #1822, #6858, #3933 ),
 .UNSPECIFIED., .F., .F.,
 ( 4, 2, 2, 4 ),
 ( 0.000000000000000000, 0.2500000000000000000, 0.5000000000000000000, 1.000000000000000000 ),
 .UNSPECIFIED. ) ;
#8417 = FILL_AREA_STYLE_COLOUR ( '', #5235 ) ;
#8418 = STYLED_ITEM ( 'NONE', ( #5382 ), #8826 ) ;
#8419 = PRESENTATION_STYLE_ASSIGNMENT (( #2017 ) ) ;
#8420 = CARTESIAN_POINT ( 'NONE',  ( -29.91372396090934416, -14.00398703403564227, 0.7150000000000003020 ) ) ;
#8421 = CARTESIAN_POINT ( 'NONE',  ( -47.08039062757600846, -9.643987034035646388, 1.255000000000000115 ) ) ;
#8422 = DIRECTION ( 'NONE',  ( 0.8660254037844388186, -0.4999999999999997780, -5.237222008264697666E-15 ) ) ;
#8423 = MECHANICAL_DESIGN_GEOMETRIC_PRESENTATION_REPRESENTATION (  '', ( #2618 ), #2173 ) ;
#8424 = ADVANCED_FACE ( 'NONE', ( #3279 ), #3141, .T. ) ;
#8425 = VERTEX_POINT ( 'NONE', #7499 ) ;
#8426 = EDGE_LOOP ( 'NONE', ( #2864, #1136, #2755, #5102 ) ) ;
#8427 = VERTEX_POINT ( 'NONE', #2444 ) ;
#8428 =( BOUNDED_CURVE ( )  B_SPLINE_CURVE ( 3, ( #3662, #8011, #962, #2967 ),
 .UNSPECIFIED., .F., .F. ) 
 B_SPLINE_CURVE_WITH_KNOTS ( ( 4, 4 ),
 ( -3.552713678800500929E-15, 1.570796326794898334 ),
 .UNSPECIFIED. ) 
 CURVE ( )  GEOMETRIC_REPRESENTATION_ITEM ( )  RATIONAL_B_SPLINE_CURVE ( ( 1.000000000000000000, 0.8047378541243637162, 0.8047378541243637162, 1.000000000000000000 ) ) 
 REPRESENTATION_ITEM ( '' )  );
#8429 = CARTESIAN_POINT ( 'NONE',  ( -45.88039062757600561, 7.056012965964359118, -0.2449999999999997735 ) ) ;
#8430 = CARTESIAN_POINT ( 'NONE',  ( -30.58251990792611963, 7.258513140623235493, 1.472800000000076714 ) ) ;
#8431 = CARTESIAN_POINT ( 'NONE',  ( -35.09731990792612066, 6.032913140623263892, -1.244999999999936158 ) ) ;
#8432 = UNCERTAINTY_MEASURE_WITH_UNIT (LENGTH_MEASURE( 1.000000000000000082E-05 ), #337, 'distance_accuracy_value', 'NONE');
#8433 = DIRECTION ( 'NONE',  ( 0.000000000000000000, -0.000000000000000000, 1.000000000000000000 ) ) ;
#8434 = FACE_OUTER_BOUND ( 'NONE', #8000, .T. ) ;
#8435 = CARTESIAN_POINT ( 'NONE',  ( -28.82731649811006136, -16.56462454409308904, -1.259197900737540454 ) ) ;
#8436 = ORIENTED_EDGE ( 'NONE', *, *, #3205, .F. ) ;
#8437 = VERTEX_POINT ( 'NONE', #8411 ) ;
#8438 = VECTOR ( 'NONE', #2435, 1000.000000000000000 ) ;
#8439 =( GEOMETRIC_REPRESENTATION_CONTEXT ( 3 ) GLOBAL_UNCERTAINTY_ASSIGNED_CONTEXT ( ( #9200 ) ) GLOBAL_UNIT_ASSIGNED_CONTEXT ( ( #1489, #7298, #883 ) ) REPRESENTATION_CONTEXT ( 'NONE', 'WORKASPACE' ) );
#8440 = PRESENTATION_LAYER_ASSIGNMENT (  '', '', ( #6992 ) ) ;
#8441 = CARTESIAN_POINT ( 'NONE',  ( -39.21211990792613022, 7.201313140623287978, -3.530999999999924199 ) ) ;
#8442 =( GEOMETRIC_REPRESENTATION_CONTEXT ( 3 ) GLOBAL_UNCERTAINTY_ASSIGNED_CONTEXT ( ( #3486 ) ) GLOBAL_UNIT_ASSIGNED_CONTEXT ( ( #2676, #6166, #8985 ) ) REPRESENTATION_CONTEXT ( 'NONE', 'WORKASPACE' ) );
#8443 = SURFACE_STYLE_FILL_AREA ( #3454 ) ;
#8444 = EDGE_CURVE ( 'NONE', #9195, #8639, #6343, .T. ) ;
#8445 = CARTESIAN_POINT ( 'NONE',  ( -34.33039062757600846, -11.62398703403563793, 1.205000000000000071 ) ) ;
#8446 = COLOUR_RGB ( '',0.6470588235294117974, 0.6196078431372549211, 0.5882352941176470784 ) ;
#8447 = ORIENTED_EDGE ( 'NONE', *, *, #3020, .T. ) ;
#8448 = VECTOR ( 'NONE', #2042, 1000.000000000000000 ) ;
#8449 = ADVANCED_FACE ( 'NONE', ( #9177 ), #6438, .T. ) ;
#8450 = ORIENTED_EDGE ( 'NONE', *, *, #1838, .T. ) ;
#8451 = VERTEX_POINT ( 'NONE', #7039 ) ;
#8452 = LINE ( 'NONE', #4779, #3175 ) ;
#8453 = EDGE_CURVE ( 'NONE', #8425, #5906, #1364, .T. ) ;
#8454 = CARTESIAN_POINT ( 'NONE',  ( -35.54811990792612164, 7.201313140623236464, 1.472800000000073606 ) ) ;
#8455 = FILL_AREA_STYLE_COLOUR ( '', #5855 ) ;
#8456 = CARTESIAN_POINT ( 'NONE',  ( -38.35125966308335421, 6.995373385466120197, -9.372999999999922949 ) ) ;
#8457 = DIRECTION ( 'NONE',  ( 1.000000000000000000, 0.000000000000000000, 0.000000000000000000 ) ) ;
#8458 = CIRCLE ( 'NONE', #7741, 1.799999999999999600 ) ;
#8459 = CARTESIAN_POINT ( 'NONE',  ( -45.88039062757600561, -18.30398703403564298, -1.245000000000000107 ) ) ;
#8460 = EDGE_CURVE ( 'NONE', #2875, #5495, #2719, .T. ) ;
#8461 = ORIENTED_EDGE ( 'NONE', *, *, #3306, .F. ) ;
#8462 = EDGE_CURVE ( 'NONE', #8374, #321, #4681, .T. ) ;
#8463 = STYLED_ITEM ( 'NONE', ( #7897 ), #2704 ) ;
#8464 = SURFACE_SIDE_STYLE ('',( #7788 ) ) ;
#8465 = SURFACE_STYLE_USAGE ( .BOTH. , #5732 ) ;
#8466 = SURFACE_SIDE_STYLE ('',( #9230 ) ) ;
#8467 = UNCERTAINTY_MEASURE_WITH_UNIT (LENGTH_MEASURE( 1.000000000000000082E-05 ), #3950, 'distance_accuracy_value', 'NONE');
#8468 = SURFACE_STYLE_FILL_AREA ( #9233 ) ;
#8469 = DIRECTION ( 'NONE',  ( 0.000000000000000000, 0.000000000000000000, 1.000000000000000000 ) ) ;
#8470 = DIRECTION ( 'NONE',  ( -0.000000000000000000, -0.000000000000000000, -1.000000000000000000 ) ) ;
#8471 = VECTOR ( 'NONE', #8187, 1000.000000000000000 ) ;
#8472 = CARTESIAN_POINT ( 'NONE',  ( -40.82731649811005781, -18.25679195885846795, -0.4738175444318649121 ) ) ;
#8473 = ORIENTED_EDGE ( 'NONE', *, *, #2434, .T. ) ;
#8474 = ORIENTED_EDGE ( 'NONE', *, *, #3929, .T. ) ;
#8475 = ADVANCED_FACE ( 'NONE', ( #2860 ), #517, .T. ) ;
#8476 = CARTESIAN_POINT ( 'NONE',  ( -33.37651990792611656, 6.890113140623235211, 1.472800000000072718 ) ) ;
#8477 = CARTESIAN_POINT ( 'NONE',  ( -45.82731649811005781, -3.003987034035643600, -1.245000000000000107 ) ) ;
#8478 = CARTESIAN_POINT ( 'NONE',  ( -40.82731649811006491, -18.25679195885846795, -0.4738175444318649121 ) ) ;
#8479 = DIRECTION ( 'NONE',  ( 1.000000000000000000, 0.000000000000000000, 0.000000000000000000 ) ) ;
#8480 = CARTESIAN_POINT ( 'NONE',  ( -28.82731649811006136, -17.05636897394360219, -1.250249856270432947 ) ) ;
#8481 = ORIENTED_EDGE ( 'NONE', *, *, #6598, .F. ) ;
#8482 = VERTEX_POINT ( 'NONE', #7000 ) ;
#8483 = COLOUR_RGB ( '',0.000000000000000000, 0.000000000000000000, 0.000000000000000000 ) ;
#8484 = FILL_AREA_STYLE_COLOUR ( '', #6995 ) ;
#8485 = CARTESIAN_POINT ( 'NONE',  ( -36.60742597117811670, 6.032913140623324288, -3.530999999999936634 ) ) ;
#8486 = CLOSED_SHELL ( 'NONE', ( #8475, #4995, #1899, #1677, #3847, #798 ) ) ;
#8487 = LINE ( 'NONE', #2143, #1388 ) ;
#8488 = VECTOR ( 'NONE', #2459, 1000.000000000000000 ) ;
#8489 = ORIENTED_EDGE ( 'NONE', *, *, #5086, .T. ) ;
#8490 = ORIENTED_EDGE ( 'NONE', *, *, #852, .T. ) ;
#8491 = EDGE_CURVE ( 'NONE', #271, #6467, #3196, .T. ) ;
#8492 = EDGE_LOOP ( 'NONE', ( #46, #3091 ) ) ;
#8493 = ORIENTED_EDGE ( 'NONE', *, *, #6976, .F. ) ;
#8494 = PLANE ( 'NONE',  #7721 ) ;
#8495 = CARTESIAN_POINT ( 'NONE',  ( -39.21211990792613022, 7.258513140623238158, 1.218800000000076711 ) ) ;
#8496 = FILL_AREA_STYLE ('',( #8455 ) ) ;
#8497 = CARTESIAN_POINT ( 'NONE',  ( -22.78039062757601130, 7.056012965964359118, -1.264999999999999902 ) ) ;
#8498 = VECTOR ( 'NONE', #8819, 1000.000000000000000 ) ;
#8499 = CYLINDRICAL_SURFACE ( 'NONE', #3930, 0.5000000000000004441 ) ;
#8500 = SURFACE_STYLE_FILL_AREA ( #9072 ) ;
#8501 = FILL_AREA_STYLE_COLOUR ( '', #2617 ) ;
#8502 = CARTESIAN_POINT ( 'NONE',  ( -34.36071990792594022, 6.540913140623145772, -1.244999999999931051 ) ) ;
#8503 = EDGE_LOOP ( 'NONE', ( #6895, #8277, #2408, #91 ) ) ;
#8504 = ORIENTED_EDGE ( 'NONE', *, *, #9055, .T. ) ;
#8505 = STYLED_ITEM ( 'NONE', ( #9196 ), #3710 ) ;
#8506 = DIRECTION ( 'NONE',  ( -2.478176394252582127E-16, -1.000000000000000000, 0.000000000000000000 ) ) ;
#8507 = SURFACE_SIDE_STYLE ('',( #8366 ) ) ;
#8508 = FILL_AREA_STYLE_COLOUR ( '', #6372 ) ;
#8509 = FILL_AREA_STYLE ('',( #6359 ) ) ;
#8510 = EDGE_CURVE ( 'NONE', #1053, #7819, #4266, .T. ) ;
#8511 = ADVANCED_BREP_SHAPE_REPRESENTATION ( 'User Library-128x64I2COLEDDisplayAdafruit', ( #6790, #593, #3710, #6760, #7077 ), #5428 ) ;
#8512 = CARTESIAN_POINT ( 'NONE',  ( -33.06039062757600533, 7.206012965964358585, -0.2449999999999997735 ) ) ;
#8513 = DIRECTION ( 'NONE',  ( -0.000000000000000000, -0.000000000000000000, 1.000000000000000000 ) ) ;
#8514 = SURFACE_STYLE_FILL_AREA ( #8566 ) ;
#8515 = ORIENTED_EDGE ( 'NONE', *, *, #3405, .T. ) ;
#8516 = VERTEX_POINT ( 'NONE', #3557 ) ;
#8517 =( NAMED_UNIT ( * ) PLANE_ANGLE_UNIT ( ) SI_UNIT ( $, .RADIAN. ) );
#8518 = FACE_OUTER_BOUND ( 'NONE', #6390, .T. ) ;
#8519 =( NAMED_UNIT ( * ) SI_UNIT ( $, .STERADIAN. ) SOLID_ANGLE_UNIT ( ) );
#8520 = LINE ( 'NONE', #9150, #5111 ) ;
#8521 = CARTESIAN_POINT ( 'NONE',  ( -28.82731649811005781, -17.89028266360343267, -0.9463040803828748349 ) ) ;
#8522 = SURFACE_STYLE_USAGE ( .BOTH. , #8575 ) ;
#8523 = FACE_OUTER_BOUND ( 'NONE', #4197, .T. ) ;
#8524 = ORIENTED_EDGE ( 'NONE', *, *, #3607, .F. ) ;
#8525 = EDGE_LOOP ( 'NONE', ( #1081, #654, #4608, #8822, #102, #3573, #8069, #2001 ) ) ;
#8526 =( GEOMETRIC_REPRESENTATION_CONTEXT ( 3 ) GLOBAL_UNCERTAINTY_ASSIGNED_CONTEXT ( ( #4876 ) ) GLOBAL_UNIT_ASSIGNED_CONTEXT ( ( #6483, #8738, #1648 ) ) REPRESENTATION_CONTEXT ( 'NONE', 'WORKASPACE' ) );
#8527 =( NAMED_UNIT ( * ) PLANE_ANGLE_UNIT ( ) SI_UNIT ( $, .RADIAN. ) );
#8528 = DIRECTION ( 'NONE',  ( 0.000000000000000000, 1.000000000000000000, 1.047444401652940007E-14 ) ) ;
#8529 = UNCERTAINTY_MEASURE_WITH_UNIT (LENGTH_MEASURE( 1.000000000000000082E-05 ), #5422, 'distance_accuracy_value', 'NONE');
#8530 =( NAMED_UNIT ( * ) SI_UNIT ( $, .STERADIAN. ) SOLID_ANGLE_UNIT ( ) );
#8531 = DIRECTION ( 'NONE',  ( 0.4999999999999999445, -0.8660254037844385966, 0.000000000000000000 ) ) ;
#8532 = VECTOR ( 'NONE', #5981, 1000.000000000000000 ) ;
#8533 = STYLED_ITEM ( 'NONE', ( #763 ), #4136 ) ;
#8534 = VERTEX_POINT ( 'NONE', #5719 ) ;
#8535 = EDGE_LOOP ( 'NONE', ( #8214, #4400, #2674, #1042 ) ) ;
#8536 = CIRCLE ( 'NONE', #8843, 1.000000000000000888 ) ;
#8537 = EDGE_CURVE ( 'NONE', #2567, #9061, #1920, .T. ) ;
#8538 = ORIENTED_EDGE ( 'NONE', *, *, #465, .T. ) ;
#8539 = ORIENTED_EDGE ( 'NONE', *, *, #2940, .F. ) ;
#8540 =( LENGTH_UNIT ( ) NAMED_UNIT ( * ) SI_UNIT ( .MILLI., .METRE. ) );
#8541 = FACE_OUTER_BOUND ( 'NONE', #335, .T. ) ;
#8542 = PRESENTATION_LAYER_ASSIGNMENT (  '', '', ( #4838 ) ) ;
#8543 = STYLED_ITEM ( 'NONE', ( #6069 ), #4352 ) ;
#8544 = DIRECTION ( 'NONE',  ( 0.000000000000000000, -1.024442997624109662E-14, 1.000000000000000000 ) ) ;
#8545 = DIRECTION ( 'NONE',  ( 0.000000000000000000, 1.000000000000000000, 1.047444401652940007E-14 ) ) ;
#8546 = STYLED_ITEM ( 'NONE', ( #1660 ), #5633 ) ;
#8547 = CARTESIAN_POINT ( 'NONE',  ( -28.82731649811005781, -17.83967401293548605, 0.3825688395957673738 ) ) ;
#8548 = SURFACE_STYLE_FILL_AREA ( #4225 ) ;
#8549 = PRESENTATION_LAYER_ASSIGNMENT (  '', '', ( #3337 ) ) ;
#8550 = ORIENTED_EDGE ( 'NONE', *, *, #2246, .T. ) ;
#8551 = ORIENTED_EDGE ( 'NONE', *, *, #4887, .T. ) ;
#8552 = SURFACE_STYLE_USAGE ( .BOTH. , #3611 ) ;
#8553 = CARTESIAN_POINT ( 'NONE',  ( -33.12246990792611712, 7.144163140623349229, -9.372999999999922949 ) ) ;
#8554 = FILL_AREA_STYLE ('',( #28 ) ) ;
#8555 = FACE_OUTER_BOUND ( 'NONE', #740, .T. ) ;
#8556 = CARTESIAN_POINT ( 'NONE',  ( -38.08811990792612079, 7.201313140623236464, 1.472800000000073606 ) ) ;
#8557 = STYLED_ITEM ( 'NONE', ( #6738 ), #4683 ) ;
#8558 = UNCERTAINTY_MEASURE_WITH_UNIT (LENGTH_MEASURE( 1.000000000000000082E-05 ), #582, 'distance_accuracy_value', 'NONE');
#8559 = EDGE_CURVE ( 'NONE', #6294, #4055, #4025, .T. ) ;
#8560 = CARTESIAN_POINT ( 'NONE',  ( -29.82736094035740138, -18.30398703403564653, -0.2450000000000046585 ) ) ;
#8561 = CARTESIAN_POINT ( 'NONE',  ( -37.83411990792612301, 7.512513140623237717, 1.472800000000079601 ) ) ;
#8562 = LINE ( 'NONE', #7239, #5491 ) ;
#8563 = VECTOR ( 'NONE', #2534, 1000.000000000000000 ) ;
#8564 = ADVANCED_FACE ( 'NONE', ( #4884 ), #1320, .T. ) ;
#8565 = STYLED_ITEM ( 'NONE', ( #818 ), #8975 ) ;
#8566 = FILL_AREA_STYLE ('',( #5799 ) ) ;
#8567 = ORIENTED_EDGE ( 'NONE', *, *, #693, .F. ) ;
#8568 = EDGE_CURVE ( 'NONE', #984, #5754, #4542, .T. ) ;
#8569 = DIRECTION ( 'NONE',  ( 0.000000000000000000, 0.000000000000000000, -1.000000000000000000 ) ) ;
#8570 = CARTESIAN_POINT ( 'NONE',  ( -47.68039062757600988, -16.50398703403563871, -1.264999999999999902 ) ) ;
#8571 = PRESENTATION_STYLE_ASSIGNMENT (( #2930 ) ) ;
#8572 = PRESENTATION_STYLE_ASSIGNMENT (( #2226 ) ) ;
#8573 = DIRECTION ( 'NONE',  ( -0.000000000000000000, -1.000000000000000000, -0.000000000000000000 ) ) ;
#8574 = FILL_AREA_STYLE_COLOUR ( '', #7703 ) ;
#8575 = SURFACE_SIDE_STYLE ('',( #4206 ) ) ;
#8576 = FACE_OUTER_BOUND ( 'NONE', #7170, .T. ) ;
#8577 = ORIENTED_EDGE ( 'NONE', *, *, #2551, .F. ) ;
#8578 = ORIENTED_EDGE ( 'NONE', *, *, #3269, .F. ) ;
#8579 = EDGE_CURVE ( 'NONE', #4539, #3122, #5773, .T. ) ;
#8580 = AXIS2_PLACEMENT_3D ( 'NONE', #4277, #6355, #3613 ) ;
#8581 = SURFACE_STYLE_USAGE ( .BOTH. , #5106 ) ;
#8582 = PRESENTATION_STYLE_ASSIGNMENT (( #2801 ) ) ;
#8583 = CARTESIAN_POINT ( 'NONE',  ( -33.00811990792611539, 7.201313140623239129, 1.218800000000076267 ) ) ;
#8584 = CIRCLE ( 'NONE', #2482, 1.800000000000002931 ) ;
#8585 = AXIS2_PLACEMENT_3D ( 'NONE', #7472, #6123, #8030 ) ;
#8586 =( GEOMETRIC_REPRESENTATION_CONTEXT ( 3 ) GLOBAL_UNCERTAINTY_ASSIGNED_CONTEXT ( ( #8138 ) ) GLOBAL_UNIT_ASSIGNED_CONTEXT ( ( #4219, #2623, #5671 ) ) REPRESENTATION_CONTEXT ( 'NONE', 'WORKASPACE' ) );
#8587 = ORIENTED_EDGE ( 'NONE', *, *, #2975, .F. ) ;
#8588 = ORIENTED_EDGE ( 'NONE', *, *, #877, .F. ) ;
#8589 = AXIS2_PLACEMENT_3D ( 'NONE', #4086, #7694, #8943 ) ;
#8590 = ORIENTED_EDGE ( 'NONE', *, *, #2908, .F. ) ;
#8591 = ORIENTED_EDGE ( 'NONE', *, *, #137, .T. ) ;
#8592 = CARTESIAN_POINT ( 'NONE',  ( -28.82731649811004360, -16.56412639562964273, -1.249386187268214154 ) ) ;
#8593 = VECTOR ( 'NONE', #9006, 1000.000000000000000 ) ;
#8594 = FILL_AREA_STYLE ('',( #5672 ) ) ;
#8595 = MECHANICAL_DESIGN_GEOMETRIC_PRESENTATION_REPRESENTATION (  '', ( #1010 ), #5342 ) ;
#8596 = MECHANICAL_DESIGN_GEOMETRIC_PRESENTATION_REPRESENTATION (  '', ( #7429 ), #5190 ) ;
#8597 = CYLINDRICAL_SURFACE ( 'NONE', #6134, 0.2539999999999998925 ) ;
#8598 = CARTESIAN_POINT ( 'NONE',  ( -37.83416990792612467, 7.512463140623347080, -9.118999999999918060 ) ) ;
#8599 = CARTESIAN_POINT ( 'NONE',  ( -29.82731649811006491, -12.62398703403564326, 1.205000000000000071 ) ) ;
#8600 = ADVANCED_FACE ( 'NONE', ( #4360 ), #3705, .F. ) ;
#8601 = VECTOR ( 'NONE', #1306, 1000.000000000000000 ) ;
#8602 = MECHANICAL_DESIGN_GEOMETRIC_PRESENTATION_REPRESENTATION (  '', ( #7734 ), #5046 ) ;
#8603 = VERTEX_POINT ( 'NONE', #807 ) ;
#8604 = MECHANICAL_DESIGN_GEOMETRIC_PRESENTATION_REPRESENTATION (  '', ( #5496 ), #3532 ) ;
#8605 = ORIENTED_EDGE ( 'NONE', *, *, #8686, .F. ) ;
#8606 = CARTESIAN_POINT ( 'NONE',  ( -33.06039062757600533, 7.206012965964358585, -1.266000000000000014 ) ) ;
#8607 = LINE ( 'NONE', #1611, #1736 ) ;
#8608 =( LENGTH_UNIT ( ) NAMED_UNIT ( * ) SI_UNIT ( .MILLI., .METRE. ) );
#8609 = AXIS2_PLACEMENT_3D ( 'NONE', #6638, #8893, #1617 ) ;
#8610 = CARTESIAN_POINT ( 'NONE',  ( -28.82731649811005781, -18.27407675507290818, -0.2449113037486423394 ) ) ;
#8611 = DIRECTION ( 'NONE',  ( 0.000000000000000000, 0.000000000000000000, 1.000000000000000000 ) ) ;
#8612 = SURFACE_SIDE_STYLE ('',( #7146 ) ) ;
#8613 = LINE ( 'NONE', #9231, #3810 ) ;
#8614 = LINE ( 'NONE', #260, #9159 ) ;
#8615 = DIRECTION ( 'NONE',  ( 0.000000000000000000, 0.000000000000000000, 1.000000000000000000 ) ) ;
#8616 = VECTOR ( 'NONE', #1984, 1000.000000000000000 ) ;
#8617 = EDGE_LOOP ( 'NONE', ( #6947, #7529, #6823, #5878, #6254, #7744, #2911, #7871 ) ) ;
#8618 = FILL_AREA_STYLE ('',( #5801 ) ) ;
#8619 = SURFACE_SIDE_STYLE ('',( #3625 ) ) ;
#8620 = CARTESIAN_POINT ( 'NONE',  ( -39.21211990792613022, 8.369713140623003866, -3.530999999999912209 ) ) ;
#8621 = FILL_AREA_STYLE ('',( #681 ) ) ;
#8622 = ADVANCED_FACE ( 'NONE', ( #2202 ), #3087, .F. ) ;
#8623 = CARTESIAN_POINT ( 'NONE',  ( -38.45646990792611319, 7.512463140623343527, -9.267789755157155085 ) ) ;
#8624 = FACE_BOUND ( 'NONE', #7084, .T. ) ;
#8625 = CARTESIAN_POINT ( 'NONE',  ( -40.82731649811006491, -16.29358145957188952, -1.245021702440555877 ) ) ;
#8626 = FACE_BOUND ( 'NONE', #4437, .T. ) ;
#8627 = EDGE_LOOP ( 'NONE', ( #7300, #7907, #1235, #6996 ) ) ;
#8628 = ORIENTED_EDGE ( 'NONE', *, *, #8021, .T. ) ;
#8629 = CARTESIAN_POINT ( 'NONE',  ( -33.12251990792611878, 7.258513140623235493, 1.472800000000076714 ) ) ;
#8630 =( NAMED_UNIT ( * ) PLANE_ANGLE_UNIT ( ) SI_UNIT ( $, .RADIAN. ) );
#8631 = UNCERTAINTY_MEASURE_WITH_UNIT (LENGTH_MEASURE( 1.000000000000000082E-05 ), #1019, 'distance_accuracy_value', 'NONE');
#8632 = DIRECTION ( 'NONE',  ( -0.000000000000000000, 0.000000000000000000, -1.000000000000000000 ) ) ;
#8633 = DIRECTION ( 'NONE',  ( 0.000000000000000000, 1.000000000000000000, 1.047444401652940007E-14 ) ) ;
#8634 = EDGE_CURVE ( 'NONE', #6277, #4106, #8416, .T. ) ;
#8635 = B_SPLINE_CURVE_WITH_KNOTS ( 'NONE', 3,
 ( #2468, #3117, #6437, #6480, #8814, #4263, #62, #747, #8592, #3164 ),
 .UNSPECIFIED., .F., .F.,
 ( 4, 2, 2, 2, 4 ),
 ( 0.000000000000000000, 0.0003067810426397035110, 0.0006135620852794070219, 0.001227124170558814044, 0.002454250744826913522 ),
 .UNSPECIFIED. ) ;
#8636 = ORIENTED_EDGE ( 'NONE', *, *, #6731, .T. ) ;
#8637 = VERTEX_POINT ( 'NONE', #1124 ) ;
#8638 = ORIENTED_EDGE ( 'NONE', *, *, #824, .F. ) ;
#8639 = VERTEX_POINT ( 'NONE', #6144 ) ;
#8640 = DIRECTION ( 'NONE',  ( 0.000000000000000000, 0.000000000000000000, 1.000000000000000000 ) ) ;
#8641 = CARTESIAN_POINT ( 'NONE',  ( -36.60742597117811670, 6.032913140623286985, -3.530999999999936634 ) ) ;
#8642 = DIRECTION ( 'NONE',  ( -0.000000000000000000, -0.000000000000000000, -1.000000000000000000 ) ) ;
#8643 = SURFACE_STYLE_FILL_AREA ( #5874 ) ;
#8644 = CARTESIAN_POINT ( 'NONE',  ( -40.82734843295796168, -17.35233244112356488, 0.6628850845770686284 ) ) ;
#8645 = PLANE ( 'NONE',  #7515 ) ;
#8646 = CARTESIAN_POINT ( 'NONE',  ( -37.83416990792612467, 6.890163140623345228, -9.118999999999921613 ) ) ;
#8647 = AXIS2_PLACEMENT_3D ( 'NONE', #3569, #3620, #7105 ) ;
#8648 = ORIENTED_EDGE ( 'NONE', *, *, #3999, .T. ) ;
#8649 = ADVANCED_FACE ( 'NONE', ( #8087 ), #8221, .F. ) ;
#8650 = DIRECTION ( 'NONE',  ( 0.000000000000000000, -1.000000000000000000, -1.047444401652940007E-14 ) ) ;
#8651 = DIRECTION ( 'NONE',  ( 0.000000000000000000, -1.000000000000000000, -1.047444401652940007E-14 ) ) ;
#8652 = FACE_OUTER_BOUND ( 'NONE', #8617, .T. ) ;
#8653 = COLOUR_RGB ( '',0.08235294117647058709, 0.08235294117647058709, 0.08235294117647058709 ) ;
#8654 = VECTOR ( 'NONE', #937, 1000.000000000000000 ) ;
#8655 = CARTESIAN_POINT ( 'NONE',  ( -41.82731649811005781, -16.30398703403564653, -1.245000000000000107 ) ) ;
#8656 = AXIS2_PLACEMENT_3D ( 'NONE', #3704, #950, #7265 ) ;
#8657 = UNCERTAINTY_MEASURE_WITH_UNIT (LENGTH_MEASURE( 1.000000000000000082E-05 ), #4323, 'distance_accuracy_value', 'NONE');
#8658 = CARTESIAN_POINT ( 'NONE',  ( -30.58251990792611963, 7.258513140623235493, 1.472800000000076714 ) ) ;
#8659 = SURFACE_STYLE_FILL_AREA ( #9189 ) ;
#8660 = DIRECTION ( 'NONE',  ( 1.000000000000000000, 0.000000000000000000, 0.000000000000000000 ) ) ;
#8661 =( GEOMETRIC_REPRESENTATION_CONTEXT ( 3 ) GLOBAL_UNCERTAINTY_ASSIGNED_CONTEXT ( ( #591 ) ) GLOBAL_UNIT_ASSIGNED_CONTEXT ( ( #8326, #1180, #2679 ) ) REPRESENTATION_CONTEXT ( 'NONE', 'WORKASPACE' ) );
#8662 = ADVANCED_FACE ( 'NONE', ( #6718 ), #5304, .F. ) ;
#8663 = ORIENTED_EDGE ( 'NONE', *, *, #2834, .T. ) ;
#8664 = PRESENTATION_STYLE_ASSIGNMENT (( #829 ) ) ;
#8665 = DIRECTION ( 'NONE',  ( 0.000000000000000000, 0.000000000000000000, 1.000000000000000000 ) ) ;
#8666 = CARTESIAN_POINT ( 'NONE',  ( -29.82731649811006491, -3.003987034035643600, 1.205000000000000071 ) ) ;
#8667 = PLANE ( 'NONE',  #6287 ) ;
#8668 = CARTESIAN_POINT ( 'NONE',  ( -35.60039062757600448, 7.206012965964358585, -1.245000000000000107 ) ) ;
#8669 = PRESENTATION_STYLE_ASSIGNMENT (( #5143 ) ) ;
#8670 = PRESENTATION_STYLE_ASSIGNMENT (( #7901 ) ) ;
#8671 = EDGE_CURVE ( 'NONE', #2174, #687, #6193, .T. ) ;
#8672 = CARTESIAN_POINT ( 'NONE',  ( -28.82731649811005781, -18.25679195885846795, -0.4738175444318649121 ) ) ;
#8673 = FACE_OUTER_BOUND ( 'NONE', #2763, .T. ) ;
#8674 = CARTESIAN_POINT ( 'NONE',  ( -23.82731649811006136, -9.423987034035643973, -1.254999999999999893 ) ) ;
#8675 = ORIENTED_EDGE ( 'NONE', *, *, #2717, .T. ) ;
#8676 = ORIENTED_EDGE ( 'NONE', *, *, #3659, .T. ) ;
#8677 = CARTESIAN_POINT ( 'NONE',  ( -33.37651990792611656, 7.512513140623234165, 1.367589755157312625 ) ) ;
#8678 = SURFACE_STYLE_USAGE ( .BOTH. , #6429 ) ;
#8679 = EDGE_CURVE ( 'NONE', #5357, #3744, #6518, .T. ) ;
#8680 =( LENGTH_UNIT ( ) NAMED_UNIT ( * ) SI_UNIT ( .MILLI., .METRE. ) );
#8681 = DIRECTION ( 'NONE',  ( 1.000000000000000000, 0.000000000000000000, 0.000000000000000000 ) ) ;
#8682 = ORIENTED_EDGE ( 'NONE', *, *, #2738, .F. ) ;
#8683 = ORIENTED_EDGE ( 'NONE', *, *, #1811, .T. ) ;
#8684 = STYLED_ITEM ( 'NONE', ( #1510 ), #9168 ) ;
#8685 = ORIENTED_EDGE ( 'NONE', *, *, #1767, .T. ) ;
#8686 = EDGE_CURVE ( 'NONE', #1150, #7959, #647, .T. ) ;
#8687 =( NAMED_UNIT ( * ) SI_UNIT ( $, .STERADIAN. ) SOLID_ANGLE_UNIT ( ) );
#8688 = CARTESIAN_POINT ( 'NONE',  ( -38.20251990792611707, 7.201313140623236464, 1.472800000000076048 ) ) ;
#8689 = EDGE_CURVE ( 'NONE', #7706, #1499, #2614, .T. ) ;
#8690 = DIRECTION ( 'NONE',  ( 0.000000000000000000, 0.000000000000000000, 1.000000000000000000 ) ) ;
#8691 = SURFACE_STYLE_USAGE ( .BOTH. , #4547 ) ;
#8692 =( GEOMETRIC_REPRESENTATION_CONTEXT ( 3 ) GLOBAL_UNCERTAINTY_ASSIGNED_CONTEXT ( ( #7584 ) ) GLOBAL_UNIT_ASSIGNED_CONTEXT ( ( #5420, #3291, #6073 ) ) REPRESENTATION_CONTEXT ( 'NONE', 'WORKASPACE' ) );
#8693 = DIRECTION ( 'NONE',  ( 0.000000000000000000, -1.000000000000000000, -0.000000000000000000 ) ) ;
#8694 = STYLED_ITEM ( 'NONE', ( #245 ), #5890 ) ;
#8695 = COLOUR_RGB ( '',0.6470588235294117974, 0.6196078431372549211, 0.5882352941176470784 ) ;
#8696 = MECHANICAL_DESIGN_GEOMETRIC_PRESENTATION_REPRESENTATION (  '', ( #6936 ), #8105 ) ;
#8697 = ORIENTED_EDGE ( 'NONE', *, *, #1624, .T. ) ;
#8698 = CARTESIAN_POINT ( 'NONE',  ( -29.82731649811006491, -12.62398703403564149, 1.215000000000000080 ) ) ;
#8699 = FILL_AREA_STYLE_COLOUR ( '', #6689 ) ;
#8700 = CARTESIAN_POINT ( 'NONE',  ( -33.12246990792611712, 7.258463140623347520, -9.372999999999922949 ) ) ;
#8701 = MECHANICAL_DESIGN_GEOMETRIC_PRESENTATION_REPRESENTATION (  '', ( #8995 ), #7667 ) ;
#8702 = CARTESIAN_POINT ( 'NONE',  ( -39.82267328534919670, -18.13414632975169383, 0.8895037257659451635 ) ) ;
#8703 =( NAMED_UNIT ( * ) PLANE_ANGLE_UNIT ( ) SI_UNIT ( $, .RADIAN. ) );
#8704 = VECTOR ( 'NONE', #4609, 1000.000000000000000 ) ;
#8705 = STYLED_ITEM ( 'NONE', ( #6603 ), #5469 ) ;
#8706 = LINE ( 'NONE', #6639, #6695 ) ;
#8707 = CARTESIAN_POINT ( 'NONE',  ( -37.19401384467411731, 8.369713140623288083, -3.530999999999912209 ) ) ;
#8708 = ORIENTED_EDGE ( 'NONE', *, *, #3581, .T. ) ;
#8709 =( LENGTH_UNIT ( ) NAMED_UNIT ( * ) SI_UNIT ( .MILLI., .METRE. ) );
#8710 = AXIS2_PLACEMENT_3D ( 'NONE', #8972, #2570, #3128 ) ;
#8711 = UNCERTAINTY_MEASURE_WITH_UNIT (LENGTH_MEASURE( 1.000000000000000082E-05 ), #5747, 'distance_accuracy_value', 'NONE');
#8712 = CARTESIAN_POINT ( 'NONE',  ( -41.82731649811005781, -12.62398703403564149, 1.215000000000000080 ) ) ;
#8713 = PRESENTATION_STYLE_ASSIGNMENT (( #5902 ) ) ;
#8714 = ADVANCED_FACE ( 'NONE', ( #8307, #4770 ), #7768, .F. ) ;
#8715 = CARTESIAN_POINT ( 'NONE',  ( -29.45851990792611730, 6.032913140623263892, -1.244999999999930163 ) ) ;
#8716 = CARTESIAN_POINT ( 'NONE',  ( -36.11331990792611890, 6.032913140623267445, -1.575199999999936429 ) ) ;
#8717 = MECHANICAL_DESIGN_GEOMETRIC_PRESENTATION_REPRESENTATION (  '', ( #8259 ), #1571 ) ;
#8718 = VERTEX_POINT ( 'NONE', #4066 ) ;
#8719 = ORIENTED_EDGE ( 'NONE', *, *, #8003, .T. ) ;
#8720 = FILL_AREA_STYLE_COLOUR ( '', #869 ) ;
#8721 = LINE ( 'NONE', #5953, #8654 ) ;
#8722 = MECHANICAL_DESIGN_GEOMETRIC_PRESENTATION_REPRESENTATION (  '', ( #7545 ), #3658 ) ;
#8723 =( LENGTH_UNIT ( ) NAMED_UNIT ( * ) SI_UNIT ( .MILLI., .METRE. ) );
#8724 = UNCERTAINTY_MEASURE_WITH_UNIT (LENGTH_MEASURE( 1.000000000000000082E-05 ), #8981, 'distance_accuracy_value', 'NONE');
#8725 = DIRECTION ( 'NONE',  ( 1.000000000000000000, 0.000000000000000000, 0.000000000000000000 ) ) ;
#8726 = CARTESIAN_POINT ( 'NONE',  ( -45.88039062757600561, -16.50398703403563871, -0.2349999999999997369 ) ) ;
#8727 = DIRECTION ( 'NONE',  ( 1.000000000000000000, 0.000000000000000000, 0.000000000000000000 ) ) ;
#8728 = SURFACE_STYLE_FILL_AREA ( #7139 ) ;
#8729 = ORIENTED_EDGE ( 'NONE', *, *, #575, .T. ) ;
#8730 = ORIENTED_EDGE ( 'NONE', *, *, #6191, .F. ) ;
#8731 = STYLED_ITEM ( 'NONE', ( #6327 ), #7322 ) ;
#8732 = ORIENTED_EDGE ( 'NONE', *, *, #5520, .T. ) ;
#8733 = ADVANCED_FACE ( 'NONE', ( #3315 ), #6382, .F. ) ;
#8734 = SURFACE_STYLE_USAGE ( .BOTH. , #3653 ) ;
#8735 = FILL_AREA_STYLE_COLOUR ( '', #3342 ) ;
#8736 = COLOUR_RGB ( '',0.7529411764705882248, 0.7529411764705882248, 0.7529411764705882248 ) ;
#8737 = FILL_AREA_STYLE_COLOUR ( '', #947 ) ;
#8738 =( NAMED_UNIT ( * ) PLANE_ANGLE_UNIT ( ) SI_UNIT ( $, .RADIAN. ) );
#8739 = EDGE_CURVE ( 'NONE', #5563, #3802, #1397, .T. ) ;
#8740 = DIRECTION ( 'NONE',  ( 0.000000000000000000, 0.000000000000000000, 1.000000000000000000 ) ) ;
#8741 =( GEOMETRIC_REPRESENTATION_CONTEXT ( 3 ) GLOBAL_UNCERTAINTY_ASSIGNED_CONTEXT ( ( #313 ) ) GLOBAL_UNIT_ASSIGNED_CONTEXT ( ( #3844, #7314, #3131 ) ) REPRESENTATION_CONTEXT ( 'NONE', 'WORKASPACE' ) );
#8742 = AXIS2_PLACEMENT_3D ( 'NONE', #8331, #8244, #7702 ) ;
#8743 = ORIENTED_EDGE ( 'NONE', *, *, #8559, .T. ) ;
#8744 = DIRECTION ( 'NONE',  ( -0.000000000000000000, -1.000000000000000000, -0.000000000000000000 ) ) ;
#8745 = CARTESIAN_POINT ( 'NONE',  ( -45.82731649811005781, -13.42398703403564575, -1.245000000000000107 ) ) ;
#8746 = DIRECTION ( 'NONE',  ( 0.000000000000000000, 0.000000000000000000, -1.000000000000000000 ) ) ;
#8747 = CARTESIAN_POINT ( 'NONE',  ( -32.85933015276888369, 7.407302895780468077, 1.472800000000076714 ) ) ;
#8748 = LINE ( 'NONE', #7185, #7824 ) ;
#8749 = VECTOR ( 'NONE', #2346, 1000.000000000000000 ) ;
#8750 = B_SPLINE_SURFACE_WITH_KNOTS ( 'NONE', 1, 3, ( 
 ( #5311, #2491, #8188, #5404 ),
 ( #1786, #2574, #4644, #6106 ) ),
 .UNSPECIFIED., .F., .F., .F.,
 ( 2, 2 ),
 ( 4, 4 ),
 ( 0.000000000000000000, 1.000000000000000000 ),
 ( 0.000000000000000000, 1.000000000000000000 ),
 .UNSPECIFIED. ) ;
#8751 = CARTESIAN_POINT ( 'NONE',  ( -28.82731649811005425, -14.00398703434601444, 1.194547131130967221 ) ) ;
#8752 = ADVANCED_FACE ( 'NONE', ( #3546 ), #95, .F. ) ;
#8753 = MECHANICAL_DESIGN_GEOMETRIC_PRESENTATION_REPRESENTATION (  '', ( #1894 ), #4593 ) ;
#8754 = PLANE ( 'NONE',  #7341 ) ;
#8755 = FILL_AREA_STYLE ('',( #218 ) ) ;
#8756 = ADVANCED_FACE ( 'NONE', ( #892 ), #5710, .T. ) ;
#8757 = CARTESIAN_POINT ( 'NONE',  ( -23.78039062757601130, 7.056012965964359118, -1.264999999999999902 ) ) ;
#8758 = EDGE_LOOP ( 'NONE', ( #1597, #2108, #4721, #2336 ) ) ;
#8759 =( NAMED_UNIT ( * ) SI_UNIT ( $, .STERADIAN. ) SOLID_ANGLE_UNIT ( ) );
#8760 = DIRECTION ( 'NONE',  ( 0.000000000000000000, -1.000000000000000000, -0.000000000000000000 ) ) ;
#8761 = DIRECTION ( 'NONE',  ( -8.673617379883998987E-16, 1.000000000000000000, 0.000000000000000000 ) ) ;
#8762 =( GEOMETRIC_REPRESENTATION_CONTEXT ( 3 ) GLOBAL_UNCERTAINTY_ASSIGNED_CONTEXT ( ( #3695 ) ) GLOBAL_UNIT_ASSIGNED_CONTEXT ( ( #7416, #5320, #1055 ) ) REPRESENTATION_CONTEXT ( 'NONE', 'WORKASPACE' ) );
#8763 = DIRECTION ( 'NONE',  ( 0.000000000000000000, -1.047444401652940007E-14, 1.000000000000000000 ) ) ;
#8764 = FILL_AREA_STYLE_COLOUR ( '', #7774 ) ;
#8765 = CARTESIAN_POINT ( 'NONE',  ( -34.33039062757600846, -3.003987034035643600, -1.254999999999999893 ) ) ;
#8766 = ORIENTED_EDGE ( 'NONE', *, *, #5661, .T. ) ;
#8767 = ORIENTED_EDGE ( 'NONE', *, *, #5954, .T. ) ;
#8768 = SURFACE_SIDE_STYLE ('',( #312 ) ) ;
#8769 = ADVANCED_FACE ( 'NONE', ( #5018 ), #1591, .F. ) ;
#8770 = VECTOR ( 'NONE', #126, 1000.000000000000000 ) ;
#8771 = SURFACE_STYLE_USAGE ( .BOTH. , #938 ) ;
#8772 = DIRECTION ( 'NONE',  ( -0.000000000000000000, -0.000000000000000000, -1.000000000000000000 ) ) ;
#8773 =( NAMED_UNIT ( * ) SI_UNIT ( $, .STERADIAN. ) SOLID_ANGLE_UNIT ( ) );
#8774 = CYLINDRICAL_SURFACE ( 'NONE', #4092, 1.000000000000000888 ) ;
#8775 = ORIENTED_EDGE ( 'NONE', *, *, #2210, .T. ) ;
#8776 = ORIENTED_EDGE ( 'NONE', *, *, #2501, .F. ) ;
#8777 = VERTEX_POINT ( 'NONE', #4530 ) ;
#8778 = CARTESIAN_POINT ( 'NONE',  ( -40.82732182058472148, -17.99512419977405031, 0.2820932619173211475 ) ) ;
#8779 = PLANE ( 'NONE',  #5180 ) ;
#8780 = ADVANCED_FACE ( 'NONE', ( #1812 ), #1113, .T. ) ;
#8781 = UNCERTAINTY_MEASURE_WITH_UNIT (LENGTH_MEASURE( 1.000000000000000082E-05 ), #6614, 'distance_accuracy_value', 'NONE');
#8782 = ORIENTED_EDGE ( 'NONE', *, *, #5200, .T. ) ;
#8783 =( NAMED_UNIT ( * ) PLANE_ANGLE_UNIT ( ) SI_UNIT ( $, .RADIAN. ) );
#8784 = LINE ( 'NONE', #8970, #3528 ) ;
#8785 = DIRECTION ( 'NONE',  ( 1.000000000000000000, 0.000000000000000000, 0.000000000000000000 ) ) ;
#8786 = DIRECTION ( 'NONE',  ( 1.375701388043485315E-29, -1.000000000000000000, -1.806830325388335704E-44 ) ) ;
#8787 = CARTESIAN_POINT ( 'NONE',  ( -34.65401384467418211, 6.032913140623286985, -3.530999999999936634 ) ) ;
#8788 = CARTESIAN_POINT ( 'NONE',  ( -47.68039062757600988, 7.056012965964359118, -1.264999999999999902 ) ) ;
#8789 = MECHANICAL_DESIGN_GEOMETRIC_PRESENTATION_REPRESENTATION (  '', ( #5596 ), #1928 ) ;
#8790 = SURFACE_STYLE_FILL_AREA ( #3055 ) ;
#8791 =( LENGTH_UNIT ( ) NAMED_UNIT ( * ) SI_UNIT ( .MILLI., .METRE. ) );
#8792 = CARTESIAN_POINT ( 'NONE',  ( -33.12251990792611878, 7.201313140623239129, 1.218800000000076267 ) ) ;
#8793 = AXIS2_PLACEMENT_3D ( 'NONE', #5815, #3543, #4441 ) ;
#8794 = EDGE_LOOP ( 'NONE', ( #1408, #2416, #745, #7449 ) ) ;
#8795 = PRESENTATION_LAYER_ASSIGNMENT (  '', '', ( #7329 ) ) ;
#8796 = SURFACE_STYLE_FILL_AREA ( #1757 ) ;
#8797 = EDGE_CURVE ( 'NONE', #4878, #6177, #3873, .T. ) ;
#8798 =( NAMED_UNIT ( * ) PLANE_ANGLE_UNIT ( ) SI_UNIT ( $, .RADIAN. ) );
#8799 = EDGE_CURVE ( 'NONE', #7263, #7140, #1151, .T. ) ;
#8800 = UNCERTAINTY_MEASURE_WITH_UNIT (LENGTH_MEASURE( 1.000000000000000082E-05 ), #931, 'distance_accuracy_value', 'NONE');
#8801 = MECHANICAL_DESIGN_GEOMETRIC_PRESENTATION_REPRESENTATION (  '', ( #2828 ), #3891 ) ;
#8802 = AXIS2_PLACEMENT_3D ( 'NONE', #4585, #7391, #1863 ) ;
#8803 = CARTESIAN_POINT ( 'NONE',  ( -47.58039062757602267, -14.00398703403564049, 1.205000000000000071 ) ) ;
#8804 = CARTESIAN_POINT ( 'NONE',  ( -37.63731990792611981, 8.369713140623266767, -1.575199999999911782 ) ) ;
#8805 =( GEOMETRIC_REPRESENTATION_CONTEXT ( 3 ) GLOBAL_UNCERTAINTY_ASSIGNED_CONTEXT ( ( #2650 ) ) GLOBAL_UNIT_ASSIGNED_CONTEXT ( ( #5651, #1526, #2979 ) ) REPRESENTATION_CONTEXT ( 'NONE', 'WORKASPACE' ) );
#8806 = SURFACE_STYLE_USAGE ( .BOTH. , #8162 ) ;
#8807 = SURFACE_STYLE_FILL_AREA ( #5985 ) ;
#8808 = MECHANICAL_DESIGN_GEOMETRIC_PRESENTATION_REPRESENTATION (  '', ( #22 ), #309 ) ;
#8809 = ORIENTED_EDGE ( 'NONE', *, *, #5145, .T. ) ;
#8810 = ORIENTED_EDGE ( 'NONE', *, *, #589, .F. ) ;
#8811 = FILL_AREA_STYLE ('',( #273 ) ) ;
#8812 = EDGE_LOOP ( 'NONE', ( #8179, #2230, #4735 ) ) ;
#8813 = LINE ( 'NONE', #7442, #3434 ) ;
#8814 = CARTESIAN_POINT ( 'NONE',  ( -28.82731649811004360, -18.10562529651155117, -0.7373595690760407217 ) ) ;
#8815 =( NAMED_UNIT ( * ) SI_UNIT ( $, .STERADIAN. ) SOLID_ANGLE_UNIT ( ) );
#8816 = PLANE ( 'NONE',  #4292 ) ;
#8817 = CARTESIAN_POINT ( 'NONE',  ( -21.08039062757600846, -14.00398703403564049, 0.7150000000000003020 ) ) ;
#8818 =( NAMED_UNIT ( * ) PLANE_ANGLE_UNIT ( ) SI_UNIT ( $, .RADIAN. ) );
#8819 = DIRECTION ( 'NONE',  ( -0.000000000000000000, -1.000000000000000000, -0.000000000000000000 ) ) ;
#8820 = ORIENTED_EDGE ( 'NONE', *, *, #3065, .T. ) ;
#8821 = ORIENTED_EDGE ( 'NONE', *, *, #6920, .F. ) ;
#8822 = ORIENTED_EDGE ( 'NONE', *, *, #503, .T. ) ;
#8823 = SURFACE_SIDE_STYLE ('',( #1641 ) ) ;
#8824 =( NAMED_UNIT ( * ) PLANE_ANGLE_UNIT ( ) SI_UNIT ( $, .RADIAN. ) );
#8825 = CARTESIAN_POINT ( 'NONE',  ( -35.09731990792612066, 6.032913140623267445, -1.575199999999936429 ) ) ;
#8826 = ADVANCED_FACE ( 'NONE', ( #357 ), #3216, .T. ) ;
#8827 = EDGE_LOOP ( 'NONE', ( #1204, #8859, #6187, #8782 ) ) ;
#8828 = CARTESIAN_POINT ( 'NONE',  ( -20.98039062757600703, -3.003987034035643600, -1.245000000000000107 ) ) ;
#8829 = DIRECTION ( 'NONE',  ( 1.000000000000000000, 0.000000000000000000, 0.000000000000000000 ) ) ;
#8830 = LINE ( 'NONE', #6724, #3352 ) ;
#8831 = MECHANICAL_DESIGN_GEOMETRIC_PRESENTATION_REPRESENTATION (  '', ( #6786 ), #1539 ) ;
#8832 = DIRECTION ( 'NONE',  ( 0.000000000000000000, -1.024442997624109662E-14, 1.000000000000000000 ) ) ;
#8833 = EDGE_CURVE ( 'NONE', #6715, #8116, #3073, .T. ) ;
#8834 = DIRECTION ( 'NONE',  ( 0.000000000000000000, -1.000000000000000000, -1.047444401652940007E-14 ) ) ;
#8835 = CARTESIAN_POINT ( 'NONE',  ( -35.10039062757600448, 7.206012965964358585, -1.245000000000000107 ) ) ;
#8836 = COLOUR_RGB ( '',0.08235294117647058709, 0.08235294117647058709, 0.08235294117647058709 ) ;
#8837 = FILL_AREA_STYLE_COLOUR ( '', #2293 ) ;
#8838 = FILL_AREA_STYLE_COLOUR ( '', #1754 ) ;
#8839 = CARTESIAN_POINT ( 'NONE',  ( -31.82071990792610805, 6.540913140622660826, -1.244999999999931051 ) ) ;
#8840 = AXIS2_PLACEMENT_3D ( 'NONE', #4046, #1060, #29 ) ;
#8841 =( BOUNDED_CURVE ( )  B_SPLINE_CURVE ( 3, ( #7155, #4559, #8623, #7246 ),
 .UNSPECIFIED., .F., .F. ) 
 B_SPLINE_CURVE_WITH_KNOTS ( ( 4, 4 ),
 ( 1.570796326794894782, 3.141592653589769135 ),
 .UNSPECIFIED. ) 
 CURVE ( )  GEOMETRIC_REPRESENTATION_ITEM ( )  RATIONAL_B_SPLINE_CURVE ( ( 1.000000000000000000, 0.8047378541243702665, 0.8047378541243702665, 1.000000000000000000 ) ) 
 REPRESENTATION_ITEM ( '' )  );
#8842 = MECHANICAL_DESIGN_GEOMETRIC_PRESENTATION_REPRESENTATION (  '', ( #6042 ), #2879 ) ;
#8843 = AXIS2_PLACEMENT_3D ( 'NONE', #1592, #8772, #3740 ) ;
#8844 = DIRECTION ( 'NONE',  ( -0.000000000000000000, -1.000000000000000000, -1.047444401652940007E-14 ) ) ;
#8845 = PLANE ( 'NONE',  #8395 ) ;
#8846 = PRESENTATION_STYLE_ASSIGNMENT (( #6025 ) ) ;
#8847 = LINE ( 'NONE', #3202, #2127 ) ;
#8848 = EDGE_CURVE ( 'NONE', #6198, #2266, #5993, .T. ) ;
#8849 = MECHANICAL_DESIGN_GEOMETRIC_PRESENTATION_REPRESENTATION (  '', ( #9164 ), #3183 ) ;
#8850 = FACE_BOUND ( 'NONE', #1896, .T. ) ;
#8851 = MECHANICAL_DESIGN_GEOMETRIC_PRESENTATION_REPRESENTATION (  '', ( #7235 ), #4391 ) ;
#8852 = AXIS2_PLACEMENT_3D ( 'NONE', #6687, #1520, #4372 ) ;
#8853 = MECHANICAL_DESIGN_GEOMETRIC_PRESENTATION_REPRESENTATION (  '', ( #8705 ), #7828 ) ;
#8854 = CARTESIAN_POINT ( 'NONE',  ( -39.21211990792613022, 7.201313140623236464, 1.472800000000076048 ) ) ;
#8855 = DIRECTION ( 'NONE',  ( 1.000000000000000000, -0.000000000000000000, 0.000000000000000000 ) ) ;
#8856 = ADVANCED_FACE ( 'NONE', ( #7187 ), #4279, .T. ) ;
#8857 =( NAMED_UNIT ( * ) SI_UNIT ( $, .STERADIAN. ) SOLID_ANGLE_UNIT ( ) );
#8858 = ORIENTED_EDGE ( 'NONE', *, *, #8185, .F. ) ;
#8859 = ORIENTED_EDGE ( 'NONE', *, *, #7334, .T. ) ;
#8860 = PRESENTATION_LAYER_ASSIGNMENT (  '', '', ( #3952 ) ) ;
#8861 = EDGE_CURVE ( 'NONE', #4055, #7662, #6449, .T. ) ;
#8862 = B_SPLINE_CURVE_WITH_KNOTS ( 'NONE', 3,
 ( #2229, #834, #7987, #5808 ),
 .UNSPECIFIED., .F., .F.,
 ( 4, 4 ),
 ( 0.000000000000000000, 1.000000000000000000 ),
 .UNSPECIFIED. ) ;
#8863 =( LENGTH_UNIT ( ) NAMED_UNIT ( * ) SI_UNIT ( .MILLI., .METRE. ) );
#8864 = ORIENTED_EDGE ( 'NONE', *, *, #5661, .F. ) ;
#8865 = CARTESIAN_POINT ( 'NONE',  ( -35.09731990792612066, 6.032913140623263892, -1.244999999999936158 ) ) ;
#8866 = CARTESIAN_POINT ( 'NONE',  ( -24.58039062757600846, -16.50398703403563871, -0.2349999999999997369 ) ) ;
#8867 = FILL_AREA_STYLE ('',( #2562 ) ) ;
#8868 = PRESENTATION_LAYER_ASSIGNMENT (  '', '', ( #3800 ) ) ;
#8869 = CARTESIAN_POINT ( 'NONE',  ( -40.82731649811009333, -18.16430169093150226, -0.6570559913331650570 ) ) ;
#8870 = CARTESIAN_POINT ( 'NONE',  ( -30.21416990792612722, 7.512463140623287572, -3.530999999999926420 ) ) ;
#8871 = ADVANCED_FACE ( 'NONE', ( #2649 ), #493, .T. ) ;
#8872 = ORIENTED_EDGE ( 'NONE', *, *, #8396, .T. ) ;
#8873 = EDGE_LOOP ( 'NONE', ( #1937, #7061, #7631, #7970, #417, #4261 ) ) ;
#8874 = EDGE_CURVE ( 'NONE', #7047, #583, #6498, .T. ) ;
#8875 = ORIENTED_EDGE ( 'NONE', *, *, #8462, .T. ) ;
#8876 = SURFACE_STYLE_USAGE ( .BOTH. , #1044 ) ;
#8877 = DIRECTION ( 'NONE',  ( -0.000000000000000000, 1.000000000000000000, 0.000000000000000000 ) ) ;
#8878 = LINE ( 'NONE', #3884, #1834 ) ;
#8879 =( NAMED_UNIT ( * ) SI_UNIT ( $, .STERADIAN. ) SOLID_ANGLE_UNIT ( ) );
#8880 = CARTESIAN_POINT ( 'NONE',  ( -22.78039062757601130, -16.50398703403563871, -1.264999999999999902 ) ) ;
#8881 = AXIS2_PLACEMENT_3D ( 'NONE', #7789, #4988, #1279 ) ;
#8882 = UNCERTAINTY_MEASURE_WITH_UNIT (LENGTH_MEASURE( 1.000000000000000082E-05 ), #8723, 'distance_accuracy_value', 'NONE');
#8883 = ORIENTED_EDGE ( 'NONE', *, *, #2640, .F. ) ;
#8884 = LINE ( 'NONE', #3238, #4918 ) ;
#8885 = SURFACE_STYLE_FILL_AREA ( #7408 ) ;
#8886 = PRESENTATION_LAYER_ASSIGNMENT (  '', '', ( #3360 ) ) ;
#8887 = CARTESIAN_POINT ( 'NONE',  ( -35.09731990792612066, 8.369713140623266767, -1.575199999999911782 ) ) ;
#8888 = EDGE_CURVE ( 'NONE', #7733, #7755, #8613, .T. ) ;
#8889 = PRESENTATION_STYLE_ASSIGNMENT (( #5314 ) ) ;
#8890 = FACE_OUTER_BOUND ( 'NONE', #3749, .T. ) ;
#8891 = CARTESIAN_POINT ( 'NONE',  ( -40.82734843295796168, -18.25548052603022953, -0.09568576697269767783 ) ) ;
#8892 =( NAMED_UNIT ( * ) SI_UNIT ( $, .STERADIAN. ) SOLID_ANGLE_UNIT ( ) );
#8893 = DIRECTION ( 'NONE',  ( 0.000000000000000000, -1.000000000000000000, -1.047444401652940007E-14 ) ) ;
#8894 = VECTOR ( 'NONE', #7582, 1000.000000000000000 ) ;
#8895 = COLOUR_RGB ( '',0.000000000000000000, 0.000000000000000000, 0.000000000000000000 ) ;
#8896 = CIRCLE ( 'NONE', #250, 1.799999999999999600 ) ;
#8897 = VECTOR ( 'NONE', #5784, 1000.000000000000000 ) ;
#8898 = CARTESIAN_POINT ( 'NONE',  ( -33.57331990792611975, 6.032913140623267445, -1.575199999999936429 ) ) ;
#8899 = SURFACE_STYLE_USAGE ( .BOTH. , #1227 ) ;
#8900 = CIRCLE ( 'NONE', #108, 1.800000000000002931 ) ;
#8901 = CARTESIAN_POINT ( 'NONE',  ( -26.91167454126538061, -14.00398703403564049, 1.205000000000000071 ) ) ;
#8902 = STYLED_ITEM ( 'NONE', ( #3401 ), #6430 ) ;
#8903 = PLANE ( 'NONE',  #1978 ) ;
#8904 = LINE ( 'NONE', #2506, #1806 ) ;
#8905 =( GEOMETRIC_REPRESENTATION_CONTEXT ( 3 ) GLOBAL_UNCERTAINTY_ASSIGNED_CONTEXT ( ( #9004 ) ) GLOBAL_UNIT_ASSIGNED_CONTEXT ( ( #6190, #5440, #8258 ) ) REPRESENTATION_CONTEXT ( 'NONE', 'WORKASPACE' ) );
#8906 = SURFACE_STYLE_USAGE ( .BOTH. , #4147 ) ;
#8907 = CARTESIAN_POINT ( 'NONE',  ( -38.65331990792612515, 7.201313140623263997, -1.244999999999924167 ) ) ;
#8908 = ADVANCED_FACE ( 'NONE', ( #2603 ), #1243, .T. ) ;
#8909 = ORIENTED_EDGE ( 'NONE', *, *, #7240, .T. ) ;
#8910 = SURFACE_SIDE_STYLE ('',( #4573 ) ) ;
#8911 = ORIENTED_EDGE ( 'NONE', *, *, #1768, .F. ) ;
#8912 = DIRECTION ( 'NONE',  ( 1.000000000000000000, 0.000000000000000000, 0.000000000000000000 ) ) ;
#8913 = DIRECTION ( 'NONE',  ( 0.000000000000000000, 0.000000000000000000, 1.000000000000000000 ) ) ;
#8914 = MECHANICAL_DESIGN_GEOMETRIC_PRESENTATION_REPRESENTATION (  '', ( #4598 ), #4746 ) ;
#8915 = DIRECTION ( 'NONE',  ( -1.000000000000000000, 0.000000000000000000, 0.000000000000000000 ) ) ;
#8916 = UNCERTAINTY_MEASURE_WITH_UNIT (LENGTH_MEASURE( 1.000000000000000082E-05 ), #1802, 'distance_accuracy_value', 'NONE');
#8917 = AXIS2_PLACEMENT_3D ( 'NONE', #7610, #8246, #8333 ) ;
#8918 = CARTESIAN_POINT ( 'NONE',  ( -30.21416990792612722, 7.512463140623350633, -9.372999999999919396 ) ) ;
#8919 = LINE ( 'NONE', #4764, #1009 ) ;
#8920 = FILL_AREA_STYLE ('',( #3079 ) ) ;
#8921 = EDGE_LOOP ( 'NONE', ( #1034, #7821, #6237, #6002 ) ) ;
#8922 = ORIENTED_EDGE ( 'NONE', *, *, #3812, .T. ) ;
#8923 =( GEOMETRIC_REPRESENTATION_CONTEXT ( 3 ) GLOBAL_UNCERTAINTY_ASSIGNED_CONTEXT ( ( #40 ) ) GLOBAL_UNIT_ASSIGNED_CONTEXT ( ( #1420, #7143, #3514 ) ) REPRESENTATION_CONTEXT ( 'NONE', 'WORKASPACE' ) );
#8924 = VECTOR ( 'NONE', #2312, 1000.000000000000000 ) ;
#8925 = VERTEX_POINT ( 'NONE', #162 ) ;
#8926 = DIRECTION ( 'NONE',  ( 0.000000000000000000, 0.000000000000000000, -1.000000000000000000 ) ) ;
#8927 = DIRECTION ( 'NONE',  ( -6.566942292462172298E-16, -0.000000000000000000, 1.000000000000000000 ) ) ;
#8928 = EDGE_CURVE ( 'NONE', #2360, #6267, #2260, .T. ) ;
#8929 = LINE ( 'NONE', #1779, #3521 ) ;
#8930 = VECTOR ( 'NONE', #784, 1000.000000000000000 ) ;
#8931 = ORIENTED_EDGE ( 'NONE', *, *, #1328, .F. ) ;
#8932 = CARTESIAN_POINT ( 'NONE',  ( -32.75416990792612637, 6.890163140623350557, -9.267789755157156861 ) ) ;
#8933 = LINE ( 'NONE', #7588, #3071 ) ;
#8934 = LINE ( 'NONE', #5405, #7107 ) ;
#8935 = FILL_AREA_STYLE_COLOUR ( '', #4641 ) ;
#8936 = SURFACE_SIDE_STYLE ('',( #6159 ) ) ;
#8937 = DIRECTION ( 'NONE',  ( 0.000000000000000000, 0.000000000000000000, 1.000000000000000000 ) ) ;
#8938 = DIRECTION ( 'NONE',  ( 0.000000000000000000, 0.000000000000000000, 1.000000000000000000 ) ) ;
#8939 = ORIENTED_EDGE ( 'NONE', *, *, #1768, .T. ) ;
#8940 = LINE ( 'NONE', #4654, #4241 ) ;
#8941 = SURFACE_STYLE_USAGE ( .BOTH. , #2542 ) ;
#8942 = CARTESIAN_POINT ( 'NONE',  ( -30.21416990792612367, 6.890163140623349669, -9.118999999999921613 ) ) ;
#8943 = DIRECTION ( 'NONE',  ( 0.000000000000000000, -1.047444401652940007E-14, 1.000000000000000000 ) ) ;
#8944 = DIRECTION ( 'NONE',  ( 1.000000000000000000, 0.000000000000000000, 0.000000000000000000 ) ) ;
#8945 = CARTESIAN_POINT ( 'NONE',  ( -29.82736094035740138, -15.29564772441671394, 1.209947844275661488 ) ) ;
#8946 = FACE_OUTER_BOUND ( 'NONE', #3550, .T. ) ;
#8947 = VECTOR ( 'NONE', #1668, 1000.000000000000000 ) ;
#8948 = SURFACE_STYLE_FILL_AREA ( #8328 ) ;
#8949 = SURFACE_STYLE_USAGE ( .BOTH. , #4093 ) ;
#8950 = CARTESIAN_POINT ( 'NONE',  ( -39.21211990792613022, 7.258463140623345744, -9.118999999999921613 ) ) ;
#8951 = ADVANCED_FACE ( 'NONE', ( #6018 ), #968, .T. ) ;
#8952 = ORIENTED_EDGE ( 'NONE', *, *, #2619, .F. ) ;
#8953 = LINE ( 'NONE', #4710, #2954 ) ;
#8954 = VERTEX_POINT ( 'NONE', #4370 ) ;
#8955 = DIRECTION ( 'NONE',  ( 1.000000000000000000, 0.000000000000000000, -0.000000000000000000 ) ) ;
#8956 = CARTESIAN_POINT ( 'NONE',  ( -39.21211990792613022, 7.258463140623345744, -9.372999999999922949 ) ) ;
#8957 =( GEOMETRIC_REPRESENTATION_CONTEXT ( 3 ) GLOBAL_UNCERTAINTY_ASSIGNED_CONTEXT ( ( #3578 ) ) GLOBAL_UNIT_ASSIGNED_CONTEXT ( ( #8964, #1817, #1118 ) ) REPRESENTATION_CONTEXT ( 'NONE', 'WORKASPACE' ) );
#8958 = EDGE_CURVE ( 'NONE', #7958, #3501, #5936, .T. ) ;
#8959 = AXIS2_PLACEMENT_3D ( 'NONE', #8429, #7657, #545 ) ;
#8960 = FACE_OUTER_BOUND ( 'NONE', #5628, .T. ) ;
#8961 = FILL_AREA_STYLE_COLOUR ( '', #4351 ) ;
#8962 = AXIS2_PLACEMENT_3D ( 'NONE', #516, #9069, #4830 ) ;
#8963 = CARTESIAN_POINT ( 'NONE',  ( -38.45646990792611319, 7.512463140623350633, -9.372999999999919396 ) ) ;
#8964 =( LENGTH_UNIT ( ) NAMED_UNIT ( * ) SI_UNIT ( .MILLI., .METRE. ) );
#8965 = ORIENTED_EDGE ( 'NONE', *, *, #4535, .F. ) ;
#8966 = VERTEX_POINT ( 'NONE', #3809 ) ;
#8967 = COLOUR_RGB ( '',0.6470588235294117974, 0.6196078431372549211, 0.5882352941176470784 ) ;
#8968 = VECTOR ( 'NONE', #7195, 1000.000000000000000 ) ;
#8969 = ORIENTED_EDGE ( 'NONE', *, *, #8579, .F. ) ;
#8970 = CARTESIAN_POINT ( 'NONE',  ( -35.91646990792612115, 7.512463140623350633, -9.372999999999919396 ) ) ;
#8971 = FACE_OUTER_BOUND ( 'NONE', #4096, .T. ) ;
#8972 = CARTESIAN_POINT ( 'NONE',  ( -45.82731649811005781, -13.42398703403564575, -1.254999999999999893 ) ) ;
#8973 = VECTOR ( 'NONE', #1895, 1000.000000000000000 ) ;
#8974 = SURFACE_STYLE_FILL_AREA ( #3987 ) ;
#8975 = ADVANCED_FACE ( 'NONE', ( #213 ), #8016, .F. ) ;
#8976 = ADVANCED_FACE ( 'NONE', ( #1176 ), #518, .T. ) ;
#8977 = ORIENTED_EDGE ( 'NONE', *, *, #7234, .F. ) ;
#8978 = ADVANCED_FACE ( 'NONE', ( #4079 ), #6160, .F. ) ;
#8979 = PRESENTATION_STYLE_ASSIGNMENT (( #1050 ) ) ;
#8980 = SURFACE_STYLE_USAGE ( .BOTH. , #376 ) ;
#8981 =( LENGTH_UNIT ( ) NAMED_UNIT ( * ) SI_UNIT ( .MILLI., .METRE. ) );
#8982 = DIRECTION ( 'NONE',  ( 1.000000000000000000, 0.000000000000000000, 0.000000000000000000 ) ) ;
#8983 = SURFACE_STYLE_FILL_AREA ( #6872 ) ;
#8984 = CARTESIAN_POINT ( 'NONE',  ( -22.78039062757601130, -16.50398703403563871, -1.245000000000000107 ) ) ;
#8985 =( NAMED_UNIT ( * ) SI_UNIT ( $, .STERADIAN. ) SOLID_ANGLE_UNIT ( ) );
#8986 = FILL_AREA_STYLE_COLOUR ( '', #1986 ) ;
#8987 = PRESENTATION_LAYER_ASSIGNMENT (  '', '', ( #4674 ) ) ;
#8988 = CARTESIAN_POINT ( 'NONE',  ( -29.82736094035740138, -18.30398703403564653, -0.2450000000000049916 ) ) ;
#8989 = CYLINDRICAL_SURFACE ( 'NONE', #338, 1.000000000000000888 ) ;
#8990 = FILL_AREA_STYLE_COLOUR ( '', #492 ) ;
#8991 =( LENGTH_UNIT ( ) NAMED_UNIT ( * ) SI_UNIT ( .MILLI., .METRE. ) );
#8992 = AXIS2_PLACEMENT_3D ( 'NONE', #4703, #3959, #9033 ) ;
#8993 = PRESENTATION_LAYER_ASSIGNMENT (  '', '', ( #3628 ) ) ;
#8994 = PRESENTATION_STYLE_ASSIGNMENT (( #8949 ) ) ;
#8995 = STYLED_ITEM ( 'NONE', ( #1544 ), #6251 ) ;
#8996 = DIRECTION ( 'NONE',  ( 1.000000000000000000, 0.000000000000000000, 0.000000000000000000 ) ) ;
#8997 = ORIENTED_EDGE ( 'NONE', *, *, #4657, .T. ) ;
#8998 = LINE ( 'NONE', #5474, #6413 ) ;
#8999 = ORIENTED_EDGE ( 'NONE', *, *, #2043, .T. ) ;
#9000 = MECHANICAL_DESIGN_GEOMETRIC_PRESENTATION_REPRESENTATION (  '', ( #4084 ), #5736 ) ;
#9001 = DIRECTION ( 'NONE',  ( 0.000000000000000000, 0.000000000000000000, 1.000000000000000000 ) ) ;
#9002 = DIRECTION ( 'NONE',  ( -1.000000000000000000, -0.000000000000000000, -0.000000000000000000 ) ) ;
#9003 = EDGE_CURVE ( 'NONE', #599, #633, #4108, .T. ) ;
#9004 = UNCERTAINTY_MEASURE_WITH_UNIT (LENGTH_MEASURE( 1.000000000000000082E-05 ), #6190, 'distance_accuracy_value', 'NONE');
#9005 = SURFACE_SIDE_STYLE ('',( #5994 ) ) ;
#9006 = DIRECTION ( 'NONE',  ( 1.000000000000000000, 0.000000000000000000, 0.000000000000000000 ) ) ;
#9007 = CARTESIAN_POINT ( 'NONE',  ( -47.68039062757600988, -18.30398703403564653, -0.2449999999999997735 ) ) ;
#9008 = VERTEX_POINT ( 'NONE', #3374 ) ;
#9009 = ORIENTED_EDGE ( 'NONE', *, *, #6385, .T. ) ;
#9010 = STYLED_ITEM ( 'NONE', ( #6206 ), #5681 ) ;
#9011 = DIRECTION ( 'NONE',  ( 0.000000000000000000, -1.000000000000000000, -1.047444401652940007E-14 ) ) ;
#9012 = FILL_AREA_STYLE ('',( #6140 ) ) ;
#9013 = PRESENTATION_LAYER_ASSIGNMENT (  '', '', ( #1709 ) ) ;
#9014 = DIRECTION ( 'NONE',  ( 0.000000000000000000, 0.000000000000000000, 1.000000000000000000 ) ) ;
#9015 = UNCERTAINTY_MEASURE_WITH_UNIT (LENGTH_MEASURE( 1.000000000000000082E-05 ), #7498, 'distance_accuracy_value', 'NONE');
#9016 = LINE ( 'NONE', #2616, #247 ) ;
#9017 = ORIENTED_EDGE ( 'NONE', *, *, #5873, .T. ) ;
#9018 = COLOUR_RGB ( '',1.000000000000000000, 1.000000000000000000, 1.000000000000000000 ) ;
#9019 = ORIENTED_EDGE ( 'NONE', *, *, #6530, .F. ) ;
#9020 = FACE_BOUND ( 'NONE', #565, .T. ) ;
#9021 = LINE ( 'NONE', #1918, #7433 ) ;
#9022 = PRESENTATION_STYLE_ASSIGNMENT (( #466 ) ) ;
#9023 = EDGE_CURVE ( 'NONE', #8037, #1763, #9026, .T. ) ;
#9024 = DIRECTION ( 'NONE',  ( -0.8665316060966603562, -0.4991222051116762648, 0.000000000000000000 ) ) ;
#9025 =( NAMED_UNIT ( * ) SI_UNIT ( $, .STERADIAN. ) SOLID_ANGLE_UNIT ( ) );
#9026 = CIRCLE ( 'NONE', #7404, 1.800000000000002931 ) ;
#9027 = CARTESIAN_POINT ( 'NONE',  ( -20.98039062757600703, -18.30398703403564298, -0.2449999999999997735 ) ) ;
#9028 = DIRECTION ( 'NONE',  ( 0.000000000000000000, -1.000000000000000000, -1.047444401652940007E-14 ) ) ;
#9029 = VERTEX_POINT ( 'NONE', #4740 ) ;
#9030 = AXIS2_PLACEMENT_3D ( 'NONE', #7184, #7836, #759 ) ;
#9031 = CARTESIAN_POINT ( 'NONE',  ( -36.60742597117811670, 6.032913140623324288, -3.530999999999936634 ) ) ;
#9032 = SURFACE_STYLE_FILL_AREA ( #7556 ) ;
#9033 = DIRECTION ( 'NONE',  ( 1.000000000000000000, 0.000000000000000000, 0.000000000000000000 ) ) ;
#9034 = UNCERTAINTY_MEASURE_WITH_UNIT (LENGTH_MEASURE( 1.000000000000000082E-05 ), #5051, 'distance_accuracy_value', 'NONE');
#9035 = STYLED_ITEM ( 'NONE', ( #6473 ), #7055 ) ;
#9036 = VECTOR ( 'NONE', #6919, 1000.000000000000000 ) ;
#9037 = FACE_OUTER_BOUND ( 'NONE', #1732, .T. ) ;
#9038 = ADVANCED_FACE ( 'NONE', ( #7593 ), #469, .T. ) ;
#9039 = AXIS2_PLACEMENT_3D ( 'NONE', #7972, #5216, #2257 ) ;
#9040 = DIRECTION ( 'NONE',  ( 0.000000000000000000, 1.047444401652940007E-14, -1.000000000000000000 ) ) ;
#9041 = FILL_AREA_STYLE_COLOUR ( '', #8895 ) ;
#9042 = VERTEX_POINT ( 'NONE', #4977 ) ;
#9043 = PRESENTATION_STYLE_ASSIGNMENT (( #4803 ) ) ;
#9044 = EDGE_LOOP ( 'NONE', ( #5172, #7678, #8663, #1392, #4401, #3398, #8538, #3059 ) ) ;
#9045 = AXIS2_PLACEMENT_3D ( 'NONE', #5519, #6796, #9047 ) ;
#9046 = CARTESIAN_POINT ( 'NONE',  ( -45.88039062757600561, -16.50398703403563871, -1.264999999999999902 ) ) ;
#9047 = DIRECTION ( 'NONE',  ( 0.000000000000000000, -1.000000000000000000, -1.047444401652940007E-14 ) ) ;
#9048 = CARTESIAN_POINT ( 'NONE',  ( -30.83646990792612641, 7.512463140623350633, -9.372999999999919396 ) ) ;
#9049 =( NAMED_UNIT ( * ) SI_UNIT ( $, .STERADIAN. ) SOLID_ANGLE_UNIT ( ) );
#9050 = CARTESIAN_POINT ( 'NONE',  ( -40.82731649811006491, -16.30398703403564653, -1.254999999999999893 ) ) ;
#9051 = SURFACE_STYLE_USAGE ( .BOTH. , #6235 ) ;
#9052 = PRESENTATION_LAYER_ASSIGNMENT (  '', '', ( #1894 ) ) ;
#9053 = EDGE_LOOP ( 'NONE', ( #8776, #3034, #4290, #2464 ) ) ;
#9054 = ORIENTED_EDGE ( 'NONE', *, *, #7142, .F. ) ;
#9055 = EDGE_CURVE ( 'NONE', #1150, #1048, #2012, .T. ) ;
#9056 = PRESENTATION_LAYER_ASSIGNMENT (  '', '', ( #4598 ) ) ;
#9057 = LINE ( 'NONE', #3406, #6096 ) ;
#9058 = DIRECTION ( 'NONE',  ( 0.000000000000000000, 0.000000000000000000, 1.000000000000000000 ) ) ;
#9059 = DIRECTION ( 'NONE',  ( -1.000000000000000000, 0.000000000000000000, -0.000000000000000000 ) ) ;
#9060 = PRESENTATION_STYLE_ASSIGNMENT (( #2571 ) ) ;
#9061 = VERTEX_POINT ( 'NONE', #4885 ) ;
#9062 = UNCERTAINTY_MEASURE_WITH_UNIT (LENGTH_MEASURE( 1.000000000000000082E-05 ), #8026, 'distance_accuracy_value', 'NONE');
#9063 = EDGE_LOOP ( 'NONE', ( #6997, #8577, #1163, #5682 ) ) ;
#9064 = EDGE_CURVE ( 'NONE', #7018, #321, #6346, .T. ) ;
#9065 = ORIENTED_EDGE ( 'NONE', *, *, #3888, .F. ) ;
#9066 = CARTESIAN_POINT ( 'NONE',  ( -39.21211990792613022, 6.032913140623301196, -1.244999999999936158 ) ) ;
#9067 = DIRECTION ( 'NONE',  ( 1.000000000000000000, 0.000000000000000000, 0.000000000000000000 ) ) ;
#9068 = CARTESIAN_POINT ( 'NONE',  ( -38.65331990792612515, 8.369713140623263214, -1.575199999999936429 ) ) ;
#9069 = DIRECTION ( 'NONE',  ( -0.000000000000000000, -0.000000000000000000, -1.000000000000000000 ) ) ;
#9070 = DIRECTION ( 'NONE',  ( -1.000000000000000000, -0.000000000000000000, 0.000000000000000000 ) ) ;
#9071 = PLANE ( 'NONE',  #8382 ) ;
#9072 = FILL_AREA_STYLE ('',( #3333 ) ) ;
#9073 = ADVANCED_FACE ( 'NONE', ( #3559 ), #8359, .F. ) ;
#9074 = EDGE_CURVE ( 'NONE', #1898, #1856, #1367, .T. ) ;
#9075 =( NAMED_UNIT ( * ) SI_UNIT ( $, .STERADIAN. ) SOLID_ANGLE_UNIT ( ) );
#9076 = LINE ( 'NONE', #573, #1989 ) ;
#9077 = B_SPLINE_CURVE_WITH_KNOTS ( 'NONE', 3,
 ( #3204, #6966, #6074, #1229 ),
 .UNSPECIFIED., .F., .F.,
 ( 4, 4 ),
 ( 0.000000000000000000, 1.000000000000000000 ),
 .UNSPECIFIED. ) ;
#9078 = CARTESIAN_POINT ( 'NONE',  ( -41.82731649811006491, -11.62398703403563793, 1.215000000000000080 ) ) ;
#9079 = ORIENTED_EDGE ( 'NONE', *, *, #4301, .F. ) ;
#9080 = SURFACE_SIDE_STYLE ('',( #5417 ) ) ;
#9081 = LINE ( 'NONE', #9031, #1643 ) ;
#9082 = CARTESIAN_POINT ( 'NONE',  ( -40.82734843295796168, -16.92352698751271234, 0.7916228591975321693 ) ) ;
#9083 =( LENGTH_UNIT ( ) NAMED_UNIT ( * ) SI_UNIT ( .MILLI., .METRE. ) );
#9084 = CARTESIAN_POINT ( 'NONE',  ( -31.03331990792612061, 8.369713140623263214, -1.575199999999936429 ) ) ;
#9085 = CARTESIAN_POINT ( 'NONE',  ( -45.88039062757600561, 7.056012965964359118, -1.264999999999999902 ) ) ;
#9086 = PLANE ( 'NONE',  #4787 ) ;
#9087 = CARTESIAN_POINT ( 'NONE',  ( -20.98039062757600703, -18.30398703403564298, -0.2449999999999997735 ) ) ;
#9088 = ORIENTED_EDGE ( 'NONE', *, *, #2940, .T. ) ;
#9089 = FACE_OUTER_BOUND ( 'NONE', #3458, .T. ) ;
#9090 = VERTEX_POINT ( 'NONE', #7688 ) ;
#9091 = EDGE_CURVE ( 'NONE', #2634, #6104, #661, .T. ) ;
#9092 =( BOUNDED_CURVE ( )  B_SPLINE_CURVE ( 3, ( #7751, #2687, #6318, #6882 ),
 .UNSPECIFIED., .F., .F. ) 
 B_SPLINE_CURVE_WITH_KNOTS ( ( 4, 4 ),
 ( 1.570796326794896558, 3.141592653589782902 ),
 .UNSPECIFIED. ) 
 CURVE ( )  GEOMETRIC_REPRESENTATION_ITEM ( )  RATIONAL_B_SPLINE_CURVE ( ( 1.000000000000000000, 0.8047378541243672689, 0.8047378541243672689, 1.000000000000000000 ) ) 
 REPRESENTATION_ITEM ( '' )  );
#9093 = PRESENTATION_LAYER_ASSIGNMENT (  '', '', ( #6743 ) ) ;
#9094 = CARTESIAN_POINT ( 'NONE',  ( -33.00811990792611539, 7.201313140623236464, 1.472800000000073606 ) ) ;
#9095 = SURFACE_STYLE_USAGE ( .BOTH. , #2559 ) ;
#9096 = CARTESIAN_POINT ( 'NONE',  ( -31.82071990792611871, 6.540913140622668820, -1.244999999999925944 ) ) ;
#9097 = UNCERTAINTY_MEASURE_WITH_UNIT (LENGTH_MEASURE( 1.000000000000000082E-05 ), #6730, 'distance_accuracy_value', 'NONE');
#9098 = DIRECTION ( 'NONE',  ( 1.000000000000000000, 0.000000000000000000, -0.000000000000000000 ) ) ;
#9099 = FACE_OUTER_BOUND ( 'NONE', #6884, .T. ) ;
#9100 = CARTESIAN_POINT ( 'NONE',  ( -20.98039062757601059, -16.50398703403563871, -1.264999999999999902 ) ) ;
#9101 =( GEOMETRIC_REPRESENTATION_CONTEXT ( 3 ) GLOBAL_UNCERTAINTY_ASSIGNED_CONTEXT ( ( #3520 ) ) GLOBAL_UNIT_ASSIGNED_CONTEXT ( ( #4435, #1714, #5853 ) ) REPRESENTATION_CONTEXT ( 'NONE', 'WORKASPACE' ) );
#9102 = ORIENTED_EDGE ( 'NONE', *, *, #6212, .T. ) ;
#9103 = ORIENTED_EDGE ( 'NONE', *, *, #5282, .F. ) ;
#9104 = VECTOR ( 'NONE', #4105, 1000.000000000000000 ) ;
#9105 = CARTESIAN_POINT ( 'NONE',  ( -33.27130966308335047, 6.995323385466003963, 1.472800000000072940 ) ) ;
#9106 = AXIS2_PLACEMENT_3D ( 'NONE', #4485, #2512, #184 ) ;
#9107 = PLANE ( 'NONE',  #4832 ) ;
#9108 = DIRECTION ( 'NONE',  ( -1.000000000000000000, -1.299418334065024133E-16, 0.000000000000000000 ) ) ;
#9109 = UNCERTAINTY_MEASURE_WITH_UNIT (LENGTH_MEASURE( 1.000000000000000082E-05 ), #2291, 'distance_accuracy_value', 'NONE');
#9110 = CARTESIAN_POINT ( 'NONE',  ( -47.08039062757600846, 4.756012965964352190, 1.255000000000000115 ) ) ;
#9111 = PLANE ( 'NONE',  #4727 ) ;
#9112 = AXIS2_PLACEMENT_3D ( 'NONE', #7899, #4330, #6557 ) ;
#9113 = COLOUR_RGB ( '',0.08235294117647058709, 0.08235294117647058709, 0.08235294117647058709 ) ;
#9114 = ORIENTED_EDGE ( 'NONE', *, *, #6364, .F. ) ;
#9115 = COLOUR_RGB ( '',0.6470588235294117974, 0.6196078431372549211, 0.5882352941176470784 ) ;
#9116 = ORIENTED_EDGE ( 'NONE', *, *, #889, .T. ) ;
#9117 = AXIS2_PLACEMENT_3D ( 'NONE', #5718, #1319, #8544 ) ;
#9118 = ORIENTED_EDGE ( 'NONE', *, *, #1164, .T. ) ;
#9119 = DIRECTION ( 'NONE',  ( -1.000000000000000000, -1.734723475976805714E-15, 0.000000000000000000 ) ) ;
#9120 = DIRECTION ( 'NONE',  ( 0.000000000000000000, -0.000000000000000000, -1.000000000000000000 ) ) ;
#9121 = CARTESIAN_POINT ( 'NONE',  ( -29.45851990792611730, 8.369713140623288083, -3.530999999999912209 ) ) ;
#9122 = CARTESIAN_POINT ( 'NONE',  ( -24.58039062757600846, -16.50398703403563871, -1.264999999999999902 ) ) ;
#9123 = PRESENTATION_STYLE_ASSIGNMENT (( #7687 ) ) ;
#9124 = CARTESIAN_POINT ( 'NONE',  ( -31.52742597117762102, 8.369713140623288083, -3.530999999999912209 ) ) ;
#9125 = EDGE_CURVE ( 'NONE', #723, #3889, #6300, .T. ) ;
#9126 = DIRECTION ( 'NONE',  ( -0.000000000000000000, -1.000000000000000000, -0.000000000000000000 ) ) ;
#9127 = CARTESIAN_POINT ( 'NONE',  ( -35.29411990792612386, 6.890113140623252086, 1.218800000000072270 ) ) ;
#9128 = EDGE_LOOP ( 'NONE', ( #7633, #2817 ) ) ;
#9129 = SURFACE_SIDE_STYLE ('',( #5038 ) ) ;
#9130 = PRESENTATION_STYLE_ASSIGNMENT (( #5552 ) ) ;
#9131 = PRESENTATION_STYLE_ASSIGNMENT (( #5554 ) ) ;
#9132 = CARTESIAN_POINT ( 'NONE',  ( -38.74705729424268696, -14.00398703403564227, 0.7150000000000003020 ) ) ;
#9133 = SURFACE_SIDE_STYLE ('',( #2780 ) ) ;
#9134 = CARTESIAN_POINT ( 'NONE',  ( -34.06742597117768412, 6.032913140623324288, -3.530999999999931305 ) ) ;
#9135 = SURFACE_SIDE_STYLE ('',( #2171 ) ) ;
#9136 = FACE_OUTER_BOUND ( 'NONE', #7719, .T. ) ;
#9137 = ORIENTED_EDGE ( 'NONE', *, *, #9023, .F. ) ;
#9138 = EDGE_CURVE ( 'NONE', #2466, #3879, #1322, .T. ) ;
#9139 = CARTESIAN_POINT ( 'NONE',  ( -40.82731649811005781, -16.30398703403564653, -1.254999999999999893 ) ) ;
#9140 = ORIENTED_EDGE ( 'NONE', *, *, #5975, .F. ) ;
#9141 = ORIENTED_EDGE ( 'NONE', *, *, #2085, .T. ) ;
#9142 = DIRECTION ( 'NONE',  ( 0.000000000000000000, 1.000000000000000000, 0.000000000000000000 ) ) ;
#9143 = CARTESIAN_POINT ( 'NONE',  ( -34.33039062757600846, -3.003987034035643600, 1.215000000000000080 ) ) ;
#9144 = CARTESIAN_POINT ( 'NONE',  ( -45.88039062757600561, 7.056012965964359118, -1.264999999999999902 ) ) ;
#9145 = VECTOR ( 'NONE', #7740, 1000.000000000000000 ) ;
#9146 = STYLED_ITEM ( 'NONE', ( #949 ), #699 ) ;
#9147 = EDGE_CURVE ( 'NONE', #1148, #7914, #1604, .T. ) ;
#9148 = VECTOR ( 'NONE', #4729, 1000.000000000000000 ) ;
#9149 = DIRECTION ( 'NONE',  ( 1.000000000000000000, 0.000000000000000000, 0.000000000000000000 ) ) ;
#9150 = CARTESIAN_POINT ( 'NONE',  ( -34.33039062757600846, -16.30398703403564653, -0.2449999999999997735 ) ) ;
#9151 = CARTESIAN_POINT ( 'NONE',  ( -40.82731649811006491, -17.89567592258572404, -0.9547890766329637513 ) ) ;
#9152 = PRESENTATION_STYLE_ASSIGNMENT (( #5572 ) ) ;
#9153 = CARTESIAN_POINT ( 'NONE',  ( -38.45651990792611485, 7.512513140623251928, 1.218800000000079597 ) ) ;
#9154 = EDGE_CURVE ( 'NONE', #3802, #4630, #6538, .T. ) ;
#9155 = ORIENTED_EDGE ( 'NONE', *, *, #3464, .F. ) ;
#9156 = ORIENTED_EDGE ( 'NONE', *, *, #4299, .F. ) ;
#9157 = VECTOR ( 'NONE', #2639, 1000.000000000000000 ) ;
#9158 =( BOUNDED_CURVE ( )  B_SPLINE_CURVE ( 3, ( #4489, #7831, #1370, #9127 ),
 .UNSPECIFIED., .F., .F. ) 
 B_SPLINE_CURVE_WITH_KNOTS ( ( 4, 4 ),
 ( 1.570796326794896558, 3.141592653589796225 ),
 .UNSPECIFIED. ) 
 CURVE ( )  GEOMETRIC_REPRESENTATION_ITEM ( )  RATIONAL_B_SPLINE_CURVE ( ( 1.000000000000000000, 0.8047378541243643824, 0.8047378541243643824, 1.000000000000000000 ) ) 
 REPRESENTATION_ITEM ( '' )  );
#9159 = VECTOR ( 'NONE', #6594, 1000.000000000000000 ) ;
#9160 = AXIS2_PLACEMENT_3D ( 'NONE', #8308, #1911, #4771 ) ;
#9161 = LINE ( 'NONE', #4022, #8161 ) ;
#9162 = PRESENTATION_STYLE_ASSIGNMENT (( #3495 ) ) ;
#9163 = ADVANCED_FACE ( 'NONE', ( #111 ), #3708, .F. ) ;
#9164 = STYLED_ITEM ( 'NONE', ( #2546 ), #185 ) ;
#9165 = SURFACE_SIDE_STYLE ('',( #3409 ) ) ;
#9166 = FILL_AREA_STYLE_COLOUR ( '', #6541 ) ;
#9167 = AXIS2_PLACEMENT_3D ( 'NONE', #3053, #293, #6546 ) ;
#9168 = ADVANCED_FACE ( 'NONE', ( #2342 ), #3088, .F. ) ;
#9169 = ORIENTED_EDGE ( 'NONE', *, *, #605, .T. ) ;
#9170 = ORIENTED_EDGE ( 'NONE', *, *, #8072, .T. ) ;
#9171 = VECTOR ( 'NONE', #1906, 1000.000000000000000 ) ;
#9172 = VERTEX_POINT ( 'NONE', #8599 ) ;
#9173 =( NAMED_UNIT ( * ) SI_UNIT ( $, .STERADIAN. ) SOLID_ANGLE_UNIT ( ) );
#9174 = SURFACE_SIDE_STYLE ('',( #6339 ) ) ;
#9175 = DIRECTION ( 'NONE',  ( -1.000000000000000000, -0.000000000000000000, -0.000000000000000000 ) ) ;
#9176 =( LENGTH_UNIT ( ) NAMED_UNIT ( * ) SI_UNIT ( .MILLI., .METRE. ) );
#9177 = FACE_OUTER_BOUND ( 'NONE', #4985, .T. ) ;
#9178 = LINE ( 'NONE', #2861, #4376 ) ;
#9179 = DIRECTION ( 'NONE',  ( -1.000000000000000000, -0.000000000000000000, -0.000000000000000000 ) ) ;
#9180 =( NAMED_UNIT ( * ) PLANE_ANGLE_UNIT ( ) SI_UNIT ( $, .RADIAN. ) );
#9181 = EDGE_LOOP ( 'NONE', ( #7915, #4778, #8909, #6896 ) ) ;
#9182 = EDGE_CURVE ( 'NONE', #1466, #145, #4408, .T. ) ;
#9183 = PRESENTATION_STYLE_ASSIGNMENT (( #8552 ) ) ;
#9184 = LINE ( 'NONE', #4142, #737 ) ;
#9185 = MECHANICAL_DESIGN_GEOMETRIC_PRESENTATION_REPRESENTATION (  '', ( #6963 ), #6667 ) ;
#9186 =( NAMED_UNIT ( * ) PLANE_ANGLE_UNIT ( ) SI_UNIT ( $, .RADIAN. ) );
#9187 = CARTESIAN_POINT ( 'NONE',  ( -38.20246990792612252, 7.201313140623347486, -9.118999999999921613 ) ) ;
#9188 = SURFACE_STYLE_FILL_AREA ( #8509 ) ;
#9189 = FILL_AREA_STYLE ('',( #2115 ) ) ;
#9190 = DIRECTION ( 'NONE',  ( 1.000000000000000000, 0.000000000000000000, 0.000000000000000000 ) ) ;
#9191 = SURFACE_STYLE_USAGE ( .BOTH. , #6175 ) ;
#9192 = PRESENTATION_LAYER_ASSIGNMENT (  '', '', ( #8731 ) ) ;
#9193 = CARTESIAN_POINT ( 'NONE',  ( -40.82731649811005781, -18.11334830678238461, -0.7435084826342410746 ) ) ;
#9194 = ORIENTED_EDGE ( 'NONE', *, *, #4657, .F. ) ;
#9195 = VERTEX_POINT ( 'NONE', #2907 ) ;
#9196 = PRESENTATION_STYLE_ASSIGNMENT (( #2224 ) ) ;
#9197 = DIRECTION ( 'NONE',  ( -1.000000000000000000, 0.000000000000000000, 0.000000000000000000 ) ) ;
#9198 = SURFACE_STYLE_FILL_AREA ( #1482 ) ;
#9199 = VECTOR ( 'NONE', #1515, 1000.000000000000000 ) ;
#9200 = UNCERTAINTY_MEASURE_WITH_UNIT (LENGTH_MEASURE( 1.000000000000000082E-05 ), #1489, 'distance_accuracy_value', 'NONE');
#9201 = FACE_OUTER_BOUND ( 'NONE', #1640, .T. ) ;
#9202 = CARTESIAN_POINT ( 'NONE',  ( -31.82071990792587712, 7.861713140623442619, -3.530999999999912209 ) ) ;
#9203 = ADVANCED_FACE ( 'NONE', ( #5828 ), #8645, .F. ) ;
#9204 =( NAMED_UNIT ( * ) SI_UNIT ( $, .STERADIAN. ) SOLID_ANGLE_UNIT ( ) );
#9205 = CARTESIAN_POINT ( 'NONE',  ( -27.82731649811005781, -18.30398703403564298, -1.245000000000000107 ) ) ;
#9206 = DIRECTION ( 'NONE',  ( 0.000000000000000000, 1.000000000000000000, -0.000000000000000000 ) ) ;
#9207 = VERTEX_POINT ( 'NONE', #6860 ) ;
#9208 = ORIENTED_EDGE ( 'NONE', *, *, #7042, .F. ) ;
#9209 = AXIS2_PLACEMENT_3D ( 'NONE', #6223, #8996, #4191 ) ;
#9210 = MECHANICAL_DESIGN_GEOMETRIC_PRESENTATION_REPRESENTATION (  '', ( #2931 ), #3524 ) ;
#9211 = DIRECTION ( 'NONE',  ( -0.000000000000000000, -1.000000000000000000, 0.000000000000000000 ) ) ;
#9212 = CARTESIAN_POINT ( 'NONE',  ( -28.82731649811005781, -16.30398703403564653, -1.245000000000000107 ) ) ;
#9213 = LINE ( 'NONE', #7166, #201 ) ;
#9214 = ORIENTED_EDGE ( 'NONE', *, *, #5466, .F. ) ;
#9215 = VERTEX_POINT ( 'NONE', #8309 ) ;
#9216 = ORIENTED_EDGE ( 'NONE', *, *, #6385, .F. ) ;
#9217 = VERTEX_POINT ( 'NONE', #6903 ) ;
#9218 =( LENGTH_UNIT ( ) NAMED_UNIT ( * ) SI_UNIT ( .MILLI., .METRE. ) );
#9219 = EDGE_CURVE ( 'NONE', #3900, #2557, #5444, .T. ) ;
#9220 = FACE_OUTER_BOUND ( 'NONE', #1292, .T. ) ;
#9221 = CARTESIAN_POINT ( 'NONE',  ( -38.20246990792612252, 7.144163140623349229, -9.372999999999922949 ) ) ;
#9222 = DIRECTION ( 'NONE',  ( -0.5000000000000162093, 0.8660254037844292707, 0.000000000000000000 ) ) ;
#9223 = COLOUR_RGB ( '',0.000000000000000000, 0.5019607843137254832, 1.000000000000000000 ) ;
#9224 = DIRECTION ( 'NONE',  ( -1.000000000000000000, 2.478176394252582127E-16, -0.000000000000000000 ) ) ;
#9225 = MECHANICAL_DESIGN_GEOMETRIC_PRESENTATION_REPRESENTATION (  '', ( #269 ), #7303 ) ;
#9226 = CARTESIAN_POINT ( 'NONE',  ( -22.78039062757601130, -16.50398703403563871, -1.264999999999999902 ) ) ;
#9227 = ORIENTED_EDGE ( 'NONE', *, *, #5744, .F. ) ;
#9228 = ORIENTED_EDGE ( 'NONE', *, *, #1996, .F. ) ;
#9229 = PRESENTATION_STYLE_ASSIGNMENT (( #2867 ) ) ;
#9230 = SURFACE_STYLE_FILL_AREA ( #7791 ) ;
#9231 = CARTESIAN_POINT ( 'NONE',  ( -38.64039062757601073, 7.206012965964358585, -1.266000000000000014 ) ) ;
#9232 = UNCERTAINTY_MEASURE_WITH_UNIT (LENGTH_MEASURE( 1.000000000000000082E-05 ), #6774, 'distance_accuracy_value', 'NONE');
#9233 = FILL_AREA_STYLE ('',( #5645 ) ) ;
#9234 = CARTESIAN_POINT ( 'NONE',  ( -27.82731649811005781, -11.62398703403564149, 1.215000000000000080 ) ) ;
#9235 = LINE ( 'NONE', #8561, #2081 ) ;
#9236 =( LENGTH_UNIT ( ) NAMED_UNIT ( * ) SI_UNIT ( .MILLI., .METRE. ) );
#9237 = VECTOR ( 'NONE', #5662, 1000.000000000000114 ) ;
#9238 = EDGE_LOOP ( 'NONE', ( #5597, #9194, #9156, #8092 ) ) ;
#9239 = VERTEX_POINT ( 'NONE', #1045 ) ;
#9240 = DIRECTION ( 'NONE',  ( -0.000000000000000000, -1.000000000000000000, -1.047444401652940007E-14 ) ) ;
#9241 = DIRECTION ( 'NONE',  ( 0.000000000000000000, 0.000000000000000000, 1.000000000000000000 ) ) ;
#9242 = CARTESIAN_POINT ( 'NONE',  ( -31.52742597117812196, 6.032913140623280768, -3.530999999999936634 ) ) ;
#9243 = CARTESIAN_POINT ( 'NONE',  ( -28.82731649811005781, -18.10562529651155117, -0.7373595690760407217 ) ) ;
#9244 = EDGE_CURVE ( 'NONE', #8166, #3025, #1167, .T. ) ;
#9245 = DIRECTION ( 'NONE',  ( 1.000000000000000000, 0.000000000000000000, 0.000000000000000000 ) ) ;
#9246 = DIRECTION ( 'NONE',  ( 0.000000000000000000, 0.000000000000000000, 1.000000000000000000 ) ) ;
#9247 = CARTESIAN_POINT ( 'NONE',  ( -47.68039062757600988, 7.056012965964359118, -1.264999999999999902 ) ) ;
#9248 = ORIENTED_EDGE ( 'NONE', *, *, #7456, .F. ) ;
#9249 = ORIENTED_EDGE ( 'NONE', *, *, #7514, .T. ) ;
ENDSEC;
END-ISO-10303-21;
