ISO-10303-21;
HEADER;
FILE_DESCRIPTION((''),'2;1');
FILE_NAME('C-2-406541-2','2016-09-28T',('workeradm'),('Tyco Electronics Ltd.'),
'CREO PARAMETRIC BY PTC INC, 2016050','CREO PARAMETRIC BY PTC INC, 2016050','');
FILE_SCHEMA(('AUTOMOTIVE_DESIGN { 1 0 10303 214 1 1 1 1 }'));
ENDSEC;
DATA;
#134=DIRECTION('',(0.E0,-1.E0,-1.487985290166E-14));
#135=VECTOR('',#134,1.1938E-1);
#136=CARTESIAN_POINT('',(-7.93242E0,5.0038E-1,-1.518158E1));
#137=LINE('',#136,#135);
#138=DIRECTION('',(0.E0,0.E0,-1.E0));
#139=VECTOR('',#138,3.24358E0);
#140=CARTESIAN_POINT('',(-7.93242E0,5.0038E-1,-1.1938E1));
#141=LINE('',#140,#139);
#142=DIRECTION('',(0.E0,1.E0,0.E0));
#143=VECTOR('',#142,1.1938E-1);
#144=CARTESIAN_POINT('',(-7.93242E0,3.81E-1,-1.1938E1));
#145=LINE('',#144,#143);
#146=DIRECTION('',(0.E0,0.E0,-1.E0));
#147=VECTOR('',#146,3.24358E0);
#148=CARTESIAN_POINT('',(-7.93242E0,3.81E-1,-1.1938E1));
#149=LINE('',#148,#147);
#150=CARTESIAN_POINT('',(-7.93242E0,2.4638E-1,-7.8232E0));
#151=DIRECTION('',(-1.E0,0.E0,0.E0));
#152=DIRECTION('',(0.E0,1.E0,0.E0));
#153=AXIS2_PLACEMENT_3D('',#150,#151,#152);
#155=DIRECTION('',(0.E0,0.E0,-1.E0));
#156=VECTOR('',#155,7.37362E0);
#157=CARTESIAN_POINT('',(-7.93242E0,5.0038E-1,-4.4958E-1));
#158=LINE('',#157,#156);
#159=DIRECTION('',(0.E0,1.E0,0.E0));
#160=VECTOR('',#159,1.1938E-1);
#161=CARTESIAN_POINT('',(-7.93242E0,3.81E-1,-4.4958E-1));
#162=LINE('',#161,#160);
#163=DIRECTION('',(0.E0,0.E0,-1.E0));
#164=VECTOR('',#163,7.589011400943E0);
#165=CARTESIAN_POINT('',(-7.93242E0,3.81E-1,-4.4958E-1));
#166=LINE('',#165,#164);
#167=CARTESIAN_POINT('',(-7.93242E0,2.4638E-1,-9.6012E0));
#168=DIRECTION('',(-1.E0,0.E0,0.E0));
#169=DIRECTION('',(0.E0,5.3E-1,8.479976415062E-1));
#170=AXIS2_PLACEMENT_3D('',#167,#168,#169);
#172=DIRECTION('',(0.E0,0.E0,-1.E0));
#173=VECTOR('',#172,5.201914009426E-1);
#174=CARTESIAN_POINT('',(-7.93242E0,3.81E-1,-9.385808599057E0));
#175=LINE('',#174,#173);
#176=DIRECTION('',(0.E0,1.E0,0.E0));
#177=VECTOR('',#176,1.1938E-1);
#178=CARTESIAN_POINT('',(-7.93242E0,3.81E-1,-9.906E0));
#179=LINE('',#178,#177);
#180=DIRECTION('',(0.E0,0.E0,-1.E0));
#181=VECTOR('',#180,3.048E-1);
#182=CARTESIAN_POINT('',(-7.93242E0,5.0038E-1,-9.6012E0));
#183=LINE('',#182,#181);
#184=CARTESIAN_POINT('',(-7.67842E0,5.0038E-1,-1.518158E1));
#185=DIRECTION('',(0.E0,1.E0,0.E0));
#186=DIRECTION('',(0.E0,0.E0,-1.E0));
#187=AXIS2_PLACEMENT_3D('',#184,#185,#186);
#189=DIRECTION('',(0.E0,0.E0,-1.E0));
#190=VECTOR('',#189,3.566923276595E-1);
#191=CARTESIAN_POINT('',(3.7719E0,3.81E-1,-7.641820241961E0));
#192=LINE('',#191,#190);
#193=DIRECTION('',(1.E0,0.E0,0.E0));
#194=VECTOR('',#193,4.318E-1);
#195=CARTESIAN_POINT('',(3.3401E0,3.81E-1,-7.641820241961E0));
#196=LINE('',#195,#194);
#197=DIRECTION('',(0.E0,0.E0,1.E0));
#198=VECTOR('',#197,3.566923276595E-1);
#199=CARTESIAN_POINT('',(3.3401E0,3.81E-1,-7.998512569621E0));
#200=LINE('',#199,#198);
#201=DIRECTION('',(1.E0,0.E0,0.E0));
#202=VECTOR('',#201,4.318E-1);
#203=CARTESIAN_POINT('',(3.3401E0,3.81E-1,-7.998512569621E0));
#204=LINE('',#203,#202);
#205=DIRECTION('',(0.E0,0.E0,-1.E0));
#206=VECTOR('',#205,3.566923276595E-1);
#207=CARTESIAN_POINT('',(1.7399E0,3.81E-1,-7.641820241961E0));
#208=LINE('',#207,#206);
#209=DIRECTION('',(1.E0,0.E0,0.E0));
#210=VECTOR('',#209,4.318E-1);
#211=CARTESIAN_POINT('',(1.3081E0,3.81E-1,-7.641820241961E0));
#212=LINE('',#211,#210);
#213=DIRECTION('',(0.E0,0.E0,1.E0));
#214=VECTOR('',#213,3.566923276595E-1);
#215=CARTESIAN_POINT('',(1.3081E0,3.81E-1,-7.998512569621E0));
#216=LINE('',#215,#214);
#217=DIRECTION('',(1.E0,0.E0,0.E0));
#218=VECTOR('',#217,4.318E-1);
#219=CARTESIAN_POINT('',(1.3081E0,3.81E-1,-7.998512569621E0));
#220=LINE('',#219,#218);
#221=DIRECTION('',(0.E0,0.E0,-1.E0));
#222=VECTOR('',#221,3.566923276595E-1);
#223=CARTESIAN_POINT('',(-2.921E-1,3.81E-1,-7.641820241961E0));
#224=LINE('',#223,#222);
#225=DIRECTION('',(1.E0,0.E0,0.E0));
#226=VECTOR('',#225,4.318E-1);
#227=CARTESIAN_POINT('',(-7.239E-1,3.81E-1,-7.641820241961E0));
#228=LINE('',#227,#226);
#229=DIRECTION('',(0.E0,0.E0,1.E0));
#230=VECTOR('',#229,3.566923276595E-1);
#231=CARTESIAN_POINT('',(-7.239E-1,3.81E-1,-7.998512569621E0));
#232=LINE('',#231,#230);
#233=DIRECTION('',(1.E0,0.E0,0.E0));
#234=VECTOR('',#233,4.318E-1);
#235=CARTESIAN_POINT('',(-7.239E-1,3.81E-1,-7.998512569621E0));
#236=LINE('',#235,#234);
#237=DIRECTION('',(0.E0,0.E0,-1.E0));
#238=VECTOR('',#237,3.566923276595E-1);
#239=CARTESIAN_POINT('',(-2.3241E0,3.81E-1,-7.641820241961E0));
#240=LINE('',#239,#238);
#241=DIRECTION('',(1.E0,0.E0,0.E0));
#242=VECTOR('',#241,4.318E-1);
#243=CARTESIAN_POINT('',(-2.7559E0,3.81E-1,-7.641820241961E0));
#244=LINE('',#243,#242);
#245=DIRECTION('',(0.E0,0.E0,1.E0));
#246=VECTOR('',#245,3.566923276595E-1);
#247=CARTESIAN_POINT('',(-2.7559E0,3.81E-1,-7.998512569621E0));
#248=LINE('',#247,#246);
#249=DIRECTION('',(1.E0,0.E0,0.E0));
#250=VECTOR('',#249,4.318E-1);
#251=CARTESIAN_POINT('',(-2.7559E0,3.81E-1,-7.998512569621E0));
#252=LINE('',#251,#250);
#253=DIRECTION('',(0.E0,0.E0,-1.E0));
#254=VECTOR('',#253,3.566923276595E-1);
#255=CARTESIAN_POINT('',(2.7559E0,3.81E-1,-9.419820241961E0));
#256=LINE('',#255,#254);
#257=DIRECTION('',(1.E0,0.E0,0.E0));
#258=VECTOR('',#257,4.318E-1);
#259=CARTESIAN_POINT('',(2.3241E0,3.81E-1,-9.419820241961E0));
#260=LINE('',#259,#258);
#261=DIRECTION('',(0.E0,0.E0,1.E0));
#262=VECTOR('',#261,3.566923276595E-1);
#263=CARTESIAN_POINT('',(2.3241E0,3.81E-1,-9.776512569621E0));
#264=LINE('',#263,#262);
#265=DIRECTION('',(1.E0,0.E0,0.E0));
#266=VECTOR('',#265,4.318E-1);
#267=CARTESIAN_POINT('',(2.3241E0,3.81E-1,-9.776512569621E0));
#268=LINE('',#267,#266);
#269=DIRECTION('',(0.E0,0.E0,-1.E0));
#270=VECTOR('',#269,3.566923276595E-1);
#271=CARTESIAN_POINT('',(7.239E-1,3.81E-1,-9.419820241961E0));
#272=LINE('',#271,#270);
#273=DIRECTION('',(1.E0,0.E0,0.E0));
#274=VECTOR('',#273,4.318E-1);
#275=CARTESIAN_POINT('',(2.921E-1,3.81E-1,-9.419820241961E0));
#276=LINE('',#275,#274);
#277=DIRECTION('',(0.E0,0.E0,1.E0));
#278=VECTOR('',#277,3.566923276595E-1);
#279=CARTESIAN_POINT('',(2.921E-1,3.81E-1,-9.776512569621E0));
#280=LINE('',#279,#278);
#281=DIRECTION('',(1.E0,0.E0,0.E0));
#282=VECTOR('',#281,4.318E-1);
#283=CARTESIAN_POINT('',(2.921E-1,3.81E-1,-9.776512569621E0));
#284=LINE('',#283,#282);
#285=DIRECTION('',(0.E0,0.E0,-1.E0));
#286=VECTOR('',#285,3.566923276595E-1);
#287=CARTESIAN_POINT('',(-1.3081E0,3.81E-1,-9.419820241961E0));
#288=LINE('',#287,#286);
#289=DIRECTION('',(1.E0,0.E0,0.E0));
#290=VECTOR('',#289,4.318E-1);
#291=CARTESIAN_POINT('',(-1.7399E0,3.81E-1,-9.419820241961E0));
#292=LINE('',#291,#290);
#293=DIRECTION('',(0.E0,0.E0,1.E0));
#294=VECTOR('',#293,3.566923276595E-1);
#295=CARTESIAN_POINT('',(-1.7399E0,3.81E-1,-9.776512569621E0));
#296=LINE('',#295,#294);
#297=DIRECTION('',(1.E0,0.E0,0.E0));
#298=VECTOR('',#297,4.318E-1);
#299=CARTESIAN_POINT('',(-1.7399E0,3.81E-1,-9.776512569621E0));
#300=LINE('',#299,#298);
#301=DIRECTION('',(0.E0,0.E0,-1.E0));
#302=VECTOR('',#301,3.566923276595E-1);
#303=CARTESIAN_POINT('',(-3.3401E0,3.81E-1,-9.419820241961E0));
#304=LINE('',#303,#302);
#305=DIRECTION('',(1.E0,0.E0,0.E0));
#306=VECTOR('',#305,4.318E-1);
#307=CARTESIAN_POINT('',(-3.7719E0,3.81E-1,-9.419820241961E0));
#308=LINE('',#307,#306);
#309=DIRECTION('',(0.E0,0.E0,1.E0));
#310=VECTOR('',#309,3.566923276595E-1);
#311=CARTESIAN_POINT('',(-3.7719E0,3.81E-1,-9.776512569621E0));
#312=LINE('',#311,#310);
#313=DIRECTION('',(1.E0,0.E0,0.E0));
#314=VECTOR('',#313,4.318E-1);
#315=CARTESIAN_POINT('',(-3.7719E0,3.81E-1,-9.776512569621E0));
#316=LINE('',#315,#314);
#317=DIRECTION('',(0.E0,0.E0,1.E0));
#318=VECTOR('',#317,1.34112E0);
#319=CARTESIAN_POINT('',(-6.35E0,3.81E-1,-3.8862E0));
#320=LINE('',#319,#318);
#321=DIRECTION('',(0.E0,0.E0,-1.E0));
#322=VECTOR('',#321,1.394078333979E0);
#323=CARTESIAN_POINT('',(-6.731E0,3.81E-1,-2.54508E0));
#324=LINE('',#323,#322);
#325=CARTESIAN_POINT('',(-6.35E0,3.81E-1,-5.2832E0));
#326=DIRECTION('',(0.E0,-1.E0,0.E0));
#327=DIRECTION('',(-2.727272727273E-1,0.E0,9.620913858417E-1));
#328=AXIS2_PLACEMENT_3D('',#325,#326,#327);
#330=DIRECTION('',(0.E0,0.E0,-1.E0));
#331=VECTOR('',#330,6.712838333979E0);
#332=CARTESIAN_POINT('',(-6.731E0,3.81E-1,-6.627241666021E0));
#333=LINE('',#332,#331);
#334=DIRECTION('',(0.E0,0.E0,1.E0));
#335=VECTOR('',#334,6.65988E0);
#336=CARTESIAN_POINT('',(-6.35E0,3.81E-1,-1.334008E1));
#337=LINE('',#336,#335);
#338=CARTESIAN_POINT('',(-6.35E0,3.81E-1,-5.2832E0));
#339=DIRECTION('',(0.E0,-1.E0,0.E0));
#340=DIRECTION('',(0.E0,0.E0,-1.E0));
#341=AXIS2_PLACEMENT_3D('',#338,#339,#340);
#343=DIRECTION('',(0.E0,0.E0,1.E0));
#344=VECTOR('',#343,2.688083332042E0);
#345=CARTESIAN_POINT('',(-5.969E0,3.81E-1,-6.627241666021E0));
#346=LINE('',#345,#344);
#347=CARTESIAN_POINT('',(-6.35E0,3.81E-1,-5.2832E0));
#348=DIRECTION('',(0.E0,-1.E0,0.E0));
#349=DIRECTION('',(2.727272727273E-1,0.E0,9.620913858417E-1));
#350=AXIS2_PLACEMENT_3D('',#347,#348,#349);
#352=DIRECTION('',(0.E0,0.E0,1.E0));
#353=VECTOR('',#352,1.394078333979E0);
#354=CARTESIAN_POINT('',(6.731E0,3.81E-1,-3.939158333979E0));
#355=LINE('',#354,#353);
#356=DIRECTION('',(0.E0,0.E0,-1.E0));
#357=VECTOR('',#356,1.34112E0);
#358=CARTESIAN_POINT('',(6.35E0,3.81E-1,-2.54508E0));
#359=LINE('',#358,#357);
#360=CARTESIAN_POINT('',(6.35E0,3.81E-1,-5.2832E0));
#361=DIRECTION('',(0.E0,-1.E0,0.E0));
#362=DIRECTION('',(0.E0,0.E0,1.E0));
#363=AXIS2_PLACEMENT_3D('',#360,#361,#362);
#365=DIRECTION('',(0.E0,0.E0,-1.E0));
#366=VECTOR('',#365,2.688083332042E0);
#367=CARTESIAN_POINT('',(5.969E0,3.81E-1,-3.939158333979E0));
#368=LINE('',#367,#366);
#369=CARTESIAN_POINT('',(6.35E0,3.81E-1,-5.2832E0));
#370=DIRECTION('',(0.E0,-1.E0,0.E0));
#371=DIRECTION('',(-2.727272727273E-1,0.E0,-9.620913858417E-1));
#372=AXIS2_PLACEMENT_3D('',#369,#370,#371);
#374=DIRECTION('',(0.E0,0.E0,-1.E0));
#375=VECTOR('',#374,6.65988E0);
#376=CARTESIAN_POINT('',(6.35E0,3.81E-1,-6.6802E0));
#377=LINE('',#376,#375);
#378=DIRECTION('',(0.E0,0.E0,1.E0));
#379=VECTOR('',#378,6.712838333979E0);
#380=CARTESIAN_POINT('',(6.731E0,3.81E-1,-1.334008E1));
#381=LINE('',#380,#379);
#382=CARTESIAN_POINT('',(6.35E0,3.81E-1,-5.2832E0));
#383=DIRECTION('',(0.E0,-1.E0,0.E0));
#384=DIRECTION('',(2.727272727273E-1,0.E0,-9.620913858417E-1));
#385=AXIS2_PLACEMENT_3D('',#382,#383,#384);
#387=CARTESIAN_POINT('',(-7.67842E0,3.81E-1,-4.4958E-1));
#388=DIRECTION('',(0.E0,-1.E0,0.E0));
#389=DIRECTION('',(0.E0,0.E0,1.E0));
#390=AXIS2_PLACEMENT_3D('',#387,#388,#389);
#392=DIRECTION('',(1.E0,0.E0,0.E0));
#393=VECTOR('',#392,1.58242E0);
#394=CARTESIAN_POINT('',(-7.67842E0,3.81E-1,-1.9558E-1));
#395=LINE('',#394,#393);
#396=DIRECTION('',(0.E0,0.E0,-1.E0));
#397=VECTOR('',#396,2.887424672161E-1);
#398=CARTESIAN_POINT('',(-6.096E0,3.81E-1,-1.9558E-1));
#399=LINE('',#398,#397);
#400=CARTESIAN_POINT('',(-6.096E0,3.81E-1,-7.383224672161E-1));
#401=DIRECTION('',(0.E0,-1.E0,0.E0));
#402=DIRECTION('',(9.659258262891E-1,0.E0,2.588190451025E-1));
#403=AXIS2_PLACEMENT_3D('',#400,#401,#402);
#405=DIRECTION('',(-2.588190451025E-1,0.E0,9.659258262891E-1));
#406=VECTOR('',#405,1.407372629700E0);
#407=CARTESIAN_POINT('',(-5.4864E0,3.81E-1,-2.032E0));
#408=LINE('',#407,#406);
#409=DIRECTION('',(-1.E0,0.E0,0.E0));
#410=VECTOR('',#409,1.8288E0);
#411=CARTESIAN_POINT('',(-3.6576E0,3.81E-1,-2.032E0));
#412=LINE('',#411,#410);
#413=DIRECTION('',(-2.588190451027E-1,0.E0,-9.659258262890E-1));
#414=VECTOR('',#413,1.407372629700E0);
#415=CARTESIAN_POINT('',(-3.293345159877E0,3.81E-1,-6.725824297601E-1));
#416=LINE('',#415,#414);
#417=CARTESIAN_POINT('',(-3.048E0,3.81E-1,-7.383224672162E-1));
#418=DIRECTION('',(0.E0,-1.E0,0.E0));
#419=DIRECTION('',(1.E0,0.E0,0.E0));
#420=AXIS2_PLACEMENT_3D('',#417,#418,#419);
#422=DIRECTION('',(0.E0,0.E0,1.E0));
#423=VECTOR('',#422,2.309677532784E0);
#424=CARTESIAN_POINT('',(-2.794E0,3.81E-1,-3.048E0));
#425=LINE('',#424,#423);
#426=DIRECTION('',(1.E0,0.E0,0.E0));
#427=VECTOR('',#426,5.588E0);
#428=CARTESIAN_POINT('',(-2.794E0,3.81E-1,-3.048E0));
#429=LINE('',#428,#427);
#430=DIRECTION('',(0.E0,0.E0,-1.E0));
#431=VECTOR('',#430,2.309677532784E0);
#432=CARTESIAN_POINT('',(2.794E0,3.81E-1,-7.383224672162E-1));
#433=LINE('',#432,#431);
#434=CARTESIAN_POINT('',(3.048E0,3.81E-1,-7.383224672162E-1));
#435=DIRECTION('',(0.E0,-1.E0,0.E0));
#436=DIRECTION('',(9.659258262890E-1,0.E0,2.588190451027E-1));
#437=AXIS2_PLACEMENT_3D('',#434,#435,#436);
#439=DIRECTION('',(-2.588190451027E-1,0.E0,9.659258262890E-1));
#440=VECTOR('',#439,1.407372629700E0);
#441=CARTESIAN_POINT('',(3.6576E0,3.81E-1,-2.032E0));
#442=LINE('',#441,#440);
#443=DIRECTION('',(-1.E0,0.E0,0.E0));
#444=VECTOR('',#443,1.8288E0);
#445=CARTESIAN_POINT('',(5.4864E0,3.81E-1,-2.032E0));
#446=LINE('',#445,#444);
#447=DIRECTION('',(-2.588190451025E-1,0.E0,-9.659258262891E-1));
#448=VECTOR('',#447,1.407372629700E0);
#449=CARTESIAN_POINT('',(5.850654840123E0,3.81E-1,-6.725824297601E-1));
#450=LINE('',#449,#448);
#451=CARTESIAN_POINT('',(6.096E0,3.81E-1,-7.383224672161E-1));
#452=DIRECTION('',(0.E0,-1.E0,0.E0));
#453=DIRECTION('',(0.E0,0.E0,1.E0));
#454=AXIS2_PLACEMENT_3D('',#451,#452,#453);
#456=DIRECTION('',(0.E0,0.E0,-1.E0));
#457=VECTOR('',#456,2.887424672161E-1);
#458=CARTESIAN_POINT('',(6.096E0,3.81E-1,-1.9558E-1));
#459=LINE('',#458,#457);
#460=DIRECTION('',(-1.E0,0.E0,0.E0));
#461=VECTOR('',#460,1.58242E0);
#462=CARTESIAN_POINT('',(7.67842E0,3.81E-1,-1.9558E-1));
#463=LINE('',#462,#461);
#464=CARTESIAN_POINT('',(7.67842E0,3.81E-1,-4.4958E-1));
#465=DIRECTION('',(0.E0,-1.E0,0.E0));
#466=DIRECTION('',(1.E0,0.E0,0.E0));
#467=AXIS2_PLACEMENT_3D('',#464,#465,#466);
#469=DIRECTION('',(1.E0,0.E0,0.E0));
#470=VECTOR('',#469,3.085385309434E-2);
#471=CARTESIAN_POINT('',(7.901566146906E0,3.81E-1,-9.906E0));
#472=LINE('',#471,#470);
#473=DIRECTION('',(0.E0,0.E0,-1.E0));
#474=VECTOR('',#473,2.032E0);
#475=CARTESIAN_POINT('',(7.901566146906E0,3.81E-1,-9.906E0));
#476=LINE('',#475,#474);
#477=DIRECTION('',(1.E0,0.E0,0.E0));
#478=VECTOR('',#477,3.085385309434E-2);
#479=CARTESIAN_POINT('',(7.901566146906E0,3.81E-1,-1.1938E1));
#480=LINE('',#479,#478);
#481=CARTESIAN_POINT('',(7.67842E0,3.81E-1,-1.518158E1));
#482=DIRECTION('',(0.E0,-1.E0,0.E0));
#483=DIRECTION('',(0.E0,0.E0,-1.E0));
#484=AXIS2_PLACEMENT_3D('',#481,#482,#483);
#486=CARTESIAN_POINT('',(-7.67842E0,3.81E-1,-1.518158E1));
#487=DIRECTION('',(0.E0,-1.E0,0.E0));
#488=DIRECTION('',(-1.E0,0.E0,0.E0));
#489=AXIS2_PLACEMENT_3D('',#486,#487,#488);
#491=DIRECTION('',(1.E0,0.E0,0.E0));
#492=VECTOR('',#491,3.085385309434E-2);
#493=CARTESIAN_POINT('',(-7.93242E0,3.81E-1,-1.1938E1));
#494=LINE('',#493,#492);
#495=DIRECTION('',(0.E0,0.E0,-1.E0));
#496=VECTOR('',#495,2.032E0);
#497=CARTESIAN_POINT('',(-7.901566146906E0,3.81E-1,-9.906E0));
#498=LINE('',#497,#496);
#499=DIRECTION('',(1.E0,0.E0,0.E0));
#500=VECTOR('',#499,3.085385309434E-2);
#501=CARTESIAN_POINT('',(-7.93242E0,3.81E-1,-9.906E0));
#502=LINE('',#501,#500);
#503=DIRECTION('',(0.E0,1.E0,0.E0));
#504=VECTOR('',#503,2.8448E0);
#505=CARTESIAN_POINT('',(3.7719E0,-2.54E0,-7.6454E0));
#506=LINE('',#505,#504);
#507=CARTESIAN_POINT('',(3.7719E0,3.048E-1,-6.8326E0));
#508=DIRECTION('',(1.E0,0.E0,0.E0));
#509=DIRECTION('',(0.E0,0.E0,-1.E0));
#510=AXIS2_PLACEMENT_3D('',#507,#508,#509);
#512=DIRECTION('',(0.E0,4.694715627859E-1,-8.829475928589E-1));
#513=VECTOR('',#512,6.931300019308E0);
#514=CARTESIAN_POINT('',(3.7719E0,2.8956E0,-3.981605332569E0));
#515=LINE('',#514,#513);
#516=CARTESIAN_POINT('',(3.7719E0,1.9304E0,-3.897636419961E0));
#517=DIRECTION('',(-1.E0,0.E0,0.E0));
#518=DIRECTION('',(0.E0,4.375E-1,8.992184106211E-1));
#519=AXIS2_PLACEMENT_3D('',#516,#517,#518);
#521=DIRECTION('',(-1.E0,-4.178120460898E-14,0.E0));
#522=VECTOR('',#521,4.318E-1);
#523=CARTESIAN_POINT('',(3.7719E0,3.048E-1,-8.001E0));
#524=LINE('',#523,#522);
#525=CARTESIAN_POINT('',(3.7719E0,3.048E-1,-6.8326E0));
#526=DIRECTION('',(1.E0,0.E0,0.E0));
#527=DIRECTION('',(0.E0,0.E0,-1.E0));
#528=AXIS2_PLACEMENT_3D('',#525,#526,#527);
#530=DIRECTION('',(0.E0,1.E0,0.E0));
#531=VECTOR('',#530,2.8448E0);
#532=CARTESIAN_POINT('',(3.3401E0,-2.54E0,-8.001E0));
#533=LINE('',#532,#531);
#534=CARTESIAN_POINT('',(3.3401E0,3.048E-1,-6.8326E0));
#535=DIRECTION('',(1.E0,0.E0,0.E0));
#536=DIRECTION('',(0.E0,-4.637015029246E-14,-1.E0));
#537=AXIS2_PLACEMENT_3D('',#534,#535,#536);
#539=DIRECTION('',(0.E0,4.694715627859E-1,-8.829475928589E-1));
#540=VECTOR('',#539,6.073437814332E0);
#541=CARTESIAN_POINT('',(3.3401E0,2.8956E0,-4.739052701457E0));
#542=LINE('',#541,#540);
#543=DIRECTION('',(1.E0,2.918256444997E-14,0.E0));
#544=VECTOR('',#543,4.318E-1);
#545=CARTESIAN_POINT('',(3.3401E0,3.048E-1,-7.6454E0));
#546=LINE('',#545,#544);
#547=CARTESIAN_POINT('',(3.3401E0,3.048E-1,-6.8326E0));
#548=DIRECTION('',(1.E0,0.E0,0.E0));
#549=DIRECTION('',(0.E0,-4.644141589229E-14,-1.E0));
#550=AXIS2_PLACEMENT_3D('',#547,#548,#549);
#552=DIRECTION('',(0.E0,1.E0,0.E0));
#553=VECTOR('',#552,2.8448E0);
#554=CARTESIAN_POINT('',(3.3401E0,-2.54E0,-7.6454E0));
#555=LINE('',#554,#553);
#556=DIRECTION('',(1.E0,0.E0,0.E0));
#557=VECTOR('',#556,4.318E-1);
#558=CARTESIAN_POINT('',(3.3401E0,-2.54E0,-7.6454E0));
#559=LINE('',#558,#557);
#560=DIRECTION('',(0.E0,0.E0,-1.E0));
#561=VECTOR('',#560,3.556E-1);
#562=CARTESIAN_POINT('',(3.7719E0,-2.54E0,-7.6454E0));
#563=LINE('',#562,#561);
#564=DIRECTION('',(-1.E0,0.E0,0.E0));
#565=VECTOR('',#564,4.318E-1);
#566=CARTESIAN_POINT('',(3.7719E0,-2.54E0,-8.001E0));
#567=LINE('',#566,#565);
#568=DIRECTION('',(0.E0,0.E0,1.E0));
#569=VECTOR('',#568,3.556E-1);
#570=CARTESIAN_POINT('',(3.3401E0,-2.54E0,-8.001E0));
#571=LINE('',#570,#569);
#572=DIRECTION('',(0.E0,1.E0,0.E0));
#573=VECTOR('',#572,2.8448E0);
#574=CARTESIAN_POINT('',(3.7719E0,-2.54E0,-8.001E0));
#575=LINE('',#574,#573);
#576=DIRECTION('',(0.E0,-1.E0,0.E0));
#577=VECTOR('',#576,9.398E-1);
#578=CARTESIAN_POINT('',(-5.9563E0,7.7978E0,-1.010158E1));
#579=LINE('',#578,#577);
#580=DIRECTION('',(0.E0,1.E0,0.E0));
#581=VECTOR('',#580,9.398E-1);
#582=CARTESIAN_POINT('',(5.9563E0,6.858E0,-1.010158E1));
#583=LINE('',#582,#581);
#584=DIRECTION('',(-1.E0,0.E0,0.E0));
#585=VECTOR('',#584,3.937E-1);
#586=CARTESIAN_POINT('',(6.35E0,7.7978E0,-1.010158E1));
#587=LINE('',#586,#585);
#588=DIRECTION('',(0.E0,1.E0,0.E0));
#589=VECTOR('',#588,2.794E0);
#590=CARTESIAN_POINT('',(6.35E0,5.0038E0,-1.010158E1));
#591=LINE('',#590,#589);
#592=DIRECTION('',(1.E0,0.E0,0.E0));
#593=VECTOR('',#592,3.937E-1);
#594=CARTESIAN_POINT('',(5.9563E0,5.0038E0,-1.010158E1));
#595=LINE('',#594,#593);
#596=DIRECTION('',(0.E0,1.E0,0.E0));
#597=VECTOR('',#596,2.7178E0);
#598=CARTESIAN_POINT('',(5.9563E0,2.286E0,-1.010158E1));
#599=LINE('',#598,#597);
#600=DIRECTION('',(1.E0,0.E0,0.E0));
#601=VECTOR('',#600,1.19126E1);
#602=CARTESIAN_POINT('',(-5.9563E0,2.286E0,-1.010158E1));
#603=LINE('',#602,#601);
#604=DIRECTION('',(0.E0,-1.E0,0.E0));
#605=VECTOR('',#604,2.7178E0);
#606=CARTESIAN_POINT('',(-5.9563E0,5.0038E0,-1.010158E1));
#607=LINE('',#606,#605);
#608=DIRECTION('',(1.E0,0.E0,0.E0));
#609=VECTOR('',#608,3.937E-1);
#610=CARTESIAN_POINT('',(-6.35E0,5.0038E0,-1.010158E1));
#611=LINE('',#610,#609);
#612=DIRECTION('',(0.E0,-1.E0,0.E0));
#613=VECTOR('',#612,2.794E0);
#614=CARTESIAN_POINT('',(-6.35E0,7.7978E0,-1.010158E1));
#615=LINE('',#614,#613);
#616=DIRECTION('',(-1.E0,0.E0,0.E0));
#617=VECTOR('',#616,3.937E-1);
#618=CARTESIAN_POINT('',(-5.9563E0,7.7978E0,-1.010158E1));
#619=LINE('',#618,#617);
#620=DIRECTION('',(0.E0,1.E0,0.E0));
#621=VECTOR('',#620,4.027419100250E-1);
#622=CARTESIAN_POINT('',(3.7719E0,5.746906342177E0,-1.010158E1));
#623=LINE('',#622,#621);
#624=DIRECTION('',(1.E0,0.E0,0.E0));
#625=VECTOR('',#624,4.318E-1);
#626=CARTESIAN_POINT('',(3.3401E0,6.149648252202E0,-1.010158E1));
#627=LINE('',#626,#625);
#628=DIRECTION('',(0.E0,1.E0,0.E0));
#629=VECTOR('',#628,4.027419100250E-1);
#630=CARTESIAN_POINT('',(3.3401E0,5.746906342177E0,-1.010158E1));
#631=LINE('',#630,#629);
#632=DIRECTION('',(-1.E0,0.E0,0.E0));
#633=VECTOR('',#632,4.318E-1);
#634=CARTESIAN_POINT('',(3.7719E0,5.746906342177E0,-1.010158E1));
#635=LINE('',#634,#633);
#636=DIRECTION('',(0.E0,1.E0,0.E0));
#637=VECTOR('',#636,4.027419100250E-1);
#638=CARTESIAN_POINT('',(1.7399E0,5.746906342177E0,-1.010158E1));
#639=LINE('',#638,#637);
#640=DIRECTION('',(1.E0,0.E0,0.E0));
#641=VECTOR('',#640,4.318E-1);
#642=CARTESIAN_POINT('',(1.3081E0,6.149648252202E0,-1.010158E1));
#643=LINE('',#642,#641);
#644=DIRECTION('',(0.E0,1.E0,0.E0));
#645=VECTOR('',#644,4.027419100250E-1);
#646=CARTESIAN_POINT('',(1.3081E0,5.746906342177E0,-1.010158E1));
#647=LINE('',#646,#645);
#648=DIRECTION('',(-1.E0,0.E0,0.E0));
#649=VECTOR('',#648,4.318E-1);
#650=CARTESIAN_POINT('',(1.7399E0,5.746906342177E0,-1.010158E1));
#651=LINE('',#650,#649);
#652=DIRECTION('',(0.E0,1.E0,0.E0));
#653=VECTOR('',#652,4.027419100250E-1);
#654=CARTESIAN_POINT('',(-2.921E-1,5.746906342177E0,-1.010158E1));
#655=LINE('',#654,#653);
#656=DIRECTION('',(1.E0,0.E0,0.E0));
#657=VECTOR('',#656,4.318E-1);
#658=CARTESIAN_POINT('',(-7.239E-1,6.149648252202E0,-1.010158E1));
#659=LINE('',#658,#657);
#660=DIRECTION('',(0.E0,1.E0,0.E0));
#661=VECTOR('',#660,4.027419100250E-1);
#662=CARTESIAN_POINT('',(-7.239E-1,5.746906342177E0,-1.010158E1));
#663=LINE('',#662,#661);
#664=DIRECTION('',(-1.E0,0.E0,0.E0));
#665=VECTOR('',#664,4.318E-1);
#666=CARTESIAN_POINT('',(-2.921E-1,5.746906342177E0,-1.010158E1));
#667=LINE('',#666,#665);
#668=DIRECTION('',(0.E0,1.E0,0.E0));
#669=VECTOR('',#668,4.027419100250E-1);
#670=CARTESIAN_POINT('',(-2.3241E0,5.746906342177E0,-1.010158E1));
#671=LINE('',#670,#669);
#672=DIRECTION('',(1.E0,0.E0,0.E0));
#673=VECTOR('',#672,4.318E-1);
#674=CARTESIAN_POINT('',(-2.7559E0,6.149648252202E0,-1.010158E1));
#675=LINE('',#674,#673);
#676=DIRECTION('',(0.E0,1.E0,0.E0));
#677=VECTOR('',#676,4.027419100250E-1);
#678=CARTESIAN_POINT('',(-2.7559E0,5.746906342177E0,-1.010158E1));
#679=LINE('',#678,#677);
#680=DIRECTION('',(-1.E0,0.E0,0.E0));
#681=VECTOR('',#680,4.318E-1);
#682=CARTESIAN_POINT('',(-2.3241E0,5.746906342177E0,-1.010158E1));
#683=LINE('',#682,#681);
#684=DIRECTION('',(0.E0,1.E0,0.E0));
#685=VECTOR('',#684,4.027419100250E-1);
#686=CARTESIAN_POINT('',(2.7559E0,5.746906342177E0,-1.010158E1));
#687=LINE('',#686,#685);
#688=DIRECTION('',(1.E0,0.E0,0.E0));
#689=VECTOR('',#688,4.318E-1);
#690=CARTESIAN_POINT('',(2.3241E0,6.149648252202E0,-1.010158E1));
#691=LINE('',#690,#689);
#692=DIRECTION('',(0.E0,1.E0,0.E0));
#693=VECTOR('',#692,4.027419100250E-1);
#694=CARTESIAN_POINT('',(2.3241E0,5.746906342177E0,-1.010158E1));
#695=LINE('',#694,#693);
#696=DIRECTION('',(-1.E0,0.E0,0.E0));
#697=VECTOR('',#696,4.318E-1);
#698=CARTESIAN_POINT('',(2.7559E0,5.746906342177E0,-1.010158E1));
#699=LINE('',#698,#697);
#700=DIRECTION('',(0.E0,1.E0,0.E0));
#701=VECTOR('',#700,4.027419100250E-1);
#702=CARTESIAN_POINT('',(7.239E-1,5.746906342177E0,-1.010158E1));
#703=LINE('',#702,#701);
#704=DIRECTION('',(1.E0,0.E0,0.E0));
#705=VECTOR('',#704,4.318E-1);
#706=CARTESIAN_POINT('',(2.921E-1,6.149648252202E0,-1.010158E1));
#707=LINE('',#706,#705);
#708=DIRECTION('',(0.E0,1.E0,0.E0));
#709=VECTOR('',#708,4.027419100250E-1);
#710=CARTESIAN_POINT('',(2.921E-1,5.746906342177E0,-1.010158E1));
#711=LINE('',#710,#709);
#712=DIRECTION('',(-1.E0,0.E0,0.E0));
#713=VECTOR('',#712,4.318E-1);
#714=CARTESIAN_POINT('',(7.239E-1,5.746906342177E0,-1.010158E1));
#715=LINE('',#714,#713);
#716=DIRECTION('',(0.E0,1.E0,0.E0));
#717=VECTOR('',#716,4.027419100250E-1);
#718=CARTESIAN_POINT('',(-1.3081E0,5.746906342177E0,-1.010158E1));
#719=LINE('',#718,#717);
#720=DIRECTION('',(1.E0,0.E0,0.E0));
#721=VECTOR('',#720,4.318E-1);
#722=CARTESIAN_POINT('',(-1.7399E0,6.149648252202E0,-1.010158E1));
#723=LINE('',#722,#721);
#724=DIRECTION('',(0.E0,1.E0,0.E0));
#725=VECTOR('',#724,4.027419100250E-1);
#726=CARTESIAN_POINT('',(-1.7399E0,5.746906342177E0,-1.010158E1));
#727=LINE('',#726,#725);
#728=DIRECTION('',(-1.E0,0.E0,0.E0));
#729=VECTOR('',#728,4.318E-1);
#730=CARTESIAN_POINT('',(-1.3081E0,5.746906342177E0,-1.010158E1));
#731=LINE('',#730,#729);
#732=DIRECTION('',(0.E0,1.E0,0.E0));
#733=VECTOR('',#732,4.027419100250E-1);
#734=CARTESIAN_POINT('',(-3.3401E0,5.746906342177E0,-1.010158E1));
#735=LINE('',#734,#733);
#736=DIRECTION('',(1.E0,0.E0,0.E0));
#737=VECTOR('',#736,4.318E-1);
#738=CARTESIAN_POINT('',(-3.7719E0,6.149648252202E0,-1.010158E1));
#739=LINE('',#738,#737);
#740=DIRECTION('',(0.E0,1.E0,0.E0));
#741=VECTOR('',#740,4.027419100250E-1);
#742=CARTESIAN_POINT('',(-3.7719E0,5.746906342177E0,-1.010158E1));
#743=LINE('',#742,#741);
#744=DIRECTION('',(-1.E0,0.E0,0.E0));
#745=VECTOR('',#744,4.318E-1);
#746=CARTESIAN_POINT('',(-3.3401E0,5.746906342177E0,-1.010158E1));
#747=LINE('',#746,#745);
#748=DIRECTION('',(0.E0,-1.E0,0.E0));
#749=VECTOR('',#748,9.652E-1);
#750=CARTESIAN_POINT('',(-5.9563E0,9.7282E0,-6.95198E0));
#751=LINE('',#750,#749);
#752=DIRECTION('',(0.E0,0.E0,1.E0));
#753=VECTOR('',#752,5.4356E0);
#754=CARTESIAN_POINT('',(-5.9563E0,8.763E0,-1.238758E1));
#755=LINE('',#754,#753);
#756=DIRECTION('',(0.E0,1.E0,0.E0));
#757=VECTOR('',#756,1.9304E0);
#758=CARTESIAN_POINT('',(-5.9563E0,7.7978E0,-4.4958E-1));
#759=LINE('',#758,#757);
#760=DIRECTION('',(0.E0,0.E0,-1.E0));
#761=VECTOR('',#760,6.5024E0);
#762=CARTESIAN_POINT('',(-5.9563E0,9.7282E0,-4.4958E-1));
#763=LINE('',#762,#761);
#764=DIRECTION('',(0.E0,1.E0,0.E0));
#765=VECTOR('',#764,9.652E-1);
#766=CARTESIAN_POINT('',(-4.318E0,8.763E0,-6.95198E0));
#767=LINE('',#766,#765);
#768=DIRECTION('',(1.E0,0.E0,0.E0));
#769=VECTOR('',#768,1.6383E0);
#770=CARTESIAN_POINT('',(-5.9563E0,8.763E0,-6.95198E0));
#771=LINE('',#770,#769);
#772=DIRECTION('',(1.E0,0.E0,0.E0));
#773=VECTOR('',#772,1.6383E0);
#774=CARTESIAN_POINT('',(4.318E0,8.763E0,-6.95198E0));
#775=LINE('',#774,#773);
#776=DIRECTION('',(0.E0,-1.E0,0.E0));
#777=VECTOR('',#776,9.652E-1);
#778=CARTESIAN_POINT('',(4.318E0,9.7282E0,-6.95198E0));
#779=LINE('',#778,#777);
#780=DIRECTION('',(-1.E0,0.E0,0.E0));
#781=VECTOR('',#780,1.6383E0);
#782=CARTESIAN_POINT('',(-4.318E0,9.7282E0,-6.95198E0));
#783=LINE('',#782,#781);
#784=DIRECTION('',(1.E0,0.E0,0.E0));
#785=VECTOR('',#784,2.8067E0);
#786=CARTESIAN_POINT('',(-5.9563E0,9.7282E0,-4.4958E-1));
#787=LINE('',#786,#785);
#788=DIRECTION('',(0.E0,0.E0,-1.E0));
#789=VECTOR('',#788,1.1938E1);
#790=CARTESIAN_POINT('',(-3.1496E0,9.7282E0,-4.4958E-1));
#791=LINE('',#790,#789);
#792=DIRECTION('',(0.E0,0.E0,1.E0));
#793=VECTOR('',#792,5.4356E0);
#794=CARTESIAN_POINT('',(-4.318E0,9.7282E0,-1.238758E1));
#795=LINE('',#794,#793);
#796=CARTESIAN_POINT('',(-6.223E0,4.89458E0,-1.9558E-1));
#797=DIRECTION('',(0.E0,0.E0,-1.E0));
#798=DIRECTION('',(0.E0,-1.E0,0.E0));
#799=AXIS2_PLACEMENT_3D('',#796,#797,#798);
#801=DIRECTION('',(0.E0,-1.E0,1.077638712864E-14));
#802=VECTOR('',#801,1.107504525612E-1);
#803=CARTESIAN_POINT('',(-6.35E0,5.114550452561E0,-1.9558E-1));
#804=LINE('',#803,#802);
#805=DIRECTION('',(1.E0,0.E0,0.E0));
#806=VECTOR('',#805,1.397E-1);
#807=CARTESIAN_POINT('',(-6.35E0,5.0038E0,-1.9558E-1));
#808=LINE('',#807,#806);
#809=DIRECTION('',(0.E0,1.E0,0.E0));
#810=VECTOR('',#809,2.3622E0);
#811=CARTESIAN_POINT('',(-6.2103E0,2.6416E0,-1.9558E-1));
#812=LINE('',#811,#810);
#813=DIRECTION('',(-1.E0,0.E0,0.E0));
#814=VECTOR('',#813,1.7653E0);
#815=CARTESIAN_POINT('',(-4.445E0,2.6416E0,-1.9558E-1));
#816=LINE('',#815,#814);
#817=DIRECTION('',(0.E0,1.E0,0.E0));
#818=VECTOR('',#817,2.8702E-1);
#819=CARTESIAN_POINT('',(-4.445E0,2.35458E0,-1.9558E-1));
#820=LINE('',#819,#818);
#821=DIRECTION('',(-1.E0,0.E0,0.E0));
#822=VECTOR('',#821,1.778E0);
#823=CARTESIAN_POINT('',(-4.445E0,2.35458E0,-1.9558E-1));
#824=LINE('',#823,#822);
#825=DIRECTION('',(0.E0,1.E0,0.E0));
#826=VECTOR('',#825,2.286E0);
#827=CARTESIAN_POINT('',(-6.223E0,2.35458E0,-1.9558E-1));
#828=LINE('',#827,#826);
#829=CARTESIAN_POINT('',(6.223E0,4.89458E0,-1.9558E-1));
#830=DIRECTION('',(0.E0,0.E0,-1.E0));
#831=DIRECTION('',(5.E-1,8.660254037844E-1,0.E0));
#832=AXIS2_PLACEMENT_3D('',#829,#830,#831);
#834=DIRECTION('',(0.E0,-1.E0,0.E0));
#835=VECTOR('',#834,2.286E0);
#836=CARTESIAN_POINT('',(6.223E0,4.64058E0,-1.9558E-1));
#837=LINE('',#836,#835);
#838=DIRECTION('',(-1.E0,0.E0,0.E0));
#839=VECTOR('',#838,1.778E0);
#840=CARTESIAN_POINT('',(6.223E0,2.35458E0,-1.9558E-1));
#841=LINE('',#840,#839);
#842=DIRECTION('',(0.E0,-1.E0,0.E0));
#843=VECTOR('',#842,2.8702E-1);
#844=CARTESIAN_POINT('',(4.445E0,2.6416E0,-1.9558E-1));
#845=LINE('',#844,#843);
#846=DIRECTION('',(-1.E0,0.E0,0.E0));
#847=VECTOR('',#846,1.7653E0);
#848=CARTESIAN_POINT('',(6.2103E0,2.6416E0,-1.9558E-1));
#849=LINE('',#848,#847);
#850=DIRECTION('',(0.E0,-1.E0,0.E0));
#851=VECTOR('',#850,2.3622E0);
#852=CARTESIAN_POINT('',(6.2103E0,5.0038E0,-1.9558E-1));
#853=LINE('',#852,#851);
#854=DIRECTION('',(1.E0,0.E0,0.E0));
#855=VECTOR('',#854,1.397E-1);
#856=CARTESIAN_POINT('',(6.2103E0,5.0038E0,-1.9558E-1));
#857=LINE('',#856,#855);
#858=DIRECTION('',(1.603927386588E-14,1.E0,-1.077638712864E-14));
#859=VECTOR('',#858,1.107504525612E-1);
#860=CARTESIAN_POINT('',(6.35E0,5.0038E0,-1.9558E-1));
#861=LINE('',#860,#859);
#862=DIRECTION('',(0.E0,1.E0,0.E0));
#863=VECTOR('',#862,2.286E0);
#864=CARTESIAN_POINT('',(-6.223E0,7.94258E0,-1.9558E-1));
#865=LINE('',#864,#863);
#866=DIRECTION('',(1.E0,0.E0,0.E0));
#867=VECTOR('',#866,1.2065E0);
#868=CARTESIAN_POINT('',(-7.4295E0,1.022858E1,-1.9558E-1));
#869=LINE('',#868,#867);
#870=DIRECTION('',(0.E0,-1.E0,0.E0));
#871=VECTOR('',#870,2.032E0);
#872=CARTESIAN_POINT('',(-7.4295E0,1.226058E1,-1.9558E-1));
#873=LINE('',#872,#871);
#874=DIRECTION('',(-1.E0,0.E0,0.E0));
#875=VECTOR('',#874,5.0165E0);
#876=CARTESIAN_POINT('',(-2.413E0,1.226058E1,-1.9558E-1));
#877=LINE('',#876,#875);
#878=DIRECTION('',(0.E0,-1.E0,0.E0));
#879=VECTOR('',#878,1.064373064956E0);
#880=CARTESIAN_POINT('',(-2.413E0,1.332495306496E1,-1.9558E-1));
#881=LINE('',#880,#879);
#882=DIRECTION('',(0.E0,1.E0,0.E0));
#883=VECTOR('',#882,1.064373064956E0);
#884=CARTESIAN_POINT('',(2.413E0,1.226058E1,-1.9558E-1));
#885=LINE('',#884,#883);
#886=DIRECTION('',(-1.E0,0.E0,0.E0));
#887=VECTOR('',#886,5.0165E0);
#888=CARTESIAN_POINT('',(7.4295E0,1.226058E1,-1.9558E-1));
#889=LINE('',#888,#887);
#890=DIRECTION('',(0.E0,1.E0,0.E0));
#891=VECTOR('',#890,2.032E0);
#892=CARTESIAN_POINT('',(7.4295E0,1.022858E1,-1.9558E-1));
#893=LINE('',#892,#891);
#894=DIRECTION('',(1.E0,0.E0,0.E0));
#895=VECTOR('',#894,1.2065E0);
#896=CARTESIAN_POINT('',(6.223E0,1.022858E1,-1.9558E-1));
#897=LINE('',#896,#895);
#898=DIRECTION('',(0.E0,-1.E0,0.E0));
#899=VECTOR('',#898,2.286E0);
#900=CARTESIAN_POINT('',(6.223E0,1.022858E1,-1.9558E-1));
#901=LINE('',#900,#899);
#902=CARTESIAN_POINT('',(6.223E0,7.68858E0,-1.9558E-1));
#903=DIRECTION('',(0.E0,0.E0,-1.E0));
#904=DIRECTION('',(0.E0,1.E0,0.E0));
#905=AXIS2_PLACEMENT_3D('',#902,#903,#904);
#907=DIRECTION('',(0.E0,1.E0,0.E0));
#908=VECTOR('',#907,3.291904525612E-1);
#909=CARTESIAN_POINT('',(6.35E0,7.468609547439E0,-1.9558E-1));
#910=LINE('',#909,#908);
#911=DIRECTION('',(-1.E0,0.E0,0.E0));
#912=VECTOR('',#911,1.397E-1);
#913=CARTESIAN_POINT('',(6.35E0,7.7978E0,-1.9558E-1));
#914=LINE('',#913,#912);
#915=DIRECTION('',(0.E0,-1.E0,0.E0));
#916=VECTOR('',#915,2.1844E0);
#917=CARTESIAN_POINT('',(6.2103E0,9.9822E0,-1.9558E-1));
#918=LINE('',#917,#916);
#919=DIRECTION('',(1.E0,0.E0,0.E0));
#920=VECTOR('',#919,3.0607E0);
#921=CARTESIAN_POINT('',(3.1496E0,9.9822E0,-1.9558E-1));
#922=LINE('',#921,#920);
#923=DIRECTION('',(0.E0,1.E0,0.E0));
#924=VECTOR('',#923,1.6764E0);
#925=CARTESIAN_POINT('',(3.1496E0,9.9822E0,-1.9558E-1));
#926=LINE('',#925,#924);
#927=DIRECTION('',(0.E0,-1.E0,0.E0));
#928=VECTOR('',#927,1.6764E0);
#929=CARTESIAN_POINT('',(-3.1496E0,1.16586E1,-1.9558E-1));
#930=LINE('',#929,#928);
#931=DIRECTION('',(1.E0,0.E0,0.E0));
#932=VECTOR('',#931,3.0607E0);
#933=CARTESIAN_POINT('',(-6.2103E0,9.9822E0,-1.9558E-1));
#934=LINE('',#933,#932);
#935=DIRECTION('',(0.E0,1.E0,0.E0));
#936=VECTOR('',#935,2.1844E0);
#937=CARTESIAN_POINT('',(-6.2103E0,7.7978E0,-1.9558E-1));
#938=LINE('',#937,#936);
#939=DIRECTION('',(-1.E0,0.E0,0.E0));
#940=VECTOR('',#939,1.397E-1);
#941=CARTESIAN_POINT('',(-6.2103E0,7.7978E0,-1.9558E-1));
#942=LINE('',#941,#940);
#943=DIRECTION('',(0.E0,-1.E0,0.E0));
#944=VECTOR('',#943,3.291904525612E-1);
#945=CARTESIAN_POINT('',(-6.35E0,7.7978E0,-1.9558E-1));
#946=LINE('',#945,#944);
#947=CARTESIAN_POINT('',(-6.223E0,7.68858E0,-1.9558E-1));
#948=DIRECTION('',(0.E0,0.E0,-1.E0));
#949=DIRECTION('',(-5.E-1,-8.660254037844E-1,0.E0));
#950=AXIS2_PLACEMENT_3D('',#947,#948,#949);
#952=CARTESIAN_POINT('',(-6.223E0,4.89458E0,-1.9558E-1));
#953=DIRECTION('',(0.E0,0.E0,1.E0));
#954=DIRECTION('',(0.E0,1.E0,0.E0));
#955=AXIS2_PLACEMENT_3D('',#952,#953,#954);
#957=DIRECTION('',(0.E0,0.E0,1.E0));
#958=VECTOR('',#957,1.9558E-1);
#959=CARTESIAN_POINT('',(-6.223E0,4.64058E0,-1.9558E-1));
#960=LINE('',#959,#958);
#961=DIRECTION('',(0.E0,0.E0,1.E0));
#962=VECTOR('',#961,1.9558E-1);
#963=CARTESIAN_POINT('',(-6.223E0,2.35458E0,-1.9558E-1));
#964=LINE('',#963,#962);
#965=DIRECTION('',(0.E0,0.E0,1.E0));
#966=VECTOR('',#965,1.9558E-1);
#967=CARTESIAN_POINT('',(6.223E0,2.35458E0,-1.9558E-1));
#968=LINE('',#967,#966);
#969=DIRECTION('',(0.E0,0.E0,1.E0));
#970=VECTOR('',#969,1.9558E-1);
#971=CARTESIAN_POINT('',(6.223E0,4.64058E0,-1.9558E-1));
#972=LINE('',#971,#970);
#973=CARTESIAN_POINT('',(6.223E0,4.89458E0,-1.9558E-1));
#974=DIRECTION('',(0.E0,0.E0,1.E0));
#975=DIRECTION('',(5.E-1,8.660254037844E-1,0.E0));
#976=AXIS2_PLACEMENT_3D('',#973,#974,#975);
#978=DIRECTION('',(0.E0,1.E0,0.E0));
#979=VECTOR('',#978,2.354059094878E0);
#980=CARTESIAN_POINT('',(6.35E0,5.114550452561E0,-1.9558E-1));
#981=LINE('',#980,#979);
#982=DIRECTION('',(0.E0,0.E0,-1.E0));
#983=VECTOR('',#982,9.906E0);
#984=CARTESIAN_POINT('',(6.35E0,5.0038E0,-1.9558E-1));
#985=LINE('',#984,#983);
#986=DIRECTION('',(7.071067811865E-1,0.E0,7.071067811865E-1));
#987=VECTOR('',#986,3.592102448428E-1);
#988=CARTESIAN_POINT('',(5.9563E0,5.0038E0,-4.4958E-1));
#989=LINE('',#988,#987);
#990=DIRECTION('',(0.E0,0.E0,-1.E0));
#991=VECTOR('',#990,9.652E0);
#992=CARTESIAN_POINT('',(5.9563E0,5.0038E0,-4.4958E-1));
#993=LINE('',#992,#991);
#994=DIRECTION('',(5.773502691896E-1,-5.773502691896E-1,5.773502691896E-1));
#995=VECTOR('',#994,4.399409051225E-1);
#996=CARTESIAN_POINT('',(5.9563E0,2.8956E0,-4.4958E-1));
#997=LINE('',#996,#995);
#998=DIRECTION('',(0.E0,-1.E0,0.E0));
#999=VECTOR('',#998,6.096E-1);
#1000=CARTESIAN_POINT('',(4.445E0,2.8956E0,-3.39598E0));
#1001=LINE('',#1000,#999);
#1002=DIRECTION('',(0.E0,0.E0,-1.E0));
#1003=VECTOR('',#1002,2.9464E0);
#1004=CARTESIAN_POINT('',(4.445E0,2.8956E0,-4.4958E-1));
#1005=LINE('',#1004,#1003);
#1006=DIRECTION('',(0.E0,7.071067811865E-1,-7.071067811865E-1));
#1007=VECTOR('',#1006,3.592102448428E-1);
#1008=CARTESIAN_POINT('',(4.445E0,2.6416E0,-1.9558E-1));
#1009=LINE('',#1008,#1007);
#1010=DIRECTION('',(0.E0,-1.E0,0.E0));
#1011=VECTOR('',#1010,6.858E-2);
#1012=CARTESIAN_POINT('',(4.445E0,2.35458E0,-1.9558E-1));
#1013=LINE('',#1012,#1011);
#1014=DIRECTION('',(0.E0,1.E0,0.E0));
#1015=VECTOR('',#1014,2.839190976910E-1);
#1016=CARTESIAN_POINT('',(-3.3401E0,2.286E0,-3.39598E0));
#1017=LINE('',#1016,#1015);
#1018=DIRECTION('',(-1.E0,0.E0,0.E0));
#1019=VECTOR('',#1018,4.318E-1);
#1020=CARTESIAN_POINT('',(-3.3401E0,2.569919097691E0,-3.39598E0));
#1021=LINE('',#1020,#1019);
#1022=DIRECTION('',(0.E0,1.E0,0.E0));
#1023=VECTOR('',#1022,2.839190976910E-1);
#1024=CARTESIAN_POINT('',(-3.7719E0,2.286E0,-3.39598E0));
#1025=LINE('',#1024,#1023);
#1026=DIRECTION('',(1.E0,0.E0,0.E0));
#1027=VECTOR('',#1026,8.89E0);
#1028=CARTESIAN_POINT('',(-4.445E0,2.8956E0,-3.39598E0));
#1029=LINE('',#1028,#1027);
#1030=DIRECTION('',(0.E0,1.E0,0.E0));
#1031=VECTOR('',#1030,2.839190976910E-1);
#1032=CARTESIAN_POINT('',(3.7719E0,2.286E0,-3.39598E0));
#1033=LINE('',#1032,#1031);
#1034=DIRECTION('',(-1.E0,0.E0,0.E0));
#1035=VECTOR('',#1034,4.318E-1);
#1036=CARTESIAN_POINT('',(3.7719E0,2.569919097691E0,-3.39598E0));
#1037=LINE('',#1036,#1035);
#1038=DIRECTION('',(0.E0,1.E0,0.E0));
#1039=VECTOR('',#1038,2.839190976910E-1);
#1040=CARTESIAN_POINT('',(3.3401E0,2.286E0,-3.39598E0));
#1041=LINE('',#1040,#1039);
#1042=DIRECTION('',(0.E0,1.E0,0.E0));
#1043=VECTOR('',#1042,2.839190976910E-1);
#1044=CARTESIAN_POINT('',(2.7559E0,2.286E0,-3.39598E0));
#1045=LINE('',#1044,#1043);
#1046=DIRECTION('',(-1.E0,0.E0,0.E0));
#1047=VECTOR('',#1046,4.318E-1);
#1048=CARTESIAN_POINT('',(2.7559E0,2.569919097691E0,-3.39598E0));
#1049=LINE('',#1048,#1047);
#1050=DIRECTION('',(0.E0,1.E0,0.E0));
#1051=VECTOR('',#1050,2.839190976910E-1);
#1052=CARTESIAN_POINT('',(2.3241E0,2.286E0,-3.39598E0));
#1053=LINE('',#1052,#1051);
#1054=DIRECTION('',(0.E0,1.E0,0.E0));
#1055=VECTOR('',#1054,2.839190976910E-1);
#1056=CARTESIAN_POINT('',(1.7399E0,2.286E0,-3.39598E0));
#1057=LINE('',#1056,#1055);
#1058=DIRECTION('',(-1.E0,0.E0,0.E0));
#1059=VECTOR('',#1058,4.318E-1);
#1060=CARTESIAN_POINT('',(1.7399E0,2.569919097691E0,-3.39598E0));
#1061=LINE('',#1060,#1059);
#1062=DIRECTION('',(0.E0,1.E0,0.E0));
#1063=VECTOR('',#1062,2.839190976910E-1);
#1064=CARTESIAN_POINT('',(1.3081E0,2.286E0,-3.39598E0));
#1065=LINE('',#1064,#1063);
#1066=DIRECTION('',(0.E0,1.E0,0.E0));
#1067=VECTOR('',#1066,2.839190976910E-1);
#1068=CARTESIAN_POINT('',(7.239E-1,2.286E0,-3.39598E0));
#1069=LINE('',#1068,#1067);
#1070=DIRECTION('',(-1.E0,0.E0,0.E0));
#1071=VECTOR('',#1070,4.318E-1);
#1072=CARTESIAN_POINT('',(7.239E-1,2.569919097691E0,-3.39598E0));
#1073=LINE('',#1072,#1071);
#1074=DIRECTION('',(0.E0,1.E0,0.E0));
#1075=VECTOR('',#1074,2.839190976910E-1);
#1076=CARTESIAN_POINT('',(2.921E-1,2.286E0,-3.39598E0));
#1077=LINE('',#1076,#1075);
#1078=DIRECTION('',(0.E0,1.E0,0.E0));
#1079=VECTOR('',#1078,2.839190976910E-1);
#1080=CARTESIAN_POINT('',(-2.921E-1,2.286E0,-3.39598E0));
#1081=LINE('',#1080,#1079);
#1082=DIRECTION('',(-1.E0,0.E0,0.E0));
#1083=VECTOR('',#1082,4.318E-1);
#1084=CARTESIAN_POINT('',(-2.921E-1,2.569919097691E0,-3.39598E0));
#1085=LINE('',#1084,#1083);
#1086=DIRECTION('',(0.E0,1.E0,0.E0));
#1087=VECTOR('',#1086,2.839190976910E-1);
#1088=CARTESIAN_POINT('',(-7.239E-1,2.286E0,-3.39598E0));
#1089=LINE('',#1088,#1087);
#1090=DIRECTION('',(0.E0,1.E0,0.E0));
#1091=VECTOR('',#1090,2.839190976910E-1);
#1092=CARTESIAN_POINT('',(-1.3081E0,2.286E0,-3.39598E0));
#1093=LINE('',#1092,#1091);
#1094=DIRECTION('',(-1.E0,0.E0,0.E0));
#1095=VECTOR('',#1094,4.318E-1);
#1096=CARTESIAN_POINT('',(-1.3081E0,2.569919097691E0,-3.39598E0));
#1097=LINE('',#1096,#1095);
#1098=DIRECTION('',(0.E0,1.E0,0.E0));
#1099=VECTOR('',#1098,2.839190976910E-1);
#1100=CARTESIAN_POINT('',(-1.7399E0,2.286E0,-3.39598E0));
#1101=LINE('',#1100,#1099);
#1102=DIRECTION('',(0.E0,1.E0,0.E0));
#1103=VECTOR('',#1102,2.839190976910E-1);
#1104=CARTESIAN_POINT('',(-2.3241E0,2.286E0,-3.39598E0));
#1105=LINE('',#1104,#1103);
#1106=DIRECTION('',(-1.E0,0.E0,0.E0));
#1107=VECTOR('',#1106,4.318E-1);
#1108=CARTESIAN_POINT('',(-2.3241E0,2.569919097691E0,-3.39598E0));
#1109=LINE('',#1108,#1107);
#1110=DIRECTION('',(0.E0,1.E0,0.E0));
#1111=VECTOR('',#1110,2.839190976910E-1);
#1112=CARTESIAN_POINT('',(-2.7559E0,2.286E0,-3.39598E0));
#1113=LINE('',#1112,#1111);
#1114=DIRECTION('',(0.E0,1.E0,0.E0));
#1115=VECTOR('',#1114,2.8448E0);
#1116=CARTESIAN_POINT('',(-3.3401E0,-2.54E0,-9.4234E0));
#1117=LINE('',#1116,#1115);
#1118=CARTESIAN_POINT('',(-3.3401E0,3.048E-1,-8.6106E0));
#1119=DIRECTION('',(1.E0,0.E0,0.E0));
#1120=DIRECTION('',(0.E0,0.E0,-1.E0));
#1121=AXIS2_PLACEMENT_3D('',#1118,#1119,#1120);
#1123=DIRECTION('',(0.E0,4.694715627859E-1,-8.829475928589E-1));
#1124=VECTOR('',#1123,6.931300019308E0);
#1125=CARTESIAN_POINT('',(-3.3401E0,2.8956E0,-3.981605332569E0));
#1126=LINE('',#1125,#1124);
#1127=CARTESIAN_POINT('',(-3.3401E0,1.9304E0,-3.897636419961E0));
#1128=DIRECTION('',(-1.E0,0.E0,0.E0));
#1129=DIRECTION('',(0.E0,4.375E-1,8.992184106211E-1));
#1130=AXIS2_PLACEMENT_3D('',#1127,#1128,#1129);
#1132=DIRECTION('',(-1.E0,4.178120460898E-14,0.E0));
#1133=VECTOR('',#1132,4.318E-1);
#1134=CARTESIAN_POINT('',(-3.3401E0,3.048E-1,-9.779E0));
#1135=LINE('',#1134,#1133);
#1136=CARTESIAN_POINT('',(-3.3401E0,3.048E-1,-8.6106E0));
#1137=DIRECTION('',(1.E0,0.E0,0.E0));
#1138=DIRECTION('',(0.E0,0.E0,-1.E0));
#1139=AXIS2_PLACEMENT_3D('',#1136,#1137,#1138);
#1141=DIRECTION('',(0.E0,1.E0,0.E0));
#1142=VECTOR('',#1141,2.8448E0);
#1143=CARTESIAN_POINT('',(-3.7719E0,-2.54E0,-9.779E0));
#1144=LINE('',#1143,#1142);
#1145=CARTESIAN_POINT('',(-3.7719E0,3.048E-1,-8.6106E0));
#1146=DIRECTION('',(1.E0,0.E0,0.E0));
#1147=DIRECTION('',(0.E0,4.637015029246E-14,-1.E0));
#1148=AXIS2_PLACEMENT_3D('',#1145,#1146,#1147);
#1150=DIRECTION('',(0.E0,4.694715627859E-1,-8.829475928589E-1));
#1151=VECTOR('',#1150,6.073437814332E0);
#1152=CARTESIAN_POINT('',(-3.7719E0,2.8956E0,-4.739052701457E0));
#1153=LINE('',#1152,#1151);
#1154=DIRECTION('',(1.E0,-2.918256444997E-14,0.E0));
#1155=VECTOR('',#1154,4.318E-1);
#1156=CARTESIAN_POINT('',(-3.7719E0,3.048E-1,-9.4234E0));
#1157=LINE('',#1156,#1155);
#1158=CARTESIAN_POINT('',(-3.7719E0,3.048E-1,-8.6106E0));
#1159=DIRECTION('',(1.E0,0.E0,0.E0));
#1160=DIRECTION('',(0.E0,4.644141589229E-14,-1.E0));
#1161=AXIS2_PLACEMENT_3D('',#1158,#1159,#1160);
#1163=DIRECTION('',(0.E0,1.E0,0.E0));
#1164=VECTOR('',#1163,2.8448E0);
#1165=CARTESIAN_POINT('',(-3.7719E0,-2.54E0,-9.4234E0));
#1166=LINE('',#1165,#1164);
#1167=DIRECTION('',(1.E0,0.E0,0.E0));
#1168=VECTOR('',#1167,4.318E-1);
#1169=CARTESIAN_POINT('',(-3.7719E0,-2.54E0,-9.4234E0));
#1170=LINE('',#1169,#1168);
#1171=DIRECTION('',(0.E0,0.E0,-1.E0));
#1172=VECTOR('',#1171,3.556E-1);
#1173=CARTESIAN_POINT('',(-3.3401E0,-2.54E0,-9.4234E0));
#1174=LINE('',#1173,#1172);
#1175=DIRECTION('',(-1.E0,0.E0,0.E0));
#1176=VECTOR('',#1175,4.318E-1);
#1177=CARTESIAN_POINT('',(-3.3401E0,-2.54E0,-9.779E0));
#1178=LINE('',#1177,#1176);
#1179=DIRECTION('',(0.E0,0.E0,1.E0));
#1180=VECTOR('',#1179,3.556E-1);
#1181=CARTESIAN_POINT('',(-3.7719E0,-2.54E0,-9.779E0));
#1182=LINE('',#1181,#1180);
#1183=DIRECTION('',(0.E0,1.E0,0.E0));
#1184=VECTOR('',#1183,2.8448E0);
#1185=CARTESIAN_POINT('',(-3.3401E0,-2.54E0,-9.779E0));
#1186=LINE('',#1185,#1184);
#1187=DIRECTION('',(0.E0,4.694715627859E-1,-8.829475928589E-1));
#1188=VECTOR('',#1187,6.931300019308E0);
#1189=CARTESIAN_POINT('',(-3.7719E0,2.8956E0,-3.981605332569E0));
#1190=LINE('',#1189,#1188);
#1191=DIRECTION('',(0.E0,0.E0,-1.E0));
#1192=VECTOR('',#1191,2.9464E0);
#1193=CARTESIAN_POINT('',(-4.445E0,2.8956E0,-4.4958E-1));
#1194=LINE('',#1193,#1192);
#1195=DIRECTION('',(-1.E0,0.E0,0.E0));
#1196=VECTOR('',#1195,1.5113E0);
#1197=CARTESIAN_POINT('',(-4.445E0,2.8956E0,-4.4958E-1));
#1198=LINE('',#1197,#1196);
#1199=DIRECTION('',(0.E0,0.E0,-1.E0));
#1200=VECTOR('',#1199,6.5532E0);
#1201=CARTESIAN_POINT('',(-5.9563E0,2.8956E0,-4.4958E-1));
#1202=LINE('',#1201,#1200);
#1203=DIRECTION('',(0.E0,0.E0,1.E0));
#1204=VECTOR('',#1203,6.5532E0);
#1205=CARTESIAN_POINT('',(5.9563E0,2.8956E0,-7.00278E0));
#1206=LINE('',#1205,#1204);
#1207=DIRECTION('',(-1.E0,0.E0,0.E0));
#1208=VECTOR('',#1207,1.5113E0);
#1209=CARTESIAN_POINT('',(5.9563E0,2.8956E0,-4.4958E-1));
#1210=LINE('',#1209,#1208);
#1211=DIRECTION('',(0.E0,0.E0,1.E0));
#1212=VECTOR('',#1211,7.574473688882E-1);
#1213=CARTESIAN_POINT('',(3.7719E0,2.8956E0,-4.739052701457E0));
#1214=LINE('',#1213,#1212);
#1215=DIRECTION('',(-1.E0,0.E0,0.E0));
#1216=VECTOR('',#1215,4.318E-1);
#1217=CARTESIAN_POINT('',(3.7719E0,2.8956E0,-4.739052701457E0));
#1218=LINE('',#1217,#1216);
#1219=DIRECTION('',(0.E0,0.E0,1.E0));
#1220=VECTOR('',#1219,7.574473688882E-1);
#1221=CARTESIAN_POINT('',(3.3401E0,2.8956E0,-4.739052701457E0));
#1222=LINE('',#1221,#1220);
#1223=DIRECTION('',(1.E0,0.E0,0.E0));
#1224=VECTOR('',#1223,4.318E-1);
#1225=CARTESIAN_POINT('',(3.3401E0,2.8956E0,-3.981605332569E0));
#1226=LINE('',#1225,#1224);
#1227=DIRECTION('',(0.E0,0.E0,1.E0));
#1228=VECTOR('',#1227,7.574473688882E-1);
#1229=CARTESIAN_POINT('',(1.7399E0,2.8956E0,-4.739052701457E0));
#1230=LINE('',#1229,#1228);
#1231=DIRECTION('',(-1.E0,0.E0,0.E0));
#1232=VECTOR('',#1231,4.318E-1);
#1233=CARTESIAN_POINT('',(1.7399E0,2.8956E0,-4.739052701457E0));
#1234=LINE('',#1233,#1232);
#1235=DIRECTION('',(0.E0,0.E0,1.E0));
#1236=VECTOR('',#1235,7.574473688882E-1);
#1237=CARTESIAN_POINT('',(1.3081E0,2.8956E0,-4.739052701457E0));
#1238=LINE('',#1237,#1236);
#1239=DIRECTION('',(1.E0,0.E0,0.E0));
#1240=VECTOR('',#1239,4.318E-1);
#1241=CARTESIAN_POINT('',(1.3081E0,2.8956E0,-3.981605332569E0));
#1242=LINE('',#1241,#1240);
#1243=DIRECTION('',(0.E0,0.E0,1.E0));
#1244=VECTOR('',#1243,7.574473688882E-1);
#1245=CARTESIAN_POINT('',(-2.921E-1,2.8956E0,-4.739052701457E0));
#1246=LINE('',#1245,#1244);
#1247=DIRECTION('',(-1.E0,0.E0,0.E0));
#1248=VECTOR('',#1247,4.318E-1);
#1249=CARTESIAN_POINT('',(-2.921E-1,2.8956E0,-4.739052701457E0));
#1250=LINE('',#1249,#1248);
#1251=DIRECTION('',(0.E0,0.E0,1.E0));
#1252=VECTOR('',#1251,7.574473688882E-1);
#1253=CARTESIAN_POINT('',(-7.239E-1,2.8956E0,-4.739052701457E0));
#1254=LINE('',#1253,#1252);
#1255=DIRECTION('',(1.E0,0.E0,0.E0));
#1256=VECTOR('',#1255,4.318E-1);
#1257=CARTESIAN_POINT('',(-7.239E-1,2.8956E0,-3.981605332569E0));
#1258=LINE('',#1257,#1256);
#1259=DIRECTION('',(0.E0,0.E0,1.E0));
#1260=VECTOR('',#1259,7.574473688882E-1);
#1261=CARTESIAN_POINT('',(-2.3241E0,2.8956E0,-4.739052701457E0));
#1262=LINE('',#1261,#1260);
#1263=DIRECTION('',(-1.E0,0.E0,0.E0));
#1264=VECTOR('',#1263,4.318E-1);
#1265=CARTESIAN_POINT('',(-2.3241E0,2.8956E0,-4.739052701457E0));
#1266=LINE('',#1265,#1264);
#1267=DIRECTION('',(0.E0,0.E0,1.E0));
#1268=VECTOR('',#1267,7.574473688882E-1);
#1269=CARTESIAN_POINT('',(-2.7559E0,2.8956E0,-4.739052701457E0));
#1270=LINE('',#1269,#1268);
#1271=DIRECTION('',(1.E0,0.E0,0.E0));
#1272=VECTOR('',#1271,4.318E-1);
#1273=CARTESIAN_POINT('',(-2.7559E0,2.8956E0,-3.981605332569E0));
#1274=LINE('',#1273,#1272);
#1275=DIRECTION('',(0.E0,0.E0,1.E0));
#1276=VECTOR('',#1275,7.574473688882E-1);
#1277=CARTESIAN_POINT('',(2.7559E0,2.8956E0,-4.739052701457E0));
#1278=LINE('',#1277,#1276);
#1279=DIRECTION('',(-1.E0,0.E0,0.E0));
#1280=VECTOR('',#1279,4.318E-1);
#1281=CARTESIAN_POINT('',(2.7559E0,2.8956E0,-4.739052701457E0));
#1282=LINE('',#1281,#1280);
#1283=DIRECTION('',(0.E0,0.E0,1.E0));
#1284=VECTOR('',#1283,7.574473688882E-1);
#1285=CARTESIAN_POINT('',(2.3241E0,2.8956E0,-4.739052701457E0));
#1286=LINE('',#1285,#1284);
#1287=DIRECTION('',(1.E0,0.E0,0.E0));
#1288=VECTOR('',#1287,4.318E-1);
#1289=CARTESIAN_POINT('',(2.3241E0,2.8956E0,-3.981605332569E0));
#1290=LINE('',#1289,#1288);
#1291=DIRECTION('',(0.E0,0.E0,1.E0));
#1292=VECTOR('',#1291,7.574473688882E-1);
#1293=CARTESIAN_POINT('',(7.239E-1,2.8956E0,-4.739052701457E0));
#1294=LINE('',#1293,#1292);
#1295=DIRECTION('',(-1.E0,0.E0,0.E0));
#1296=VECTOR('',#1295,4.318E-1);
#1297=CARTESIAN_POINT('',(7.239E-1,2.8956E0,-4.739052701457E0));
#1298=LINE('',#1297,#1296);
#1299=DIRECTION('',(0.E0,0.E0,1.E0));
#1300=VECTOR('',#1299,7.574473688882E-1);
#1301=CARTESIAN_POINT('',(2.921E-1,2.8956E0,-4.739052701457E0));
#1302=LINE('',#1301,#1300);
#1303=DIRECTION('',(1.E0,0.E0,0.E0));
#1304=VECTOR('',#1303,4.318E-1);
#1305=CARTESIAN_POINT('',(2.921E-1,2.8956E0,-3.981605332569E0));
#1306=LINE('',#1305,#1304);
#1307=DIRECTION('',(0.E0,0.E0,1.E0));
#1308=VECTOR('',#1307,7.574473688882E-1);
#1309=CARTESIAN_POINT('',(-1.3081E0,2.8956E0,-4.739052701457E0));
#1310=LINE('',#1309,#1308);
#1311=DIRECTION('',(-1.E0,0.E0,0.E0));
#1312=VECTOR('',#1311,4.318E-1);
#1313=CARTESIAN_POINT('',(-1.3081E0,2.8956E0,-4.739052701457E0));
#1314=LINE('',#1313,#1312);
#1315=DIRECTION('',(0.E0,0.E0,1.E0));
#1316=VECTOR('',#1315,7.574473688882E-1);
#1317=CARTESIAN_POINT('',(-1.7399E0,2.8956E0,-4.739052701457E0));
#1318=LINE('',#1317,#1316);
#1319=DIRECTION('',(1.E0,0.E0,0.E0));
#1320=VECTOR('',#1319,4.318E-1);
#1321=CARTESIAN_POINT('',(-1.7399E0,2.8956E0,-3.981605332569E0));
#1322=LINE('',#1321,#1320);
#1323=DIRECTION('',(0.E0,0.E0,1.E0));
#1324=VECTOR('',#1323,7.574473688882E-1);
#1325=CARTESIAN_POINT('',(-3.3401E0,2.8956E0,-4.739052701457E0));
#1326=LINE('',#1325,#1324);
#1327=DIRECTION('',(-1.E0,0.E0,0.E0));
#1328=VECTOR('',#1327,4.318E-1);
#1329=CARTESIAN_POINT('',(-3.3401E0,2.8956E0,-4.739052701457E0));
#1330=LINE('',#1329,#1328);
#1331=DIRECTION('',(0.E0,0.E0,1.E0));
#1332=VECTOR('',#1331,7.574473688882E-1);
#1333=CARTESIAN_POINT('',(-3.7719E0,2.8956E0,-4.739052701457E0));
#1334=LINE('',#1333,#1332);
#1335=DIRECTION('',(1.E0,0.E0,0.E0));
#1336=VECTOR('',#1335,4.318E-1);
#1337=CARTESIAN_POINT('',(-3.7719E0,2.8956E0,-3.981605332569E0));
#1338=LINE('',#1337,#1336);
#1339=DIRECTION('',(0.E0,1.E0,0.E0));
#1340=VECTOR('',#1339,6.096E-1);
#1341=CARTESIAN_POINT('',(-4.445E0,2.286E0,-3.39598E0));
#1342=LINE('',#1341,#1340);
#1343=DIRECTION('',(0.E0,1.E0,0.E0));
#1344=VECTOR('',#1343,6.858E-2);
#1345=CARTESIAN_POINT('',(-4.445E0,2.286E0,-1.9558E-1));
#1346=LINE('',#1345,#1344);
#1347=DIRECTION('',(0.E0,-7.071067811865E-1,7.071067811865E-1));
#1348=VECTOR('',#1347,3.592102448428E-1);
#1349=CARTESIAN_POINT('',(-4.445E0,2.8956E0,-4.4958E-1));
#1350=LINE('',#1349,#1348);
#1351=DIRECTION('',(1.E0,0.E0,0.E0));
#1352=VECTOR('',#1351,1.19126E1);
#1353=CARTESIAN_POINT('',(-5.9563E0,2.286E0,-7.00278E0));
#1354=LINE('',#1353,#1352);
#1355=DIRECTION('',(0.E0,0.E0,-1.E0));
#1356=VECTOR('',#1355,3.0988E0);
#1357=CARTESIAN_POINT('',(-5.9563E0,2.286E0,-7.00278E0));
#1358=LINE('',#1357,#1356);
#1359=DIRECTION('',(0.E0,0.E0,1.E0));
#1360=VECTOR('',#1359,2.292283041914E-1);
#1361=CARTESIAN_POINT('',(-3.3401E0,2.286E0,-3.39598E0));
#1362=LINE('',#1361,#1360);
#1363=DIRECTION('',(1.E0,0.E0,0.E0));
#1364=VECTOR('',#1363,5.842E-1);
#1365=CARTESIAN_POINT('',(-3.3401E0,2.286E0,-3.39598E0));
#1366=LINE('',#1365,#1364);
#1367=DIRECTION('',(0.E0,0.E0,1.E0));
#1368=VECTOR('',#1367,2.292283041914E-1);
#1369=CARTESIAN_POINT('',(-2.7559E0,2.286E0,-3.39598E0));
#1370=LINE('',#1369,#1368);
#1371=DIRECTION('',(-1.E0,0.E0,0.E0));
#1372=VECTOR('',#1371,4.318E-1);
#1373=CARTESIAN_POINT('',(-2.3241E0,2.286E0,-3.166751695809E0));
#1374=LINE('',#1373,#1372);
#1375=DIRECTION('',(0.E0,0.E0,1.E0));
#1376=VECTOR('',#1375,2.292283041914E-1);
#1377=CARTESIAN_POINT('',(-2.3241E0,2.286E0,-3.39598E0));
#1378=LINE('',#1377,#1376);
#1379=DIRECTION('',(1.E0,0.E0,0.E0));
#1380=VECTOR('',#1379,5.842E-1);
#1381=CARTESIAN_POINT('',(-2.3241E0,2.286E0,-3.39598E0));
#1382=LINE('',#1381,#1380);
#1383=DIRECTION('',(0.E0,0.E0,1.E0));
#1384=VECTOR('',#1383,2.292283041914E-1);
#1385=CARTESIAN_POINT('',(-1.7399E0,2.286E0,-3.39598E0));
#1386=LINE('',#1385,#1384);
#1387=DIRECTION('',(-1.E0,0.E0,0.E0));
#1388=VECTOR('',#1387,4.318E-1);
#1389=CARTESIAN_POINT('',(-1.3081E0,2.286E0,-3.166751695809E0));
#1390=LINE('',#1389,#1388);
#1391=DIRECTION('',(0.E0,0.E0,1.E0));
#1392=VECTOR('',#1391,2.292283041914E-1);
#1393=CARTESIAN_POINT('',(-1.3081E0,2.286E0,-3.39598E0));
#1394=LINE('',#1393,#1392);
#1395=DIRECTION('',(1.E0,0.E0,0.E0));
#1396=VECTOR('',#1395,5.842E-1);
#1397=CARTESIAN_POINT('',(-1.3081E0,2.286E0,-3.39598E0));
#1398=LINE('',#1397,#1396);
#1399=DIRECTION('',(0.E0,0.E0,1.E0));
#1400=VECTOR('',#1399,2.292283041914E-1);
#1401=CARTESIAN_POINT('',(-7.239E-1,2.286E0,-3.39598E0));
#1402=LINE('',#1401,#1400);
#1403=DIRECTION('',(-1.E0,0.E0,0.E0));
#1404=VECTOR('',#1403,4.318E-1);
#1405=CARTESIAN_POINT('',(-2.921E-1,2.286E0,-3.166751695809E0));
#1406=LINE('',#1405,#1404);
#1407=DIRECTION('',(0.E0,0.E0,1.E0));
#1408=VECTOR('',#1407,2.292283041914E-1);
#1409=CARTESIAN_POINT('',(-2.921E-1,2.286E0,-3.39598E0));
#1410=LINE('',#1409,#1408);
#1411=DIRECTION('',(1.E0,0.E0,0.E0));
#1412=VECTOR('',#1411,5.842E-1);
#1413=CARTESIAN_POINT('',(-2.921E-1,2.286E0,-3.39598E0));
#1414=LINE('',#1413,#1412);
#1415=DIRECTION('',(0.E0,0.E0,1.E0));
#1416=VECTOR('',#1415,2.292283041914E-1);
#1417=CARTESIAN_POINT('',(2.921E-1,2.286E0,-3.39598E0));
#1418=LINE('',#1417,#1416);
#1419=DIRECTION('',(-1.E0,0.E0,0.E0));
#1420=VECTOR('',#1419,4.318E-1);
#1421=CARTESIAN_POINT('',(7.239E-1,2.286E0,-3.166751695809E0));
#1422=LINE('',#1421,#1420);
#1423=DIRECTION('',(0.E0,0.E0,1.E0));
#1424=VECTOR('',#1423,2.292283041914E-1);
#1425=CARTESIAN_POINT('',(7.239E-1,2.286E0,-3.39598E0));
#1426=LINE('',#1425,#1424);
#1427=DIRECTION('',(1.E0,0.E0,0.E0));
#1428=VECTOR('',#1427,5.842E-1);
#1429=CARTESIAN_POINT('',(7.239E-1,2.286E0,-3.39598E0));
#1430=LINE('',#1429,#1428);
#1431=DIRECTION('',(0.E0,0.E0,1.E0));
#1432=VECTOR('',#1431,2.292283041914E-1);
#1433=CARTESIAN_POINT('',(1.3081E0,2.286E0,-3.39598E0));
#1434=LINE('',#1433,#1432);
#1435=DIRECTION('',(-1.E0,0.E0,0.E0));
#1436=VECTOR('',#1435,4.318E-1);
#1437=CARTESIAN_POINT('',(1.7399E0,2.286E0,-3.166751695809E0));
#1438=LINE('',#1437,#1436);
#1439=DIRECTION('',(0.E0,0.E0,1.E0));
#1440=VECTOR('',#1439,2.292283041914E-1);
#1441=CARTESIAN_POINT('',(1.7399E0,2.286E0,-3.39598E0));
#1442=LINE('',#1441,#1440);
#1443=DIRECTION('',(1.E0,0.E0,0.E0));
#1444=VECTOR('',#1443,5.842E-1);
#1445=CARTESIAN_POINT('',(1.7399E0,2.286E0,-3.39598E0));
#1446=LINE('',#1445,#1444);
#1447=DIRECTION('',(0.E0,0.E0,1.E0));
#1448=VECTOR('',#1447,2.292283041914E-1);
#1449=CARTESIAN_POINT('',(2.3241E0,2.286E0,-3.39598E0));
#1450=LINE('',#1449,#1448);
#1451=DIRECTION('',(-1.E0,0.E0,0.E0));
#1452=VECTOR('',#1451,4.318E-1);
#1453=CARTESIAN_POINT('',(2.7559E0,2.286E0,-3.166751695809E0));
#1454=LINE('',#1453,#1452);
#1455=DIRECTION('',(0.E0,0.E0,1.E0));
#1456=VECTOR('',#1455,2.292283041914E-1);
#1457=CARTESIAN_POINT('',(2.7559E0,2.286E0,-3.39598E0));
#1458=LINE('',#1457,#1456);
#1459=DIRECTION('',(1.E0,0.E0,0.E0));
#1460=VECTOR('',#1459,5.842E-1);
#1461=CARTESIAN_POINT('',(2.7559E0,2.286E0,-3.39598E0));
#1462=LINE('',#1461,#1460);
#1463=DIRECTION('',(0.E0,0.E0,1.E0));
#1464=VECTOR('',#1463,2.292283041914E-1);
#1465=CARTESIAN_POINT('',(3.3401E0,2.286E0,-3.39598E0));
#1466=LINE('',#1465,#1464);
#1467=DIRECTION('',(-1.E0,0.E0,0.E0));
#1468=VECTOR('',#1467,4.318E-1);
#1469=CARTESIAN_POINT('',(3.7719E0,2.286E0,-3.166751695809E0));
#1470=LINE('',#1469,#1468);
#1471=DIRECTION('',(0.E0,0.E0,1.E0));
#1472=VECTOR('',#1471,2.292283041914E-1);
#1473=CARTESIAN_POINT('',(3.7719E0,2.286E0,-3.39598E0));
#1474=LINE('',#1473,#1472);
#1475=DIRECTION('',(1.E0,0.E0,0.E0));
#1476=VECTOR('',#1475,6.731E-1);
#1477=CARTESIAN_POINT('',(3.7719E0,2.286E0,-3.39598E0));
#1478=LINE('',#1477,#1476);
#1479=DIRECTION('',(0.E0,0.E0,-1.E0));
#1480=VECTOR('',#1479,3.2004E0);
#1481=CARTESIAN_POINT('',(4.445E0,2.286E0,-1.9558E-1));
#1482=LINE('',#1481,#1480);
#1483=DIRECTION('',(1.E0,0.E0,0.E0));
#1484=VECTOR('',#1483,8.89E0);
#1485=CARTESIAN_POINT('',(-4.445E0,2.286E0,-1.9558E-1));
#1486=LINE('',#1485,#1484);
#1487=DIRECTION('',(0.E0,0.E0,-1.E0));
#1488=VECTOR('',#1487,3.2004E0);
#1489=CARTESIAN_POINT('',(-4.445E0,2.286E0,-1.9558E-1));
#1490=LINE('',#1489,#1488);
#1491=DIRECTION('',(1.E0,0.E0,0.E0));
#1492=VECTOR('',#1491,6.731E-1);
#1493=CARTESIAN_POINT('',(-4.445E0,2.286E0,-3.39598E0));
#1494=LINE('',#1493,#1492);
#1495=DIRECTION('',(0.E0,0.E0,1.E0));
#1496=VECTOR('',#1495,2.292283041914E-1);
#1497=CARTESIAN_POINT('',(-3.7719E0,2.286E0,-3.39598E0));
#1498=LINE('',#1497,#1496);
#1499=DIRECTION('',(-1.E0,0.E0,0.E0));
#1500=VECTOR('',#1499,4.318E-1);
#1501=CARTESIAN_POINT('',(-3.3401E0,2.286E0,-3.166751695809E0));
#1502=LINE('',#1501,#1500);
#1503=DIRECTION('',(1.E0,0.E0,0.E0));
#1504=VECTOR('',#1503,1.19126E1);
#1505=CARTESIAN_POINT('',(-5.9563E0,2.8956E0,-7.00278E0));
#1506=LINE('',#1505,#1504);
#1507=DIRECTION('',(0.E0,1.E0,0.E0));
#1508=VECTOR('',#1507,6.096E-1);
#1509=CARTESIAN_POINT('',(-5.9563E0,2.286E0,-7.00278E0));
#1510=LINE('',#1509,#1508);
#1511=DIRECTION('',(0.E0,1.E0,0.E0));
#1512=VECTOR('',#1511,2.1082E0);
#1513=CARTESIAN_POINT('',(-5.9563E0,2.8956E0,-4.4958E-1));
#1514=LINE('',#1513,#1512);
#1515=DIRECTION('',(0.E0,0.E0,-1.E0));
#1516=VECTOR('',#1515,9.652E0);
#1517=CARTESIAN_POINT('',(-5.9563E0,5.0038E0,-4.4958E-1));
#1518=LINE('',#1517,#1516);
#1519=DIRECTION('',(7.071067811865E-1,0.E0,-7.071067811865E-1));
#1520=VECTOR('',#1519,3.592102448428E-1);
#1521=CARTESIAN_POINT('',(-6.2103E0,5.0038E0,-1.9558E-1));
#1522=LINE('',#1521,#1520);
#1523=DIRECTION('',(0.E0,0.E0,-1.E0));
#1524=VECTOR('',#1523,9.906E0);
#1525=CARTESIAN_POINT('',(-6.35E0,5.0038E0,-1.9558E-1));
#1526=LINE('',#1525,#1524);
#1527=DIRECTION('',(0.E0,0.E0,-1.E0));
#1528=VECTOR('',#1527,9.906E0);
#1529=CARTESIAN_POINT('',(-6.35E0,7.7978E0,-1.9558E-1));
#1530=LINE('',#1529,#1528);
#1531=DIRECTION('',(0.E0,-1.E0,0.E0));
#1532=VECTOR('',#1531,2.354059094878E0);
#1533=CARTESIAN_POINT('',(-6.35E0,7.468609547439E0,-1.9558E-1));
#1534=LINE('',#1533,#1532);
#1535=DIRECTION('',(0.E0,1.E0,0.E0));
#1536=VECTOR('',#1535,2.286E0);
#1537=CARTESIAN_POINT('',(-6.223E0,5.14858E0,-1.9558E-1));
#1538=LINE('',#1537,#1536);
#1539=DIRECTION('',(0.E0,1.E0,0.E0));
#1540=VECTOR('',#1539,2.286E0);
#1541=CARTESIAN_POINT('',(-6.115891451480E0,5.14858E0,-2.705782130801E-1));
#1542=LINE('',#1541,#1540);
#1543=DIRECTION('',(9.958717442042E-1,0.E0,-9.077152139089E-2));
#1544=VECTOR('',#1543,1.9558E-1);
#1545=CARTESIAN_POINT('',(-5.358616919035E0,5.14858E0,-3.362019771305E0));
#1546=LINE('',#1545,#1544);
#1547=DIRECTION('',(9.077152139089E-2,0.E0,9.958717442042E-1));
#1548=VECTOR('',#1547,4.141924653671E-1);
#1549=CARTESIAN_POINT('',(-5.358616919035E0,5.14858E0,-3.362019771305E0));
#1550=LINE('',#1549,#1548);
#1551=CARTESIAN_POINT('',(-7.09168E0,5.14858E0,-2.788145433350E0));
#1552=DIRECTION('',(0.E0,-1.E0,0.E0));
#1553=DIRECTION('',(9.958717442042E-1,0.E0,-9.077152139089E-2));
#1554=AXIS2_PLACEMENT_3D('',#1551,#1552,#1553);
#1556=DIRECTION('',(-3.420201433257E-1,0.E0,9.396926207859E-1));
#1557=VECTOR('',#1556,2.032E0);
#1558=CARTESIAN_POINT('',(-5.420906520243E0,5.14858E0,-2.180033618517E0));
#1559=LINE('',#1558,#1557);
#1560=CARTESIAN_POINT('',(-6.223E0,5.14858E0,-3.095625365767E-1));
#1561=DIRECTION('',(0.E0,-1.E0,0.E0));
#1562=DIRECTION('',(9.396926207859E-1,0.E0,3.420201433257E-1));
#1563=AXIS2_PLACEMENT_3D('',#1560,#1561,#1562);
#1565=DIRECTION('',(0.E0,0.E0,-1.E0));
#1566=VECTOR('',#1565,1.9558E-1);
#1567=CARTESIAN_POINT('',(-6.223E0,5.14858E0,0.E0));
#1568=LINE('',#1567,#1566);
#1569=CARTESIAN_POINT('',(-6.223E0,5.14858E0,-3.095625365767E-1));
#1570=DIRECTION('',(0.E0,1.E0,0.E0));
#1571=DIRECTION('',(0.E0,0.E0,1.E0));
#1572=AXIS2_PLACEMENT_3D('',#1569,#1570,#1571);
#1574=DIRECTION('',(3.420201433257E-1,0.E0,-9.396926207859E-1));
#1575=VECTOR('',#1574,2.032E0);
#1576=CARTESIAN_POINT('',(-5.932106368707E0,5.14858E0,-2.036859134485E-1));
#1577=LINE('',#1576,#1575);
#1578=CARTESIAN_POINT('',(-7.09168E0,5.14858E0,-2.788145433350E0));
#1579=DIRECTION('',(0.E0,1.E0,0.E0));
#1580=DIRECTION('',(9.396926207859E-1,0.E0,3.420201433257E-1));
#1581=AXIS2_PLACEMENT_3D('',#1578,#1579,#1580);
#1583=DIRECTION('',(-9.077152139089E-2,0.E0,-9.958717442042E-1));
#1584=VECTOR('',#1583,4.141924653671E-1);
#1585=CARTESIAN_POINT('',(-5.126247443073E0,5.14858E0,-2.967290292537E0));
#1586=LINE('',#1585,#1584);
#1587=DIRECTION('',(9.958717442042E-1,0.E0,9.077152139089E-2));
#1588=VECTOR('',#1587,1.9558E-1);
#1589=CARTESIAN_POINT('',(5.163844323303E0,5.14858E0,-3.379772865458E0));
#1590=LINE('',#1589,#1588);
#1591=DIRECTION('',(-9.077152139089E-2,0.E0,9.958717442042E-1));
#1592=VECTOR('',#1591,4.141924653671E-1);
#1593=CARTESIAN_POINT('',(5.163844323303E0,5.14858E0,-3.379772865458E0));
#1594=LINE('',#1593,#1592);
#1595=CARTESIAN_POINT('',(7.09168E0,5.14858E0,-2.788145433350E0));
#1596=DIRECTION('',(0.E0,1.E0,0.E0));
#1597=DIRECTION('',(-9.958717442042E-1,0.E0,-9.077152139089E-2));
#1598=AXIS2_PLACEMENT_3D('',#1595,#1596,#1597);
#1600=DIRECTION('',(3.420201433257E-1,0.E0,9.396926207859E-1));
#1601=VECTOR('',#1600,2.032E0);
#1602=CARTESIAN_POINT('',(5.237121437469E0,5.14858E0,-2.113141318885E0));
#1603=LINE('',#1602,#1601);
#1604=CARTESIAN_POINT('',(6.223E0,5.14858E0,-3.095625365767E-1));
#1605=DIRECTION('',(0.E0,1.E0,0.E0));
#1606=DIRECTION('',(-9.396926207859E-1,0.E0,3.420201433257E-1));
#1607=AXIS2_PLACEMENT_3D('',#1604,#1605,#1606);
#1609=DIRECTION('',(0.E0,0.E0,1.E0));
#1610=VECTOR('',#1609,1.9558E-1);
#1611=CARTESIAN_POINT('',(6.223E0,5.14858E0,-1.9558E-1));
#1612=LINE('',#1611,#1610);
#1613=CARTESIAN_POINT('',(6.223E0,5.14858E0,-3.095625365767E-1));
#1614=DIRECTION('',(0.E0,-1.E0,0.E0));
#1615=DIRECTION('',(-1.558446489042E-14,0.E0,1.E0));
#1616=AXIS2_PLACEMENT_3D('',#1613,#1614,#1615);
#1618=DIRECTION('',(-3.420201433257E-1,0.E0,-9.396926207859E-1));
#1619=VECTOR('',#1618,2.032E0);
#1620=CARTESIAN_POINT('',(6.115891451480E0,5.14858E0,-2.705782130801E-1));
#1621=LINE('',#1620,#1619);
#1622=CARTESIAN_POINT('',(7.09168E0,5.14858E0,-2.788145433350E0));
#1623=DIRECTION('',(0.E0,-1.E0,0.E0));
#1624=DIRECTION('',(-9.396926207859E-1,0.E0,3.420201433257E-1));
#1625=AXIS2_PLACEMENT_3D('',#1622,#1623,#1624);
#1627=DIRECTION('',(9.077152139090E-2,0.E0,-9.958717442042E-1));
#1628=VECTOR('',#1627,4.141924653671E-1);
#1629=CARTESIAN_POINT('',(5.321020038805E0,5.14858E0,-2.949537198383E0));
#1630=LINE('',#1629,#1628);
#1631=CARTESIAN_POINT('',(-5.163844323303E0,7.05358E0,-3.379772865458E0));
#1632=DIRECTION('',(9.958717442042E-1,0.E0,-9.077152139089E-2));
#1633=DIRECTION('',(-9.077152139089E-2,0.E0,-9.958717442042E-1));
#1634=AXIS2_PLACEMENT_3D('',#1631,#1632,#1633);
#1636=CARTESIAN_POINT('',(-5.163844323303E0,5.52958E0,-3.379772865458E0));
#1637=DIRECTION('',(9.958717442042E-1,0.E0,-9.077152139089E-2));
#1638=DIRECTION('',(0.E0,-1.E0,0.E0));
#1639=AXIS2_PLACEMENT_3D('',#1636,#1637,#1638);
#1641=DIRECTION('',(0.E0,1.E0,0.E0));
#1642=VECTOR('',#1641,2.286E0);
#1643=CARTESIAN_POINT('',(-5.126247443073E0,5.14858E0,-2.967290292537E0));
#1644=LINE('',#1643,#1642);
#1645=CARTESIAN_POINT('',(-5.358616919035E0,7.05358E0,-3.362019771305E0));
#1646=DIRECTION('',(-9.958717442042E-1,0.E0,9.077152139089E-2));
#1647=DIRECTION('',(0.E0,1.E0,0.E0));
#1648=AXIS2_PLACEMENT_3D('',#1645,#1646,#1647);
#1650=CARTESIAN_POINT('',(-5.358616919035E0,5.52958E0,-3.362019771305E0));
#1651=DIRECTION('',(-9.958717442042E-1,0.E0,9.077152139089E-2));
#1652=DIRECTION('',(-9.077152139089E-2,0.E0,-9.958717442042E-1));
#1653=AXIS2_PLACEMENT_3D('',#1650,#1651,#1652);
#1655=DIRECTION('',(0.E0,1.E0,0.E0));
#1656=VECTOR('',#1655,1.524E0);
#1657=CARTESIAN_POINT('',(-5.393200868685E0,5.52958E0,-3.741446905846E0));
#1658=LINE('',#1657,#1656);
#1659=DIRECTION('',(-9.958717442042E-1,0.E0,9.077152139089E-2));
#1660=VECTOR('',#1659,1.9558E-1);
#1661=CARTESIAN_POINT('',(-5.163844323303E0,7.43458E0,-3.379772865458E0));
#1662=LINE('',#1661,#1660);
#1663=DIRECTION('',(-9.077152139089E-2,0.E0,-9.958717442042E-1));
#1664=VECTOR('',#1663,4.141924653671E-1);
#1665=CARTESIAN_POINT('',(-5.126247443073E0,7.43458E0,-2.967290292537E0));
#1666=LINE('',#1665,#1664);
#1667=CARTESIAN_POINT('',(-7.09168E0,7.43458E0,-2.788145433350E0));
#1668=DIRECTION('',(0.E0,1.E0,0.E0));
#1669=DIRECTION('',(9.396926207859E-1,0.E0,3.420201433257E-1));
#1670=AXIS2_PLACEMENT_3D('',#1667,#1668,#1669);
#1672=DIRECTION('',(3.420201433257E-1,0.E0,-9.396926207859E-1));
#1673=VECTOR('',#1672,2.032E0);
#1674=CARTESIAN_POINT('',(-5.932106368707E0,7.43458E0,-2.036859134485E-1));
#1675=LINE('',#1674,#1673);
#1676=CARTESIAN_POINT('',(-6.223E0,7.43458E0,-3.095625365767E-1));
#1677=DIRECTION('',(0.E0,1.E0,0.E0));
#1678=DIRECTION('',(0.E0,0.E0,1.E0));
#1679=AXIS2_PLACEMENT_3D('',#1676,#1677,#1678);
#1681=DIRECTION('',(0.E0,0.E0,1.E0));
#1682=VECTOR('',#1681,1.9558E-1);
#1683=CARTESIAN_POINT('',(-6.223E0,7.43458E0,-1.9558E-1));
#1684=LINE('',#1683,#1682);
#1685=CARTESIAN_POINT('',(-6.223E0,7.43458E0,-3.095625365767E-1));
#1686=DIRECTION('',(0.E0,-1.E0,0.E0));
#1687=DIRECTION('',(9.396926207859E-1,0.E0,3.420201433257E-1));
#1688=AXIS2_PLACEMENT_3D('',#1685,#1686,#1687);
#1690=DIRECTION('',(-3.420201433257E-1,0.E0,9.396926207859E-1));
#1691=VECTOR('',#1690,2.032E0);
#1692=CARTESIAN_POINT('',(-5.420906520243E0,7.43458E0,-2.180033618517E0));
#1693=LINE('',#1692,#1691);
#1694=CARTESIAN_POINT('',(-7.09168E0,7.43458E0,-2.788145433350E0));
#1695=DIRECTION('',(0.E0,-1.E0,0.E0));
#1696=DIRECTION('',(9.958717442042E-1,0.E0,-9.077152139089E-2));
#1697=AXIS2_PLACEMENT_3D('',#1694,#1695,#1696);
#1699=DIRECTION('',(9.077152139089E-2,0.E0,9.958717442042E-1));
#1700=VECTOR('',#1699,4.141924653671E-1);
#1701=CARTESIAN_POINT('',(-5.358616919035E0,7.43458E0,-3.362019771305E0));
#1702=LINE('',#1701,#1700);
#1703=DIRECTION('',(-9.958717442042E-1,0.E0,-9.077152139089E-2));
#1704=VECTOR('',#1703,1.9558E-1);
#1705=CARTESIAN_POINT('',(5.358616919035E0,7.43458E0,-3.362019771305E0));
#1706=LINE('',#1705,#1704);
#1707=DIRECTION('',(9.077152139088E-2,0.E0,-9.958717442042E-1));
#1708=VECTOR('',#1707,4.141924653671E-1);
#1709=CARTESIAN_POINT('',(5.321020038805E0,7.43458E0,-2.949537198383E0));
#1710=LINE('',#1709,#1708);
#1711=CARTESIAN_POINT('',(7.09168E0,7.43458E0,-2.788145433350E0));
#1712=DIRECTION('',(0.E0,-1.E0,0.E0));
#1713=DIRECTION('',(-9.396926207859E-1,0.E0,3.420201433257E-1));
#1714=AXIS2_PLACEMENT_3D('',#1711,#1712,#1713);
#1716=DIRECTION('',(-3.420201433257E-1,0.E0,-9.396926207859E-1));
#1717=VECTOR('',#1716,2.032E0);
#1718=CARTESIAN_POINT('',(6.115891451480E0,7.43458E0,-2.705782130801E-1));
#1719=LINE('',#1718,#1717);
#1720=CARTESIAN_POINT('',(6.223E0,7.43458E0,-3.095625365767E-1));
#1721=DIRECTION('',(0.E0,-1.E0,0.E0));
#1722=DIRECTION('',(-1.558446489042E-14,0.E0,1.E0));
#1723=AXIS2_PLACEMENT_3D('',#1720,#1721,#1722);
#1725=DIRECTION('',(0.E0,0.E0,-1.E0));
#1726=VECTOR('',#1725,1.9558E-1);
#1727=CARTESIAN_POINT('',(6.223E0,7.43458E0,0.E0));
#1728=LINE('',#1727,#1726);
#1729=CARTESIAN_POINT('',(6.223E0,7.43458E0,-3.095625365767E-1));
#1730=DIRECTION('',(0.E0,1.E0,0.E0));
#1731=DIRECTION('',(-9.396926207859E-1,0.E0,3.420201433257E-1));
#1732=AXIS2_PLACEMENT_3D('',#1729,#1730,#1731);
#1734=DIRECTION('',(3.420201433257E-1,0.E0,9.396926207859E-1));
#1735=VECTOR('',#1734,2.032E0);
#1736=CARTESIAN_POINT('',(5.237121437469E0,7.43458E0,-2.113141318885E0));
#1737=LINE('',#1736,#1735);
#1738=CARTESIAN_POINT('',(7.09168E0,7.43458E0,-2.788145433350E0));
#1739=DIRECTION('',(0.E0,1.E0,0.E0));
#1740=DIRECTION('',(-9.958717442042E-1,0.E0,-9.077152139089E-2));
#1741=AXIS2_PLACEMENT_3D('',#1738,#1739,#1740);
#1743=DIRECTION('',(-9.077152139089E-2,0.E0,9.958717442042E-1));
#1744=VECTOR('',#1743,4.141924653671E-1);
#1745=CARTESIAN_POINT('',(5.163844323303E0,7.43458E0,-3.379772865458E0));
#1746=LINE('',#1745,#1744);
#1747=DIRECTION('',(0.E0,1.E0,0.E0));
#1748=VECTOR('',#1747,2.286E0);
#1749=CARTESIAN_POINT('',(-5.237121437469E0,5.14858E0,-2.113141318885E0));
#1750=LINE('',#1749,#1748);
#1751=DIRECTION('',(0.E0,1.E0,0.E0));
#1752=VECTOR('',#1751,2.286E0);
#1753=CARTESIAN_POINT('',(-5.932106368707E0,5.14858E0,-2.036859134485E-1));
#1754=LINE('',#1753,#1752);
#1755=DIRECTION('',(0.E0,1.E0,0.E0));
#1756=VECTOR('',#1755,2.286E0);
#1757=CARTESIAN_POINT('',(-6.223E0,5.14858E0,0.E0));
#1758=LINE('',#1757,#1756);
#1759=DIRECTION('',(1.E0,0.E0,0.E0));
#1760=VECTOR('',#1759,1.2065E0);
#1761=CARTESIAN_POINT('',(-7.4295E0,1.022858E1,0.E0));
#1762=LINE('',#1761,#1760);
#1763=DIRECTION('',(0.E0,1.E0,0.E0));
#1764=VECTOR('',#1763,2.286E0);
#1765=CARTESIAN_POINT('',(-6.223E0,7.94258E0,0.E0));
#1766=LINE('',#1765,#1764);
#1767=CARTESIAN_POINT('',(-6.223E0,7.68858E0,0.E0));
#1768=DIRECTION('',(0.E0,0.E0,1.E0));
#1769=DIRECTION('',(0.E0,1.E0,0.E0));
#1770=AXIS2_PLACEMENT_3D('',#1767,#1768,#1769);
#1772=CARTESIAN_POINT('',(-6.223E0,4.89458E0,0.E0));
#1773=DIRECTION('',(0.E0,0.E0,1.E0));
#1774=DIRECTION('',(0.E0,1.E0,0.E0));
#1775=AXIS2_PLACEMENT_3D('',#1772,#1773,#1774);
#1777=DIRECTION('',(0.E0,1.E0,0.E0));
#1778=VECTOR('',#1777,2.286E0);
#1779=CARTESIAN_POINT('',(-6.223E0,2.35458E0,0.E0));
#1780=LINE('',#1779,#1778);
#1781=DIRECTION('',(-1.E0,0.E0,0.E0));
#1782=VECTOR('',#1781,1.2446E1);
#1783=CARTESIAN_POINT('',(6.223E0,2.35458E0,0.E0));
#1784=LINE('',#1783,#1782);
#1785=DIRECTION('',(0.E0,-1.E0,0.E0));
#1786=VECTOR('',#1785,2.286E0);
#1787=CARTESIAN_POINT('',(6.223E0,4.64058E0,0.E0));
#1788=LINE('',#1787,#1786);
#1789=CARTESIAN_POINT('',(6.223E0,4.89458E0,0.E0));
#1790=DIRECTION('',(0.E0,0.E0,1.E0));
#1791=DIRECTION('',(0.E0,-1.E0,0.E0));
#1792=AXIS2_PLACEMENT_3D('',#1789,#1790,#1791);
#1794=DIRECTION('',(0.E0,1.E0,0.E0));
#1795=VECTOR('',#1794,2.286E0);
#1796=CARTESIAN_POINT('',(6.223E0,5.14858E0,0.E0));
#1797=LINE('',#1796,#1795);
#1798=CARTESIAN_POINT('',(6.223E0,7.68858E0,0.E0));
#1799=DIRECTION('',(0.E0,0.E0,1.E0));
#1800=DIRECTION('',(0.E0,-1.E0,0.E0));
#1801=AXIS2_PLACEMENT_3D('',#1798,#1799,#1800);
#1803=DIRECTION('',(0.E0,-1.E0,0.E0));
#1804=VECTOR('',#1803,2.286E0);
#1805=CARTESIAN_POINT('',(6.223E0,1.022858E1,0.E0));
#1806=LINE('',#1805,#1804);
#1807=DIRECTION('',(1.E0,0.E0,0.E0));
#1808=VECTOR('',#1807,1.2065E0);
#1809=CARTESIAN_POINT('',(6.223E0,1.022858E1,0.E0));
#1810=LINE('',#1809,#1808);
#1811=DIRECTION('',(0.E0,1.E0,0.E0));
#1812=VECTOR('',#1811,2.032E0);
#1813=CARTESIAN_POINT('',(7.4295E0,1.022858E1,0.E0));
#1814=LINE('',#1813,#1812);
#1815=DIRECTION('',(-1.E0,0.E0,0.E0));
#1816=VECTOR('',#1815,5.0165E0);
#1817=CARTESIAN_POINT('',(7.4295E0,1.226058E1,0.E0));
#1818=LINE('',#1817,#1816);
#1819=DIRECTION('',(0.E0,-1.E0,0.E0));
#1820=VECTOR('',#1819,6.9342E-1);
#1821=CARTESIAN_POINT('',(2.413E0,1.2954E1,0.E0));
#1822=LINE('',#1821,#1820);
#1823=DIRECTION('',(-1.E0,0.E0,0.E0));
#1824=VECTOR('',#1823,5.26542E0);
#1825=CARTESIAN_POINT('',(7.67842E0,1.2954E1,0.E0));
#1826=LINE('',#1825,#1824);
#1827=DIRECTION('',(0.E0,1.E0,0.E0));
#1828=VECTOR('',#1827,1.245362E1);
#1829=CARTESIAN_POINT('',(7.67842E0,5.0038E-1,0.E0));
#1830=LINE('',#1829,#1828);
#1831=DIRECTION('',(-9.999999938247E-1,0.E0,-1.111334218874E-4));
#1832=VECTOR('',#1831,1.582420009772E0);
#1833=CARTESIAN_POINT('',(7.67842E0,5.0038E-1,0.E0));
#1834=LINE('',#1833,#1832);
#1835=CARTESIAN_POINT('',(6.096E0,5.1816E-1,0.E0));
#1836=CARTESIAN_POINT('',(6.096E0,5.151823914761E-1,0.E0));
#1837=CARTESIAN_POINT('',(6.096E0,5.092414496189E-1,8.792987527452E-5));
#1838=CARTESIAN_POINT('',(6.096E0,5.033290581428E-1,-1.758597505490E-4));
#1839=CARTESIAN_POINT('',(6.096E0,5.0038E-1,-1.758597505490E-4));
#1841=DIRECTION('',(1.E0,0.E0,0.E0));
#1842=VECTOR('',#1841,1.2192E1);
#1843=CARTESIAN_POINT('',(-6.096E0,5.1816E-1,0.E0));
#1844=LINE('',#1843,#1842);
#1845=CARTESIAN_POINT('',(-6.096E0,5.0038E-1,-1.758597505490E-4));
#1846=CARTESIAN_POINT('',(-6.096E0,5.033290581428E-1,-1.758597505490E-4));
#1847=CARTESIAN_POINT('',(-6.096E0,5.092414496189E-1,8.792987527452E-5));
#1848=CARTESIAN_POINT('',(-6.096E0,5.151823914761E-1,0.E0));
#1849=CARTESIAN_POINT('',(-6.096E0,5.1816E-1,0.E0));
#1851=DIRECTION('',(9.999999938247E-1,0.E0,-1.111334218874E-4));
#1852=VECTOR('',#1851,1.582420009772E0);
#1853=CARTESIAN_POINT('',(-7.67842E0,5.0038E-1,0.E0));
#1854=LINE('',#1853,#1852);
#1855=DIRECTION('',(0.E0,-1.E0,0.E0));
#1856=VECTOR('',#1855,1.245362E1);
#1857=CARTESIAN_POINT('',(-7.67842E0,1.2954E1,0.E0));
#1858=LINE('',#1857,#1856);
#1859=DIRECTION('',(-1.E0,0.E0,0.E0));
#1860=VECTOR('',#1859,5.26542E0);
#1861=CARTESIAN_POINT('',(-2.413E0,1.2954E1,0.E0));
#1862=LINE('',#1861,#1860);
#1863=DIRECTION('',(0.E0,-1.E0,0.E0));
#1864=VECTOR('',#1863,6.9342E-1);
#1865=CARTESIAN_POINT('',(-2.413E0,1.2954E1,0.E0));
#1866=LINE('',#1865,#1864);
#1867=DIRECTION('',(-1.E0,0.E0,0.E0));
#1868=VECTOR('',#1867,5.0165E0);
#1869=CARTESIAN_POINT('',(-2.413E0,1.226058E1,0.E0));
#1870=LINE('',#1869,#1868);
#1871=DIRECTION('',(0.E0,-1.E0,0.E0));
#1872=VECTOR('',#1871,2.032E0);
#1873=CARTESIAN_POINT('',(-7.4295E0,1.226058E1,0.E0));
#1874=LINE('',#1873,#1872);
#1875=DIRECTION('',(0.E0,0.E0,-1.E0));
#1876=VECTOR('',#1875,1.9558E-1);
#1877=CARTESIAN_POINT('',(-7.4295E0,1.022858E1,0.E0));
#1878=LINE('',#1877,#1876);
#1879=DIRECTION('',(0.E0,0.E0,-1.E0));
#1880=VECTOR('',#1879,1.9558E-1);
#1881=CARTESIAN_POINT('',(-7.4295E0,1.226058E1,0.E0));
#1882=LINE('',#1881,#1880);
#1883=DIRECTION('',(0.E0,0.E0,-1.E0));
#1884=VECTOR('',#1883,1.9558E-1);
#1885=CARTESIAN_POINT('',(-2.413E0,1.226058E1,0.E0));
#1886=LINE('',#1885,#1884);
#1887=DIRECTION('',(-1.E0,0.E0,0.E0));
#1888=VECTOR('',#1887,4.826E0);
#1889=CARTESIAN_POINT('',(2.413E0,1.332495306496E1,-1.9558E-1));
#1890=LINE('',#1889,#1888);
#1891=CARTESIAN_POINT('',(-2.413E0,1.2954E1,-4.4958E-1));
#1892=DIRECTION('',(-1.E0,0.E0,0.E0));
#1893=DIRECTION('',(0.E0,0.E0,1.E0));
#1894=AXIS2_PLACEMENT_3D('',#1891,#1892,#1893);
#1896=CARTESIAN_POINT('',(-8.128E0,1.340358E1,-4.4958E-1));
#1897=CARTESIAN_POINT('',(-8.128E0,1.340358E1,-4.163308730923E-1));
#1898=CARTESIAN_POINT('',(-8.120695387545E0,1.339627538754E1,
-3.477435498110E-1));
#1899=CARTESIAN_POINT('',(-8.083054450617E0,1.335863445062E1,
-2.431530519700E-1));
#1900=CARTESIAN_POINT('',(-8.019055657093E0,1.329463565709E1,
-1.485308249645E-1));
#1901=CARTESIAN_POINT('',(-7.928674442323E0,1.320425444232E1,
-6.957012697775E-2));
#1902=CARTESIAN_POINT('',(-7.816481541516E0,1.309206154152E1,
-1.526582856811E-2));
#1903=CARTESIAN_POINT('',(-7.726284299725E0,1.300186429972E1,0.E0));
#1904=CARTESIAN_POINT('',(-7.67842E0,1.2954E1,0.E0));
#1906=CARTESIAN_POINT('',(2.413E0,1.2954E1,-4.4958E-1));
#1907=DIRECTION('',(-1.E0,0.E0,0.E0));
#1908=DIRECTION('',(0.E0,0.E0,1.E0));
#1909=AXIS2_PLACEMENT_3D('',#1906,#1907,#1908);
#1911=DIRECTION('',(0.E0,0.E0,1.E0));
#1912=VECTOR('',#1911,3.1242E-1);
#1913=CARTESIAN_POINT('',(-5.6007E0,5.0038E-1,-1.5748E1));
#1914=LINE('',#1913,#1912);
#1915=DIRECTION('',(-1.E0,0.E0,0.E0));
#1916=VECTOR('',#1915,2.07772E0);
#1917=CARTESIAN_POINT('',(-5.6007E0,5.0038E-1,-1.5748E1));
#1918=LINE('',#1917,#1916);
#1919=CARTESIAN_POINT('',(-7.67842E0,5.0038E-1,-1.529842E1));
#1920=DIRECTION('',(0.E0,-1.E0,0.E0));
#1921=DIRECTION('',(-1.E0,0.E0,0.E0));
#1922=AXIS2_PLACEMENT_3D('',#1919,#1920,#1921);
#1924=DIRECTION('',(1.E0,0.E0,0.E0));
#1925=VECTOR('',#1924,1.9558E-1);
#1926=CARTESIAN_POINT('',(-8.128E0,5.0038E-1,-1.1938E1));
#1927=LINE('',#1926,#1925);
#1928=DIRECTION('',(-1.E0,0.E0,0.E0));
#1929=VECTOR('',#1928,1.9558E-1);
#1930=CARTESIAN_POINT('',(-7.93242E0,5.0038E-1,-7.8232E0));
#1931=LINE('',#1930,#1929);
#1932=DIRECTION('',(0.E0,0.E0,1.E0));
#1933=VECTOR('',#1932,7.37362E0);
#1934=CARTESIAN_POINT('',(-8.128E0,5.0038E-1,-7.8232E0));
#1935=LINE('',#1934,#1933);
#1936=CARTESIAN_POINT('',(-7.67842E0,5.0038E-1,-4.4958E-1));
#1937=DIRECTION('',(0.E0,-1.E0,0.E0));
#1938=DIRECTION('',(0.E0,0.E0,1.E0));
#1939=AXIS2_PLACEMENT_3D('',#1936,#1937,#1938);
#1941=DIRECTION('',(1.E0,0.E0,0.E0));
#1942=VECTOR('',#1941,1.58242E0);
#1943=CARTESIAN_POINT('',(-7.67842E0,5.0038E-1,-1.9558E-1));
#1944=LINE('',#1943,#1942);
#1945=DIRECTION('',(1.E0,0.E0,0.E0));
#1946=VECTOR('',#1945,1.9558E-1);
#1947=CARTESIAN_POINT('',(-8.128E0,5.0038E-1,-9.6012E0));
#1948=LINE('',#1947,#1946);
#1949=DIRECTION('',(1.E0,0.E0,0.E0));
#1950=VECTOR('',#1949,1.9558E-1);
#1951=CARTESIAN_POINT('',(-8.128E0,5.0038E-1,-9.906E0));
#1952=LINE('',#1951,#1950);
#1953=DIRECTION('',(0.E0,0.E0,1.E0));
#1954=VECTOR('',#1953,3.048E-1);
#1955=CARTESIAN_POINT('',(-8.128E0,5.0038E-1,-9.906E0));
#1956=LINE('',#1955,#1954);
#1957=DIRECTION('',(0.E0,1.E0,0.E0));
#1958=VECTOR('',#1957,1.1938E-1);
#1959=CARTESIAN_POINT('',(7.67842E0,3.81E-1,-1.543558E1));
#1960=LINE('',#1959,#1958);
#1961=DIRECTION('',(-1.E0,0.E0,0.E0));
#1962=VECTOR('',#1961,2.07772E0);
#1963=CARTESIAN_POINT('',(7.67842E0,5.0038E-1,-1.543558E1));
#1964=LINE('',#1963,#1962);
#1965=DIRECTION('',(0.E0,1.E0,0.E0));
#1966=VECTOR('',#1965,6.35E-1);
#1967=CARTESIAN_POINT('',(5.6007E0,5.0038E-1,-1.543558E1));
#1968=LINE('',#1967,#1966);
#1969=CARTESIAN_POINT('',(4.3307E0,1.13538E0,-1.543558E1));
#1970=DIRECTION('',(0.E0,0.E0,-1.E0));
#1971=DIRECTION('',(0.E0,1.E0,0.E0));
#1972=AXIS2_PLACEMENT_3D('',#1969,#1970,#1971);
#1974=DIRECTION('',(-1.E0,0.E0,0.E0));
#1975=VECTOR('',#1974,8.6614E0);
#1976=CARTESIAN_POINT('',(4.3307E0,2.40538E0,-1.543558E1));
#1977=LINE('',#1976,#1975);
#1978=CARTESIAN_POINT('',(-4.3307E0,1.13538E0,-1.543558E1));
#1979=DIRECTION('',(0.E0,0.E0,-1.E0));
#1980=DIRECTION('',(-1.E0,0.E0,0.E0));
#1981=AXIS2_PLACEMENT_3D('',#1978,#1979,#1980);
#1983=DIRECTION('',(0.E0,-1.E0,0.E0));
#1984=VECTOR('',#1983,6.35E-1);
#1985=CARTESIAN_POINT('',(-5.6007E0,1.13538E0,-1.543558E1));
#1986=LINE('',#1985,#1984);
#1987=DIRECTION('',(1.E0,0.E0,0.E0));
#1988=VECTOR('',#1987,2.07772E0);
#1989=CARTESIAN_POINT('',(-7.67842E0,5.0038E-1,-1.543558E1));
#1990=LINE('',#1989,#1988);
#1991=DIRECTION('',(0.E0,-1.E0,0.E0));
#1992=VECTOR('',#1991,1.1938E-1);
#1993=CARTESIAN_POINT('',(-7.67842E0,5.0038E-1,-1.543558E1));
#1994=LINE('',#1993,#1992);
#1995=DIRECTION('',(1.E0,0.E0,0.E0));
#1996=VECTOR('',#1995,1.535684E1);
#1997=CARTESIAN_POINT('',(-7.67842E0,3.81E-1,-1.543558E1));
#1998=LINE('',#1997,#1996);
#1999=CARTESIAN_POINT('',(7.67842E0,5.0038E-1,-1.518158E1));
#2000=DIRECTION('',(0.E0,1.E0,0.E0));
#2001=DIRECTION('',(1.E0,0.E0,0.E0));
#2002=AXIS2_PLACEMENT_3D('',#1999,#2000,#2001);
#2004=DIRECTION('',(0.E0,1.E0,0.E0));
#2005=VECTOR('',#2004,1.1938E-1);
#2006=CARTESIAN_POINT('',(7.93242E0,3.81E-1,-1.518158E1));
#2007=LINE('',#2006,#2005);
#2008=DIRECTION('',(0.E0,0.E0,-1.E0));
#2009=VECTOR('',#2008,3.24358E0);
#2010=CARTESIAN_POINT('',(7.93242E0,3.81E-1,-1.1938E1));
#2011=LINE('',#2010,#2009);
#2012=DIRECTION('',(0.E0,1.E0,0.E0));
#2013=VECTOR('',#2012,1.1938E-1);
#2014=CARTESIAN_POINT('',(7.93242E0,3.81E-1,-1.1938E1));
#2015=LINE('',#2014,#2013);
#2016=DIRECTION('',(0.E0,0.E0,-1.E0));
#2017=VECTOR('',#2016,3.24358E0);
#2018=CARTESIAN_POINT('',(7.93242E0,5.0038E-1,-1.1938E1));
#2019=LINE('',#2018,#2017);
#2020=CARTESIAN_POINT('',(7.93242E0,2.4638E-1,-7.8232E0));
#2021=DIRECTION('',(1.E0,0.E0,0.E0));
#2022=DIRECTION('',(0.E0,5.3E-1,-8.479976415062E-1));
#2023=AXIS2_PLACEMENT_3D('',#2020,#2021,#2022);
#2025=DIRECTION('',(0.E0,0.E0,-1.E0));
#2026=VECTOR('',#2025,7.589011400943E0);
#2027=CARTESIAN_POINT('',(7.93242E0,3.81E-1,-4.4958E-1));
#2028=LINE('',#2027,#2026);
#2029=DIRECTION('',(0.E0,-1.E0,0.E0));
#2030=VECTOR('',#2029,1.1938E-1);
#2031=CARTESIAN_POINT('',(7.93242E0,5.0038E-1,-4.4958E-1));
#2032=LINE('',#2031,#2030);
#2033=DIRECTION('',(0.E0,0.E0,-1.E0));
#2034=VECTOR('',#2033,7.37362E0);
#2035=CARTESIAN_POINT('',(7.93242E0,5.0038E-1,-4.4958E-1));
#2036=LINE('',#2035,#2034);
#2037=CARTESIAN_POINT('',(7.93242E0,2.4638E-1,-9.6012E0));
#2038=DIRECTION('',(1.E0,0.E0,0.E0));
#2039=DIRECTION('',(0.E0,1.E0,0.E0));
#2040=AXIS2_PLACEMENT_3D('',#2037,#2038,#2039);
#2042=DIRECTION('',(0.E0,0.E0,-1.E0));
#2043=VECTOR('',#2042,3.048E-1);
#2044=CARTESIAN_POINT('',(7.93242E0,5.0038E-1,-9.6012E0));
#2045=LINE('',#2044,#2043);
#2046=DIRECTION('',(0.E0,1.E0,0.E0));
#2047=VECTOR('',#2046,1.1938E-1);
#2048=CARTESIAN_POINT('',(7.93242E0,3.81E-1,-9.906E0));
#2049=LINE('',#2048,#2047);
#2050=DIRECTION('',(0.E0,0.E0,-1.E0));
#2051=VECTOR('',#2050,5.201914009426E-1);
#2052=CARTESIAN_POINT('',(7.93242E0,3.81E-1,-9.385808599057E0));
#2053=LINE('',#2052,#2051);
#2054=CARTESIAN_POINT('',(-7.68604E0,5.0038E-1,-1.1938E1));
#2055=DIRECTION('',(0.E0,0.E0,-1.E0));
#2056=DIRECTION('',(0.E0,-1.E0,0.E0));
#2057=AXIS2_PLACEMENT_3D('',#2054,#2055,#2056);
#2059=DIRECTION('',(-1.E0,0.E0,0.E0));
#2060=VECTOR('',#2059,8.2804E-1);
#2061=CARTESIAN_POINT('',(-6.858E0,5.842000000001E-2,-1.1938E1));
#2062=LINE('',#2061,#2060);
#2063=DIRECTION('',(0.E0,-1.E0,0.E0));
#2064=VECTOR('',#2063,1.9558E-1);
#2065=CARTESIAN_POINT('',(-6.858E0,2.54E-1,-1.1938E1));
#2066=LINE('',#2065,#2064);
#2067=DIRECTION('',(1.E0,0.E0,0.E0));
#2068=VECTOR('',#2067,8.2804E-1);
#2069=CARTESIAN_POINT('',(-7.68604E0,2.54E-1,-1.1938E1));
#2070=LINE('',#2069,#2068);
#2071=CARTESIAN_POINT('',(-7.68604E0,5.0038E-1,-1.1938E1));
#2072=DIRECTION('',(0.E0,0.E0,1.E0));
#2073=DIRECTION('',(-8.747712756947E-1,-4.845360824742E-1,0.E0));
#2074=AXIS2_PLACEMENT_3D('',#2071,#2072,#2073);
#2076=CARTESIAN_POINT('',(7.68604E0,5.0038E-1,-1.1938E1));
#2077=DIRECTION('',(0.E0,0.E0,1.E0));
#2078=DIRECTION('',(0.E0,-1.E0,0.E0));
#2079=AXIS2_PLACEMENT_3D('',#2076,#2077,#2078);
#2081=DIRECTION('',(1.E0,0.E0,0.E0));
#2082=VECTOR('',#2081,8.2804E-1);
#2083=CARTESIAN_POINT('',(6.858E0,2.54E-1,-1.1938E1));
#2084=LINE('',#2083,#2082);
#2085=DIRECTION('',(0.E0,1.E0,0.E0));
#2086=VECTOR('',#2085,1.9558E-1);
#2087=CARTESIAN_POINT('',(6.858E0,5.842000000001E-2,-1.1938E1));
#2088=LINE('',#2087,#2086);
#2089=DIRECTION('',(-1.E0,0.E0,0.E0));
#2090=VECTOR('',#2089,8.2804E-1);
#2091=CARTESIAN_POINT('',(7.68604E0,5.842000000001E-2,-1.1938E1));
#2092=LINE('',#2091,#2090);
#2093=CARTESIAN_POINT('',(7.68604E0,5.0038E-1,-1.1938E1));
#2094=DIRECTION('',(0.E0,0.E0,-1.E0));
#2095=DIRECTION('',(1.E0,0.E0,0.E0));
#2096=AXIS2_PLACEMENT_3D('',#2093,#2094,#2095);
#2098=DIRECTION('',(0.E0,0.E0,1.E0));
#2099=VECTOR('',#2098,2.032E0);
#2100=CARTESIAN_POINT('',(-7.68604E0,5.842000000001E-2,-1.1938E1));
#2101=LINE('',#2100,#2099);
#2102=DIRECTION('',(0.E0,0.E0,-1.E0));
#2103=VECTOR('',#2102,2.032E0);
#2104=CARTESIAN_POINT('',(-8.128E0,5.0038E-1,-9.906E0));
#2105=LINE('',#2104,#2103);
#2106=DIRECTION('',(0.E0,0.E0,-1.E0));
#2107=VECTOR('',#2106,3.36042E0);
#2108=CARTESIAN_POINT('',(-8.128E0,5.0038E-1,-1.1938E1));
#2109=LINE('',#2108,#2107);
#2110=DIRECTION('',(0.E0,1.E0,0.E0));
#2111=VECTOR('',#2110,1.29032E1);
#2112=CARTESIAN_POINT('',(-8.128E0,5.0038E-1,-1.529842E1));
#2113=LINE('',#2112,#2111);
#2114=DIRECTION('',(0.E0,-1.E0,0.E0));
#2115=VECTOR('',#2114,1.29032E1);
#2116=CARTESIAN_POINT('',(-8.128E0,1.340358E1,-4.4958E-1));
#2117=LINE('',#2116,#2115);
#2118=DIRECTION('',(0.E0,-1.E0,0.E0));
#2119=VECTOR('',#2118,4.3942E0);
#2120=CARTESIAN_POINT('',(-8.128E0,2.4638E-1,-8.0772E0));
#2121=LINE('',#2120,#2119);
#2122=DIRECTION('',(1.E0,0.E0,0.E0));
#2123=VECTOR('',#2122,1.9558E-1);
#2124=CARTESIAN_POINT('',(-8.128E0,2.4638E-1,-9.3472E0));
#2125=LINE('',#2124,#2123);
#2126=DIRECTION('',(0.E0,-1.E0,0.E0));
#2127=VECTOR('',#2126,4.3942E0);
#2128=CARTESIAN_POINT('',(-8.128E0,2.4638E-1,-9.3472E0));
#2129=LINE('',#2128,#2127);
#2130=CARTESIAN_POINT('',(-8.128E0,2.4638E-1,-9.6012E0));
#2131=DIRECTION('',(1.E0,0.E0,0.E0));
#2132=DIRECTION('',(0.E0,1.E0,0.E0));
#2133=AXIS2_PLACEMENT_3D('',#2130,#2131,#2132);
#2135=CARTESIAN_POINT('',(-7.93242E0,2.4638E-1,-9.6012E0));
#2136=DIRECTION('',(-1.E0,0.E0,0.E0));
#2137=DIRECTION('',(0.E0,0.E0,1.E0));
#2138=AXIS2_PLACEMENT_3D('',#2135,#2136,#2137);
#2140=DIRECTION('',(0.E0,0.E0,-1.E0));
#2141=VECTOR('',#2140,1.347217198115E0);
#2142=CARTESIAN_POINT('',(-7.93242E0,3.81E-1,-8.038591400943E0));
#2143=LINE('',#2142,#2141);
#2144=DIRECTION('',(0.E0,-1.E0,0.E0));
#2145=VECTOR('',#2144,4.3942E0);
#2146=CARTESIAN_POINT('',(-7.93242E0,2.4638E-1,-9.3472E0));
#2147=LINE('',#2146,#2145);
#2148=DIRECTION('',(-1.E0,0.E0,0.E0));
#2149=VECTOR('',#2148,1.9558E-1);
#2150=CARTESIAN_POINT('',(-7.93242E0,-4.14782E0,-8.0772E0));
#2151=LINE('',#2150,#2149);
#2152=DIRECTION('',(0.E0,0.E0,1.E0));
#2153=VECTOR('',#2152,1.27E0);
#2154=CARTESIAN_POINT('',(-7.93242E0,-4.14782E0,-9.3472E0));
#2155=LINE('',#2154,#2153);
#2156=DIRECTION('',(1.E0,0.E0,0.E0));
#2157=VECTOR('',#2156,1.9558E-1);
#2158=CARTESIAN_POINT('',(-8.128E0,-4.14782E0,-9.3472E0));
#2159=LINE('',#2158,#2157);
#2160=DIRECTION('',(0.E0,0.E0,-1.E0));
#2161=VECTOR('',#2160,1.27E0);
#2162=CARTESIAN_POINT('',(-8.128E0,-4.14782E0,-8.0772E0));
#2163=LINE('',#2162,#2161);
#2164=DIRECTION('',(0.E0,0.E0,-1.E0));
#2165=VECTOR('',#2164,1.27E0);
#2166=CARTESIAN_POINT('',(7.93242E0,-4.14782E0,-8.0772E0));
#2167=LINE('',#2166,#2165);
#2168=DIRECTION('',(-1.E0,0.E0,0.E0));
#2169=VECTOR('',#2168,1.9558E-1);
#2170=CARTESIAN_POINT('',(8.128E0,-4.14782E0,-8.0772E0));
#2171=LINE('',#2170,#2169);
#2172=DIRECTION('',(0.E0,0.E0,1.E0));
#2173=VECTOR('',#2172,1.27E0);
#2174=CARTESIAN_POINT('',(8.128E0,-4.14782E0,-9.3472E0));
#2175=LINE('',#2174,#2173);
#2176=DIRECTION('',(1.E0,0.E0,0.E0));
#2177=VECTOR('',#2176,1.9558E-1);
#2178=CARTESIAN_POINT('',(7.93242E0,-4.14782E0,-9.3472E0));
#2179=LINE('',#2178,#2177);
#2180=DIRECTION('',(-1.E0,0.E0,0.E0));
#2181=VECTOR('',#2180,1.9558E-1);
#2182=CARTESIAN_POINT('',(-7.93242E0,2.4638E-1,-8.0772E0));
#2183=LINE('',#2182,#2181);
#2184=DIRECTION('',(0.E0,-1.E0,0.E0));
#2185=VECTOR('',#2184,4.3942E0);
#2186=CARTESIAN_POINT('',(-7.93242E0,2.4638E-1,-8.0772E0));
#2187=LINE('',#2186,#2185);
#2188=CARTESIAN_POINT('',(-7.93242E0,2.4638E-1,-7.8232E0));
#2189=DIRECTION('',(-1.E0,0.E0,0.E0));
#2190=DIRECTION('',(0.E0,5.3E-1,-8.479976415062E-1));
#2191=AXIS2_PLACEMENT_3D('',#2188,#2189,#2190);
#2193=CARTESIAN_POINT('',(-8.128E0,2.4638E-1,-7.8232E0));
#2194=DIRECTION('',(1.E0,0.E0,0.E0));
#2195=DIRECTION('',(0.E0,0.E0,-1.E0));
#2196=AXIS2_PLACEMENT_3D('',#2193,#2194,#2195);
#2198=DIRECTION('',(0.E0,0.E0,1.E0));
#2199=VECTOR('',#2198,1.347217198115E0);
#2200=CARTESIAN_POINT('',(7.93242E0,3.81E-1,-9.385808599057E0));
#2201=LINE('',#2200,#2199);
#2202=DIRECTION('',(0.E0,-1.E0,0.E0));
#2203=VECTOR('',#2202,4.3942E0);
#2204=CARTESIAN_POINT('',(7.93242E0,2.4638E-1,-8.0772E0));
#2205=LINE('',#2204,#2203);
#2206=DIRECTION('',(1.E0,0.E0,0.E0));
#2207=VECTOR('',#2206,1.9558E-1);
#2208=CARTESIAN_POINT('',(7.93242E0,2.4638E-1,-9.3472E0));
#2209=LINE('',#2208,#2207);
#2210=DIRECTION('',(0.E0,-1.E0,0.E0));
#2211=VECTOR('',#2210,4.3942E0);
#2212=CARTESIAN_POINT('',(7.93242E0,2.4638E-1,-9.3472E0));
#2213=LINE('',#2212,#2211);
#2214=CARTESIAN_POINT('',(7.93242E0,2.4638E-1,-9.6012E0));
#2215=DIRECTION('',(1.E0,0.E0,0.E0));
#2216=DIRECTION('',(0.E0,5.3E-1,8.479976415062E-1));
#2217=AXIS2_PLACEMENT_3D('',#2214,#2215,#2216);
#2219=CARTESIAN_POINT('',(8.128E0,2.4638E-1,-9.6012E0));
#2220=DIRECTION('',(-1.E0,0.E0,0.E0));
#2221=DIRECTION('',(0.E0,0.E0,1.E0));
#2222=AXIS2_PLACEMENT_3D('',#2219,#2220,#2221);
#2224=DIRECTION('',(-1.E0,0.E0,0.E0));
#2225=VECTOR('',#2224,1.9558E-1);
#2226=CARTESIAN_POINT('',(8.128E0,5.0038E-1,-1.1938E1));
#2227=LINE('',#2226,#2225);
#2228=DIRECTION('',(0.E0,0.E0,-1.E0));
#2229=VECTOR('',#2228,3.36042E0);
#2230=CARTESIAN_POINT('',(8.128E0,5.0038E-1,-1.1938E1));
#2231=LINE('',#2230,#2229);
#2232=CARTESIAN_POINT('',(7.67842E0,5.0038E-1,-1.529842E1));
#2233=DIRECTION('',(0.E0,-1.E0,0.E0));
#2234=DIRECTION('',(0.E0,0.E0,-1.E0));
#2235=AXIS2_PLACEMENT_3D('',#2232,#2233,#2234);
#2237=DIRECTION('',(-1.E0,0.E0,0.E0));
#2238=VECTOR('',#2237,2.07772E0);
#2239=CARTESIAN_POINT('',(7.67842E0,5.0038E-1,-1.5748E1));
#2240=LINE('',#2239,#2238);
#2241=DIRECTION('',(-1.E0,0.E0,0.E0));
#2242=VECTOR('',#2241,1.9558E-1);
#2243=CARTESIAN_POINT('',(8.128E0,5.0038E-1,-7.8232E0));
#2244=LINE('',#2243,#2242);
#2245=DIRECTION('',(-1.E0,0.E0,0.E0));
#2246=VECTOR('',#2245,1.58242E0);
#2247=CARTESIAN_POINT('',(7.67842E0,5.0038E-1,-1.9558E-1));
#2248=LINE('',#2247,#2246);
#2249=CARTESIAN_POINT('',(7.67842E0,5.0038E-1,-4.4958E-1));
#2250=DIRECTION('',(0.E0,-1.E0,0.E0));
#2251=DIRECTION('',(1.E0,0.E0,0.E0));
#2252=AXIS2_PLACEMENT_3D('',#2249,#2250,#2251);
#2254=DIRECTION('',(0.E0,0.E0,-1.E0));
#2255=VECTOR('',#2254,7.37362E0);
#2256=CARTESIAN_POINT('',(8.128E0,5.0038E-1,-4.4958E-1));
#2257=LINE('',#2256,#2255);
#2258=DIRECTION('',(1.E0,0.E0,0.E0));
#2259=VECTOR('',#2258,1.9558E-1);
#2260=CARTESIAN_POINT('',(7.93242E0,5.0038E-1,-9.6012E0));
#2261=LINE('',#2260,#2259);
#2262=DIRECTION('',(0.E0,0.E0,-1.E0));
#2263=VECTOR('',#2262,3.048E-1);
#2264=CARTESIAN_POINT('',(8.128E0,5.0038E-1,-9.6012E0));
#2265=LINE('',#2264,#2263);
#2266=DIRECTION('',(-1.E0,0.E0,0.E0));
#2267=VECTOR('',#2266,1.9558E-1);
#2268=CARTESIAN_POINT('',(8.128E0,5.0038E-1,-9.906E0));
#2269=LINE('',#2268,#2267);
#2270=DIRECTION('',(0.E0,-1.E0,0.E0));
#2271=VECTOR('',#2270,4.3942E0);
#2272=CARTESIAN_POINT('',(8.128E0,2.4638E-1,-9.3472E0));
#2273=LINE('',#2272,#2271);
#2274=DIRECTION('',(0.E0,1.E0,0.E0));
#2275=VECTOR('',#2274,1.29032E1);
#2276=CARTESIAN_POINT('',(8.128E0,5.0038E-1,-4.4958E-1));
#2277=LINE('',#2276,#2275);
#2278=DIRECTION('',(0.E0,0.E0,-1.E0));
#2279=VECTOR('',#2278,1.484884E1);
#2280=CARTESIAN_POINT('',(8.128E0,1.340358E1,-4.4958E-1));
#2281=LINE('',#2280,#2279);
#2282=DIRECTION('',(0.E0,-1.E0,0.E0));
#2283=VECTOR('',#2282,1.29032E1);
#2284=CARTESIAN_POINT('',(8.128E0,1.340358E1,-1.529842E1));
#2285=LINE('',#2284,#2283);
#2286=DIRECTION('',(0.E0,0.E0,-1.E0));
#2287=VECTOR('',#2286,2.032E0);
#2288=CARTESIAN_POINT('',(8.128E0,5.0038E-1,-9.906E0));
#2289=LINE('',#2288,#2287);
#2290=DIRECTION('',(-1.E0,0.E0,0.E0));
#2291=VECTOR('',#2290,1.9558E-1);
#2292=CARTESIAN_POINT('',(8.128E0,2.4638E-1,-8.0772E0));
#2293=LINE('',#2292,#2291);
#2294=DIRECTION('',(0.E0,-1.E0,0.E0));
#2295=VECTOR('',#2294,4.3942E0);
#2296=CARTESIAN_POINT('',(8.128E0,2.4638E-1,-8.0772E0));
#2297=LINE('',#2296,#2295);
#2298=CARTESIAN_POINT('',(8.128E0,2.4638E-1,-7.8232E0));
#2299=DIRECTION('',(-1.E0,0.E0,0.E0));
#2300=DIRECTION('',(0.E0,1.E0,0.E0));
#2301=AXIS2_PLACEMENT_3D('',#2298,#2299,#2300);
#2303=CARTESIAN_POINT('',(7.93242E0,2.4638E-1,-7.8232E0));
#2304=DIRECTION('',(1.E0,0.E0,0.E0));
#2305=DIRECTION('',(0.E0,0.E0,-1.E0));
#2306=AXIS2_PLACEMENT_3D('',#2303,#2304,#2305);
#2308=CARTESIAN_POINT('',(8.128E0,1.340358E1,-4.4958E-1));
#2309=CARTESIAN_POINT('',(8.128E0,1.340358E1,-4.163308730923E-1));
#2310=CARTESIAN_POINT('',(8.120695387545E0,1.339627538754E1,
-3.477435498110E-1));
#2311=CARTESIAN_POINT('',(8.083054450617E0,1.335863445062E1,
-2.431530519700E-1));
#2312=CARTESIAN_POINT('',(8.019055657093E0,1.329463565709E1,
-1.485308249645E-1));
#2313=CARTESIAN_POINT('',(7.928674442323E0,1.320425444232E1,
-6.957012697775E-2));
#2314=CARTESIAN_POINT('',(7.816481541516E0,1.309206154152E1,
-1.526582856811E-2));
#2315=CARTESIAN_POINT('',(7.726284299725E0,1.300186429972E1,0.E0));
#2316=CARTESIAN_POINT('',(7.67842E0,1.2954E1,0.E0));
#2318=DIRECTION('',(-1.E0,0.E0,0.E0));
#2319=VECTOR('',#2318,1.6256E1);
#2320=CARTESIAN_POINT('',(8.128E0,1.340358E1,-4.4958E-1));
#2321=LINE('',#2320,#2319);
#2322=DIRECTION('',(0.E0,0.E0,-1.E0));
#2323=VECTOR('',#2322,1.484884E1);
#2324=CARTESIAN_POINT('',(-8.128E0,1.340358E1,-4.4958E-1));
#2325=LINE('',#2324,#2323);
#2326=DIRECTION('',(1.E0,0.E0,0.E0));
#2327=VECTOR('',#2326,1.6256E1);
#2328=CARTESIAN_POINT('',(-8.128E0,1.340358E1,-1.529842E1));
#2329=LINE('',#2328,#2327);
#2330=CARTESIAN_POINT('',(-7.67842E0,1.2954E1,-1.5748E1));
#2331=CARTESIAN_POINT('',(-7.726284299725E0,1.300186429972E1,-1.5748E1));
#2332=CARTESIAN_POINT('',(-7.816481541516E0,1.309206154152E1,
-1.573273417143E1));
#2333=CARTESIAN_POINT('',(-7.928674442323E0,1.320425444232E1,
-1.567842987302E1));
#2334=CARTESIAN_POINT('',(-8.019055657092E0,1.329463565709E1,
-1.559946917504E1));
#2335=CARTESIAN_POINT('',(-8.083054450617E0,1.335863445062E1,
-1.550484694803E1));
#2336=CARTESIAN_POINT('',(-8.120695387545E0,1.339627538754E1,
-1.540025645019E1));
#2337=CARTESIAN_POINT('',(-8.128E0,1.340358E1,-1.533166912691E1));
#2338=CARTESIAN_POINT('',(-8.128E0,1.340358E1,-1.529842E1));
#2340=DIRECTION('',(1.E0,0.E0,0.E0));
#2341=VECTOR('',#2340,1.535684E1);
#2342=CARTESIAN_POINT('',(-7.67842E0,1.2954E1,-1.5748E1));
#2343=LINE('',#2342,#2341);
#2344=DIRECTION('',(0.E0,1.E0,0.E0));
#2345=VECTOR('',#2344,1.245362E1);
#2346=CARTESIAN_POINT('',(-7.67842E0,5.0038E-1,-1.5748E1));
#2347=LINE('',#2346,#2345);
#2348=DIRECTION('',(0.E0,-1.E0,0.E0));
#2349=VECTOR('',#2348,6.35E-1);
#2350=CARTESIAN_POINT('',(-5.6007E0,1.13538E0,-1.5748E1));
#2351=LINE('',#2350,#2349);
#2352=DIRECTION('',(-1.E0,0.E0,0.E0));
#2353=VECTOR('',#2352,8.6614E0);
#2354=CARTESIAN_POINT('',(4.3307E0,2.40538E0,-1.5748E1));
#2355=LINE('',#2354,#2353);
#2356=DIRECTION('',(0.E0,1.E0,0.E0));
#2357=VECTOR('',#2356,6.35E-1);
#2358=CARTESIAN_POINT('',(5.6007E0,5.0038E-1,-1.5748E1));
#2359=LINE('',#2358,#2357);
#2360=DIRECTION('',(0.E0,-1.E0,0.E0));
#2361=VECTOR('',#2360,1.245362E1);
#2362=CARTESIAN_POINT('',(7.67842E0,1.2954E1,-1.5748E1));
#2363=LINE('',#2362,#2361);
#2364=DIRECTION('',(0.E0,0.E0,-1.E0));
#2365=VECTOR('',#2364,3.1242E-1);
#2366=CARTESIAN_POINT('',(-5.6007E0,1.13538E0,-1.543558E1));
#2367=LINE('',#2366,#2365);
#2368=CARTESIAN_POINT('',(-4.3307E0,1.13538E0,-1.5748E1));
#2369=DIRECTION('',(0.E0,0.E0,1.E0));
#2370=DIRECTION('',(0.E0,1.E0,0.E0));
#2371=AXIS2_PLACEMENT_3D('',#2368,#2369,#2370);
#2373=DIRECTION('',(0.E0,0.E0,-1.E0));
#2374=VECTOR('',#2373,3.1242E-1);
#2375=CARTESIAN_POINT('',(4.3307E0,2.40538E0,-1.543558E1));
#2376=LINE('',#2375,#2374);
#2377=DIRECTION('',(0.E0,0.E0,-1.E0));
#2378=VECTOR('',#2377,3.1242E-1);
#2379=CARTESIAN_POINT('',(-4.3307E0,2.40538E0,-1.543558E1));
#2380=LINE('',#2379,#2378);
#2381=CARTESIAN_POINT('',(4.3307E0,1.13538E0,-1.5748E1));
#2382=DIRECTION('',(0.E0,0.E0,1.E0));
#2383=DIRECTION('',(1.E0,0.E0,0.E0));
#2384=AXIS2_PLACEMENT_3D('',#2381,#2382,#2383);
#2386=DIRECTION('',(0.E0,0.E0,-1.E0));
#2387=VECTOR('',#2386,3.1242E-1);
#2388=CARTESIAN_POINT('',(5.6007E0,1.13538E0,-1.543558E1));
#2389=LINE('',#2388,#2387);
#2390=DIRECTION('',(0.E0,0.E0,1.E0));
#2391=VECTOR('',#2390,3.1242E-1);
#2392=CARTESIAN_POINT('',(5.6007E0,5.0038E-1,-1.5748E1));
#2393=LINE('',#2392,#2391);
#2394=CARTESIAN_POINT('',(7.67842E0,1.2954E1,-1.5748E1));
#2395=CARTESIAN_POINT('',(7.726284299725E0,1.300186429972E1,-1.5748E1));
#2396=CARTESIAN_POINT('',(7.816481541516E0,1.309206154152E1,-1.573273417143E1));
#2397=CARTESIAN_POINT('',(7.928674442323E0,1.320425444232E1,-1.567842987302E1));
#2398=CARTESIAN_POINT('',(8.019055657092E0,1.329463565709E1,-1.559946917504E1));
#2399=CARTESIAN_POINT('',(8.083054450617E0,1.335863445062E1,-1.550484694803E1));
#2400=CARTESIAN_POINT('',(8.120695387545E0,1.339627538754E1,-1.540025645019E1));
#2401=CARTESIAN_POINT('',(8.128E0,1.340358E1,-1.533166912691E1));
#2402=CARTESIAN_POINT('',(8.128E0,1.340358E1,-1.529842E1));
#2404=DIRECTION('',(0.E0,0.E0,1.E0));
#2405=VECTOR('',#2404,2.032E0);
#2406=CARTESIAN_POINT('',(7.68604E0,5.842000000001E-2,-1.1938E1));
#2407=LINE('',#2406,#2405);
#2408=DIRECTION('',(0.E0,0.E0,1.E0));
#2409=VECTOR('',#2408,2.032E0);
#2410=CARTESIAN_POINT('',(6.858E0,5.842000000001E-2,-1.1938E1));
#2411=LINE('',#2410,#2409);
#2412=DIRECTION('',(0.E0,0.E0,1.E0));
#2413=VECTOR('',#2412,2.032E0);
#2414=CARTESIAN_POINT('',(6.858E0,2.54E-1,-1.1938E1));
#2415=LINE('',#2414,#2413);
#2416=DIRECTION('',(0.E0,0.E0,1.E0));
#2417=VECTOR('',#2416,2.032E0);
#2418=CARTESIAN_POINT('',(7.68604E0,2.54E-1,-1.1938E1));
#2419=LINE('',#2418,#2417);
#2420=CARTESIAN_POINT('',(-7.68604E0,5.0038E-1,-9.906E0));
#2421=DIRECTION('',(0.E0,0.E0,1.E0));
#2422=DIRECTION('',(-8.747712756947E-1,-4.845360824742E-1,0.E0));
#2423=AXIS2_PLACEMENT_3D('',#2420,#2421,#2422);
#2425=DIRECTION('',(1.E0,0.E0,0.E0));
#2426=VECTOR('',#2425,8.2804E-1);
#2427=CARTESIAN_POINT('',(-7.68604E0,2.54E-1,-9.906E0));
#2428=LINE('',#2427,#2426);
#2429=DIRECTION('',(0.E0,-1.E0,0.E0));
#2430=VECTOR('',#2429,1.9558E-1);
#2431=CARTESIAN_POINT('',(-6.858E0,2.54E-1,-9.906E0));
#2432=LINE('',#2431,#2430);
#2433=DIRECTION('',(-1.E0,0.E0,0.E0));
#2434=VECTOR('',#2433,8.2804E-1);
#2435=CARTESIAN_POINT('',(-6.858E0,5.842000000001E-2,-9.906E0));
#2436=LINE('',#2435,#2434);
#2437=CARTESIAN_POINT('',(-7.68604E0,5.0038E-1,-9.906E0));
#2438=DIRECTION('',(0.E0,0.E0,-1.E0));
#2439=DIRECTION('',(0.E0,-1.E0,0.E0));
#2440=AXIS2_PLACEMENT_3D('',#2437,#2438,#2439);
#2442=CARTESIAN_POINT('',(7.68604E0,5.0038E-1,-9.906E0));
#2443=DIRECTION('',(0.E0,0.E0,-1.E0));
#2444=DIRECTION('',(1.E0,0.E0,0.E0));
#2445=AXIS2_PLACEMENT_3D('',#2442,#2443,#2444);
#2447=DIRECTION('',(-1.E0,0.E0,0.E0));
#2448=VECTOR('',#2447,8.2804E-1);
#2449=CARTESIAN_POINT('',(7.68604E0,5.842000000001E-2,-9.906E0));
#2450=LINE('',#2449,#2448);
#2451=DIRECTION('',(0.E0,1.E0,0.E0));
#2452=VECTOR('',#2451,1.9558E-1);
#2453=CARTESIAN_POINT('',(6.858E0,5.842000000001E-2,-9.906E0));
#2454=LINE('',#2453,#2452);
#2455=DIRECTION('',(1.E0,0.E0,0.E0));
#2456=VECTOR('',#2455,8.2804E-1);
#2457=CARTESIAN_POINT('',(6.858E0,2.54E-1,-9.906E0));
#2458=LINE('',#2457,#2456);
#2459=CARTESIAN_POINT('',(7.68604E0,5.0038E-1,-9.906E0));
#2460=DIRECTION('',(0.E0,0.E0,1.E0));
#2461=DIRECTION('',(0.E0,-1.E0,0.E0));
#2462=AXIS2_PLACEMENT_3D('',#2459,#2460,#2461);
#2464=DIRECTION('',(0.E0,0.E0,1.E0));
#2465=VECTOR('',#2464,2.032E0);
#2466=CARTESIAN_POINT('',(-7.68604E0,2.54E-1,-1.1938E1));
#2467=LINE('',#2466,#2465);
#2468=DIRECTION('',(0.E0,0.E0,1.E0));
#2469=VECTOR('',#2468,2.032E0);
#2470=CARTESIAN_POINT('',(-6.858E0,2.54E-1,-1.1938E1));
#2471=LINE('',#2470,#2469);
#2472=DIRECTION('',(0.E0,0.E0,1.E0));
#2473=VECTOR('',#2472,2.032E0);
#2474=CARTESIAN_POINT('',(-6.858E0,5.842000000001E-2,-1.1938E1));
#2475=LINE('',#2474,#2473);
#2476=CARTESIAN_POINT('',(7.67842E0,5.0038E-1,-4.4958E-1));
#2477=DIRECTION('',(0.E0,1.E0,0.E0));
#2478=DIRECTION('',(0.E0,0.E0,1.E0));
#2479=AXIS2_PLACEMENT_3D('',#2476,#2477,#2478);
#2481=DIRECTION('',(0.E0,-1.E0,0.E0));
#2482=VECTOR('',#2481,1.1938E-1);
#2483=CARTESIAN_POINT('',(7.67842E0,5.0038E-1,-1.9558E-1));
#2484=LINE('',#2483,#2482);
#2485=CARTESIAN_POINT('',(6.096E0,5.1816E-1,-4.4958E-1));
#2486=DIRECTION('',(1.E0,0.E0,0.E0));
#2487=DIRECTION('',(0.E0,-3.954802259888E-2,9.992176709349E-1));
#2488=AXIS2_PLACEMENT_3D('',#2485,#2486,#2487);
#2490=DIRECTION('',(0.E0,0.E0,1.E0));
#2491=VECTOR('',#2490,1.954041402495E-1);
#2492=CARTESIAN_POINT('',(6.096E0,5.0038E-1,-1.9558E-1));
#2493=LINE('',#2492,#2491);
#2494=DIRECTION('',(0.E0,1.E0,0.E0));
#2495=VECTOR('',#2494,1.1938E-1);
#2496=CARTESIAN_POINT('',(6.096E0,3.81E-1,-1.9558E-1));
#2497=LINE('',#2496,#2495);
#2498=DIRECTION('',(0.E0,-1.E0,0.E0));
#2499=VECTOR('',#2498,3.1242E-1);
#2500=CARTESIAN_POINT('',(6.096E0,3.81E-1,-4.843224672161E-1));
#2501=LINE('',#2500,#2499);
#2502=DIRECTION('',(0.E0,0.E0,1.E0));
#2503=VECTOR('',#2502,3.474246721610E-2);
#2504=CARTESIAN_POINT('',(6.096E0,6.858E-2,-4.843224672161E-1));
#2505=LINE('',#2504,#2503);
#2506=DIRECTION('',(-1.E0,0.E0,0.E0));
#2507=VECTOR('',#2506,2.54E0);
#2508=CARTESIAN_POINT('',(1.27E0,6.858E-2,-1.397E0));
#2509=LINE('',#2508,#2507);
#2510=DIRECTION('',(0.E0,0.E0,-1.E0));
#2511=VECTOR('',#2510,1.016E0);
#2512=CARTESIAN_POINT('',(-1.27E0,6.858E-2,-1.397E0));
#2513=LINE('',#2512,#2511);
#2514=DIRECTION('',(1.E0,0.E0,0.E0));
#2515=VECTOR('',#2514,2.54E0);
#2516=CARTESIAN_POINT('',(-1.27E0,6.858E-2,-2.413E0));
#2517=LINE('',#2516,#2515);
#2518=DIRECTION('',(0.E0,0.E0,1.E0));
#2519=VECTOR('',#2518,1.016E0);
#2520=CARTESIAN_POINT('',(1.27E0,6.858E-2,-2.413E0));
#2521=LINE('',#2520,#2519);
#2522=DIRECTION('',(1.E0,0.E0,0.E0));
#2523=VECTOR('',#2522,1.2192E1);
#2524=CARTESIAN_POINT('',(-6.096E0,6.858E-2,-4.4958E-1));
#2525=LINE('',#2524,#2523);
#2526=CARTESIAN_POINT('',(6.096E0,6.858E-2,-7.383224672161E-1));
#2527=DIRECTION('',(0.E0,-1.E0,0.E0));
#2528=DIRECTION('',(0.E0,0.E0,1.E0));
#2529=AXIS2_PLACEMENT_3D('',#2526,#2527,#2528);
#2531=DIRECTION('',(-2.588190451025E-1,0.E0,-9.659258262891E-1));
#2532=VECTOR('',#2531,1.407372629700E0);
#2533=CARTESIAN_POINT('',(5.850654840123E0,6.858E-2,-6.725824297601E-1));
#2534=LINE('',#2533,#2532);
#2535=DIRECTION('',(-1.E0,0.E0,0.E0));
#2536=VECTOR('',#2535,1.8288E0);
#2537=CARTESIAN_POINT('',(5.4864E0,6.858E-2,-2.032E0));
#2538=LINE('',#2537,#2536);
#2539=DIRECTION('',(-2.588190451027E-1,0.E0,9.659258262890E-1));
#2540=VECTOR('',#2539,1.407372629700E0);
#2541=CARTESIAN_POINT('',(3.6576E0,6.858E-2,-2.032E0));
#2542=LINE('',#2541,#2540);
#2543=CARTESIAN_POINT('',(3.048E0,6.858E-2,-7.383224672162E-1));
#2544=DIRECTION('',(0.E0,-1.E0,0.E0));
#2545=DIRECTION('',(9.659258262890E-1,0.E0,2.588190451027E-1));
#2546=AXIS2_PLACEMENT_3D('',#2543,#2544,#2545);
#2548=DIRECTION('',(0.E0,0.E0,1.E0));
#2549=VECTOR('',#2548,2.309677532784E0);
#2550=CARTESIAN_POINT('',(2.794E0,6.858E-2,-3.048E0));
#2551=LINE('',#2550,#2549);
#2552=DIRECTION('',(0.E0,0.E0,1.E0));
#2553=VECTOR('',#2552,2.309677532784E0);
#2554=CARTESIAN_POINT('',(-2.794E0,6.858E-2,-3.048E0));
#2555=LINE('',#2554,#2553);
#2556=CARTESIAN_POINT('',(-3.048E0,6.858E-2,-7.383224672162E-1));
#2557=DIRECTION('',(0.E0,-1.E0,0.E0));
#2558=DIRECTION('',(1.E0,0.E0,0.E0));
#2559=AXIS2_PLACEMENT_3D('',#2556,#2557,#2558);
#2561=DIRECTION('',(-2.588190451027E-1,0.E0,-9.659258262890E-1));
#2562=VECTOR('',#2561,1.407372629700E0);
#2563=CARTESIAN_POINT('',(-3.293345159877E0,6.858E-2,-6.725824297601E-1));
#2564=LINE('',#2563,#2562);
#2565=DIRECTION('',(-1.E0,0.E0,0.E0));
#2566=VECTOR('',#2565,1.8288E0);
#2567=CARTESIAN_POINT('',(-3.6576E0,6.858E-2,-2.032E0));
#2568=LINE('',#2567,#2566);
#2569=DIRECTION('',(-2.588190451025E-1,0.E0,9.659258262891E-1));
#2570=VECTOR('',#2569,1.407372629700E0);
#2571=CARTESIAN_POINT('',(-5.4864E0,6.858E-2,-2.032E0));
#2572=LINE('',#2571,#2570);
#2573=CARTESIAN_POINT('',(-6.096E0,6.858E-2,-7.383224672161E-1));
#2574=DIRECTION('',(0.E0,-1.E0,0.E0));
#2575=DIRECTION('',(9.659258262891E-1,0.E0,2.588190451025E-1));
#2576=AXIS2_PLACEMENT_3D('',#2573,#2574,#2575);
#2578=DIRECTION('',(1.E0,0.E0,0.E0));
#2579=VECTOR('',#2578,2.032E0);
#2580=CARTESIAN_POINT('',(-1.016E0,3.81E-1,-1.397E0));
#2581=LINE('',#2580,#2579);
#2582=DIRECTION('',(0.E0,1.E0,0.E0));
#2583=VECTOR('',#2582,3.1242E-1);
#2584=CARTESIAN_POINT('',(1.27E0,6.858E-2,-1.397E0));
#2585=LINE('',#2584,#2583);
#2586=DIRECTION('',(0.E0,-7.071067811865E-1,-7.071067811865E-1));
#2587=VECTOR('',#2586,5.567758795063E-1);
#2588=CARTESIAN_POINT('',(-1.016E0,3.81E-1,-1.397E0));
#2589=LINE('',#2588,#2587);
#2590=DIRECTION('',(0.E0,0.E0,-1.E0));
#2591=VECTOR('',#2590,5.08E-1);
#2592=CARTESIAN_POINT('',(-1.016E0,-1.27E-2,-1.7907E0));
#2593=LINE('',#2592,#2591);
#2594=DIRECTION('',(0.E0,1.E0,0.E0));
#2595=VECTOR('',#2594,3.937E-1);
#2596=CARTESIAN_POINT('',(-1.016E0,-1.27E-2,-2.2987E0));
#2597=LINE('',#2596,#2595);
#2598=DIRECTION('',(1.E0,0.E0,0.E0));
#2599=VECTOR('',#2598,2.032E0);
#2600=CARTESIAN_POINT('',(-1.016E0,-1.27E-2,-1.7907E0));
#2601=LINE('',#2600,#2599);
#2602=DIRECTION('',(0.E0,-7.071067811865E-1,-7.071067811865E-1));
#2603=VECTOR('',#2602,5.567758795063E-1);
#2604=CARTESIAN_POINT('',(1.016E0,3.81E-1,-1.397E0));
#2605=LINE('',#2604,#2603);
#2606=DIRECTION('',(0.E0,1.E0,0.E0));
#2607=VECTOR('',#2606,3.937E-1);
#2608=CARTESIAN_POINT('',(1.016E0,-1.27E-2,-2.2987E0));
#2609=LINE('',#2608,#2607);
#2610=DIRECTION('',(0.E0,0.E0,-1.E0));
#2611=VECTOR('',#2610,5.08E-1);
#2612=CARTESIAN_POINT('',(1.016E0,-1.27E-2,-1.7907E0));
#2613=LINE('',#2612,#2611);
#2614=DIRECTION('',(0.E0,0.E0,-1.E0));
#2615=VECTOR('',#2614,9.017E-1);
#2616=CARTESIAN_POINT('',(-1.016E0,3.81E-1,-1.397E0));
#2617=LINE('',#2616,#2615);
#2618=DIRECTION('',(1.E0,0.E0,0.E0));
#2619=VECTOR('',#2618,2.032E0);
#2620=CARTESIAN_POINT('',(-1.016E0,3.81E-1,-2.2987E0));
#2621=LINE('',#2620,#2619);
#2622=DIRECTION('',(0.E0,0.E0,-1.E0));
#2623=VECTOR('',#2622,9.017E-1);
#2624=CARTESIAN_POINT('',(1.016E0,3.81E-1,-1.397E0));
#2625=LINE('',#2624,#2623);
#2626=DIRECTION('',(-1.E0,0.E0,0.E0));
#2627=VECTOR('',#2626,2.54E-1);
#2628=CARTESIAN_POINT('',(1.27E0,3.81E-1,-1.397E0));
#2629=LINE('',#2628,#2627);
#2630=DIRECTION('',(0.E0,0.E0,1.E0));
#2631=VECTOR('',#2630,1.016E0);
#2632=CARTESIAN_POINT('',(1.27E0,3.81E-1,-2.413E0));
#2633=LINE('',#2632,#2631);
#2634=DIRECTION('',(1.E0,0.E0,0.E0));
#2635=VECTOR('',#2634,2.54E0);
#2636=CARTESIAN_POINT('',(-1.27E0,3.81E-1,-2.413E0));
#2637=LINE('',#2636,#2635);
#2638=DIRECTION('',(0.E0,0.E0,-1.E0));
#2639=VECTOR('',#2638,1.016E0);
#2640=CARTESIAN_POINT('',(-1.27E0,3.81E-1,-1.397E0));
#2641=LINE('',#2640,#2639);
#2642=DIRECTION('',(-1.E0,0.E0,0.E0));
#2643=VECTOR('',#2642,2.54E-1);
#2644=CARTESIAN_POINT('',(-1.016E0,3.81E-1,-1.397E0));
#2645=LINE('',#2644,#2643);
#2646=DIRECTION('',(1.E0,0.E0,0.E0));
#2647=VECTOR('',#2646,2.032E0);
#2648=CARTESIAN_POINT('',(-1.016E0,-1.27E-2,-2.2987E0));
#2649=LINE('',#2648,#2647);
#2650=DIRECTION('',(0.E0,1.E0,0.E0));
#2651=VECTOR('',#2650,3.1242E-1);
#2652=CARTESIAN_POINT('',(1.27E0,6.858E-2,-2.413E0));
#2653=LINE('',#2652,#2651);
#2654=DIRECTION('',(0.E0,1.E0,0.E0));
#2655=VECTOR('',#2654,3.1242E-1);
#2656=CARTESIAN_POINT('',(-1.27E0,6.858E-2,-2.413E0));
#2657=LINE('',#2656,#2655);
#2658=DIRECTION('',(0.E0,1.E0,0.E0));
#2659=VECTOR('',#2658,3.1242E-1);
#2660=CARTESIAN_POINT('',(-1.27E0,6.858E-2,-1.397E0));
#2661=LINE('',#2660,#2659);
#2662=DIRECTION('',(0.E0,1.E0,0.E0));
#2663=VECTOR('',#2662,3.1242E-1);
#2664=CARTESIAN_POINT('',(5.850654840123E0,6.858E-2,-6.725824297601E-1));
#2665=LINE('',#2664,#2663);
#2666=DIRECTION('',(0.E0,1.E0,0.E0));
#2667=VECTOR('',#2666,3.1242E-1);
#2668=CARTESIAN_POINT('',(5.4864E0,6.858E-2,-2.032E0));
#2669=LINE('',#2668,#2667);
#2670=DIRECTION('',(0.E0,1.E0,0.E0));
#2671=VECTOR('',#2670,3.1242E-1);
#2672=CARTESIAN_POINT('',(3.6576E0,6.858E-2,-2.032E0));
#2673=LINE('',#2672,#2671);
#2674=DIRECTION('',(0.E0,1.E0,0.E0));
#2675=VECTOR('',#2674,3.1242E-1);
#2676=CARTESIAN_POINT('',(3.293345159877E0,6.858E-2,-6.725824297601E-1));
#2677=LINE('',#2676,#2675);
#2678=DIRECTION('',(0.E0,1.E0,0.E0));
#2679=VECTOR('',#2678,3.1242E-1);
#2680=CARTESIAN_POINT('',(2.794E0,6.858E-2,-7.383224672162E-1));
#2681=LINE('',#2680,#2679);
#2682=DIRECTION('',(0.E0,1.E0,0.E0));
#2683=VECTOR('',#2682,3.1242E-1);
#2684=CARTESIAN_POINT('',(2.794E0,6.858E-2,-3.048E0));
#2685=LINE('',#2684,#2683);
#2686=DIRECTION('',(0.E0,1.E0,0.E0));
#2687=VECTOR('',#2686,3.1242E-1);
#2688=CARTESIAN_POINT('',(-2.794E0,6.858E-2,-3.048E0));
#2689=LINE('',#2688,#2687);
#2690=DIRECTION('',(1.E0,0.E0,0.E0));
#2691=VECTOR('',#2690,5.588E0);
#2692=CARTESIAN_POINT('',(-2.794E0,6.858E-2,-3.048E0));
#2693=LINE('',#2692,#2691);
#2694=DIRECTION('',(0.E0,1.E0,0.E0));
#2695=VECTOR('',#2694,3.1242E-1);
#2696=CARTESIAN_POINT('',(-2.794E0,6.858E-2,-7.383224672162E-1));
#2697=LINE('',#2696,#2695);
#2698=DIRECTION('',(0.E0,1.E0,0.E0));
#2699=VECTOR('',#2698,3.1242E-1);
#2700=CARTESIAN_POINT('',(-3.293345159877E0,6.858E-2,-6.725824297601E-1));
#2701=LINE('',#2700,#2699);
#2702=DIRECTION('',(0.E0,1.E0,0.E0));
#2703=VECTOR('',#2702,3.1242E-1);
#2704=CARTESIAN_POINT('',(-3.6576E0,6.858E-2,-2.032E0));
#2705=LINE('',#2704,#2703);
#2706=DIRECTION('',(0.E0,1.E0,0.E0));
#2707=VECTOR('',#2706,3.1242E-1);
#2708=CARTESIAN_POINT('',(-5.4864E0,6.858E-2,-2.032E0));
#2709=LINE('',#2708,#2707);
#2710=DIRECTION('',(0.E0,1.E0,0.E0));
#2711=VECTOR('',#2710,3.1242E-1);
#2712=CARTESIAN_POINT('',(-5.850654840123E0,6.858E-2,-6.725824297601E-1));
#2713=LINE('',#2712,#2711);
#2714=CARTESIAN_POINT('',(-6.096E0,5.1816E-1,-4.4958E-1));
#2715=DIRECTION('',(-1.E0,0.E0,0.E0));
#2716=DIRECTION('',(0.E0,-1.E0,0.E0));
#2717=AXIS2_PLACEMENT_3D('',#2714,#2715,#2716);
#2719=DIRECTION('',(0.E0,0.E0,-1.E0));
#2720=VECTOR('',#2719,3.474246721610E-2);
#2721=CARTESIAN_POINT('',(-6.096E0,6.858E-2,-4.4958E-1));
#2722=LINE('',#2721,#2720);
#2723=DIRECTION('',(0.E0,-1.E0,0.E0));
#2724=VECTOR('',#2723,3.1242E-1);
#2725=CARTESIAN_POINT('',(-6.096E0,3.81E-1,-4.843224672161E-1));
#2726=LINE('',#2725,#2724);
#2727=DIRECTION('',(0.E0,1.E0,0.E0));
#2728=VECTOR('',#2727,1.1938E-1);
#2729=CARTESIAN_POINT('',(-6.096E0,3.81E-1,-1.9558E-1));
#2730=LINE('',#2729,#2728);
#2731=DIRECTION('',(0.E0,0.E0,1.E0));
#2732=VECTOR('',#2731,1.954041402495E-1);
#2733=CARTESIAN_POINT('',(-6.096E0,5.0038E-1,-1.9558E-1));
#2734=LINE('',#2733,#2732);
#2735=DIRECTION('',(0.E0,1.E0,0.E0));
#2736=VECTOR('',#2735,1.1938E-1);
#2737=CARTESIAN_POINT('',(-7.67842E0,3.81E-1,-1.9558E-1));
#2738=LINE('',#2737,#2736);
#2739=CARTESIAN_POINT('',(-7.67842E0,5.0038E-1,-4.4958E-1));
#2740=DIRECTION('',(0.E0,1.E0,0.E0));
#2741=DIRECTION('',(-1.E0,0.E0,0.E0));
#2742=AXIS2_PLACEMENT_3D('',#2739,#2740,#2741);
#2744=DIRECTION('',(0.E0,0.E0,-1.E0));
#2745=VECTOR('',#2744,1.9558E-1);
#2746=CARTESIAN_POINT('',(2.413E0,1.226058E1,0.E0));
#2747=LINE('',#2746,#2745);
#2748=DIRECTION('',(0.E0,0.E0,-1.E0));
#2749=VECTOR('',#2748,1.9558E-1);
#2750=CARTESIAN_POINT('',(7.4295E0,1.226058E1,0.E0));
#2751=LINE('',#2750,#2749);
#2752=DIRECTION('',(0.E0,0.E0,-1.E0));
#2753=VECTOR('',#2752,1.9558E-1);
#2754=CARTESIAN_POINT('',(7.4295E0,1.022858E1,0.E0));
#2755=LINE('',#2754,#2753);
#2756=DIRECTION('',(0.E0,0.E0,1.E0));
#2757=VECTOR('',#2756,1.9558E-1);
#2758=CARTESIAN_POINT('',(-6.223E0,1.022858E1,-1.9558E-1));
#2759=LINE('',#2758,#2757);
#2760=DIRECTION('',(0.E0,0.E0,1.E0));
#2761=VECTOR('',#2760,1.9558E-1);
#2762=CARTESIAN_POINT('',(-6.223E0,7.94258E0,-1.9558E-1));
#2763=LINE('',#2762,#2761);
#2764=CARTESIAN_POINT('',(-6.223E0,7.68858E0,-1.9558E-1));
#2765=DIRECTION('',(0.E0,0.E0,1.E0));
#2766=DIRECTION('',(-5.E-1,-8.660254037844E-1,0.E0));
#2767=AXIS2_PLACEMENT_3D('',#2764,#2765,#2766);
#2769=DIRECTION('',(0.E0,0.E0,1.E0));
#2770=VECTOR('',#2769,1.9558E-1);
#2771=CARTESIAN_POINT('',(6.223E0,1.022858E1,-1.9558E-1));
#2772=LINE('',#2771,#2770);
#2773=DIRECTION('',(0.E0,0.E0,1.E0));
#2774=VECTOR('',#2773,1.9558E-1);
#2775=CARTESIAN_POINT('',(6.223E0,7.94258E0,-1.9558E-1));
#2776=LINE('',#2775,#2774);
#2777=CARTESIAN_POINT('',(6.223E0,7.68858E0,-1.9558E-1));
#2778=DIRECTION('',(0.E0,0.E0,1.E0));
#2779=DIRECTION('',(0.E0,-1.E0,0.E0));
#2780=AXIS2_PLACEMENT_3D('',#2777,#2778,#2779);
#2782=DIRECTION('',(0.E0,1.E0,0.E0));
#2783=VECTOR('',#2782,2.286E0);
#2784=CARTESIAN_POINT('',(5.932106368707E0,5.14858E0,-2.036859134485E-1));
#2785=LINE('',#2784,#2783);
#2786=DIRECTION('',(0.E0,1.E0,0.E0));
#2787=VECTOR('',#2786,2.286E0);
#2788=CARTESIAN_POINT('',(5.237121437469E0,5.14858E0,-2.113141318885E0));
#2789=LINE('',#2788,#2787);
#2790=DIRECTION('',(0.E0,1.E0,0.E0));
#2791=VECTOR('',#2790,2.286E0);
#2792=CARTESIAN_POINT('',(5.126247443073E0,5.14858E0,-2.967290292537E0));
#2793=LINE('',#2792,#2791);
#2794=CARTESIAN_POINT('',(5.163844323303E0,7.05358E0,-3.379772865458E0));
#2795=DIRECTION('',(-9.958717442042E-1,0.E0,-9.077152139089E-2));
#2796=DIRECTION('',(0.E0,1.E0,0.E0));
#2797=AXIS2_PLACEMENT_3D('',#2794,#2795,#2796);
#2799=CARTESIAN_POINT('',(5.163844323303E0,5.52958E0,-3.379772865458E0));
#2800=DIRECTION('',(-9.958717442042E-1,0.E0,-9.077152139089E-2));
#2801=DIRECTION('',(9.077152139089E-2,0.E0,-9.958717442042E-1));
#2802=AXIS2_PLACEMENT_3D('',#2799,#2800,#2801);
#2804=DIRECTION('',(0.E0,1.E0,0.E0));
#2805=VECTOR('',#2804,1.524E0);
#2806=CARTESIAN_POINT('',(5.198428272953E0,5.52958E0,-3.7592E0));
#2807=LINE('',#2806,#2805);
#2808=DIRECTION('',(-9.958717442042E-1,0.E0,-9.077152139089E-2));
#2809=VECTOR('',#2808,1.9558E-1);
#2810=CARTESIAN_POINT('',(5.393200868685E0,7.05358E0,-3.741446905846E0));
#2811=LINE('',#2810,#2809);
#2812=DIRECTION('',(9.958717442042E-1,0.E0,9.077152139089E-2));
#2813=VECTOR('',#2812,1.9558E-1);
#2814=CARTESIAN_POINT('',(5.198428272953E0,5.52958E0,-3.7592E0));
#2815=LINE('',#2814,#2813);
#2816=DIRECTION('',(0.E0,1.E0,0.E0));
#2817=VECTOR('',#2816,1.524E0);
#2818=CARTESIAN_POINT('',(5.393200868685E0,5.52958E0,-3.741446905846E0));
#2819=LINE('',#2818,#2817);
#2820=CARTESIAN_POINT('',(5.358616919035E0,7.05358E0,-3.362019771305E0));
#2821=DIRECTION('',(9.958717442042E-1,0.E0,9.077152139089E-2));
#2822=DIRECTION('',(9.077152139089E-2,0.E0,-9.958717442042E-1));
#2823=AXIS2_PLACEMENT_3D('',#2820,#2821,#2822);
#2825=CARTESIAN_POINT('',(5.358616919035E0,5.52958E0,-3.362019771305E0));
#2826=DIRECTION('',(9.958717442042E-1,0.E0,9.077152139089E-2));
#2827=DIRECTION('',(0.E0,-1.E0,0.E0));
#2828=AXIS2_PLACEMENT_3D('',#2825,#2826,#2827);
#2830=DIRECTION('',(0.E0,1.E0,0.E0));
#2831=VECTOR('',#2830,2.286E0);
#2832=CARTESIAN_POINT('',(5.321020038805E0,5.14858E0,-2.949537198383E0));
#2833=LINE('',#2832,#2831);
#2834=DIRECTION('',(0.E0,1.E0,0.E0));
#2835=VECTOR('',#2834,2.286E0);
#2836=CARTESIAN_POINT('',(5.420906520243E0,5.14858E0,-2.180033618517E0));
#2837=LINE('',#2836,#2835);
#2838=DIRECTION('',(0.E0,1.E0,0.E0));
#2839=VECTOR('',#2838,2.286E0);
#2840=CARTESIAN_POINT('',(6.115891451480E0,5.14858E0,-2.705782130801E-1));
#2841=LINE('',#2840,#2839);
#2842=DIRECTION('',(0.E0,1.E0,0.E0));
#2843=VECTOR('',#2842,2.286E0);
#2844=CARTESIAN_POINT('',(6.223E0,5.14858E0,-1.9558E-1));
#2845=LINE('',#2844,#2843);
#2846=DIRECTION('',(0.E0,1.E0,0.E0));
#2847=VECTOR('',#2846,2.286E0);
#2848=CARTESIAN_POINT('',(-5.420906520243E0,5.14858E0,-2.180033618517E0));
#2849=LINE('',#2848,#2847);
#2850=DIRECTION('',(0.E0,1.E0,0.E0));
#2851=VECTOR('',#2850,2.286E0);
#2852=CARTESIAN_POINT('',(-5.321020038805E0,5.14858E0,-2.949537198383E0));
#2853=LINE('',#2852,#2851);
#2854=DIRECTION('',(-9.958717442042E-1,0.E0,9.077152139089E-2));
#2855=VECTOR('',#2854,1.9558E-1);
#2856=CARTESIAN_POINT('',(-5.198428272953E0,7.05358E0,-3.7592E0));
#2857=LINE('',#2856,#2855);
#2858=DIRECTION('',(9.958717442042E-1,0.E0,-9.077152139089E-2));
#2859=VECTOR('',#2858,1.9558E-1);
#2860=CARTESIAN_POINT('',(-5.393200868685E0,5.52958E0,-3.741446905846E0));
#2861=LINE('',#2860,#2859);
#2862=DIRECTION('',(0.E0,1.E0,0.E0));
#2863=VECTOR('',#2862,1.524E0);
#2864=CARTESIAN_POINT('',(-5.198428272953E0,5.52958E0,-3.7592E0));
#2865=LINE('',#2864,#2863);
#2866=DIRECTION('',(-7.071067811865E-1,0.E0,7.071067811865E-1));
#2867=VECTOR('',#2866,3.592102448428E-1);
#2868=CARTESIAN_POINT('',(-5.9563E0,7.7978E0,-4.4958E-1));
#2869=LINE('',#2868,#2867);
#2870=DIRECTION('',(0.E0,0.E0,-1.E0));
#2871=VECTOR('',#2870,9.652E0);
#2872=CARTESIAN_POINT('',(-5.9563E0,7.7978E0,-4.4958E-1));
#2873=LINE('',#2872,#2871);
#2874=DIRECTION('',(-5.773502691896E-1,5.773502691896E-1,5.773502691896E-1));
#2875=VECTOR('',#2874,4.399409051225E-1);
#2876=CARTESIAN_POINT('',(-5.9563E0,9.7282E0,-4.4958E-1));
#2877=LINE('',#2876,#2875);
#2878=DIRECTION('',(-5.773502691896E-1,-5.773502691896E-1,5.773502691896E-1));
#2879=VECTOR('',#2878,4.399409051225E-1);
#2880=CARTESIAN_POINT('',(-5.9563E0,2.8956E0,-4.4958E-1));
#2881=LINE('',#2880,#2879);
#2882=DIRECTION('',(0.E0,1.E0,0.E0));
#2883=VECTOR('',#2882,6.096E-1);
#2884=CARTESIAN_POINT('',(5.9563E0,2.286E0,-7.00278E0));
#2885=LINE('',#2884,#2883);
#2886=DIRECTION('',(0.E0,0.E0,-1.E0));
#2887=VECTOR('',#2886,3.0988E0);
#2888=CARTESIAN_POINT('',(5.9563E0,2.286E0,-7.00278E0));
#2889=LINE('',#2888,#2887);
#2890=DIRECTION('',(0.E0,-1.E0,0.E0));
#2891=VECTOR('',#2890,2.1082E0);
#2892=CARTESIAN_POINT('',(5.9563E0,5.0038E0,-4.4958E-1));
#2893=LINE('',#2892,#2891);
#2894=DIRECTION('',(0.E0,1.E0,0.E0));
#2895=VECTOR('',#2894,2.8448E0);
#2896=CARTESIAN_POINT('',(-2.7559E0,-2.54E0,-8.001E0));
#2897=LINE('',#2896,#2895);
#2898=CARTESIAN_POINT('',(-2.7559E0,3.048E-1,-6.8326E0));
#2899=DIRECTION('',(1.E0,0.E0,0.E0));
#2900=DIRECTION('',(0.E0,-4.637015029246E-14,-1.E0));
#2901=AXIS2_PLACEMENT_3D('',#2898,#2899,#2900);
#2903=DIRECTION('',(0.E0,4.694715627859E-1,-8.829475928589E-1));
#2904=VECTOR('',#2903,6.073437814332E0);
#2905=CARTESIAN_POINT('',(-2.7559E0,2.8956E0,-4.739052701457E0));
#2906=LINE('',#2905,#2904);
#2907=DIRECTION('',(1.E0,2.918256444997E-14,0.E0));
#2908=VECTOR('',#2907,4.318E-1);
#2909=CARTESIAN_POINT('',(-2.7559E0,3.048E-1,-7.6454E0));
#2910=LINE('',#2909,#2908);
#2911=CARTESIAN_POINT('',(-2.7559E0,3.048E-1,-6.8326E0));
#2912=DIRECTION('',(1.E0,0.E0,0.E0));
#2913=DIRECTION('',(0.E0,-4.644141589229E-14,-1.E0));
#2914=AXIS2_PLACEMENT_3D('',#2911,#2912,#2913);
#2916=DIRECTION('',(0.E0,1.E0,0.E0));
#2917=VECTOR('',#2916,2.8448E0);
#2918=CARTESIAN_POINT('',(-2.3241E0,-2.54E0,-7.6454E0));
#2919=LINE('',#2918,#2917);
#2920=CARTESIAN_POINT('',(-2.3241E0,3.048E-1,-6.8326E0));
#2921=DIRECTION('',(1.E0,0.E0,0.E0));
#2922=DIRECTION('',(0.E0,0.E0,-1.E0));
#2923=AXIS2_PLACEMENT_3D('',#2920,#2921,#2922);
#2925=DIRECTION('',(0.E0,4.694715627859E-1,-8.829475928589E-1));
#2926=VECTOR('',#2925,6.931300019308E0);
#2927=CARTESIAN_POINT('',(-2.3241E0,2.8956E0,-3.981605332569E0));
#2928=LINE('',#2927,#2926);
#2929=CARTESIAN_POINT('',(-2.3241E0,1.9304E0,-3.897636419961E0));
#2930=DIRECTION('',(-1.E0,0.E0,0.E0));
#2931=DIRECTION('',(0.E0,4.375E-1,8.992184106211E-1));
#2932=AXIS2_PLACEMENT_3D('',#2929,#2930,#2931);
#2934=DIRECTION('',(-1.E0,-4.178120460898E-14,0.E0));
#2935=VECTOR('',#2934,4.318E-1);
#2936=CARTESIAN_POINT('',(-2.3241E0,3.048E-1,-8.001E0));
#2937=LINE('',#2936,#2935);
#2938=CARTESIAN_POINT('',(-2.3241E0,3.048E-1,-6.8326E0));
#2939=DIRECTION('',(1.E0,0.E0,0.E0));
#2940=DIRECTION('',(0.E0,0.E0,-1.E0));
#2941=AXIS2_PLACEMENT_3D('',#2938,#2939,#2940);
#2943=DIRECTION('',(0.E0,1.E0,0.E0));
#2944=VECTOR('',#2943,2.8448E0);
#2945=CARTESIAN_POINT('',(-2.3241E0,-2.54E0,-8.001E0));
#2946=LINE('',#2945,#2944);
#2947=DIRECTION('',(1.E0,0.E0,0.E0));
#2948=VECTOR('',#2947,4.318E-1);
#2949=CARTESIAN_POINT('',(-2.7559E0,-2.54E0,-7.6454E0));
#2950=LINE('',#2949,#2948);
#2951=DIRECTION('',(0.E0,0.E0,-1.E0));
#2952=VECTOR('',#2951,3.556E-1);
#2953=CARTESIAN_POINT('',(-2.3241E0,-2.54E0,-7.6454E0));
#2954=LINE('',#2953,#2952);
#2955=DIRECTION('',(-1.E0,0.E0,0.E0));
#2956=VECTOR('',#2955,4.318E-1);
#2957=CARTESIAN_POINT('',(-2.3241E0,-2.54E0,-8.001E0));
#2958=LINE('',#2957,#2956);
#2959=DIRECTION('',(0.E0,0.E0,1.E0));
#2960=VECTOR('',#2959,3.556E-1);
#2961=CARTESIAN_POINT('',(-2.7559E0,-2.54E0,-8.001E0));
#2962=LINE('',#2961,#2960);
#2963=DIRECTION('',(0.E0,1.E0,0.E0));
#2964=VECTOR('',#2963,2.8448E0);
#2965=CARTESIAN_POINT('',(-2.7559E0,-2.54E0,-7.6454E0));
#2966=LINE('',#2965,#2964);
#2967=DIRECTION('',(0.E0,4.694715627859E-1,-8.829475928589E-1));
#2968=VECTOR('',#2967,6.073437814332E0);
#2969=CARTESIAN_POINT('',(-2.3241E0,2.8956E0,-4.739052701457E0));
#2970=LINE('',#2969,#2968);
#2971=DIRECTION('',(0.E0,4.694715627859E-1,-8.829475928589E-1));
#2972=VECTOR('',#2971,6.931300019308E0);
#2973=CARTESIAN_POINT('',(-2.7559E0,2.8956E0,-3.981605332569E0));
#2974=LINE('',#2973,#2972);
#2975=CARTESIAN_POINT('',(-2.7559E0,1.9304E0,-3.897636419961E0));
#2976=DIRECTION('',(-1.E0,0.E0,0.E0));
#2977=DIRECTION('',(0.E0,4.375E-1,8.992184106211E-1));
#2978=AXIS2_PLACEMENT_3D('',#2975,#2976,#2977);
#2980=DIRECTION('',(0.E0,1.E0,0.E0));
#2981=VECTOR('',#2980,2.8448E0);
#2982=CARTESIAN_POINT('',(-1.7399E0,-2.54E0,-9.779E0));
#2983=LINE('',#2982,#2981);
#2984=CARTESIAN_POINT('',(-1.7399E0,3.048E-1,-8.6106E0));
#2985=DIRECTION('',(1.E0,0.E0,0.E0));
#2986=DIRECTION('',(0.E0,4.637015029246E-14,-1.E0));
#2987=AXIS2_PLACEMENT_3D('',#2984,#2985,#2986);
#2989=DIRECTION('',(0.E0,4.694715627859E-1,-8.829475928589E-1));
#2990=VECTOR('',#2989,6.073437814332E0);
#2991=CARTESIAN_POINT('',(-1.7399E0,2.8956E0,-4.739052701457E0));
#2992=LINE('',#2991,#2990);
#2993=DIRECTION('',(1.E0,-2.918256444997E-14,0.E0));
#2994=VECTOR('',#2993,4.318E-1);
#2995=CARTESIAN_POINT('',(-1.7399E0,3.048E-1,-9.4234E0));
#2996=LINE('',#2995,#2994);
#2997=CARTESIAN_POINT('',(-1.7399E0,3.048E-1,-8.6106E0));
#2998=DIRECTION('',(1.E0,0.E0,0.E0));
#2999=DIRECTION('',(0.E0,4.644141589229E-14,-1.E0));
#3000=AXIS2_PLACEMENT_3D('',#2997,#2998,#2999);
#3002=DIRECTION('',(0.E0,1.E0,0.E0));
#3003=VECTOR('',#3002,2.8448E0);
#3004=CARTESIAN_POINT('',(-1.3081E0,-2.54E0,-9.4234E0));
#3005=LINE('',#3004,#3003);
#3006=CARTESIAN_POINT('',(-1.3081E0,3.048E-1,-8.6106E0));
#3007=DIRECTION('',(1.E0,0.E0,0.E0));
#3008=DIRECTION('',(0.E0,0.E0,-1.E0));
#3009=AXIS2_PLACEMENT_3D('',#3006,#3007,#3008);
#3011=DIRECTION('',(0.E0,4.694715627859E-1,-8.829475928589E-1));
#3012=VECTOR('',#3011,6.931300019308E0);
#3013=CARTESIAN_POINT('',(-1.3081E0,2.8956E0,-3.981605332569E0));
#3014=LINE('',#3013,#3012);
#3015=CARTESIAN_POINT('',(-1.3081E0,1.9304E0,-3.897636419961E0));
#3016=DIRECTION('',(-1.E0,0.E0,0.E0));
#3017=DIRECTION('',(0.E0,4.375E-1,8.992184106211E-1));
#3018=AXIS2_PLACEMENT_3D('',#3015,#3016,#3017);
#3020=DIRECTION('',(-1.E0,4.178120460898E-14,0.E0));
#3021=VECTOR('',#3020,4.318E-1);
#3022=CARTESIAN_POINT('',(-1.3081E0,3.048E-1,-9.779E0));
#3023=LINE('',#3022,#3021);
#3024=CARTESIAN_POINT('',(-1.3081E0,3.048E-1,-8.6106E0));
#3025=DIRECTION('',(1.E0,0.E0,0.E0));
#3026=DIRECTION('',(0.E0,0.E0,-1.E0));
#3027=AXIS2_PLACEMENT_3D('',#3024,#3025,#3026);
#3029=DIRECTION('',(0.E0,1.E0,0.E0));
#3030=VECTOR('',#3029,2.8448E0);
#3031=CARTESIAN_POINT('',(-1.3081E0,-2.54E0,-9.779E0));
#3032=LINE('',#3031,#3030);
#3033=DIRECTION('',(1.E0,0.E0,0.E0));
#3034=VECTOR('',#3033,4.318E-1);
#3035=CARTESIAN_POINT('',(-1.7399E0,-2.54E0,-9.4234E0));
#3036=LINE('',#3035,#3034);
#3037=DIRECTION('',(0.E0,0.E0,-1.E0));
#3038=VECTOR('',#3037,3.556E-1);
#3039=CARTESIAN_POINT('',(-1.3081E0,-2.54E0,-9.4234E0));
#3040=LINE('',#3039,#3038);
#3041=DIRECTION('',(-1.E0,0.E0,0.E0));
#3042=VECTOR('',#3041,4.318E-1);
#3043=CARTESIAN_POINT('',(-1.3081E0,-2.54E0,-9.779E0));
#3044=LINE('',#3043,#3042);
#3045=DIRECTION('',(0.E0,0.E0,1.E0));
#3046=VECTOR('',#3045,3.556E-1);
#3047=CARTESIAN_POINT('',(-1.7399E0,-2.54E0,-9.779E0));
#3048=LINE('',#3047,#3046);
#3049=DIRECTION('',(0.E0,1.E0,0.E0));
#3050=VECTOR('',#3049,2.8448E0);
#3051=CARTESIAN_POINT('',(-1.7399E0,-2.54E0,-9.4234E0));
#3052=LINE('',#3051,#3050);
#3053=DIRECTION('',(0.E0,4.694715627859E-1,-8.829475928589E-1));
#3054=VECTOR('',#3053,6.073437814332E0);
#3055=CARTESIAN_POINT('',(-1.3081E0,2.8956E0,-4.739052701457E0));
#3056=LINE('',#3055,#3054);
#3057=DIRECTION('',(0.E0,4.694715627859E-1,-8.829475928589E-1));
#3058=VECTOR('',#3057,6.931300019308E0);
#3059=CARTESIAN_POINT('',(-1.7399E0,2.8956E0,-3.981605332569E0));
#3060=LINE('',#3059,#3058);
#3061=CARTESIAN_POINT('',(-1.7399E0,1.9304E0,-3.897636419961E0));
#3062=DIRECTION('',(-1.E0,0.E0,0.E0));
#3063=DIRECTION('',(0.E0,4.375E-1,8.992184106211E-1));
#3064=AXIS2_PLACEMENT_3D('',#3061,#3062,#3063);
#3066=DIRECTION('',(0.E0,1.E0,0.E0));
#3067=VECTOR('',#3066,2.8448E0);
#3068=CARTESIAN_POINT('',(-7.239E-1,-2.54E0,-8.001E0));
#3069=LINE('',#3068,#3067);
#3070=CARTESIAN_POINT('',(-7.239E-1,3.048E-1,-6.8326E0));
#3071=DIRECTION('',(1.E0,0.E0,0.E0));
#3072=DIRECTION('',(0.E0,-4.637015029246E-14,-1.E0));
#3073=AXIS2_PLACEMENT_3D('',#3070,#3071,#3072);
#3075=DIRECTION('',(0.E0,4.694715627859E-1,-8.829475928589E-1));
#3076=VECTOR('',#3075,6.073437814332E0);
#3077=CARTESIAN_POINT('',(-7.239E-1,2.8956E0,-4.739052701457E0));
#3078=LINE('',#3077,#3076);
#3079=DIRECTION('',(1.E0,2.918256444997E-14,0.E0));
#3080=VECTOR('',#3079,4.318E-1);
#3081=CARTESIAN_POINT('',(-7.239E-1,3.048E-1,-7.6454E0));
#3082=LINE('',#3081,#3080);
#3083=CARTESIAN_POINT('',(-7.239E-1,3.048E-1,-6.8326E0));
#3084=DIRECTION('',(1.E0,0.E0,0.E0));
#3085=DIRECTION('',(0.E0,-4.644141589229E-14,-1.E0));
#3086=AXIS2_PLACEMENT_3D('',#3083,#3084,#3085);
#3088=DIRECTION('',(0.E0,1.E0,0.E0));
#3089=VECTOR('',#3088,2.8448E0);
#3090=CARTESIAN_POINT('',(-2.921E-1,-2.54E0,-7.6454E0));
#3091=LINE('',#3090,#3089);
#3092=CARTESIAN_POINT('',(-2.921E-1,3.048E-1,-6.8326E0));
#3093=DIRECTION('',(1.E0,0.E0,0.E0));
#3094=DIRECTION('',(0.E0,0.E0,-1.E0));
#3095=AXIS2_PLACEMENT_3D('',#3092,#3093,#3094);
#3097=DIRECTION('',(0.E0,4.694715627859E-1,-8.829475928589E-1));
#3098=VECTOR('',#3097,6.931300019308E0);
#3099=CARTESIAN_POINT('',(-2.921E-1,2.8956E0,-3.981605332569E0));
#3100=LINE('',#3099,#3098);
#3101=CARTESIAN_POINT('',(-2.921E-1,1.9304E0,-3.897636419961E0));
#3102=DIRECTION('',(-1.E0,0.E0,0.E0));
#3103=DIRECTION('',(0.E0,4.375E-1,8.992184106211E-1));
#3104=AXIS2_PLACEMENT_3D('',#3101,#3102,#3103);
#3106=DIRECTION('',(-1.E0,-4.178120460898E-14,0.E0));
#3107=VECTOR('',#3106,4.318E-1);
#3108=CARTESIAN_POINT('',(-2.921E-1,3.048E-1,-8.001E0));
#3109=LINE('',#3108,#3107);
#3110=CARTESIAN_POINT('',(-2.921E-1,3.048E-1,-6.8326E0));
#3111=DIRECTION('',(1.E0,0.E0,0.E0));
#3112=DIRECTION('',(0.E0,0.E0,-1.E0));
#3113=AXIS2_PLACEMENT_3D('',#3110,#3111,#3112);
#3115=DIRECTION('',(0.E0,1.E0,0.E0));
#3116=VECTOR('',#3115,2.8448E0);
#3117=CARTESIAN_POINT('',(-2.921E-1,-2.54E0,-8.001E0));
#3118=LINE('',#3117,#3116);
#3119=DIRECTION('',(1.E0,0.E0,0.E0));
#3120=VECTOR('',#3119,4.318E-1);
#3121=CARTESIAN_POINT('',(-7.239E-1,-2.54E0,-7.6454E0));
#3122=LINE('',#3121,#3120);
#3123=DIRECTION('',(0.E0,0.E0,-1.E0));
#3124=VECTOR('',#3123,3.556E-1);
#3125=CARTESIAN_POINT('',(-2.921E-1,-2.54E0,-7.6454E0));
#3126=LINE('',#3125,#3124);
#3127=DIRECTION('',(-1.E0,0.E0,0.E0));
#3128=VECTOR('',#3127,4.318E-1);
#3129=CARTESIAN_POINT('',(-2.921E-1,-2.54E0,-8.001E0));
#3130=LINE('',#3129,#3128);
#3131=DIRECTION('',(0.E0,0.E0,1.E0));
#3132=VECTOR('',#3131,3.556E-1);
#3133=CARTESIAN_POINT('',(-7.239E-1,-2.54E0,-8.001E0));
#3134=LINE('',#3133,#3132);
#3135=DIRECTION('',(0.E0,1.E0,0.E0));
#3136=VECTOR('',#3135,2.8448E0);
#3137=CARTESIAN_POINT('',(-7.239E-1,-2.54E0,-7.6454E0));
#3138=LINE('',#3137,#3136);
#3139=DIRECTION('',(0.E0,4.694715627859E-1,-8.829475928589E-1));
#3140=VECTOR('',#3139,6.073437814332E0);
#3141=CARTESIAN_POINT('',(-2.921E-1,2.8956E0,-4.739052701457E0));
#3142=LINE('',#3141,#3140);
#3143=DIRECTION('',(0.E0,4.694715627859E-1,-8.829475928589E-1));
#3144=VECTOR('',#3143,6.931300019308E0);
#3145=CARTESIAN_POINT('',(-7.239E-1,2.8956E0,-3.981605332569E0));
#3146=LINE('',#3145,#3144);
#3147=CARTESIAN_POINT('',(-7.239E-1,1.9304E0,-3.897636419961E0));
#3148=DIRECTION('',(-1.E0,0.E0,0.E0));
#3149=DIRECTION('',(0.E0,4.375E-1,8.992184106211E-1));
#3150=AXIS2_PLACEMENT_3D('',#3147,#3148,#3149);
#3152=DIRECTION('',(0.E0,1.E0,0.E0));
#3153=VECTOR('',#3152,2.8448E0);
#3154=CARTESIAN_POINT('',(2.921E-1,-2.54E0,-9.779E0));
#3155=LINE('',#3154,#3153);
#3156=CARTESIAN_POINT('',(2.921E-1,3.048E-1,-8.6106E0));
#3157=DIRECTION('',(1.E0,0.E0,0.E0));
#3158=DIRECTION('',(0.E0,4.637015029246E-14,-1.E0));
#3159=AXIS2_PLACEMENT_3D('',#3156,#3157,#3158);
#3161=DIRECTION('',(0.E0,4.694715627859E-1,-8.829475928589E-1));
#3162=VECTOR('',#3161,6.073437814332E0);
#3163=CARTESIAN_POINT('',(2.921E-1,2.8956E0,-4.739052701457E0));
#3164=LINE('',#3163,#3162);
#3165=DIRECTION('',(1.E0,-2.918256444997E-14,0.E0));
#3166=VECTOR('',#3165,4.318E-1);
#3167=CARTESIAN_POINT('',(2.921E-1,3.048E-1,-9.4234E0));
#3168=LINE('',#3167,#3166);
#3169=CARTESIAN_POINT('',(2.921E-1,3.048E-1,-8.6106E0));
#3170=DIRECTION('',(1.E0,0.E0,0.E0));
#3171=DIRECTION('',(0.E0,4.644141589229E-14,-1.E0));
#3172=AXIS2_PLACEMENT_3D('',#3169,#3170,#3171);
#3174=DIRECTION('',(0.E0,1.E0,0.E0));
#3175=VECTOR('',#3174,2.8448E0);
#3176=CARTESIAN_POINT('',(7.239E-1,-2.54E0,-9.4234E0));
#3177=LINE('',#3176,#3175);
#3178=CARTESIAN_POINT('',(7.239E-1,3.048E-1,-8.6106E0));
#3179=DIRECTION('',(1.E0,0.E0,0.E0));
#3180=DIRECTION('',(0.E0,0.E0,-1.E0));
#3181=AXIS2_PLACEMENT_3D('',#3178,#3179,#3180);
#3183=DIRECTION('',(0.E0,4.694715627859E-1,-8.829475928589E-1));
#3184=VECTOR('',#3183,6.931300019308E0);
#3185=CARTESIAN_POINT('',(7.239E-1,2.8956E0,-3.981605332569E0));
#3186=LINE('',#3185,#3184);
#3187=CARTESIAN_POINT('',(7.239E-1,1.9304E0,-3.897636419961E0));
#3188=DIRECTION('',(-1.E0,0.E0,0.E0));
#3189=DIRECTION('',(0.E0,4.375E-1,8.992184106211E-1));
#3190=AXIS2_PLACEMENT_3D('',#3187,#3188,#3189);
#3192=DIRECTION('',(-1.E0,4.178120460898E-14,0.E0));
#3193=VECTOR('',#3192,4.318E-1);
#3194=CARTESIAN_POINT('',(7.239E-1,3.048E-1,-9.779E0));
#3195=LINE('',#3194,#3193);
#3196=CARTESIAN_POINT('',(7.239E-1,3.048E-1,-8.6106E0));
#3197=DIRECTION('',(1.E0,0.E0,0.E0));
#3198=DIRECTION('',(0.E0,0.E0,-1.E0));
#3199=AXIS2_PLACEMENT_3D('',#3196,#3197,#3198);
#3201=DIRECTION('',(0.E0,1.E0,0.E0));
#3202=VECTOR('',#3201,2.8448E0);
#3203=CARTESIAN_POINT('',(7.239E-1,-2.54E0,-9.779E0));
#3204=LINE('',#3203,#3202);
#3205=DIRECTION('',(1.E0,0.E0,0.E0));
#3206=VECTOR('',#3205,4.318E-1);
#3207=CARTESIAN_POINT('',(2.921E-1,-2.54E0,-9.4234E0));
#3208=LINE('',#3207,#3206);
#3209=DIRECTION('',(0.E0,0.E0,-1.E0));
#3210=VECTOR('',#3209,3.556E-1);
#3211=CARTESIAN_POINT('',(7.239E-1,-2.54E0,-9.4234E0));
#3212=LINE('',#3211,#3210);
#3213=DIRECTION('',(-1.E0,0.E0,0.E0));
#3214=VECTOR('',#3213,4.318E-1);
#3215=CARTESIAN_POINT('',(7.239E-1,-2.54E0,-9.779E0));
#3216=LINE('',#3215,#3214);
#3217=DIRECTION('',(0.E0,0.E0,1.E0));
#3218=VECTOR('',#3217,3.556E-1);
#3219=CARTESIAN_POINT('',(2.921E-1,-2.54E0,-9.779E0));
#3220=LINE('',#3219,#3218);
#3221=DIRECTION('',(0.E0,1.E0,0.E0));
#3222=VECTOR('',#3221,2.8448E0);
#3223=CARTESIAN_POINT('',(2.921E-1,-2.54E0,-9.4234E0));
#3224=LINE('',#3223,#3222);
#3225=DIRECTION('',(0.E0,4.694715627859E-1,-8.829475928589E-1));
#3226=VECTOR('',#3225,6.073437814332E0);
#3227=CARTESIAN_POINT('',(7.239E-1,2.8956E0,-4.739052701457E0));
#3228=LINE('',#3227,#3226);
#3229=DIRECTION('',(0.E0,4.694715627859E-1,-8.829475928589E-1));
#3230=VECTOR('',#3229,6.931300019308E0);
#3231=CARTESIAN_POINT('',(2.921E-1,2.8956E0,-3.981605332569E0));
#3232=LINE('',#3231,#3230);
#3233=CARTESIAN_POINT('',(2.921E-1,1.9304E0,-3.897636419961E0));
#3234=DIRECTION('',(-1.E0,0.E0,0.E0));
#3235=DIRECTION('',(0.E0,4.375E-1,8.992184106211E-1));
#3236=AXIS2_PLACEMENT_3D('',#3233,#3234,#3235);
#3238=DIRECTION('',(0.E0,1.E0,0.E0));
#3239=VECTOR('',#3238,2.8448E0);
#3240=CARTESIAN_POINT('',(1.3081E0,-2.54E0,-8.001E0));
#3241=LINE('',#3240,#3239);
#3242=CARTESIAN_POINT('',(1.3081E0,3.048E-1,-6.8326E0));
#3243=DIRECTION('',(1.E0,0.E0,0.E0));
#3244=DIRECTION('',(0.E0,-4.637015029246E-14,-1.E0));
#3245=AXIS2_PLACEMENT_3D('',#3242,#3243,#3244);
#3247=DIRECTION('',(0.E0,4.694715627859E-1,-8.829475928589E-1));
#3248=VECTOR('',#3247,6.073437814332E0);
#3249=CARTESIAN_POINT('',(1.3081E0,2.8956E0,-4.739052701457E0));
#3250=LINE('',#3249,#3248);
#3251=DIRECTION('',(1.E0,2.918256444997E-14,0.E0));
#3252=VECTOR('',#3251,4.318E-1);
#3253=CARTESIAN_POINT('',(1.3081E0,3.048E-1,-7.6454E0));
#3254=LINE('',#3253,#3252);
#3255=CARTESIAN_POINT('',(1.3081E0,3.048E-1,-6.8326E0));
#3256=DIRECTION('',(1.E0,0.E0,0.E0));
#3257=DIRECTION('',(0.E0,-4.644141589229E-14,-1.E0));
#3258=AXIS2_PLACEMENT_3D('',#3255,#3256,#3257);
#3260=DIRECTION('',(0.E0,1.E0,0.E0));
#3261=VECTOR('',#3260,2.8448E0);
#3262=CARTESIAN_POINT('',(1.7399E0,-2.54E0,-7.6454E0));
#3263=LINE('',#3262,#3261);
#3264=CARTESIAN_POINT('',(1.7399E0,3.048E-1,-6.8326E0));
#3265=DIRECTION('',(1.E0,0.E0,0.E0));
#3266=DIRECTION('',(0.E0,0.E0,-1.E0));
#3267=AXIS2_PLACEMENT_3D('',#3264,#3265,#3266);
#3269=DIRECTION('',(0.E0,4.694715627859E-1,-8.829475928589E-1));
#3270=VECTOR('',#3269,6.931300019308E0);
#3271=CARTESIAN_POINT('',(1.7399E0,2.8956E0,-3.981605332569E0));
#3272=LINE('',#3271,#3270);
#3273=CARTESIAN_POINT('',(1.7399E0,1.9304E0,-3.897636419961E0));
#3274=DIRECTION('',(-1.E0,0.E0,0.E0));
#3275=DIRECTION('',(0.E0,4.375E-1,8.992184106211E-1));
#3276=AXIS2_PLACEMENT_3D('',#3273,#3274,#3275);
#3278=DIRECTION('',(-1.E0,-4.178120460898E-14,0.E0));
#3279=VECTOR('',#3278,4.318E-1);
#3280=CARTESIAN_POINT('',(1.7399E0,3.048E-1,-8.001E0));
#3281=LINE('',#3280,#3279);
#3282=CARTESIAN_POINT('',(1.7399E0,3.048E-1,-6.8326E0));
#3283=DIRECTION('',(1.E0,0.E0,0.E0));
#3284=DIRECTION('',(0.E0,0.E0,-1.E0));
#3285=AXIS2_PLACEMENT_3D('',#3282,#3283,#3284);
#3287=DIRECTION('',(0.E0,1.E0,0.E0));
#3288=VECTOR('',#3287,2.8448E0);
#3289=CARTESIAN_POINT('',(1.7399E0,-2.54E0,-8.001E0));
#3290=LINE('',#3289,#3288);
#3291=DIRECTION('',(1.E0,0.E0,0.E0));
#3292=VECTOR('',#3291,4.318E-1);
#3293=CARTESIAN_POINT('',(1.3081E0,-2.54E0,-7.6454E0));
#3294=LINE('',#3293,#3292);
#3295=DIRECTION('',(0.E0,0.E0,-1.E0));
#3296=VECTOR('',#3295,3.556E-1);
#3297=CARTESIAN_POINT('',(1.7399E0,-2.54E0,-7.6454E0));
#3298=LINE('',#3297,#3296);
#3299=DIRECTION('',(-1.E0,0.E0,0.E0));
#3300=VECTOR('',#3299,4.318E-1);
#3301=CARTESIAN_POINT('',(1.7399E0,-2.54E0,-8.001E0));
#3302=LINE('',#3301,#3300);
#3303=DIRECTION('',(0.E0,0.E0,1.E0));
#3304=VECTOR('',#3303,3.556E-1);
#3305=CARTESIAN_POINT('',(1.3081E0,-2.54E0,-8.001E0));
#3306=LINE('',#3305,#3304);
#3307=DIRECTION('',(0.E0,1.E0,0.E0));
#3308=VECTOR('',#3307,2.8448E0);
#3309=CARTESIAN_POINT('',(1.3081E0,-2.54E0,-7.6454E0));
#3310=LINE('',#3309,#3308);
#3311=DIRECTION('',(0.E0,4.694715627859E-1,-8.829475928589E-1));
#3312=VECTOR('',#3311,6.073437814332E0);
#3313=CARTESIAN_POINT('',(1.7399E0,2.8956E0,-4.739052701457E0));
#3314=LINE('',#3313,#3312);
#3315=DIRECTION('',(0.E0,4.694715627859E-1,-8.829475928589E-1));
#3316=VECTOR('',#3315,6.931300019308E0);
#3317=CARTESIAN_POINT('',(1.3081E0,2.8956E0,-3.981605332569E0));
#3318=LINE('',#3317,#3316);
#3319=CARTESIAN_POINT('',(1.3081E0,1.9304E0,-3.897636419961E0));
#3320=DIRECTION('',(-1.E0,0.E0,0.E0));
#3321=DIRECTION('',(0.E0,4.375E-1,8.992184106211E-1));
#3322=AXIS2_PLACEMENT_3D('',#3319,#3320,#3321);
#3324=DIRECTION('',(0.E0,1.E0,0.E0));
#3325=VECTOR('',#3324,2.8448E0);
#3326=CARTESIAN_POINT('',(2.3241E0,-2.54E0,-9.779E0));
#3327=LINE('',#3326,#3325);
#3328=CARTESIAN_POINT('',(2.3241E0,3.048E-1,-8.6106E0));
#3329=DIRECTION('',(1.E0,0.E0,0.E0));
#3330=DIRECTION('',(0.E0,4.637015029246E-14,-1.E0));
#3331=AXIS2_PLACEMENT_3D('',#3328,#3329,#3330);
#3333=DIRECTION('',(0.E0,4.694715627859E-1,-8.829475928589E-1));
#3334=VECTOR('',#3333,6.073437814332E0);
#3335=CARTESIAN_POINT('',(2.3241E0,2.8956E0,-4.739052701457E0));
#3336=LINE('',#3335,#3334);
#3337=DIRECTION('',(1.E0,-2.918256444997E-14,0.E0));
#3338=VECTOR('',#3337,4.318E-1);
#3339=CARTESIAN_POINT('',(2.3241E0,3.048E-1,-9.4234E0));
#3340=LINE('',#3339,#3338);
#3341=CARTESIAN_POINT('',(2.3241E0,3.048E-1,-8.6106E0));
#3342=DIRECTION('',(1.E0,0.E0,0.E0));
#3343=DIRECTION('',(0.E0,4.644141589229E-14,-1.E0));
#3344=AXIS2_PLACEMENT_3D('',#3341,#3342,#3343);
#3346=DIRECTION('',(0.E0,1.E0,0.E0));
#3347=VECTOR('',#3346,2.8448E0);
#3348=CARTESIAN_POINT('',(2.7559E0,-2.54E0,-9.4234E0));
#3349=LINE('',#3348,#3347);
#3350=CARTESIAN_POINT('',(2.7559E0,3.048E-1,-8.6106E0));
#3351=DIRECTION('',(1.E0,0.E0,0.E0));
#3352=DIRECTION('',(0.E0,0.E0,-1.E0));
#3353=AXIS2_PLACEMENT_3D('',#3350,#3351,#3352);
#3355=DIRECTION('',(0.E0,4.694715627859E-1,-8.829475928589E-1));
#3356=VECTOR('',#3355,6.931300019308E0);
#3357=CARTESIAN_POINT('',(2.7559E0,2.8956E0,-3.981605332569E0));
#3358=LINE('',#3357,#3356);
#3359=CARTESIAN_POINT('',(2.7559E0,1.9304E0,-3.897636419961E0));
#3360=DIRECTION('',(-1.E0,0.E0,0.E0));
#3361=DIRECTION('',(0.E0,4.375E-1,8.992184106211E-1));
#3362=AXIS2_PLACEMENT_3D('',#3359,#3360,#3361);
#3364=DIRECTION('',(-1.E0,4.178120460898E-14,0.E0));
#3365=VECTOR('',#3364,4.318E-1);
#3366=CARTESIAN_POINT('',(2.7559E0,3.048E-1,-9.779E0));
#3367=LINE('',#3366,#3365);
#3368=CARTESIAN_POINT('',(2.7559E0,3.048E-1,-8.6106E0));
#3369=DIRECTION('',(1.E0,0.E0,0.E0));
#3370=DIRECTION('',(0.E0,0.E0,-1.E0));
#3371=AXIS2_PLACEMENT_3D('',#3368,#3369,#3370);
#3373=DIRECTION('',(0.E0,1.E0,0.E0));
#3374=VECTOR('',#3373,2.8448E0);
#3375=CARTESIAN_POINT('',(2.7559E0,-2.54E0,-9.779E0));
#3376=LINE('',#3375,#3374);
#3377=DIRECTION('',(1.E0,0.E0,0.E0));
#3378=VECTOR('',#3377,4.318E-1);
#3379=CARTESIAN_POINT('',(2.3241E0,-2.54E0,-9.4234E0));
#3380=LINE('',#3379,#3378);
#3381=DIRECTION('',(0.E0,0.E0,-1.E0));
#3382=VECTOR('',#3381,3.556E-1);
#3383=CARTESIAN_POINT('',(2.7559E0,-2.54E0,-9.4234E0));
#3384=LINE('',#3383,#3382);
#3385=DIRECTION('',(-1.E0,0.E0,0.E0));
#3386=VECTOR('',#3385,4.318E-1);
#3387=CARTESIAN_POINT('',(2.7559E0,-2.54E0,-9.779E0));
#3388=LINE('',#3387,#3386);
#3389=DIRECTION('',(0.E0,0.E0,1.E0));
#3390=VECTOR('',#3389,3.556E-1);
#3391=CARTESIAN_POINT('',(2.3241E0,-2.54E0,-9.779E0));
#3392=LINE('',#3391,#3390);
#3393=DIRECTION('',(0.E0,1.E0,0.E0));
#3394=VECTOR('',#3393,2.8448E0);
#3395=CARTESIAN_POINT('',(2.3241E0,-2.54E0,-9.4234E0));
#3396=LINE('',#3395,#3394);
#3397=DIRECTION('',(0.E0,4.694715627859E-1,-8.829475928589E-1));
#3398=VECTOR('',#3397,6.073437814332E0);
#3399=CARTESIAN_POINT('',(2.7559E0,2.8956E0,-4.739052701457E0));
#3400=LINE('',#3399,#3398);
#3401=DIRECTION('',(0.E0,4.694715627859E-1,-8.829475928589E-1));
#3402=VECTOR('',#3401,6.931300019308E0);
#3403=CARTESIAN_POINT('',(2.3241E0,2.8956E0,-3.981605332569E0));
#3404=LINE('',#3403,#3402);
#3405=CARTESIAN_POINT('',(2.3241E0,1.9304E0,-3.897636419961E0));
#3406=DIRECTION('',(-1.E0,0.E0,0.E0));
#3407=DIRECTION('',(0.E0,4.375E-1,8.992184106211E-1));
#3408=AXIS2_PLACEMENT_3D('',#3405,#3406,#3407);
#3410=CARTESIAN_POINT('',(3.3401E0,1.9304E0,-3.897636419961E0));
#3411=DIRECTION('',(-1.E0,0.E0,0.E0));
#3412=DIRECTION('',(0.E0,4.375E-1,8.992184106211E-1));
#3413=AXIS2_PLACEMENT_3D('',#3410,#3411,#3412);
#3415=DIRECTION('',(-1.E0,0.E0,0.E0));
#3416=VECTOR('',#3415,8.89E0);
#3417=CARTESIAN_POINT('',(4.445E0,2.35458E0,-1.9558E-1));
#3418=LINE('',#3417,#3416);
#3419=CARTESIAN_POINT('',(-3.7719E0,1.9304E0,-3.897636419961E0));
#3420=DIRECTION('',(-1.E0,0.E0,0.E0));
#3421=DIRECTION('',(0.E0,4.375E-1,8.992184106211E-1));
#3422=AXIS2_PLACEMENT_3D('',#3419,#3420,#3421);
#3424=DIRECTION('',(0.E0,4.694715627859E-1,-8.829475928589E-1));
#3425=VECTOR('',#3424,6.073437814332E0);
#3426=CARTESIAN_POINT('',(3.7719E0,2.8956E0,-4.739052701457E0));
#3427=LINE('',#3426,#3425);
#3428=DIRECTION('',(0.E0,4.694715627859E-1,-8.829475928589E-1));
#3429=VECTOR('',#3428,6.931300019308E0);
#3430=CARTESIAN_POINT('',(3.3401E0,2.8956E0,-3.981605332569E0));
#3431=LINE('',#3430,#3429);
#3432=DIRECTION('',(0.E0,4.694715627859E-1,-8.829475928589E-1));
#3433=VECTOR('',#3432,6.073437814332E0);
#3434=CARTESIAN_POINT('',(-3.3401E0,2.8956E0,-4.739052701457E0));
#3435=LINE('',#3434,#3433);
#3436=DIRECTION('',(-7.071067811865E-1,0.E0,-7.071067811865E-1));
#3437=VECTOR('',#3436,3.592102448428E-1);
#3438=CARTESIAN_POINT('',(6.2103E0,7.7978E0,-1.9558E-1));
#3439=LINE('',#3438,#3437);
#3440=DIRECTION('',(0.E0,0.E0,-1.E0));
#3441=VECTOR('',#3440,9.906E0);
#3442=CARTESIAN_POINT('',(6.35E0,7.7978E0,-1.9558E-1));
#3443=LINE('',#3442,#3441);
#3444=DIRECTION('',(0.E0,-1.E0,0.E0));
#3445=VECTOR('',#3444,9.652E-1);
#3446=CARTESIAN_POINT('',(5.9563E0,9.7282E0,-6.95198E0));
#3447=LINE('',#3446,#3445);
#3448=DIRECTION('',(0.E0,-1.E0,0.E0));
#3449=VECTOR('',#3448,1.9304E0);
#3450=CARTESIAN_POINT('',(5.9563E0,9.7282E0,-4.4958E-1));
#3451=LINE('',#3450,#3449);
#3452=DIRECTION('',(0.E0,0.E0,-1.E0));
#3453=VECTOR('',#3452,9.652E0);
#3454=CARTESIAN_POINT('',(5.9563E0,7.7978E0,-4.4958E-1));
#3455=LINE('',#3454,#3453);
#3456=DIRECTION('',(0.E0,0.E0,-1.E0));
#3457=VECTOR('',#3456,1.778E0);
#3458=CARTESIAN_POINT('',(5.9563E0,7.366E0,-1.060958E1));
#3459=LINE('',#3458,#3457);
#3460=DIRECTION('',(0.E0,0.E0,1.E0));
#3461=VECTOR('',#3460,5.4356E0);
#3462=CARTESIAN_POINT('',(5.9563E0,8.763E0,-1.238758E1));
#3463=LINE('',#3462,#3461);
#3464=DIRECTION('',(-1.E0,0.E0,0.E0));
#3465=VECTOR('',#3464,1.6383E0);
#3466=CARTESIAN_POINT('',(5.9563E0,9.7282E0,-6.95198E0));
#3467=LINE('',#3466,#3465);
#3468=DIRECTION('',(0.E0,0.E0,1.E0));
#3469=VECTOR('',#3468,5.4356E0);
#3470=CARTESIAN_POINT('',(4.318E0,9.7282E0,-1.238758E1));
#3471=LINE('',#3470,#3469);
#3472=DIRECTION('',(1.E0,0.E0,0.E0));
#3473=VECTOR('',#3472,2.8067E0);
#3474=CARTESIAN_POINT('',(3.1496E0,9.7282E0,-4.4958E-1));
#3475=LINE('',#3474,#3473);
#3476=DIRECTION('',(0.E0,0.E0,-1.E0));
#3477=VECTOR('',#3476,6.5024E0);
#3478=CARTESIAN_POINT('',(5.9563E0,9.7282E0,-4.4958E-1));
#3479=LINE('',#3478,#3477);
#3480=DIRECTION('',(0.E0,0.E0,1.E0));
#3481=VECTOR('',#3480,5.4356E0);
#3482=CARTESIAN_POINT('',(4.318E0,8.763E0,-1.238758E1));
#3483=LINE('',#3482,#3481);
#3484=DIRECTION('',(0.E0,-1.E0,0.E0));
#3485=VECTOR('',#3484,9.652E-1);
#3486=CARTESIAN_POINT('',(4.318E0,9.7282E0,-1.238758E1));
#3487=LINE('',#3486,#3485);
#3488=DIRECTION('',(-1.E0,0.E0,0.E0));
#3489=VECTOR('',#3488,1.6383E0);
#3490=CARTESIAN_POINT('',(5.9563E0,8.763E0,-1.238758E1));
#3491=LINE('',#3490,#3489);
#3492=DIRECTION('',(0.E0,1.E0,0.E0));
#3493=VECTOR('',#3492,1.397E0);
#3494=CARTESIAN_POINT('',(5.9563E0,7.366E0,-1.238758E1));
#3495=LINE('',#3494,#3493);
#3496=DIRECTION('',(1.E0,0.E0,0.E0));
#3497=VECTOR('',#3496,1.19126E1);
#3498=CARTESIAN_POINT('',(-5.9563E0,7.366E0,-1.238758E1));
#3499=LINE('',#3498,#3497);
#3500=DIRECTION('',(0.E0,-1.E0,0.E0));
#3501=VECTOR('',#3500,1.397E0);
#3502=CARTESIAN_POINT('',(-5.9563E0,8.763E0,-1.238758E1));
#3503=LINE('',#3502,#3501);
#3504=DIRECTION('',(1.E0,0.E0,0.E0));
#3505=VECTOR('',#3504,1.6383E0);
#3506=CARTESIAN_POINT('',(-5.9563E0,8.763E0,-1.238758E1));
#3507=LINE('',#3506,#3505);
#3508=DIRECTION('',(0.E0,1.E0,0.E0));
#3509=VECTOR('',#3508,9.652E-1);
#3510=CARTESIAN_POINT('',(-4.318E0,8.763E0,-1.238758E1));
#3511=LINE('',#3510,#3509);
#3512=DIRECTION('',(-1.E0,0.E0,0.E0));
#3513=VECTOR('',#3512,1.1684E0);
#3514=CARTESIAN_POINT('',(-3.1496E0,9.7282E0,-1.238758E1));
#3515=LINE('',#3514,#3513);
#3516=DIRECTION('',(0.E0,-1.E0,0.E0));
#3517=VECTOR('',#3516,2.3876E0);
#3518=CARTESIAN_POINT('',(-3.1496E0,1.21158E1,-1.238758E1));
#3519=LINE('',#3518,#3517);
#3520=DIRECTION('',(-1.E0,0.E0,0.E0));
#3521=VECTOR('',#3520,1.1176E0);
#3522=CARTESIAN_POINT('',(-2.032E0,1.21158E1,-1.238758E1));
#3523=LINE('',#3522,#3521);
#3524=DIRECTION('',(0.E0,-1.E0,0.E0));
#3525=VECTOR('',#3524,4.318E-1);
#3526=CARTESIAN_POINT('',(-2.032E0,1.25476E1,-1.238758E1));
#3527=LINE('',#3526,#3525);
#3528=DIRECTION('',(-1.E0,0.E0,0.E0));
#3529=VECTOR('',#3528,4.064E0);
#3530=CARTESIAN_POINT('',(2.032E0,1.25476E1,-1.238758E1));
#3531=LINE('',#3530,#3529);
#3532=DIRECTION('',(0.E0,1.E0,0.E0));
#3533=VECTOR('',#3532,4.318E-1);
#3534=CARTESIAN_POINT('',(2.032E0,1.21158E1,-1.238758E1));
#3535=LINE('',#3534,#3533);
#3536=DIRECTION('',(-1.E0,0.E0,0.E0));
#3537=VECTOR('',#3536,1.1176E0);
#3538=CARTESIAN_POINT('',(3.1496E0,1.21158E1,-1.238758E1));
#3539=LINE('',#3538,#3537);
#3540=DIRECTION('',(0.E0,1.E0,0.E0));
#3541=VECTOR('',#3540,2.3876E0);
#3542=CARTESIAN_POINT('',(3.1496E0,9.7282E0,-1.238758E1));
#3543=LINE('',#3542,#3541);
#3544=DIRECTION('',(-1.E0,0.E0,0.E0));
#3545=VECTOR('',#3544,1.1684E0);
#3546=CARTESIAN_POINT('',(4.318E0,9.7282E0,-1.238758E1));
#3547=LINE('',#3546,#3545);
#3548=DIRECTION('',(0.E0,0.E0,-1.E0));
#3549=VECTOR('',#3548,1.778E0);
#3550=CARTESIAN_POINT('',(-5.9563E0,7.366E0,-1.060958E1));
#3551=LINE('',#3550,#3549);
#3552=DIRECTION('',(1.E0,0.E0,0.E0));
#3553=VECTOR('',#3552,1.19126E1);
#3554=CARTESIAN_POINT('',(-5.9563E0,6.858E0,-1.010158E1));
#3555=LINE('',#3554,#3553);
#3556=DIRECTION('',(0.E0,7.071067811865E-1,-7.071067811865E-1));
#3557=VECTOR('',#3556,7.184204896855E-1);
#3558=CARTESIAN_POINT('',(-5.9563E0,6.858E0,-1.010158E1));
#3559=LINE('',#3558,#3557);
#3560=DIRECTION('',(1.E0,0.E0,0.E0));
#3561=VECTOR('',#3560,1.19126E1);
#3562=CARTESIAN_POINT('',(-5.9563E0,7.366E0,-1.060958E1));
#3563=LINE('',#3562,#3561);
#3564=DIRECTION('',(0.E0,7.071067811865E-1,-7.071067811865E-1));
#3565=VECTOR('',#3564,7.184204896855E-1);
#3566=CARTESIAN_POINT('',(5.9563E0,6.858E0,-1.010158E1));
#3567=LINE('',#3566,#3565);
#3568=DIRECTION('',(0.E0,0.E0,1.E0));
#3569=VECTOR('',#3568,5.4356E0);
#3570=CARTESIAN_POINT('',(-4.318E0,8.763E0,-1.238758E1));
#3571=LINE('',#3570,#3569);
#3572=DIRECTION('',(0.E0,0.E0,-1.E0));
#3573=VECTOR('',#3572,1.2065E0);
#3574=CARTESIAN_POINT('',(-3.1496E0,1.14046E1,-4.4958E-1));
#3575=LINE('',#3574,#3573);
#3576=DIRECTION('',(0.E0,0.E0,-1.E0));
#3577=VECTOR('',#3576,1.07315E1);
#3578=CARTESIAN_POINT('',(-3.1496E0,1.21158E1,-1.65608E0));
#3579=LINE('',#3578,#3577);
#3580=DIRECTION('',(0.E0,-7.071067811865E-1,-7.071067811865E-1));
#3581=VECTOR('',#3580,3.592102448428E-1);
#3582=CARTESIAN_POINT('',(-3.1496E0,9.9822E0,-1.9558E-1));
#3583=LINE('',#3582,#3581);
#3584=DIRECTION('',(1.E0,0.E0,0.E0));
#3585=VECTOR('',#3584,8.636E-1);
#3586=CARTESIAN_POINT('',(-3.1496E0,1.16586E1,-1.9558E-1));
#3587=LINE('',#3586,#3585);
#3588=DIRECTION('',(-5.773502691896E-1,5.773502691896E-1,5.773502691896E-1));
#3589=VECTOR('',#3588,4.399409051225E-1);
#3590=CARTESIAN_POINT('',(-2.032E0,1.14046E1,-4.4958E-1));
#3591=LINE('',#3590,#3589);
#3592=DIRECTION('',(0.E0,7.071067811865E-1,7.071067811865E-1));
#3593=VECTOR('',#3592,3.592102448428E-1);
#3594=CARTESIAN_POINT('',(-3.1496E0,1.14046E1,-4.4958E-1));
#3595=LINE('',#3594,#3593);
#3596=DIRECTION('',(0.E0,1.E0,0.E0));
#3597=VECTOR('',#3596,1.143E0);
#3598=CARTESIAN_POINT('',(-2.286E0,1.16586E1,-1.9558E-1));
#3599=LINE('',#3598,#3597);
#3600=DIRECTION('',(-5.773502691896E-1,5.773502691896E-1,5.773502691896E-1));
#3601=VECTOR('',#3600,4.399409051225E-1);
#3602=CARTESIAN_POINT('',(-2.032E0,1.25476E1,-4.4958E-1));
#3603=LINE('',#3602,#3601);
#3604=DIRECTION('',(1.E0,0.E0,0.E0));
#3605=VECTOR('',#3604,4.572E0);
#3606=CARTESIAN_POINT('',(-2.286E0,1.28016E1,-1.9558E-1));
#3607=LINE('',#3606,#3605);
#3608=DIRECTION('',(5.773502691896E-1,5.773502691896E-1,5.773502691896E-1));
#3609=VECTOR('',#3608,4.399409051225E-1);
#3610=CARTESIAN_POINT('',(2.032E0,1.25476E1,-4.4958E-1));
#3611=LINE('',#3610,#3609);
#3612=DIRECTION('',(0.E0,-1.E0,0.E0));
#3613=VECTOR('',#3612,1.143E0);
#3614=CARTESIAN_POINT('',(2.286E0,1.28016E1,-1.9558E-1));
#3615=LINE('',#3614,#3613);
#3616=DIRECTION('',(5.773502691896E-1,5.773502691896E-1,5.773502691896E-1));
#3617=VECTOR('',#3616,4.399409051225E-1);
#3618=CARTESIAN_POINT('',(2.032E0,1.14046E1,-4.4958E-1));
#3619=LINE('',#3618,#3617);
#3620=DIRECTION('',(1.E0,0.E0,0.E0));
#3621=VECTOR('',#3620,8.636E-1);
#3622=CARTESIAN_POINT('',(2.286E0,1.16586E1,-1.9558E-1));
#3623=LINE('',#3622,#3621);
#3624=DIRECTION('',(0.E0,-7.071067811865E-1,-7.071067811865E-1));
#3625=VECTOR('',#3624,3.592102448428E-1);
#3626=CARTESIAN_POINT('',(3.1496E0,1.16586E1,-1.9558E-1));
#3627=LINE('',#3626,#3625);
#3628=DIRECTION('',(0.E0,7.071067811865E-1,7.071067811865E-1));
#3629=VECTOR('',#3628,3.592102448428E-1);
#3630=CARTESIAN_POINT('',(3.1496E0,9.7282E0,-4.4958E-1));
#3631=LINE('',#3630,#3629);
#3632=DIRECTION('',(0.E0,0.E0,-1.E0));
#3633=VECTOR('',#3632,1.1938E1);
#3634=CARTESIAN_POINT('',(3.1496E0,9.7282E0,-4.4958E-1));
#3635=LINE('',#3634,#3633);
#3636=DIRECTION('',(5.773502691896E-1,5.773502691896E-1,5.773502691896E-1));
#3637=VECTOR('',#3636,4.399409051225E-1);
#3638=CARTESIAN_POINT('',(5.9563E0,9.7282E0,-4.4958E-1));
#3639=LINE('',#3638,#3637);
#3640=DIRECTION('',(0.E0,0.E0,-1.E0));
#3641=VECTOR('',#3640,1.07315E1);
#3642=CARTESIAN_POINT('',(3.1496E0,1.21158E1,-1.65608E0));
#3643=LINE('',#3642,#3641);
#3644=DIRECTION('',(0.E0,0.E0,-1.E0));
#3645=VECTOR('',#3644,1.07315E1);
#3646=CARTESIAN_POINT('',(2.032E0,1.21158E1,-1.65608E0));
#3647=LINE('',#3646,#3645);
#3648=DIRECTION('',(0.E0,-1.E0,0.E0));
#3649=VECTOR('',#3648,1.143E0);
#3650=CARTESIAN_POINT('',(2.032E0,1.25476E1,-4.4958E-1));
#3651=LINE('',#3650,#3649);
#3652=DIRECTION('',(0.E0,0.E0,-1.E0));
#3653=VECTOR('',#3652,1.2065E0);
#3654=CARTESIAN_POINT('',(2.032E0,1.14046E1,-4.4958E-1));
#3655=LINE('',#3654,#3653);
#3656=DIRECTION('',(0.E0,1.E0,0.E0));
#3657=VECTOR('',#3656,7.112E-1);
#3658=CARTESIAN_POINT('',(2.032E0,1.14046E1,-1.65608E0));
#3659=LINE('',#3658,#3657);
#3660=DIRECTION('',(0.E0,0.E0,-1.E0));
#3661=VECTOR('',#3660,1.1938E1);
#3662=CARTESIAN_POINT('',(2.032E0,1.25476E1,-4.4958E-1));
#3663=LINE('',#3662,#3661);
#3664=DIRECTION('',(1.E0,0.E0,0.E0));
#3665=VECTOR('',#3664,4.064E0);
#3666=CARTESIAN_POINT('',(-2.032E0,1.25476E1,-4.4958E-1));
#3667=LINE('',#3666,#3665);
#3668=DIRECTION('',(0.E0,0.E0,-1.E0));
#3669=VECTOR('',#3668,1.1938E1);
#3670=CARTESIAN_POINT('',(-2.032E0,1.25476E1,-4.4958E-1));
#3671=LINE('',#3670,#3669);
#3672=DIRECTION('',(0.E0,0.E0,1.E0));
#3673=VECTOR('',#3672,1.07315E1);
#3674=CARTESIAN_POINT('',(-2.032E0,1.21158E1,-1.238758E1));
#3675=LINE('',#3674,#3673);
#3676=DIRECTION('',(0.E0,1.E0,0.E0));
#3677=VECTOR('',#3676,7.112E-1);
#3678=CARTESIAN_POINT('',(-2.032E0,1.14046E1,-1.65608E0));
#3679=LINE('',#3678,#3677);
#3680=DIRECTION('',(0.E0,1.E0,0.E0));
#3681=VECTOR('',#3680,1.143E0);
#3682=CARTESIAN_POINT('',(-2.032E0,1.14046E1,-4.4958E-1));
#3683=LINE('',#3682,#3681);
#3684=DIRECTION('',(-1.E0,0.E0,0.E0));
#3685=VECTOR('',#3684,1.1176E0);
#3686=CARTESIAN_POINT('',(-2.032E0,1.21158E1,-1.65608E0));
#3687=LINE('',#3686,#3685);
#3688=DIRECTION('',(0.E0,-1.E0,0.E0));
#3689=VECTOR('',#3688,7.112E-1);
#3690=CARTESIAN_POINT('',(-3.1496E0,1.21158E1,-1.65608E0));
#3691=LINE('',#3690,#3689);
#3692=DIRECTION('',(0.E0,1.E0,0.E0));
#3693=VECTOR('',#3692,7.112E-1);
#3694=CARTESIAN_POINT('',(3.1496E0,1.14046E1,-1.65608E0));
#3695=LINE('',#3694,#3693);
#3696=DIRECTION('',(-1.E0,0.E0,0.E0));
#3697=VECTOR('',#3696,1.1176E0);
#3698=CARTESIAN_POINT('',(3.1496E0,1.21158E1,-1.65608E0));
#3699=LINE('',#3698,#3697);
#3700=DIRECTION('',(-1.E0,0.E0,0.E0));
#3701=VECTOR('',#3700,1.1176E0);
#3702=CARTESIAN_POINT('',(-2.032E0,1.14046E1,-1.65608E0));
#3703=LINE('',#3702,#3701);
#3704=DIRECTION('',(1.E0,0.E0,0.E0));
#3705=VECTOR('',#3704,1.1176E0);
#3706=CARTESIAN_POINT('',(-3.1496E0,1.14046E1,-4.4958E-1));
#3707=LINE('',#3706,#3705);
#3708=DIRECTION('',(0.E0,0.E0,-1.E0));
#3709=VECTOR('',#3708,1.2065E0);
#3710=CARTESIAN_POINT('',(-2.032E0,1.14046E1,-4.4958E-1));
#3711=LINE('',#3710,#3709);
#3712=DIRECTION('',(-1.E0,0.E0,0.E0));
#3713=VECTOR('',#3712,1.1176E0);
#3714=CARTESIAN_POINT('',(3.1496E0,1.14046E1,-1.65608E0));
#3715=LINE('',#3714,#3713);
#3716=DIRECTION('',(1.E0,0.E0,0.E0));
#3717=VECTOR('',#3716,1.1176E0);
#3718=CARTESIAN_POINT('',(2.032E0,1.14046E1,-4.4958E-1));
#3719=LINE('',#3718,#3717);
#3720=DIRECTION('',(0.E0,0.E0,-1.E0));
#3721=VECTOR('',#3720,1.2065E0);
#3722=CARTESIAN_POINT('',(3.1496E0,1.14046E1,-4.4958E-1));
#3723=LINE('',#3722,#3721);
#3724=DIRECTION('',(0.E0,1.E0,1.183046661510E-8));
#3725=VECTOR('',#3724,2.032E-1);
#3726=CARTESIAN_POINT('',(-6.35E0,1.778E-1,-1.334008000240E1));
#3727=LINE('',#3726,#3725);
#3728=DIRECTION('',(0.E0,0.E0,1.E0));
#3729=VECTOR('',#3728,6.659880002404E0);
#3730=CARTESIAN_POINT('',(-6.35E0,1.778E-1,-1.334008000240E1));
#3731=LINE('',#3730,#3729);
#3732=DIRECTION('',(0.E0,-1.E0,0.E0));
#3733=VECTOR('',#3732,2.032E-1);
#3734=CARTESIAN_POINT('',(-6.35E0,3.81E-1,-6.6802E0));
#3735=LINE('',#3734,#3733);
#3736=DIRECTION('',(0.E0,1.E0,-9.516958524834E-9));
#3737=VECTOR('',#3736,2.032E-1);
#3738=CARTESIAN_POINT('',(-6.35E0,1.778E-1,-2.545079998066E0));
#3739=LINE('',#3738,#3737);
#3740=DIRECTION('',(0.E0,-1.E0,0.E0));
#3741=VECTOR('',#3740,2.032E-1);
#3742=CARTESIAN_POINT('',(-6.35E0,3.81E-1,-3.8862E0));
#3743=LINE('',#3742,#3741);
#3744=DIRECTION('',(0.E0,0.E0,1.E0));
#3745=VECTOR('',#3744,1.341120001934E0);
#3746=CARTESIAN_POINT('',(-6.35E0,1.778E-1,-3.8862E0));
#3747=LINE('',#3746,#3745);
#3748=CARTESIAN_POINT('',(-6.5405E0,3.81E-1,-1.334008E1));
#3749=DIRECTION('',(0.E0,1.E0,0.E0));
#3750=DIRECTION('',(1.E0,0.E0,0.E0));
#3751=AXIS2_PLACEMENT_3D('',#3748,#3749,#3750);
#3753=DIRECTION('',(0.E0,1.E0,9.516954153877E-9));
#3754=VECTOR('',#3753,2.032E-1);
#3755=CARTESIAN_POINT('',(-6.731E0,1.778E-1,-1.334008000193E1));
#3756=LINE('',#3755,#3754);
#3757=DIRECTION('',(0.E0,-1.E0,1.311287036959E-14));
#3758=VECTOR('',#3757,2.032E-1);
#3759=CARTESIAN_POINT('',(-6.731E0,3.81E-1,-6.627241666021E0));
#3760=LINE('',#3759,#3758);
#3761=DIRECTION('',(0.E0,0.E0,-1.E0));
#3762=VECTOR('',#3761,6.712838335913E0);
#3763=CARTESIAN_POINT('',(-6.731E0,1.778E-1,-6.627241666021E0));
#3764=LINE('',#3763,#3762);
#3765=DIRECTION('',(0.E0,1.E0,-1.183047098605E-8));
#3766=VECTOR('',#3765,2.032E-1);
#3767=CARTESIAN_POINT('',(-6.731E0,1.778E-1,-2.545079997596E0));
#3768=LINE('',#3767,#3766);
#3769=DIRECTION('',(0.E0,0.E0,-1.E0));
#3770=VECTOR('',#3769,1.394078336383E0);
#3771=CARTESIAN_POINT('',(-6.731E0,1.778E-1,-2.545079997596E0));
#3772=LINE('',#3771,#3770);
#3773=DIRECTION('',(0.E0,-1.E0,0.E0));
#3774=VECTOR('',#3773,2.032E-1);
#3775=CARTESIAN_POINT('',(-6.731E0,3.81E-1,-3.939158333979E0));
#3776=LINE('',#3775,#3774);
#3777=DIRECTION('',(0.E0,-1.E0,0.E0));
#3778=VECTOR('',#3777,2.54E0);
#3779=CARTESIAN_POINT('',(-5.969E0,3.81E-1,-3.939158333979E0));
#3780=LINE('',#3779,#3778);
#3781=CARTESIAN_POINT('',(-6.35E0,-2.159E0,-5.2832E0));
#3782=DIRECTION('',(0.E0,-1.E0,0.E0));
#3783=DIRECTION('',(2.727272727273E-1,0.E0,9.620913858417E-1));
#3784=AXIS2_PLACEMENT_3D('',#3781,#3782,#3783);
#3786=CARTESIAN_POINT('',(-6.35E0,-2.159E0,-5.2832E0));
#3787=DIRECTION('',(0.E0,-1.E0,0.E0));
#3788=DIRECTION('',(-1.E0,0.E0,-1.390700766985E-7));
#3789=AXIS2_PLACEMENT_3D('',#3786,#3787,#3788);
#3791=DIRECTION('',(0.E0,0.E0,1.E0));
#3792=VECTOR('',#3791,6.671240739586E0);
#3793=CARTESIAN_POINT('',(-6.5278E0,0.E0,-1.334008E1));
#3794=LINE('',#3793,#3792);
#3795=CARTESIAN_POINT('',(-6.5405E0,0.E0,-1.334008E1));
#3796=DIRECTION('',(0.E0,-1.E0,0.E0));
#3797=DIRECTION('',(-1.E0,0.E0,0.E0));
#3798=AXIS2_PLACEMENT_3D('',#3795,#3796,#3797);
#3800=DIRECTION('',(0.E0,0.E0,-1.E0));
#3801=VECTOR('',#3800,6.674737185382E0);
#3802=CARTESIAN_POINT('',(-6.5532E0,0.E0,-6.665342814618E0));
#3803=LINE('',#3802,#3801);
#3804=CARTESIAN_POINT('',(-6.35E0,0.E0,-5.2832E0));
#3805=DIRECTION('',(0.E0,-1.E0,0.E0));
#3806=DIRECTION('',(-1.454545454545E-1,0.E0,-9.893649353027E-1));
#3807=AXIS2_PLACEMENT_3D('',#3804,#3805,#3806);
#3809=DIRECTION('',(0.E0,0.E0,1.E0));
#3810=VECTOR('',#3809,1.352480739586E0);
#3811=CARTESIAN_POINT('',(-6.5278E0,0.E0,-3.897560739586E0));
#3812=LINE('',#3811,#3810);
#3813=CARTESIAN_POINT('',(-6.35E0,0.E0,-5.2832E0));
#3814=DIRECTION('',(0.E0,-1.E0,0.E0));
#3815=DIRECTION('',(-1.272727272727E-1,0.E0,9.918677597808E-1));
#3816=AXIS2_PLACEMENT_3D('',#3813,#3814,#3815);
#3818=DIRECTION('',(0.E0,0.E0,-1.E0));
#3819=VECTOR('',#3818,1.355977185382E0);
#3820=CARTESIAN_POINT('',(-6.5532E0,0.E0,-2.54508E0));
#3821=LINE('',#3820,#3819);
#3822=CARTESIAN_POINT('',(-6.5405E0,0.E0,-2.54508E0));
#3823=DIRECTION('',(0.E0,-1.E0,0.E0));
#3824=DIRECTION('',(1.E0,0.E0,0.E0));
#3825=AXIS2_PLACEMENT_3D('',#3822,#3823,#3824);
#3827=DIRECTION('',(0.E0,0.E0,1.E0));
#3828=VECTOR('',#3827,1.355977185382E0);
#3829=CARTESIAN_POINT('',(6.5532E0,0.E0,-3.901057185382E0));
#3830=LINE('',#3829,#3828);
#3831=CARTESIAN_POINT('',(6.35E0,0.E0,-5.2832E0));
#3832=DIRECTION('',(0.E0,-1.E0,0.E0));
#3833=DIRECTION('',(1.454545454545E-1,0.E0,9.893649353027E-1));
#3834=AXIS2_PLACEMENT_3D('',#3831,#3832,#3833);
#3836=DIRECTION('',(0.E0,0.E0,-1.E0));
#3837=VECTOR('',#3836,1.352480739586E0);
#3838=CARTESIAN_POINT('',(6.5278E0,0.E0,-2.54508E0));
#3839=LINE('',#3838,#3837);
#3840=CARTESIAN_POINT('',(6.5405E0,0.E0,-2.54508E0));
#3841=DIRECTION('',(0.E0,-1.E0,0.E0));
#3842=DIRECTION('',(1.E0,0.E0,0.E0));
#3843=AXIS2_PLACEMENT_3D('',#3840,#3841,#3842);
#3845=DIRECTION('',(0.E0,0.E0,1.E0));
#3846=VECTOR('',#3845,6.674737185382E0);
#3847=CARTESIAN_POINT('',(6.5532E0,0.E0,-1.334008E1));
#3848=LINE('',#3847,#3846);
#3849=CARTESIAN_POINT('',(6.5405E0,0.E0,-1.334008E1));
#3850=DIRECTION('',(0.E0,-1.E0,0.E0));
#3851=DIRECTION('',(-1.E0,0.E0,0.E0));
#3852=AXIS2_PLACEMENT_3D('',#3849,#3850,#3851);
#3854=DIRECTION('',(0.E0,0.E0,-1.E0));
#3855=VECTOR('',#3854,6.671240739586E0);
#3856=CARTESIAN_POINT('',(6.5278E0,0.E0,-6.668839260414E0));
#3857=LINE('',#3856,#3855);
#3858=CARTESIAN_POINT('',(6.35E0,0.E0,-5.2832E0));
#3859=DIRECTION('',(0.E0,-1.E0,0.E0));
#3860=DIRECTION('',(1.272727272727E-1,0.E0,-9.918677597808E-1));
#3861=AXIS2_PLACEMENT_3D('',#3858,#3859,#3860);
#3863=CARTESIAN_POINT('',(-6.5278E0,1.778E-1,-1.334008E1));
#3864=DIRECTION('',(0.E0,0.E0,-1.E0));
#3865=DIRECTION('',(1.E0,0.E0,0.E0));
#3866=AXIS2_PLACEMENT_3D('',#3863,#3864,#3865);
#3868=CARTESIAN_POINT('',(-6.5278E0,0.E0,-6.668839260414E0));
#3869=CARTESIAN_POINT('',(-6.509185047373E0,0.E0,-6.671227860875E0));
#3870=CARTESIAN_POINT('',(-6.471971443740E0,5.868951917736E-3,
-6.675217668391E0));
#3871=CARTESIAN_POINT('',(-6.421469164426E0,3.166958880978E-2,
-6.678619625893E0));
#3872=CARTESIAN_POINT('',(-6.381786586972E0,7.127765731523E-2,
-6.679966499881E0));
#3873=CARTESIAN_POINT('',(-6.355851909372E0,1.219714045133E-1,
-6.680220151982E0));
#3874=CARTESIAN_POINT('',(-6.35E0,1.591951741380E-1,-6.6802E0));
#3875=CARTESIAN_POINT('',(-6.35E0,1.778E-1,-6.6802E0));
#3877=CARTESIAN_POINT('',(-6.5405E0,1.778E-1,-1.334008E1));
#3878=DIRECTION('',(0.E0,-1.E0,0.E0));
#3879=DIRECTION('',(-1.E0,0.E0,0.E0));
#3880=AXIS2_PLACEMENT_3D('',#3877,#3878,#3879);
#3882=CARTESIAN_POINT('',(-6.5532E0,1.778E-1,-1.334008E1));
#3883=DIRECTION('',(-4.563016631209E-14,0.E0,-1.E0));
#3884=DIRECTION('',(-9.990758376829E-14,-1.E0,0.E0));
#3885=AXIS2_PLACEMENT_3D('',#3882,#3883,#3884);
#3887=CARTESIAN_POINT('',(-6.731E0,1.778E-1,-6.627241666021E0));
#3888=CARTESIAN_POINT('',(-6.731E0,1.594757202259E-1,-6.627241666021E0));
#3889=CARTESIAN_POINT('',(-6.725343656637E0,1.226052789247E-1,
-6.628867290963E0));
#3890=CARTESIAN_POINT('',(-6.699468664920E0,7.154295580621E-2,
-6.635926088952E0));
#3891=CARTESIAN_POINT('',(-6.659554339745E0,3.168073281317E-2,
-6.645740500696E0));
#3892=CARTESIAN_POINT('',(-6.609197342186E0,5.935810171986E-3,
-6.656310063356E0));
#3893=CARTESIAN_POINT('',(-6.571907816485E0,0.E0,-6.662592427126E0));
#3894=CARTESIAN_POINT('',(-6.5532E0,0.E0,-6.665342814618E0));
#3896=CARTESIAN_POINT('',(-6.35E0,1.778E-1,-3.8862E0));
#3897=CARTESIAN_POINT('',(-6.35E0,1.591951741380E-1,-3.8862E0));
#3898=CARTESIAN_POINT('',(-6.355851909372E0,1.219714045133E-1,
-3.886179848018E0));
#3899=CARTESIAN_POINT('',(-6.381786586972E0,7.127765731523E-2,
-3.886433500119E0));
#3900=CARTESIAN_POINT('',(-6.421469164426E0,3.166958880978E-2,
-3.887780374107E0));
#3901=CARTESIAN_POINT('',(-6.471971443740E0,5.868951917736E-3,
-3.891182331609E0));
#3902=CARTESIAN_POINT('',(-6.509185047373E0,0.E0,-3.895172139125E0));
#3903=CARTESIAN_POINT('',(-6.5278E0,0.E0,-3.897560739586E0));
#3905=CARTESIAN_POINT('',(-6.5405E0,1.778E-1,-2.54508E0));
#3906=DIRECTION('',(0.E0,-1.E0,0.E0));
#3907=DIRECTION('',(1.E0,0.E0,0.E0));
#3908=AXIS2_PLACEMENT_3D('',#3905,#3906,#3907);
#3910=CARTESIAN_POINT('',(-6.5278E0,1.778E-1,-2.54508E0));
#3911=DIRECTION('',(4.568567746333E-14,0.E0,1.E0));
#3912=DIRECTION('',(1.049029629567E-13,-1.E0,0.E0));
#3913=AXIS2_PLACEMENT_3D('',#3910,#3911,#3912);
#3915=CARTESIAN_POINT('',(-6.5532E0,1.778E-1,-2.54508E0));
#3916=DIRECTION('',(0.E0,0.E0,1.E0));
#3917=DIRECTION('',(-1.E0,0.E0,0.E0));
#3918=AXIS2_PLACEMENT_3D('',#3915,#3916,#3917);
#3920=CARTESIAN_POINT('',(-6.5532E0,0.E0,-3.901057185382E0));
#3921=CARTESIAN_POINT('',(-6.571907370604E0,0.E0,-3.903807507322E0));
#3922=CARTESIAN_POINT('',(-6.609198188109E0,5.934831167213E-3,
-3.910089949249E0));
#3923=CARTESIAN_POINT('',(-6.659569010745E0,3.168968489040E-2,
-3.920662744524E0));
#3924=CARTESIAN_POINT('',(-6.699479710846E0,7.155948655885E-2,
-3.930476860324E0));
#3925=CARTESIAN_POINT('',(-6.725344920811E0,1.226131014419E-1,
-3.937533089073E0));
#3926=CARTESIAN_POINT('',(-6.731E0,1.594784854466E-1,-3.939158333979E0));
#3927=CARTESIAN_POINT('',(-6.731E0,1.778E-1,-3.939158333979E0));
#3929=CARTESIAN_POINT('',(-6.5405E0,3.81E-1,-2.54508E0));
#3930=DIRECTION('',(0.E0,1.E0,0.E0));
#3931=DIRECTION('',(-1.E0,0.E0,0.E0));
#3932=AXIS2_PLACEMENT_3D('',#3929,#3930,#3931);
#3934=CARTESIAN_POINT('',(6.731E0,1.778E-1,-3.939158333979E0));
#3935=CARTESIAN_POINT('',(6.731E0,1.594757202259E-1,-3.939158333979E0));
#3936=CARTESIAN_POINT('',(6.725343656637E0,1.226052789247E-1,
-3.937532709037E0));
#3937=CARTESIAN_POINT('',(6.699468664920E0,7.154295580619E-2,
-3.930473911048E0));
#3938=CARTESIAN_POINT('',(6.659554339745E0,3.168073281321E-2,
-3.920659499304E0));
#3939=CARTESIAN_POINT('',(6.609197342186E0,5.935810172026E-3,
-3.910089936644E0));
#3940=CARTESIAN_POINT('',(6.571907816485E0,0.E0,-3.903807572874E0));
#3941=CARTESIAN_POINT('',(6.5532E0,0.E0,-3.901057185382E0));
#3943=CARTESIAN_POINT('',(6.5405E0,1.778E-1,-2.54508E0));
#3944=DIRECTION('',(0.E0,-1.E0,0.E0));
#3945=DIRECTION('',(1.E0,0.E0,0.E0));
#3946=AXIS2_PLACEMENT_3D('',#3943,#3944,#3945);
#3948=CARTESIAN_POINT('',(6.5532E0,1.778E-1,-2.54508E0));
#3949=DIRECTION('',(4.568567746333E-14,0.E0,1.E0));
#3950=DIRECTION('',(1.148937213335E-13,-1.E0,0.E0));
#3951=AXIS2_PLACEMENT_3D('',#3948,#3949,#3950);
#3953=CARTESIAN_POINT('',(6.5278E0,1.778E-1,-2.54508E0));
#3954=DIRECTION('',(0.E0,0.E0,1.E0));
#3955=DIRECTION('',(-1.E0,0.E0,0.E0));
#3956=AXIS2_PLACEMENT_3D('',#3953,#3954,#3955);
#3958=CARTESIAN_POINT('',(6.5278E0,0.E0,-3.897560739586E0));
#3959=CARTESIAN_POINT('',(6.509185047373E0,0.E0,-3.895172139125E0));
#3960=CARTESIAN_POINT('',(6.471971443740E0,5.868951917736E-3,
-3.891182331609E0));
#3961=CARTESIAN_POINT('',(6.421469164426E0,3.166958880978E-2,
-3.887780374107E0));
#3962=CARTESIAN_POINT('',(6.381786586972E0,7.127765731523E-2,
-3.886433500119E0));
#3963=CARTESIAN_POINT('',(6.355851909372E0,1.219714045133E-1,
-3.886179848018E0));
#3964=CARTESIAN_POINT('',(6.35E0,1.591951741380E-1,-3.8862E0));
#3965=CARTESIAN_POINT('',(6.35E0,1.778E-1,-3.8862E0));
#3967=DIRECTION('',(0.E0,1.E0,-1.183047098605E-8));
#3968=VECTOR('',#3967,2.032E-1);
#3969=CARTESIAN_POINT('',(6.35E0,1.778E-1,-2.545079997596E0));
#3970=LINE('',#3969,#3968);
#3971=DIRECTION('',(0.E0,0.E0,-1.E0));
#3972=VECTOR('',#3971,1.341120002404E0);
#3973=CARTESIAN_POINT('',(6.35E0,1.778E-1,-2.545079997596E0));
#3974=LINE('',#3973,#3972);
#3975=DIRECTION('',(0.E0,-1.E0,0.E0));
#3976=VECTOR('',#3975,2.032E-1);
#3977=CARTESIAN_POINT('',(6.35E0,3.81E-1,-3.8862E0));
#3978=LINE('',#3977,#3976);
#3979=DIRECTION('',(0.E0,-1.E0,-1.183046661510E-8));
#3980=VECTOR('',#3979,2.032E-1);
#3981=CARTESIAN_POINT('',(6.35E0,3.81E-1,-1.334008E1));
#3982=LINE('',#3981,#3980);
#3983=DIRECTION('',(0.E0,-1.E0,0.E0));
#3984=VECTOR('',#3983,2.032E-1);
#3985=CARTESIAN_POINT('',(6.35E0,3.81E-1,-6.6802E0));
#3986=LINE('',#3985,#3984);
#3987=DIRECTION('',(0.E0,0.E0,-1.E0));
#3988=VECTOR('',#3987,6.659880002404E0);
#3989=CARTESIAN_POINT('',(6.35E0,1.778E-1,-6.6802E0));
#3990=LINE('',#3989,#3988);
#3991=CARTESIAN_POINT('',(6.5405E0,3.81E-1,-2.54508E0));
#3992=DIRECTION('',(0.E0,1.E0,0.E0));
#3993=DIRECTION('',(-1.E0,0.E0,0.E0));
#3994=AXIS2_PLACEMENT_3D('',#3991,#3992,#3993);
#3996=DIRECTION('',(0.E0,1.E0,-9.516958524834E-9));
#3997=VECTOR('',#3996,2.032E-1);
#3998=CARTESIAN_POINT('',(6.731E0,1.778E-1,-2.545079998066E0));
#3999=LINE('',#3998,#3997);
#4000=DIRECTION('',(0.E0,-1.E0,0.E0));
#4001=VECTOR('',#4000,2.032E-1);
#4002=CARTESIAN_POINT('',(6.731E0,3.81E-1,-3.939158333979E0));
#4003=LINE('',#4002,#4001);
#4004=DIRECTION('',(0.E0,0.E0,1.E0));
#4005=VECTOR('',#4004,1.394078335913E0);
#4006=CARTESIAN_POINT('',(6.731E0,1.778E-1,-3.939158333979E0));
#4007=LINE('',#4006,#4005);
#4008=DIRECTION('',(0.E0,-1.E0,-9.516962895790E-9));
#4009=VECTOR('',#4008,2.032E-1);
#4010=CARTESIAN_POINT('',(6.731E0,3.81E-1,-1.334008E1));
#4011=LINE('',#4010,#4009);
#4012=DIRECTION('',(0.E0,0.E0,1.E0));
#4013=VECTOR('',#4012,6.712838335913E0);
#4014=CARTESIAN_POINT('',(6.731E0,1.778E-1,-1.334008000193E1));
#4015=LINE('',#4014,#4013);
#4016=DIRECTION('',(0.E0,-1.E0,1.311287036959E-14));
#4017=VECTOR('',#4016,2.032E-1);
#4018=CARTESIAN_POINT('',(6.731E0,3.81E-1,-6.627241666021E0));
#4019=LINE('',#4018,#4017);
#4020=DIRECTION('',(0.E0,-1.E0,0.E0));
#4021=VECTOR('',#4020,2.54E0);
#4022=CARTESIAN_POINT('',(5.969E0,3.81E-1,-6.627241666021E0));
#4023=LINE('',#4022,#4021);
#4024=CARTESIAN_POINT('',(6.35E0,-2.159E0,-5.2832E0));
#4025=DIRECTION('',(0.E0,-1.E0,0.E0));
#4026=DIRECTION('',(-2.727272727273E-1,0.E0,-9.620913858417E-1));
#4027=AXIS2_PLACEMENT_3D('',#4024,#4025,#4026);
#4029=CARTESIAN_POINT('',(6.35E0,-2.159E0,-5.2832E0));
#4030=DIRECTION('',(0.E0,-1.E0,0.E0));
#4031=DIRECTION('',(1.E0,0.E0,1.390700779700E-7));
#4032=AXIS2_PLACEMENT_3D('',#4029,#4030,#4031);
#4034=CARTESIAN_POINT('',(6.5532E0,1.778E-1,-1.334008E1));
#4035=DIRECTION('',(0.E0,0.E0,-1.E0));
#4036=DIRECTION('',(1.E0,0.E0,0.E0));
#4037=AXIS2_PLACEMENT_3D('',#4034,#4035,#4036);
#4039=CARTESIAN_POINT('',(6.5532E0,0.E0,-6.665342814618E0));
#4040=CARTESIAN_POINT('',(6.571907370604E0,0.E0,-6.662592492678E0));
#4041=CARTESIAN_POINT('',(6.609198188109E0,5.934831167214E-3,
-6.656310050751E0));
#4042=CARTESIAN_POINT('',(6.659569010745E0,3.168968489040E-2,
-6.645737255476E0));
#4043=CARTESIAN_POINT('',(6.699479710846E0,7.155948655884E-2,
-6.635923139676E0));
#4044=CARTESIAN_POINT('',(6.725344920811E0,1.226131014419E-1,
-6.628866910927E0));
#4045=CARTESIAN_POINT('',(6.731E0,1.594784854466E-1,-6.627241666021E0));
#4046=CARTESIAN_POINT('',(6.731E0,1.778E-1,-6.627241666021E0));
#4048=CARTESIAN_POINT('',(6.5405E0,1.778E-1,-1.334008E1));
#4049=DIRECTION('',(0.E0,-1.E0,0.E0));
#4050=DIRECTION('',(-1.E0,0.E0,0.E0));
#4051=AXIS2_PLACEMENT_3D('',#4048,#4049,#4050);
#4053=CARTESIAN_POINT('',(6.5278E0,1.778E-1,-1.334008E1));
#4054=DIRECTION('',(5.398459457240E-14,0.E0,-1.E0));
#4055=DIRECTION('',(0.E0,-1.E0,0.E0));
#4056=AXIS2_PLACEMENT_3D('',#4053,#4054,#4055);
#4058=CARTESIAN_POINT('',(6.5405E0,3.81E-1,-1.334008E1));
#4059=DIRECTION('',(0.E0,1.E0,0.E0));
#4060=DIRECTION('',(1.E0,0.E0,0.E0));
#4061=AXIS2_PLACEMENT_3D('',#4058,#4059,#4060);
#4063=CARTESIAN_POINT('',(6.35E0,1.778E-1,-6.6802E0));
#4064=CARTESIAN_POINT('',(6.35E0,1.591951741380E-1,-6.6802E0));
#4065=CARTESIAN_POINT('',(6.355851909372E0,1.219714045133E-1,
-6.680220151982E0));
#4066=CARTESIAN_POINT('',(6.381786586972E0,7.127765731523E-2,
-6.679966499881E0));
#4067=CARTESIAN_POINT('',(6.421469164426E0,3.166958880978E-2,
-6.678619625893E0));
#4068=CARTESIAN_POINT('',(6.471971443740E0,5.868951917737E-3,
-6.675217668391E0));
#4069=CARTESIAN_POINT('',(6.509185047373E0,0.E0,-6.671227860875E0));
#4070=CARTESIAN_POINT('',(6.5278E0,0.E0,-6.668839260414E0));
#4072=CARTESIAN_POINT('',(5.969E0,-3.175E0,-5.2832E0));
#4073=CARTESIAN_POINT('',(5.969E0,-3.175E0,-5.257479091882E0));
#4074=CARTESIAN_POINT('',(5.969E0,-3.175027678204E0,-5.203160392903E0));
#4075=CARTESIAN_POINT('',(5.969E0,-3.174682528939E0,-5.112232292134E0));
#4076=CARTESIAN_POINT('',(5.969E0,-3.172180978437E0,-5.014306894710E0));
#4077=CARTESIAN_POINT('',(5.969E0,-3.164739747818E0,-4.909918434034E0));
#4078=CARTESIAN_POINT('',(5.969E0,-3.149333484397E0,-4.800179750364E0));
#4079=CARTESIAN_POINT('',(5.969E0,-3.122765045777E0,-4.685102698739E0));
#4080=CARTESIAN_POINT('',(5.969E0,-3.081543316936E0,-4.565286747353E0));
#4081=CARTESIAN_POINT('',(5.969E0,-3.021797727333E0,-4.441935600515E0));
#4082=CARTESIAN_POINT('',(5.969E0,-2.939006407016E0,-4.317839557185E0));
#4083=CARTESIAN_POINT('',(5.969E0,-2.832681792536E0,-4.200970454224E0));
#4084=CARTESIAN_POINT('',(5.969E0,-2.698481053069E0,-4.095008912513E0));
#4085=CARTESIAN_POINT('',(5.969E0,-2.538755688810E0,-4.009158820322E0));
#4086=CARTESIAN_POINT('',(5.969E0,-2.349753453427E0,-3.951362184122E0));
#4087=CARTESIAN_POINT('',(5.969E0,-2.223677184148E0,-3.939158333979E0));
#4088=CARTESIAN_POINT('',(5.969E0,-2.159E0,-3.939158333979E0));
#4090=CARTESIAN_POINT('',(5.969E0,-2.159E0,-6.627241666021E0));
#4091=CARTESIAN_POINT('',(5.969E0,-2.224083157650E0,-6.627241666021E0));
#4092=CARTESIAN_POINT('',(5.969E0,-2.350931795094E0,-6.614882681442E0));
#4093=CARTESIAN_POINT('',(5.969E0,-2.540991990837E0,-6.556393742139E0));
#4094=CARTESIAN_POINT('',(5.969E0,-2.701620333981E0,-6.469419846308E0));
#4095=CARTESIAN_POINT('',(5.969E0,-2.836112793649E0,-6.362249766823E0));
#4096=CARTESIAN_POINT('',(5.969E0,-2.941726559951E0,-6.244999880975E0));
#4097=CARTESIAN_POINT('',(5.969E0,-3.023354696199E0,-6.121603481486E0));
#4098=CARTESIAN_POINT('',(5.969E0,-3.082272103691E0,-5.999241917426E0));
#4099=CARTESIAN_POINT('',(5.969E0,-3.123130173242E0,-5.879965658418E0));
#4100=CARTESIAN_POINT('',(5.969E0,-3.149531923091E0,-5.765125103816E0));
#4101=CARTESIAN_POINT('',(5.969E0,-3.164866210675E0,-5.655292495071E0));
#4102=CARTESIAN_POINT('',(5.969E0,-3.172239969244E0,-5.550767832411E0));
#4103=CARTESIAN_POINT('',(5.969E0,-3.174691655125E0,-5.453044102099E0));
#4104=CARTESIAN_POINT('',(5.969E0,-3.175026689353E0,-5.362720923465E0));
#4105=CARTESIAN_POINT('',(5.969E0,-3.175E0,-5.308740314073E0));
#4106=CARTESIAN_POINT('',(5.969E0,-3.175E0,-5.2832E0));
#4108=DIRECTION('',(0.E0,-1.E0,0.E0));
#4109=VECTOR('',#4108,2.54E0);
#4110=CARTESIAN_POINT('',(5.969E0,3.81E-1,-3.939158333979E0));
#4111=LINE('',#4110,#4109);
#4112=CARTESIAN_POINT('',(6.731E0,-2.159E0,-5.283199976155E0));
#4113=DIRECTION('',(-6.258543262805E-8,0.E0,1.E0));
#4114=DIRECTION('',(-2.371946220364E-6,-9.999999999972E-1,-1.486125308553E-13));
#4115=AXIS2_PLACEMENT_3D('',#4112,#4113,#4114);
#4117=CARTESIAN_POINT('',(-6.35E0,-3.175E0,-5.2832E0));
#4118=DIRECTION('',(0.E0,-1.E0,0.E0));
#4119=DIRECTION('',(-1.E0,0.E0,-6.258543639592E-8));
#4120=AXIS2_PLACEMENT_3D('',#4117,#4118,#4119);
#4122=CARTESIAN_POINT('',(-6.35E0,-3.175E0,-5.2832E0));
#4123=DIRECTION('',(0.E0,-1.E0,0.E0));
#4124=DIRECTION('',(1.E0,0.E0,0.E0));
#4125=AXIS2_PLACEMENT_3D('',#4122,#4123,#4124);
#4127=CARTESIAN_POINT('',(6.35E0,-3.175E0,-5.2832E0));
#4128=DIRECTION('',(0.E0,-1.E0,0.E0));
#4129=DIRECTION('',(1.E0,0.E0,6.258543406475E-8));
#4130=AXIS2_PLACEMENT_3D('',#4127,#4128,#4129);
#4132=CARTESIAN_POINT('',(6.35E0,-3.175E0,-5.2832E0));
#4133=DIRECTION('',(0.E0,-1.E0,0.E0));
#4134=DIRECTION('',(-1.E0,0.E0,0.E0));
#4135=AXIS2_PLACEMENT_3D('',#4132,#4133,#4134);
#4137=CARTESIAN_POINT('',(-6.731E0,-2.159E0,-5.283200023845E0));
#4138=DIRECTION('',(6.258543484849E-8,0.E0,-1.E0));
#4139=DIRECTION('',(2.371946222986E-6,-9.999999999972E-1,1.486125308553E-13));
#4140=AXIS2_PLACEMENT_3D('',#4137,#4138,#4139);
#4142=DIRECTION('',(0.E0,-1.E0,0.E0));
#4143=VECTOR('',#4142,2.54E0);
#4144=CARTESIAN_POINT('',(-5.969E0,3.81E-1,-6.627241666021E0));
#4145=LINE('',#4144,#4143);
#4146=CARTESIAN_POINT('',(-5.969E0,-3.175E0,-5.2832E0));
#4147=CARTESIAN_POINT('',(-5.969E0,-3.175E0,-5.308920908118E0));
#4148=CARTESIAN_POINT('',(-5.969E0,-3.175027678204E0,-5.363239607097E0));
#4149=CARTESIAN_POINT('',(-5.969E0,-3.174682528939E0,-5.454167707866E0));
#4150=CARTESIAN_POINT('',(-5.969E0,-3.172180978437E0,-5.552093105290E0));
#4151=CARTESIAN_POINT('',(-5.969E0,-3.164739747818E0,-5.656481565966E0));
#4152=CARTESIAN_POINT('',(-5.969E0,-3.149333484397E0,-5.766220249636E0));
#4153=CARTESIAN_POINT('',(-5.969E0,-3.122765045777E0,-5.881297301261E0));
#4154=CARTESIAN_POINT('',(-5.969E0,-3.081543316936E0,-6.001113252647E0));
#4155=CARTESIAN_POINT('',(-5.969E0,-3.021797727333E0,-6.124464399485E0));
#4156=CARTESIAN_POINT('',(-5.969E0,-2.939006407016E0,-6.248560442815E0));
#4157=CARTESIAN_POINT('',(-5.969E0,-2.832681792536E0,-6.365429545776E0));
#4158=CARTESIAN_POINT('',(-5.969E0,-2.698481053069E0,-6.471391087487E0));
#4159=CARTESIAN_POINT('',(-5.969E0,-2.538755688810E0,-6.557241179678E0));
#4160=CARTESIAN_POINT('',(-5.969E0,-2.349753453427E0,-6.615037815878E0));
#4161=CARTESIAN_POINT('',(-5.969E0,-2.223677184148E0,-6.627241666021E0));
#4162=CARTESIAN_POINT('',(-5.969E0,-2.159E0,-6.627241666021E0));
#4164=CARTESIAN_POINT('',(-5.969E0,-2.159E0,-3.939158333979E0));
#4165=CARTESIAN_POINT('',(-5.969E0,-2.224083157650E0,-3.939158333979E0));
#4166=CARTESIAN_POINT('',(-5.969E0,-2.350931795094E0,-3.951517318558E0));
#4167=CARTESIAN_POINT('',(-5.969E0,-2.540991990837E0,-4.010006257861E0));
#4168=CARTESIAN_POINT('',(-5.969E0,-2.701620333981E0,-4.096980153692E0));
#4169=CARTESIAN_POINT('',(-5.969E0,-2.836112793649E0,-4.204150233177E0));
#4170=CARTESIAN_POINT('',(-5.969E0,-2.941726559951E0,-4.321400119025E0));
#4171=CARTESIAN_POINT('',(-5.969E0,-3.023354696199E0,-4.444796518514E0));
#4172=CARTESIAN_POINT('',(-5.969E0,-3.082272103691E0,-4.567158082574E0));
#4173=CARTESIAN_POINT('',(-5.969E0,-3.123130173242E0,-4.686434341582E0));
#4174=CARTESIAN_POINT('',(-5.969E0,-3.149531923091E0,-4.801274896184E0));
#4175=CARTESIAN_POINT('',(-5.969E0,-3.164866210675E0,-4.911107504929E0));
#4176=CARTESIAN_POINT('',(-5.969E0,-3.172239969244E0,-5.015632167589E0));
#4177=CARTESIAN_POINT('',(-5.969E0,-3.174691655125E0,-5.113355897901E0));
#4178=CARTESIAN_POINT('',(-5.969E0,-3.175026689353E0,-5.203679076535E0));
#4179=CARTESIAN_POINT('',(-5.969E0,-3.175E0,-5.257659685927E0));
#4180=CARTESIAN_POINT('',(-5.969E0,-3.175E0,-5.2832E0));
#4182=CARTESIAN_POINT('',(-6.35E0,7.7978E0,-1.010158E1));
#4183=CARTESIAN_POINT('',(-6.35E0,5.0038E0,-1.010158E1));
#4184=VERTEX_POINT('',#4182);
#4185=VERTEX_POINT('',#4183);
#4186=CARTESIAN_POINT('',(-5.9563E0,5.0038E0,-1.010158E1));
#4187=VERTEX_POINT('',#4186);
#4188=CARTESIAN_POINT('',(-5.9563E0,2.286E0,-1.010158E1));
#4189=VERTEX_POINT('',#4188);
#4190=CARTESIAN_POINT('',(5.9563E0,2.286E0,-1.010158E1));
#4191=VERTEX_POINT('',#4190);
#4192=CARTESIAN_POINT('',(5.9563E0,5.0038E0,-1.010158E1));
#4193=VERTEX_POINT('',#4192);
#4194=CARTESIAN_POINT('',(6.35E0,5.0038E0,-1.010158E1));
#4195=VERTEX_POINT('',#4194);
#4196=CARTESIAN_POINT('',(6.35E0,7.7978E0,-1.010158E1));
#4197=VERTEX_POINT('',#4196);
#4198=CARTESIAN_POINT('',(-6.35E0,7.7978E0,-1.9558E-1));
#4199=VERTEX_POINT('',#4198);
#4200=CARTESIAN_POINT('',(-6.35E0,5.0038E0,-1.9558E-1));
#4201=VERTEX_POINT('',#4200);
#4202=CARTESIAN_POINT('',(6.35E0,5.0038E0,-1.9558E-1));
#4203=VERTEX_POINT('',#4202);
#4204=CARTESIAN_POINT('',(6.35E0,7.7978E0,-1.9558E-1));
#4205=VERTEX_POINT('',#4204);
#4206=CARTESIAN_POINT('',(-3.1496E0,1.21158E1,-1.238758E1));
#4207=CARTESIAN_POINT('',(-3.1496E0,9.7282E0,-1.238758E1));
#4208=VERTEX_POINT('',#4206);
#4209=VERTEX_POINT('',#4207);
#4210=CARTESIAN_POINT('',(-5.9563E0,7.366E0,-1.238758E1));
#4211=CARTESIAN_POINT('',(5.9563E0,7.366E0,-1.238758E1));
#4212=VERTEX_POINT('',#4210);
#4213=VERTEX_POINT('',#4211);
#4214=CARTESIAN_POINT('',(3.1496E0,9.7282E0,-1.238758E1));
#4215=CARTESIAN_POINT('',(3.1496E0,1.21158E1,-1.238758E1));
#4216=VERTEX_POINT('',#4214);
#4217=VERTEX_POINT('',#4215);
#4218=CARTESIAN_POINT('',(-5.9563E0,7.7978E0,-1.010158E1));
#4219=VERTEX_POINT('',#4218);
#4220=CARTESIAN_POINT('',(5.9563E0,7.7978E0,-1.010158E1));
#4221=VERTEX_POINT('',#4220);
#4222=CARTESIAN_POINT('',(-5.9563E0,6.858E0,-1.010158E1));
#4223=CARTESIAN_POINT('',(5.9563E0,6.858E0,-1.010158E1));
#4224=VERTEX_POINT('',#4222);
#4225=VERTEX_POINT('',#4223);
#4226=CARTESIAN_POINT('',(-5.9563E0,7.366E0,-1.060958E1));
#4227=CARTESIAN_POINT('',(5.9563E0,7.366E0,-1.060958E1));
#4228=VERTEX_POINT('',#4226);
#4229=VERTEX_POINT('',#4227);
#4230=CARTESIAN_POINT('',(-4.318E0,9.7282E0,-6.95198E0));
#4231=CARTESIAN_POINT('',(-5.9563E0,9.7282E0,-6.95198E0));
#4232=VERTEX_POINT('',#4230);
#4233=VERTEX_POINT('',#4231);
#4234=CARTESIAN_POINT('',(-4.318E0,9.7282E0,-1.238758E1));
#4235=VERTEX_POINT('',#4234);
#4236=CARTESIAN_POINT('',(-5.9563E0,8.763E0,-6.95198E0));
#4237=VERTEX_POINT('',#4236);
#4238=CARTESIAN_POINT('',(-5.9563E0,8.763E0,-1.238758E1));
#4239=VERTEX_POINT('',#4238);
#4240=CARTESIAN_POINT('',(5.9563E0,9.7282E0,-6.95198E0));
#4241=CARTESIAN_POINT('',(5.9563E0,8.763E0,-6.95198E0));
#4242=VERTEX_POINT('',#4240);
#4243=VERTEX_POINT('',#4241);
#4244=CARTESIAN_POINT('',(5.9563E0,8.763E0,-1.238758E1));
#4245=VERTEX_POINT('',#4244);
#4246=CARTESIAN_POINT('',(4.318E0,9.7282E0,-6.95198E0));
#4247=VERTEX_POINT('',#4246);
#4248=CARTESIAN_POINT('',(4.318E0,9.7282E0,-1.238758E1));
#4249=VERTEX_POINT('',#4248);
#4250=CARTESIAN_POINT('',(4.318E0,8.763E0,-1.238758E1));
#4251=VERTEX_POINT('',#4250);
#4252=CARTESIAN_POINT('',(-4.318E0,8.763E0,-1.238758E1));
#4253=VERTEX_POINT('',#4252);
#4254=CARTESIAN_POINT('',(4.318E0,8.763E0,-6.95198E0));
#4255=VERTEX_POINT('',#4254);
#4256=CARTESIAN_POINT('',(-4.318E0,8.763E0,-6.95198E0));
#4257=VERTEX_POINT('',#4256);
#4258=CARTESIAN_POINT('',(-2.032E0,1.21158E1,-1.238758E1));
#4259=VERTEX_POINT('',#4258);
#4260=CARTESIAN_POINT('',(-3.1496E0,1.21158E1,-1.65608E0));
#4261=VERTEX_POINT('',#4260);
#4262=CARTESIAN_POINT('',(-2.032E0,1.14046E1,-1.65608E0));
#4263=CARTESIAN_POINT('',(-2.032E0,1.21158E1,-1.65608E0));
#4264=VERTEX_POINT('',#4262);
#4265=VERTEX_POINT('',#4263);
#4266=CARTESIAN_POINT('',(-3.1496E0,1.14046E1,-1.65608E0));
#4267=VERTEX_POINT('',#4266);
#4268=CARTESIAN_POINT('',(3.1496E0,1.14046E1,-1.65608E0));
#4269=CARTESIAN_POINT('',(2.032E0,1.14046E1,-1.65608E0));
#4270=VERTEX_POINT('',#4268);
#4271=VERTEX_POINT('',#4269);
#4272=CARTESIAN_POINT('',(2.032E0,1.21158E1,-1.65608E0));
#4273=VERTEX_POINT('',#4272);
#4274=CARTESIAN_POINT('',(3.1496E0,1.21158E1,-1.65608E0));
#4275=VERTEX_POINT('',#4274);
#4276=CARTESIAN_POINT('',(2.032E0,1.21158E1,-1.238758E1));
#4277=VERTEX_POINT('',#4276);
#4278=CARTESIAN_POINT('',(2.032E0,1.25476E1,-1.238758E1));
#4279=VERTEX_POINT('',#4278);
#4280=CARTESIAN_POINT('',(-2.032E0,1.25476E1,-1.238758E1));
#4281=VERTEX_POINT('',#4280);
#4282=CARTESIAN_POINT('',(-4.445E0,2.286E0,-1.9558E-1));
#4283=CARTESIAN_POINT('',(4.445E0,2.286E0,-1.9558E-1));
#4284=VERTEX_POINT('',#4282);
#4285=VERTEX_POINT('',#4283);
#4286=CARTESIAN_POINT('',(6.223E0,2.35458E0,0.E0));
#4287=CARTESIAN_POINT('',(-6.223E0,2.35458E0,0.E0));
#4288=VERTEX_POINT('',#4286);
#4289=VERTEX_POINT('',#4287);
#4290=CARTESIAN_POINT('',(6.223E0,2.35458E0,-1.9558E-1));
#4291=CARTESIAN_POINT('',(4.445E0,2.35458E0,-1.9558E-1));
#4292=VERTEX_POINT('',#4290);
#4293=VERTEX_POINT('',#4291);
#4294=CARTESIAN_POINT('',(-4.445E0,2.35458E0,-1.9558E-1));
#4295=CARTESIAN_POINT('',(-6.223E0,2.35458E0,-1.9558E-1));
#4296=VERTEX_POINT('',#4294);
#4297=VERTEX_POINT('',#4295);
#4298=CARTESIAN_POINT('',(-7.93242E0,-4.14782E0,-8.0772E0));
#4299=CARTESIAN_POINT('',(-8.128E0,-4.14782E0,-8.0772E0));
#4300=VERTEX_POINT('',#4298);
#4301=VERTEX_POINT('',#4299);
#4302=CARTESIAN_POINT('',(-8.128E0,-4.14782E0,-9.3472E0));
#4303=VERTEX_POINT('',#4302);
#4304=CARTESIAN_POINT('',(-7.93242E0,-4.14782E0,-9.3472E0));
#4305=VERTEX_POINT('',#4304);
#4306=CARTESIAN_POINT('',(7.93242E0,-4.14782E0,-8.0772E0));
#4307=CARTESIAN_POINT('',(7.93242E0,-4.14782E0,-9.3472E0));
#4308=VERTEX_POINT('',#4306);
#4309=VERTEX_POINT('',#4307);
#4310=CARTESIAN_POINT('',(8.128E0,-4.14782E0,-9.3472E0));
#4311=VERTEX_POINT('',#4310);
#4312=CARTESIAN_POINT('',(8.128E0,-4.14782E0,-8.0772E0));
#4313=VERTEX_POINT('',#4312);
#4314=CARTESIAN_POINT('',(7.4295E0,1.022858E1,-1.9558E-1));
#4315=CARTESIAN_POINT('',(7.4295E0,1.226058E1,-1.9558E-1));
#4316=VERTEX_POINT('',#4314);
#4317=VERTEX_POINT('',#4315);
#4318=CARTESIAN_POINT('',(2.413E0,1.226058E1,-1.9558E-1));
#4319=VERTEX_POINT('',#4318);
#4320=CARTESIAN_POINT('',(-2.413E0,1.226058E1,-1.9558E-1));
#4321=CARTESIAN_POINT('',(-7.4295E0,1.226058E1,-1.9558E-1));
#4322=VERTEX_POINT('',#4320);
#4323=VERTEX_POINT('',#4321);
#4324=CARTESIAN_POINT('',(-7.4295E0,1.022858E1,-1.9558E-1));
#4325=VERTEX_POINT('',#4324);
#4326=CARTESIAN_POINT('',(-7.4295E0,1.022858E1,0.E0));
#4327=CARTESIAN_POINT('',(-6.223E0,1.022858E1,0.E0));
#4328=VERTEX_POINT('',#4326);
#4329=VERTEX_POINT('',#4327);
#4330=CARTESIAN_POINT('',(6.223E0,1.022858E1,0.E0));
#4331=CARTESIAN_POINT('',(7.4295E0,1.022858E1,0.E0));
#4332=VERTEX_POINT('',#4330);
#4333=VERTEX_POINT('',#4331);
#4334=CARTESIAN_POINT('',(7.4295E0,1.226058E1,0.E0));
#4335=VERTEX_POINT('',#4334);
#4336=CARTESIAN_POINT('',(2.413E0,1.226058E1,0.E0));
#4337=VERTEX_POINT('',#4336);
#4338=CARTESIAN_POINT('',(2.413E0,1.2954E1,0.E0));
#4339=VERTEX_POINT('',#4338);
#4340=CARTESIAN_POINT('',(-2.413E0,1.2954E1,0.E0));
#4341=CARTESIAN_POINT('',(-2.413E0,1.226058E1,0.E0));
#4342=VERTEX_POINT('',#4340);
#4343=VERTEX_POINT('',#4341);
#4344=CARTESIAN_POINT('',(-7.4295E0,1.226058E1,0.E0));
#4345=VERTEX_POINT('',#4344);
#4346=CARTESIAN_POINT('',(-6.223E0,1.022858E1,-1.9558E-1));
#4347=VERTEX_POINT('',#4346);
#4348=CARTESIAN_POINT('',(6.223E0,1.022858E1,-1.9558E-1));
#4349=VERTEX_POINT('',#4348);
#4350=CARTESIAN_POINT('',(2.413E0,1.332495306496E1,-1.9558E-1));
#4351=VERTEX_POINT('',#4350);
#4352=CARTESIAN_POINT('',(-2.413E0,1.332495306496E1,-1.9558E-1));
#4353=VERTEX_POINT('',#4352);
#4354=CARTESIAN_POINT('',(2.3241E0,-2.54E0,-9.4234E0));
#4355=CARTESIAN_POINT('',(2.7559E0,-2.54E0,-9.4234E0));
#4356=VERTEX_POINT('',#4354);
#4357=VERTEX_POINT('',#4355);
#4358=CARTESIAN_POINT('',(2.7559E0,-2.54E0,-9.779E0));
#4359=VERTEX_POINT('',#4358);
#4360=CARTESIAN_POINT('',(2.3241E0,-2.54E0,-9.779E0));
#4361=VERTEX_POINT('',#4360);
#4362=CARTESIAN_POINT('',(2.3241E0,3.048E-1,-9.4234E0));
#4363=CARTESIAN_POINT('',(2.7559E0,3.048E-1,-9.4234E0));
#4364=VERTEX_POINT('',#4362);
#4365=VERTEX_POINT('',#4363);
#4366=CARTESIAN_POINT('',(2.7559E0,3.048E-1,-9.779E0));
#4367=CARTESIAN_POINT('',(2.3241E0,3.048E-1,-9.779E0));
#4368=VERTEX_POINT('',#4366);
#4369=VERTEX_POINT('',#4367);
#4370=CARTESIAN_POINT('',(2.7559E0,3.81E-1,-9.419820241961E0));
#4371=CARTESIAN_POINT('',(2.7559E0,3.81E-1,-9.776512569621E0));
#4372=VERTEX_POINT('',#4370);
#4373=VERTEX_POINT('',#4371);
#4374=CARTESIAN_POINT('',(2.3241E0,3.81E-1,-9.776512569621E0));
#4375=CARTESIAN_POINT('',(2.3241E0,3.81E-1,-9.419820241961E0));
#4376=VERTEX_POINT('',#4374);
#4377=VERTEX_POINT('',#4375);
#4378=CARTESIAN_POINT('',(2.7559E0,5.746906342177E0,-1.010158E1));
#4379=CARTESIAN_POINT('',(2.7559E0,6.149648252202E0,-1.010158E1));
#4380=VERTEX_POINT('',#4378);
#4381=VERTEX_POINT('',#4379);
#4382=CARTESIAN_POINT('',(2.3241E0,5.746906342177E0,-1.010158E1));
#4383=CARTESIAN_POINT('',(2.3241E0,6.149648252202E0,-1.010158E1));
#4384=VERTEX_POINT('',#4382);
#4385=VERTEX_POINT('',#4383);
#4386=CARTESIAN_POINT('',(2.7559E0,2.286E0,-3.39598E0));
#4387=CARTESIAN_POINT('',(2.7559E0,2.286E0,-3.166751695809E0));
#4388=VERTEX_POINT('',#4386);
#4389=VERTEX_POINT('',#4387);
#4390=CARTESIAN_POINT('',(2.3241E0,2.286E0,-3.39598E0));
#4391=CARTESIAN_POINT('',(2.3241E0,2.286E0,-3.166751695809E0));
#4392=VERTEX_POINT('',#4390);
#4393=VERTEX_POINT('',#4391);
#4394=CARTESIAN_POINT('',(2.3241E0,2.569919097691E0,-3.39598E0));
#4395=VERTEX_POINT('',#4394);
#4396=CARTESIAN_POINT('',(2.7559E0,2.569919097691E0,-3.39598E0));
#4397=VERTEX_POINT('',#4396);
#4398=CARTESIAN_POINT('',(2.3241E0,2.8956E0,-3.981605332569E0));
#4399=VERTEX_POINT('',#4398);
#4400=CARTESIAN_POINT('',(2.7559E0,2.8956E0,-3.981605332569E0));
#4401=VERTEX_POINT('',#4400);
#4402=CARTESIAN_POINT('',(2.7559E0,2.8956E0,-4.739052701457E0));
#4403=VERTEX_POINT('',#4402);
#4404=CARTESIAN_POINT('',(2.3241E0,2.8956E0,-4.739052701457E0));
#4405=VERTEX_POINT('',#4404);
#4406=CARTESIAN_POINT('',(-5.9563E0,2.286E0,-7.00278E0));
#4407=CARTESIAN_POINT('',(-5.9563E0,2.8956E0,-7.00278E0));
#4408=VERTEX_POINT('',#4406);
#4409=VERTEX_POINT('',#4407);
#4410=CARTESIAN_POINT('',(5.9563E0,2.286E0,-7.00278E0));
#4411=VERTEX_POINT('',#4410);
#4412=CARTESIAN_POINT('',(5.9563E0,2.8956E0,-7.00278E0));
#4413=VERTEX_POINT('',#4412);
#4414=CARTESIAN_POINT('',(4.445E0,2.8956E0,-3.39598E0));
#4415=CARTESIAN_POINT('',(4.445E0,2.286E0,-3.39598E0));
#4416=VERTEX_POINT('',#4414);
#4417=VERTEX_POINT('',#4415);
#4418=CARTESIAN_POINT('',(-4.445E0,2.286E0,-3.39598E0));
#4419=CARTESIAN_POINT('',(-4.445E0,2.8956E0,-3.39598E0));
#4420=VERTEX_POINT('',#4418);
#4421=VERTEX_POINT('',#4419);
#4422=CARTESIAN_POINT('',(3.3401E0,-2.54E0,-7.6454E0));
#4423=CARTESIAN_POINT('',(3.7719E0,-2.54E0,-7.6454E0));
#4424=VERTEX_POINT('',#4422);
#4425=VERTEX_POINT('',#4423);
#4426=CARTESIAN_POINT('',(3.7719E0,-2.54E0,-8.001E0));
#4427=VERTEX_POINT('',#4426);
#4428=CARTESIAN_POINT('',(3.3401E0,-2.54E0,-8.001E0));
#4429=VERTEX_POINT('',#4428);
#4430=CARTESIAN_POINT('',(3.3401E0,3.048E-1,-7.6454E0));
#4431=CARTESIAN_POINT('',(3.7719E0,3.048E-1,-7.6454E0));
#4432=VERTEX_POINT('',#4430);
#4433=VERTEX_POINT('',#4431);
#4434=CARTESIAN_POINT('',(3.7719E0,3.048E-1,-8.001E0));
#4435=CARTESIAN_POINT('',(3.3401E0,3.048E-1,-8.001E0));
#4436=VERTEX_POINT('',#4434);
#4437=VERTEX_POINT('',#4435);
#4438=CARTESIAN_POINT('',(3.7719E0,3.81E-1,-7.641820241961E0));
#4439=CARTESIAN_POINT('',(3.7719E0,3.81E-1,-7.998512569621E0));
#4440=VERTEX_POINT('',#4438);
#4441=VERTEX_POINT('',#4439);
#4442=CARTESIAN_POINT('',(3.3401E0,3.81E-1,-7.998512569621E0));
#4443=CARTESIAN_POINT('',(3.3401E0,3.81E-1,-7.641820241961E0));
#4444=VERTEX_POINT('',#4442);
#4445=VERTEX_POINT('',#4443);
#4446=CARTESIAN_POINT('',(3.7719E0,5.746906342177E0,-1.010158E1));
#4447=CARTESIAN_POINT('',(3.7719E0,6.149648252202E0,-1.010158E1));
#4448=VERTEX_POINT('',#4446);
#4449=VERTEX_POINT('',#4447);
#4450=CARTESIAN_POINT('',(3.3401E0,5.746906342177E0,-1.010158E1));
#4451=CARTESIAN_POINT('',(3.3401E0,6.149648252202E0,-1.010158E1));
#4452=VERTEX_POINT('',#4450);
#4453=VERTEX_POINT('',#4451);
#4454=CARTESIAN_POINT('',(3.7719E0,2.8956E0,-4.739052701457E0));
#4455=CARTESIAN_POINT('',(3.7719E0,2.8956E0,-3.981605332569E0));
#4456=VERTEX_POINT('',#4454);
#4457=VERTEX_POINT('',#4455);
#4458=CARTESIAN_POINT('',(3.3401E0,2.8956E0,-4.739052701457E0));
#4459=CARTESIAN_POINT('',(3.3401E0,2.8956E0,-3.981605332569E0));
#4460=VERTEX_POINT('',#4458);
#4461=VERTEX_POINT('',#4459);
#4462=CARTESIAN_POINT('',(-5.932106368707E0,5.14858E0,-2.036859134485E-1));
#4463=CARTESIAN_POINT('',(-5.237121437469E0,5.14858E0,-2.113141318885E0));
#4464=VERTEX_POINT('',#4462);
#4465=VERTEX_POINT('',#4463);
#4466=CARTESIAN_POINT('',(-5.126247443073E0,5.14858E0,-2.967290292537E0));
#4467=VERTEX_POINT('',#4466);
#4468=CARTESIAN_POINT('',(-5.321020038805E0,5.14858E0,-2.949537198383E0));
#4469=CARTESIAN_POINT('',(-5.420906520243E0,5.14858E0,-2.180033618517E0));
#4470=VERTEX_POINT('',#4468);
#4471=VERTEX_POINT('',#4469);
#4472=CARTESIAN_POINT('',(-6.115891451480E0,5.14858E0,-2.705782130801E-1));
#4473=VERTEX_POINT('',#4472);
#4474=CARTESIAN_POINT('',(-5.932106368707E0,7.43458E0,-2.036859134485E-1));
#4475=CARTESIAN_POINT('',(-5.237121437469E0,7.43458E0,-2.113141318885E0));
#4476=VERTEX_POINT('',#4474);
#4477=VERTEX_POINT('',#4475);
#4478=CARTESIAN_POINT('',(-5.126247443073E0,7.43458E0,-2.967290292537E0));
#4479=VERTEX_POINT('',#4478);
#4480=CARTESIAN_POINT('',(-5.321020038805E0,7.43458E0,-2.949537198383E0));
#4481=CARTESIAN_POINT('',(-5.420906520243E0,7.43458E0,-2.180033618517E0));
#4482=VERTEX_POINT('',#4480);
#4483=VERTEX_POINT('',#4481);
#4484=CARTESIAN_POINT('',(-6.115891451480E0,7.43458E0,-2.705782130801E-1));
#4485=VERTEX_POINT('',#4484);
#4486=CARTESIAN_POINT('',(6.115891451480E0,5.14858E0,-2.705782130801E-1));
#4487=CARTESIAN_POINT('',(5.420906520243E0,5.14858E0,-2.180033618517E0));
#4488=VERTEX_POINT('',#4486);
#4489=VERTEX_POINT('',#4487);
#4490=CARTESIAN_POINT('',(5.321020038805E0,5.14858E0,-2.949537198383E0));
#4491=VERTEX_POINT('',#4490);
#4492=CARTESIAN_POINT('',(5.126247443073E0,5.14858E0,-2.967290292537E0));
#4493=CARTESIAN_POINT('',(5.237121437469E0,5.14858E0,-2.113141318885E0));
#4494=VERTEX_POINT('',#4492);
#4495=VERTEX_POINT('',#4493);
#4496=CARTESIAN_POINT('',(5.932106368707E0,5.14858E0,-2.036859134485E-1));
#4497=VERTEX_POINT('',#4496);
#4498=CARTESIAN_POINT('',(6.115891451480E0,7.43458E0,-2.705782130801E-1));
#4499=CARTESIAN_POINT('',(5.420906520243E0,7.43458E0,-2.180033618517E0));
#4500=VERTEX_POINT('',#4498);
#4501=VERTEX_POINT('',#4499);
#4502=CARTESIAN_POINT('',(5.321020038805E0,7.43458E0,-2.949537198383E0));
#4503=VERTEX_POINT('',#4502);
#4504=CARTESIAN_POINT('',(5.126247443073E0,7.43458E0,-2.967290292537E0));
#4505=CARTESIAN_POINT('',(5.237121437469E0,7.43458E0,-2.113141318885E0));
#4506=VERTEX_POINT('',#4504);
#4507=VERTEX_POINT('',#4505);
#4508=CARTESIAN_POINT('',(5.932106368707E0,7.43458E0,-2.036859134485E-1));
#4509=VERTEX_POINT('',#4508);
#4510=CARTESIAN_POINT('',(3.7719E0,2.286E0,-3.39598E0));
#4511=CARTESIAN_POINT('',(3.7719E0,2.286E0,-3.166751695809E0));
#4512=VERTEX_POINT('',#4510);
#4513=VERTEX_POINT('',#4511);
#4514=CARTESIAN_POINT('',(3.3401E0,2.286E0,-3.39598E0));
#4515=CARTESIAN_POINT('',(3.3401E0,2.286E0,-3.166751695809E0));
#4516=VERTEX_POINT('',#4514);
#4517=VERTEX_POINT('',#4515);
#4518=CARTESIAN_POINT('',(3.7719E0,2.569919097691E0,-3.39598E0));
#4519=VERTEX_POINT('',#4518);
#4520=CARTESIAN_POINT('',(3.3401E0,2.569919097691E0,-3.39598E0));
#4521=VERTEX_POINT('',#4520);
#4522=CARTESIAN_POINT('',(8.128E0,1.340358E1,-4.4958E-1));
#4523=CARTESIAN_POINT('',(-8.128E0,1.340358E1,-4.4958E-1));
#4524=VERTEX_POINT('',#4522);
#4525=VERTEX_POINT('',#4523);
#4526=CARTESIAN_POINT('',(-8.128E0,1.340358E1,-1.529842E1));
#4527=CARTESIAN_POINT('',(8.128E0,1.340358E1,-1.529842E1));
#4528=VERTEX_POINT('',#4526);
#4529=VERTEX_POINT('',#4527);
#4530=CARTESIAN_POINT('',(-7.67842E0,1.2954E1,-1.5748E1));
#4531=CARTESIAN_POINT('',(7.67842E0,1.2954E1,-1.5748E1));
#4532=VERTEX_POINT('',#4530);
#4533=VERTEX_POINT('',#4531);
#4534=CARTESIAN_POINT('',(6.096E0,5.0038E-1,-3.517195010983E-4));
#4535=CARTESIAN_POINT('',(6.096E0,6.858E-2,-4.4958E-1));
#4536=VERTEX_POINT('',#4534);
#4537=VERTEX_POINT('',#4535);
#4538=CARTESIAN_POINT('',(-6.096E0,6.858E-2,-4.4958E-1));
#4539=VERTEX_POINT('',#4538);
#4540=CARTESIAN_POINT('',(-6.096E0,5.0038E-1,-3.517195010983E-4));
#4541=VERTEX_POINT('',#4540);
#4542=VERTEX_POINT('',#1835);
#4543=CARTESIAN_POINT('',(4.3307E0,2.40538E0,-1.543558E1));
#4544=CARTESIAN_POINT('',(4.3307E0,2.40538E0,-1.5748E1));
#4545=VERTEX_POINT('',#4543);
#4546=VERTEX_POINT('',#4544);
#4547=CARTESIAN_POINT('',(5.6007E0,1.13538E0,-1.543558E1));
#4548=CARTESIAN_POINT('',(5.6007E0,1.13538E0,-1.5748E1));
#4549=VERTEX_POINT('',#4547);
#4550=VERTEX_POINT('',#4548);
#4551=CARTESIAN_POINT('',(-5.6007E0,1.13538E0,-1.543558E1));
#4552=CARTESIAN_POINT('',(-5.6007E0,1.13538E0,-1.5748E1));
#4553=VERTEX_POINT('',#4551);
#4554=VERTEX_POINT('',#4552);
#4555=CARTESIAN_POINT('',(-4.3307E0,2.40538E0,-1.543558E1));
#4556=CARTESIAN_POINT('',(-4.3307E0,2.40538E0,-1.5748E1));
#4557=VERTEX_POINT('',#4555);
#4558=VERTEX_POINT('',#4556);
#4559=CARTESIAN_POINT('',(5.6007E0,5.0038E-1,-1.5748E1));
#4560=VERTEX_POINT('',#4559);
#4561=CARTESIAN_POINT('',(-5.6007E0,5.0038E-1,-1.5748E1));
#4562=VERTEX_POINT('',#4561);
#4563=CARTESIAN_POINT('',(-6.223E0,4.64058E0,-1.9558E-1));
#4564=CARTESIAN_POINT('',(-6.35E0,5.114550452561E0,-1.9558E-1));
#4565=VERTEX_POINT('',#4563);
#4566=VERTEX_POINT('',#4564);
#4567=CARTESIAN_POINT('',(-6.223E0,4.64058E0,0.E0));
#4568=VERTEX_POINT('',#4567);
#4569=CARTESIAN_POINT('',(-6.223E0,5.14858E0,0.E0));
#4570=CARTESIAN_POINT('',(-6.223E0,5.14858E0,-1.9558E-1));
#4571=VERTEX_POINT('',#4569);
#4572=VERTEX_POINT('',#4570);
#4573=CARTESIAN_POINT('',(-6.35E0,7.468609547439E0,-1.9558E-1));
#4574=CARTESIAN_POINT('',(-6.223E0,7.94258E0,-1.9558E-1));
#4575=VERTEX_POINT('',#4573);
#4576=VERTEX_POINT('',#4574);
#4577=CARTESIAN_POINT('',(-6.223E0,7.43458E0,-1.9558E-1));
#4578=CARTESIAN_POINT('',(-6.223E0,7.43458E0,0.E0));
#4579=VERTEX_POINT('',#4577);
#4580=VERTEX_POINT('',#4578);
#4581=CARTESIAN_POINT('',(-6.223E0,7.94258E0,0.E0));
#4582=VERTEX_POINT('',#4581);
#4583=CARTESIAN_POINT('',(6.223E0,7.43458E0,0.E0));
#4584=CARTESIAN_POINT('',(6.223E0,7.43458E0,-1.9558E-1));
#4585=VERTEX_POINT('',#4583);
#4586=VERTEX_POINT('',#4584);
#4587=CARTESIAN_POINT('',(6.223E0,7.94258E0,-1.9558E-1));
#4588=CARTESIAN_POINT('',(6.35E0,7.468609547439E0,-1.9558E-1));
#4589=VERTEX_POINT('',#4587);
#4590=VERTEX_POINT('',#4588);
#4591=CARTESIAN_POINT('',(6.223E0,7.94258E0,0.E0));
#4592=VERTEX_POINT('',#4591);
#4593=CARTESIAN_POINT('',(6.223E0,4.64058E0,-1.9558E-1));
#4594=CARTESIAN_POINT('',(6.223E0,4.64058E0,0.E0));
#4595=VERTEX_POINT('',#4593);
#4596=VERTEX_POINT('',#4594);
#4597=CARTESIAN_POINT('',(6.35E0,5.114550452561E0,-1.9558E-1));
#4598=VERTEX_POINT('',#4597);
#4599=CARTESIAN_POINT('',(6.223E0,5.14858E0,-1.9558E-1));
#4600=CARTESIAN_POINT('',(6.223E0,5.14858E0,0.E0));
#4601=VERTEX_POINT('',#4599);
#4602=VERTEX_POINT('',#4600);
#4603=CARTESIAN_POINT('',(-7.68604E0,2.54E-1,-1.1938E1));
#4604=CARTESIAN_POINT('',(-6.858E0,2.54E-1,-1.1938E1));
#4605=VERTEX_POINT('',#4603);
#4606=VERTEX_POINT('',#4604);
#4607=CARTESIAN_POINT('',(-6.858E0,5.842000000001E-2,-1.1938E1));
#4608=VERTEX_POINT('',#4607);
#4609=CARTESIAN_POINT('',(-7.68604E0,5.842000000001E-2,-1.1938E1));
#4610=VERTEX_POINT('',#4609);
#4611=CARTESIAN_POINT('',(-7.68604E0,2.54E-1,-9.906E0));
#4612=CARTESIAN_POINT('',(-6.858E0,2.54E-1,-9.906E0));
#4613=VERTEX_POINT('',#4611);
#4614=VERTEX_POINT('',#4612);
#4615=CARTESIAN_POINT('',(-6.858E0,5.842000000001E-2,-9.906E0));
#4616=VERTEX_POINT('',#4615);
#4617=CARTESIAN_POINT('',(-7.68604E0,5.842000000001E-2,-9.906E0));
#4618=VERTEX_POINT('',#4617);
#4619=CARTESIAN_POINT('',(-7.93242E0,3.81E-1,-1.1938E1));
#4620=CARTESIAN_POINT('',(-7.93242E0,5.0038E-1,-1.1938E1));
#4621=VERTEX_POINT('',#4619);
#4622=VERTEX_POINT('',#4620);
#4623=CARTESIAN_POINT('',(-7.93242E0,3.81E-1,-9.906E0));
#4624=CARTESIAN_POINT('',(-7.93242E0,5.0038E-1,-9.906E0));
#4625=VERTEX_POINT('',#4623);
#4626=VERTEX_POINT('',#4624);
#4627=CARTESIAN_POINT('',(-7.901566146906E0,3.81E-1,-1.1938E1));
#4628=VERTEX_POINT('',#4627);
#4629=CARTESIAN_POINT('',(-7.901566146906E0,3.81E-1,-9.906E0));
#4630=VERTEX_POINT('',#4629);
#4631=CARTESIAN_POINT('',(-8.128E0,5.0038E-1,-9.906E0));
#4632=CARTESIAN_POINT('',(-8.128E0,5.0038E-1,-1.1938E1));
#4633=VERTEX_POINT('',#4631);
#4634=VERTEX_POINT('',#4632);
#4635=CARTESIAN_POINT('',(7.68604E0,5.842000000001E-2,-1.1938E1));
#4636=CARTESIAN_POINT('',(6.858E0,5.842000000001E-2,-1.1938E1));
#4637=VERTEX_POINT('',#4635);
#4638=VERTEX_POINT('',#4636);
#4639=CARTESIAN_POINT('',(6.858E0,2.54E-1,-1.1938E1));
#4640=VERTEX_POINT('',#4639);
#4641=CARTESIAN_POINT('',(7.68604E0,2.54E-1,-1.1938E1));
#4642=VERTEX_POINT('',#4641);
#4643=CARTESIAN_POINT('',(7.68604E0,5.842000000001E-2,-9.906E0));
#4644=CARTESIAN_POINT('',(6.858E0,5.842000000001E-2,-9.906E0));
#4645=VERTEX_POINT('',#4643);
#4646=VERTEX_POINT('',#4644);
#4647=CARTESIAN_POINT('',(6.858E0,2.54E-1,-9.906E0));
#4648=VERTEX_POINT('',#4647);
#4649=CARTESIAN_POINT('',(7.68604E0,2.54E-1,-9.906E0));
#4650=VERTEX_POINT('',#4649);
#4651=CARTESIAN_POINT('',(7.93242E0,3.81E-1,-1.1938E1));
#4652=CARTESIAN_POINT('',(7.93242E0,5.0038E-1,-1.1938E1));
#4653=VERTEX_POINT('',#4651);
#4654=VERTEX_POINT('',#4652);
#4655=CARTESIAN_POINT('',(7.93242E0,3.81E-1,-9.906E0));
#4656=CARTESIAN_POINT('',(7.93242E0,5.0038E-1,-9.906E0));
#4657=VERTEX_POINT('',#4655);
#4658=VERTEX_POINT('',#4656);
#4659=CARTESIAN_POINT('',(7.901566146906E0,3.81E-1,-1.1938E1));
#4660=VERTEX_POINT('',#4659);
#4661=CARTESIAN_POINT('',(7.901566146906E0,3.81E-1,-9.906E0));
#4662=VERTEX_POINT('',#4661);
#4663=CARTESIAN_POINT('',(8.128E0,5.0038E-1,-9.906E0));
#4664=CARTESIAN_POINT('',(8.128E0,5.0038E-1,-1.1938E1));
#4665=VERTEX_POINT('',#4663);
#4666=VERTEX_POINT('',#4664);
#4667=CARTESIAN_POINT('',(-1.27E0,3.81E-1,-1.397E0));
#4668=CARTESIAN_POINT('',(-1.27E0,3.81E-1,-2.413E0));
#4669=VERTEX_POINT('',#4667);
#4670=VERTEX_POINT('',#4668);
#4671=CARTESIAN_POINT('',(1.27E0,3.81E-1,-2.413E0));
#4672=VERTEX_POINT('',#4671);
#4673=CARTESIAN_POINT('',(1.27E0,3.81E-1,-1.397E0));
#4674=VERTEX_POINT('',#4673);
#4675=CARTESIAN_POINT('',(1.27E0,6.858E-2,-1.397E0));
#4676=CARTESIAN_POINT('',(-1.27E0,6.858E-2,-1.397E0));
#4677=VERTEX_POINT('',#4675);
#4678=VERTEX_POINT('',#4676);
#4679=CARTESIAN_POINT('',(-1.27E0,6.858E-2,-2.413E0));
#4680=VERTEX_POINT('',#4679);
#4681=CARTESIAN_POINT('',(1.27E0,6.858E-2,-2.413E0));
#4682=VERTEX_POINT('',#4681);
#4683=CARTESIAN_POINT('',(-1.016E0,-1.27E-2,-1.7907E0));
#4684=CARTESIAN_POINT('',(-1.016E0,-1.27E-2,-2.2987E0));
#4685=VERTEX_POINT('',#4683);
#4686=VERTEX_POINT('',#4684);
#4687=CARTESIAN_POINT('',(1.016E0,-1.27E-2,-1.7907E0));
#4688=CARTESIAN_POINT('',(1.016E0,-1.27E-2,-2.2987E0));
#4689=VERTEX_POINT('',#4687);
#4690=VERTEX_POINT('',#4688);
#4691=CARTESIAN_POINT('',(-1.016E0,3.81E-1,-1.397E0));
#4692=VERTEX_POINT('',#4691);
#4693=CARTESIAN_POINT('',(-1.016E0,3.81E-1,-2.2987E0));
#4694=VERTEX_POINT('',#4693);
#4695=CARTESIAN_POINT('',(1.016E0,3.81E-1,-1.397E0));
#4696=VERTEX_POINT('',#4695);
#4697=CARTESIAN_POINT('',(1.016E0,3.81E-1,-2.2987E0));
#4698=VERTEX_POINT('',#4697);
#4699=CARTESIAN_POINT('',(-5.969E0,3.81E-1,-3.939158333979E0));
#4700=CARTESIAN_POINT('',(-6.35E0,3.81E-1,-3.8862E0));
#4701=VERTEX_POINT('',#4699);
#4702=VERTEX_POINT('',#4700);
#4703=CARTESIAN_POINT('',(-6.731E0,3.81E-1,-3.939158333979E0));
#4704=CARTESIAN_POINT('',(-6.731E0,3.81E-1,-6.627241666021E0));
#4705=VERTEX_POINT('',#4703);
#4706=VERTEX_POINT('',#4704);
#4707=CARTESIAN_POINT('',(-6.35E0,3.81E-1,-6.6802E0));
#4708=CARTESIAN_POINT('',(-5.969E0,3.81E-1,-6.627241666021E0));
#4709=VERTEX_POINT('',#4707);
#4710=VERTEX_POINT('',#4708);
#4711=CARTESIAN_POINT('',(5.969E0,3.81E-1,-3.939158333979E0));
#4712=CARTESIAN_POINT('',(5.969E0,3.81E-1,-6.627241666021E0));
#4713=VERTEX_POINT('',#4711);
#4714=VERTEX_POINT('',#4712);
#4715=CARTESIAN_POINT('',(6.35E0,3.81E-1,-6.6802E0));
#4716=VERTEX_POINT('',#4715);
#4717=CARTESIAN_POINT('',(6.731E0,3.81E-1,-6.627241666021E0));
#4718=CARTESIAN_POINT('',(6.731E0,3.81E-1,-3.939158333979E0));
#4719=VERTEX_POINT('',#4717);
#4720=VERTEX_POINT('',#4718);
#4721=CARTESIAN_POINT('',(6.35E0,3.81E-1,-3.8862E0));
#4722=VERTEX_POINT('',#4721);
#4723=CARTESIAN_POINT('',(5.850654840123E0,3.81E-1,-6.725824297601E-1));
#4724=CARTESIAN_POINT('',(5.4864E0,3.81E-1,-2.032E0));
#4725=VERTEX_POINT('',#4723);
#4726=VERTEX_POINT('',#4724);
#4727=CARTESIAN_POINT('',(3.6576E0,3.81E-1,-2.032E0));
#4728=VERTEX_POINT('',#4727);
#4729=CARTESIAN_POINT('',(3.293345159877E0,3.81E-1,-6.725824297601E-1));
#4730=VERTEX_POINT('',#4729);
#4731=CARTESIAN_POINT('',(2.794E0,3.81E-1,-7.383224672162E-1));
#4732=VERTEX_POINT('',#4731);
#4733=CARTESIAN_POINT('',(-2.794E0,3.81E-1,-7.383224672162E-1));
#4734=CARTESIAN_POINT('',(-3.293345159877E0,3.81E-1,-6.725824297601E-1));
#4735=VERTEX_POINT('',#4733);
#4736=VERTEX_POINT('',#4734);
#4737=CARTESIAN_POINT('',(-3.6576E0,3.81E-1,-2.032E0));
#4738=VERTEX_POINT('',#4737);
#4739=CARTESIAN_POINT('',(-5.4864E0,3.81E-1,-2.032E0));
#4740=VERTEX_POINT('',#4739);
#4741=CARTESIAN_POINT('',(-5.850654840123E0,3.81E-1,-6.725824297601E-1));
#4742=VERTEX_POINT('',#4741);
#4743=CARTESIAN_POINT('',(6.096E0,6.858E-2,-4.843224672161E-1));
#4744=CARTESIAN_POINT('',(5.850654840123E0,6.858E-2,-6.725824297601E-1));
#4745=VERTEX_POINT('',#4743);
#4746=VERTEX_POINT('',#4744);
#4747=CARTESIAN_POINT('',(5.4864E0,6.858E-2,-2.032E0));
#4748=VERTEX_POINT('',#4747);
#4749=CARTESIAN_POINT('',(3.6576E0,6.858E-2,-2.032E0));
#4750=VERTEX_POINT('',#4749);
#4751=CARTESIAN_POINT('',(3.293345159877E0,6.858E-2,-6.725824297601E-1));
#4752=VERTEX_POINT('',#4751);
#4753=CARTESIAN_POINT('',(2.794E0,6.858E-2,-7.383224672162E-1));
#4754=VERTEX_POINT('',#4753);
#4755=CARTESIAN_POINT('',(2.794E0,6.858E-2,-3.048E0));
#4756=VERTEX_POINT('',#4755);
#4757=CARTESIAN_POINT('',(-2.794E0,6.858E-2,-3.048E0));
#4758=CARTESIAN_POINT('',(-2.794E0,6.858E-2,-7.383224672162E-1));
#4759=VERTEX_POINT('',#4757);
#4760=VERTEX_POINT('',#4758);
#4761=CARTESIAN_POINT('',(-3.293345159877E0,6.858E-2,-6.725824297601E-1));
#4762=VERTEX_POINT('',#4761);
#4763=CARTESIAN_POINT('',(-3.6576E0,6.858E-2,-2.032E0));
#4764=VERTEX_POINT('',#4763);
#4765=CARTESIAN_POINT('',(-5.4864E0,6.858E-2,-2.032E0));
#4766=VERTEX_POINT('',#4765);
#4767=CARTESIAN_POINT('',(-5.850654840123E0,6.858E-2,-6.725824297601E-1));
#4768=VERTEX_POINT('',#4767);
#4769=CARTESIAN_POINT('',(-6.096E0,6.858E-2,-4.843224672161E-1));
#4770=VERTEX_POINT('',#4769);
#4771=CARTESIAN_POINT('',(-6.096E0,3.81E-1,-4.843224672161E-1));
#4772=VERTEX_POINT('',#4771);
#4773=CARTESIAN_POINT('',(6.096E0,3.81E-1,-4.843224672161E-1));
#4774=VERTEX_POINT('',#4773);
#4775=CARTESIAN_POINT('',(2.794E0,3.81E-1,-3.048E0));
#4776=VERTEX_POINT('',#4775);
#4777=CARTESIAN_POINT('',(-2.794E0,3.81E-1,-3.048E0));
#4778=VERTEX_POINT('',#4777);
#4779=CARTESIAN_POINT('',(7.67842E0,1.2954E1,0.E0));
#4780=VERTEX_POINT('',#4779);
#4781=CARTESIAN_POINT('',(-7.67842E0,1.2954E1,0.E0));
#4782=VERTEX_POINT('',#4781);
#4783=CARTESIAN_POINT('',(-5.9563E0,7.7978E0,-4.4958E-1));
#4784=CARTESIAN_POINT('',(-6.2103E0,7.7978E0,-1.9558E-1));
#4785=VERTEX_POINT('',#4783);
#4786=VERTEX_POINT('',#4784);
#4787=CARTESIAN_POINT('',(-6.2103E0,9.9822E0,-1.9558E-1));
#4788=VERTEX_POINT('',#4787);
#4789=CARTESIAN_POINT('',(-5.9563E0,9.7282E0,-4.4958E-1));
#4790=VERTEX_POINT('',#4789);
#4791=CARTESIAN_POINT('',(-3.1496E0,9.9822E0,-1.9558E-1));
#4792=VERTEX_POINT('',#4791);
#4793=CARTESIAN_POINT('',(-3.1496E0,9.7282E0,-4.4958E-1));
#4794=VERTEX_POINT('',#4793);
#4795=CARTESIAN_POINT('',(-3.1496E0,1.14046E1,-4.4958E-1));
#4796=CARTESIAN_POINT('',(-2.032E0,1.14046E1,-4.4958E-1));
#4797=VERTEX_POINT('',#4795);
#4798=VERTEX_POINT('',#4796);
#4799=CARTESIAN_POINT('',(-2.032E0,1.25476E1,-4.4958E-1));
#4800=VERTEX_POINT('',#4799);
#4801=CARTESIAN_POINT('',(2.032E0,1.25476E1,-4.4958E-1));
#4802=VERTEX_POINT('',#4801);
#4803=CARTESIAN_POINT('',(2.032E0,1.14046E1,-4.4958E-1));
#4804=VERTEX_POINT('',#4803);
#4805=CARTESIAN_POINT('',(3.1496E0,1.14046E1,-4.4958E-1));
#4806=VERTEX_POINT('',#4805);
#4807=CARTESIAN_POINT('',(3.1496E0,9.9822E0,-1.9558E-1));
#4808=CARTESIAN_POINT('',(6.2103E0,9.9822E0,-1.9558E-1));
#4809=VERTEX_POINT('',#4807);
#4810=VERTEX_POINT('',#4808);
#4811=CARTESIAN_POINT('',(3.1496E0,9.7282E0,-4.4958E-1));
#4812=CARTESIAN_POINT('',(5.9563E0,9.7282E0,-4.4958E-1));
#4813=VERTEX_POINT('',#4811);
#4814=VERTEX_POINT('',#4812);
#4815=CARTESIAN_POINT('',(6.2103E0,7.7978E0,-1.9558E-1));
#4816=CARTESIAN_POINT('',(5.9563E0,7.7978E0,-4.4958E-1));
#4817=VERTEX_POINT('',#4815);
#4818=VERTEX_POINT('',#4816);
#4819=CARTESIAN_POINT('',(-4.445E0,2.8956E0,-4.4958E-1));
#4820=CARTESIAN_POINT('',(-4.445E0,2.6416E0,-1.9558E-1));
#4821=VERTEX_POINT('',#4819);
#4822=VERTEX_POINT('',#4820);
#4823=CARTESIAN_POINT('',(-6.2103E0,2.6416E0,-1.9558E-1));
#4824=VERTEX_POINT('',#4823);
#4825=CARTESIAN_POINT('',(-5.9563E0,2.8956E0,-4.4958E-1));
#4826=VERTEX_POINT('',#4825);
#4827=CARTESIAN_POINT('',(-6.2103E0,5.0038E0,-1.9558E-1));
#4828=CARTESIAN_POINT('',(-5.9563E0,5.0038E0,-4.4958E-1));
#4829=VERTEX_POINT('',#4827);
#4830=VERTEX_POINT('',#4828);
#4831=CARTESIAN_POINT('',(4.445E0,2.6416E0,-1.9558E-1));
#4832=CARTESIAN_POINT('',(4.445E0,2.8956E0,-4.4958E-1));
#4833=VERTEX_POINT('',#4831);
#4834=VERTEX_POINT('',#4832);
#4835=CARTESIAN_POINT('',(5.9563E0,2.8956E0,-4.4958E-1));
#4836=VERTEX_POINT('',#4835);
#4837=CARTESIAN_POINT('',(6.2103E0,2.6416E0,-1.9558E-1));
#4838=VERTEX_POINT('',#4837);
#4839=CARTESIAN_POINT('',(5.9563E0,5.0038E0,-4.4958E-1));
#4840=CARTESIAN_POINT('',(6.2103E0,5.0038E0,-1.9558E-1));
#4841=VERTEX_POINT('',#4839);
#4842=VERTEX_POINT('',#4840);
#4843=CARTESIAN_POINT('',(5.6007E0,5.0038E-1,-1.543558E1));
#4844=VERTEX_POINT('',#4843);
#4845=CARTESIAN_POINT('',(-5.6007E0,5.0038E-1,-1.543558E1));
#4846=VERTEX_POINT('',#4845);
#4847=CARTESIAN_POINT('',(8.128E0,5.0038E-1,-4.4958E-1));
#4848=CARTESIAN_POINT('',(7.67842E0,5.0038E-1,0.E0));
#4849=VERTEX_POINT('',#4847);
#4850=VERTEX_POINT('',#4848);
#4851=CARTESIAN_POINT('',(-7.67842E0,5.0038E-1,0.E0));
#4852=CARTESIAN_POINT('',(-8.128E0,5.0038E-1,-4.4958E-1));
#4853=VERTEX_POINT('',#4851);
#4854=VERTEX_POINT('',#4852);
#4855=CARTESIAN_POINT('',(7.67842E0,5.0038E-1,-1.5748E1));
#4856=CARTESIAN_POINT('',(8.128E0,5.0038E-1,-1.529842E1));
#4857=VERTEX_POINT('',#4855);
#4858=VERTEX_POINT('',#4856);
#4859=CARTESIAN_POINT('',(-8.128E0,5.0038E-1,-1.529842E1));
#4860=CARTESIAN_POINT('',(-7.67842E0,5.0038E-1,-1.5748E1));
#4861=VERTEX_POINT('',#4859);
#4862=VERTEX_POINT('',#4860);
#4863=CARTESIAN_POINT('',(6.096E0,3.81E-1,-1.9558E-1));
#4864=VERTEX_POINT('',#4863);
#4865=CARTESIAN_POINT('',(6.096E0,5.0038E-1,-1.9558E-1));
#4866=VERTEX_POINT('',#4865);
#4867=CARTESIAN_POINT('',(-6.096E0,3.81E-1,-1.9558E-1));
#4868=CARTESIAN_POINT('',(-6.096E0,5.0038E-1,-1.9558E-1));
#4869=VERTEX_POINT('',#4867);
#4870=VERTEX_POINT('',#4868);
#4871=CARTESIAN_POINT('',(7.93242E0,3.81E-1,-4.4958E-1));
#4872=CARTESIAN_POINT('',(7.67842E0,3.81E-1,-1.9558E-1));
#4873=VERTEX_POINT('',#4871);
#4874=VERTEX_POINT('',#4872);
#4875=CARTESIAN_POINT('',(7.67842E0,5.0038E-1,-1.9558E-1));
#4876=VERTEX_POINT('',#4875);
#4877=CARTESIAN_POINT('',(7.93242E0,5.0038E-1,-4.4958E-1));
#4878=VERTEX_POINT('',#4877);
#4879=CARTESIAN_POINT('',(-7.67842E0,3.81E-1,-1.9558E-1));
#4880=CARTESIAN_POINT('',(-7.67842E0,5.0038E-1,-1.9558E-1));
#4881=VERTEX_POINT('',#4879);
#4882=VERTEX_POINT('',#4880);
#4883=CARTESIAN_POINT('',(-7.93242E0,3.81E-1,-4.4958E-1));
#4884=VERTEX_POINT('',#4883);
#4885=CARTESIAN_POINT('',(-7.93242E0,5.0038E-1,-4.4958E-1));
#4886=VERTEX_POINT('',#4885);
#4887=CARTESIAN_POINT('',(7.67842E0,3.81E-1,-1.543558E1));
#4888=CARTESIAN_POINT('',(7.67842E0,5.0038E-1,-1.543558E1));
#4889=VERTEX_POINT('',#4887);
#4890=VERTEX_POINT('',#4888);
#4891=CARTESIAN_POINT('',(7.93242E0,3.81E-1,-1.518158E1));
#4892=VERTEX_POINT('',#4891);
#4893=CARTESIAN_POINT('',(7.93242E0,5.0038E-1,-1.518158E1));
#4894=VERTEX_POINT('',#4893);
#4895=CARTESIAN_POINT('',(-7.93242E0,3.81E-1,-1.518158E1));
#4896=CARTESIAN_POINT('',(-7.67842E0,3.81E-1,-1.543558E1));
#4897=VERTEX_POINT('',#4895);
#4898=VERTEX_POINT('',#4896);
#4899=CARTESIAN_POINT('',(-7.67842E0,5.0038E-1,-1.543558E1));
#4900=VERTEX_POINT('',#4899);
#4901=CARTESIAN_POINT('',(-7.93242E0,5.0038E-1,-1.518158E1));
#4902=VERTEX_POINT('',#4901);
#4903=VERTEX_POINT('',#1849);
#4904=CARTESIAN_POINT('',(2.286E0,1.16586E1,-1.9558E-1));
#4905=CARTESIAN_POINT('',(3.1496E0,1.16586E1,-1.9558E-1));
#4906=VERTEX_POINT('',#4904);
#4907=VERTEX_POINT('',#4905);
#4908=CARTESIAN_POINT('',(2.286E0,1.28016E1,-1.9558E-1));
#4909=VERTEX_POINT('',#4908);
#4910=CARTESIAN_POINT('',(-2.286E0,1.28016E1,-1.9558E-1));
#4911=VERTEX_POINT('',#4910);
#4912=CARTESIAN_POINT('',(-2.286E0,1.16586E1,-1.9558E-1));
#4913=VERTEX_POINT('',#4912);
#4914=CARTESIAN_POINT('',(-3.1496E0,1.16586E1,-1.9558E-1));
#4915=VERTEX_POINT('',#4914);
#4916=CARTESIAN_POINT('',(-7.747E0,-2.159E0,-5.283200194281E0));
#4917=CARTESIAN_POINT('',(-5.969E0,-2.159E0,-6.627241666021E0));
#4918=VERTEX_POINT('',#4916);
#4919=VERTEX_POINT('',#4917);
#4920=CARTESIAN_POINT('',(-6.731E0,-3.175E0,-5.283200023845E0));
#4921=CARTESIAN_POINT('',(-5.969E0,-3.175E0,-5.2832E0));
#4922=VERTEX_POINT('',#4920);
#4923=VERTEX_POINT('',#4921);
#4924=CARTESIAN_POINT('',(-5.969E0,-2.159E0,-3.939158333979E0));
#4925=VERTEX_POINT('',#4924);
#4926=VERTEX_POINT('',#4072);
#4927=VERTEX_POINT('',#4088);
#4928=CARTESIAN_POINT('',(7.747E0,-2.159E0,-5.283199805719E0));
#4929=VERTEX_POINT('',#4928);
#4930=CARTESIAN_POINT('',(6.731E0,-3.175E0,-5.283199976155E0));
#4931=VERTEX_POINT('',#4930);
#4932=VERTEX_POINT('',#4090);
#4933=CARTESIAN_POINT('',(-6.731E0,1.778E-1,-1.334008000193E1));
#4934=CARTESIAN_POINT('',(-6.731E0,3.81E-1,-1.334008E1));
#4935=VERTEX_POINT('',#4933);
#4936=VERTEX_POINT('',#4934);
#4937=CARTESIAN_POINT('',(-6.35E0,1.778E-1,-1.334008000240E1));
#4938=CARTESIAN_POINT('',(-6.35E0,3.81E-1,-1.334008E1));
#4939=VERTEX_POINT('',#4937);
#4940=VERTEX_POINT('',#4938);
#4941=CARTESIAN_POINT('',(-6.35E0,1.778E-1,-6.6802E0));
#4942=VERTEX_POINT('',#4941);
#4943=CARTESIAN_POINT('',(-6.5278E0,0.E0,-1.334008E1));
#4944=CARTESIAN_POINT('',(-6.5278E0,0.E0,-6.668839260414E0));
#4945=VERTEX_POINT('',#4943);
#4946=VERTEX_POINT('',#4944);
#4947=CARTESIAN_POINT('',(-6.5532E0,0.E0,-6.665342814618E0));
#4948=CARTESIAN_POINT('',(-6.5532E0,0.E0,-1.334008E1));
#4949=VERTEX_POINT('',#4947);
#4950=VERTEX_POINT('',#4948);
#4951=CARTESIAN_POINT('',(-6.731E0,1.778E-1,-6.627241666021E0));
#4952=VERTEX_POINT('',#4951);
#4953=CARTESIAN_POINT('',(-6.35E0,1.778E-1,-2.545079998066E0));
#4954=CARTESIAN_POINT('',(-6.35E0,3.81E-1,-2.54508E0));
#4955=VERTEX_POINT('',#4953);
#4956=VERTEX_POINT('',#4954);
#4957=CARTESIAN_POINT('',(-6.731E0,1.778E-1,-2.545079997596E0));
#4958=CARTESIAN_POINT('',(-6.731E0,3.81E-1,-2.54508E0));
#4959=VERTEX_POINT('',#4957);
#4960=VERTEX_POINT('',#4958);
#4961=CARTESIAN_POINT('',(-6.5278E0,0.E0,-3.897560739586E0));
#4962=CARTESIAN_POINT('',(-6.5278E0,0.E0,-2.54508E0));
#4963=VERTEX_POINT('',#4961);
#4964=VERTEX_POINT('',#4962);
#4965=CARTESIAN_POINT('',(-6.35E0,1.778E-1,-3.8862E0));
#4966=VERTEX_POINT('',#4965);
#4967=CARTESIAN_POINT('',(-6.731E0,1.778E-1,-3.939158333979E0));
#4968=VERTEX_POINT('',#4967);
#4969=CARTESIAN_POINT('',(-6.5532E0,0.E0,-2.54508E0));
#4970=CARTESIAN_POINT('',(-6.5532E0,0.E0,-3.901057185382E0));
#4971=VERTEX_POINT('',#4969);
#4972=VERTEX_POINT('',#4970);
#4973=CARTESIAN_POINT('',(6.731E0,1.778E-1,-2.545079998066E0));
#4974=CARTESIAN_POINT('',(6.731E0,3.81E-1,-2.54508E0));
#4975=VERTEX_POINT('',#4973);
#4976=VERTEX_POINT('',#4974);
#4977=CARTESIAN_POINT('',(6.35E0,1.778E-1,-2.545079997596E0));
#4978=CARTESIAN_POINT('',(6.35E0,3.81E-1,-2.54508E0));
#4979=VERTEX_POINT('',#4977);
#4980=VERTEX_POINT('',#4978);
#4981=CARTESIAN_POINT('',(6.5532E0,0.E0,-3.901057185382E0));
#4982=CARTESIAN_POINT('',(6.5532E0,0.E0,-2.54508E0));
#4983=VERTEX_POINT('',#4981);
#4984=VERTEX_POINT('',#4982);
#4985=CARTESIAN_POINT('',(6.731E0,1.778E-1,-3.939158333979E0));
#4986=VERTEX_POINT('',#4985);
#4987=CARTESIAN_POINT('',(6.35E0,1.778E-1,-3.8862E0));
#4988=VERTEX_POINT('',#4987);
#4989=CARTESIAN_POINT('',(6.5278E0,0.E0,-2.54508E0));
#4990=CARTESIAN_POINT('',(6.5278E0,0.E0,-3.897560739586E0));
#4991=VERTEX_POINT('',#4989);
#4992=VERTEX_POINT('',#4990);
#4993=CARTESIAN_POINT('',(6.35E0,3.81E-1,-1.334008E1));
#4994=CARTESIAN_POINT('',(6.35E0,1.778E-1,-1.334008000240E1));
#4995=VERTEX_POINT('',#4993);
#4996=VERTEX_POINT('',#4994);
#4997=CARTESIAN_POINT('',(6.731E0,3.81E-1,-1.334008E1));
#4998=CARTESIAN_POINT('',(6.731E0,1.778E-1,-1.334008000193E1));
#4999=VERTEX_POINT('',#4997);
#5000=VERTEX_POINT('',#4998);
#5001=CARTESIAN_POINT('',(6.731E0,1.778E-1,-6.627241666021E0));
#5002=VERTEX_POINT('',#5001);
#5003=CARTESIAN_POINT('',(6.5532E0,0.E0,-1.334008E1));
#5004=CARTESIAN_POINT('',(6.5532E0,0.E0,-6.665342814618E0));
#5005=VERTEX_POINT('',#5003);
#5006=VERTEX_POINT('',#5004);
#5007=CARTESIAN_POINT('',(6.5278E0,0.E0,-6.668839260414E0));
#5008=CARTESIAN_POINT('',(6.5278E0,0.E0,-1.334008E1));
#5009=VERTEX_POINT('',#5007);
#5010=VERTEX_POINT('',#5008);
#5011=CARTESIAN_POINT('',(6.35E0,1.778E-1,-6.6802E0));
#5012=VERTEX_POINT('',#5011);
#5013=CARTESIAN_POINT('',(-7.93242E0,5.0038E-1,-7.8232E0));
#5014=CARTESIAN_POINT('',(-8.128E0,5.0038E-1,-7.8232E0));
#5015=VERTEX_POINT('',#5013);
#5016=VERTEX_POINT('',#5014);
#5017=CARTESIAN_POINT('',(-7.93242E0,3.81E-1,-8.038591400943E0));
#5018=VERTEX_POINT('',#5017);
#5019=CARTESIAN_POINT('',(-7.93242E0,2.4638E-1,-8.0772E0));
#5020=CARTESIAN_POINT('',(-8.128E0,2.4638E-1,-8.0772E0));
#5021=VERTEX_POINT('',#5019);
#5022=VERTEX_POINT('',#5020);
#5023=CARTESIAN_POINT('',(-7.93242E0,3.81E-1,-9.385808599057E0));
#5024=CARTESIAN_POINT('',(-7.93242E0,5.0038E-1,-9.6012E0));
#5025=VERTEX_POINT('',#5023);
#5026=VERTEX_POINT('',#5024);
#5027=CARTESIAN_POINT('',(-8.128E0,5.0038E-1,-9.6012E0));
#5028=VERTEX_POINT('',#5027);
#5029=CARTESIAN_POINT('',(-8.128E0,2.4638E-1,-9.3472E0));
#5030=CARTESIAN_POINT('',(-7.93242E0,2.4638E-1,-9.3472E0));
#5031=VERTEX_POINT('',#5029);
#5032=VERTEX_POINT('',#5030);
#5033=CARTESIAN_POINT('',(7.93242E0,3.81E-1,-8.038591400943E0));
#5034=CARTESIAN_POINT('',(7.93242E0,5.0038E-1,-7.8232E0));
#5035=VERTEX_POINT('',#5033);
#5036=VERTEX_POINT('',#5034);
#5037=CARTESIAN_POINT('',(8.128E0,5.0038E-1,-7.8232E0));
#5038=VERTEX_POINT('',#5037);
#5039=CARTESIAN_POINT('',(8.128E0,2.4638E-1,-8.0772E0));
#5040=CARTESIAN_POINT('',(7.93242E0,2.4638E-1,-8.0772E0));
#5041=VERTEX_POINT('',#5039);
#5042=VERTEX_POINT('',#5040);
#5043=CARTESIAN_POINT('',(7.93242E0,5.0038E-1,-9.6012E0));
#5044=CARTESIAN_POINT('',(8.128E0,5.0038E-1,-9.6012E0));
#5045=VERTEX_POINT('',#5043);
#5046=VERTEX_POINT('',#5044);
#5047=CARTESIAN_POINT('',(7.93242E0,3.81E-1,-9.385808599057E0));
#5048=VERTEX_POINT('',#5047);
#5049=CARTESIAN_POINT('',(7.93242E0,2.4638E-1,-9.3472E0));
#5050=CARTESIAN_POINT('',(8.128E0,2.4638E-1,-9.3472E0));
#5051=VERTEX_POINT('',#5049);
#5052=VERTEX_POINT('',#5050);
#5053=CARTESIAN_POINT('',(1.3081E0,-2.54E0,-7.6454E0));
#5054=CARTESIAN_POINT('',(1.7399E0,-2.54E0,-7.6454E0));
#5055=VERTEX_POINT('',#5053);
#5056=VERTEX_POINT('',#5054);
#5057=CARTESIAN_POINT('',(1.7399E0,-2.54E0,-8.001E0));
#5058=VERTEX_POINT('',#5057);
#5059=CARTESIAN_POINT('',(1.3081E0,-2.54E0,-8.001E0));
#5060=VERTEX_POINT('',#5059);
#5061=CARTESIAN_POINT('',(1.3081E0,3.048E-1,-7.6454E0));
#5062=CARTESIAN_POINT('',(1.7399E0,3.048E-1,-7.6454E0));
#5063=VERTEX_POINT('',#5061);
#5064=VERTEX_POINT('',#5062);
#5065=CARTESIAN_POINT('',(1.7399E0,3.048E-1,-8.001E0));
#5066=CARTESIAN_POINT('',(1.3081E0,3.048E-1,-8.001E0));
#5067=VERTEX_POINT('',#5065);
#5068=VERTEX_POINT('',#5066);
#5069=CARTESIAN_POINT('',(1.7399E0,3.81E-1,-7.641820241961E0));
#5070=CARTESIAN_POINT('',(1.7399E0,3.81E-1,-7.998512569621E0));
#5071=VERTEX_POINT('',#5069);
#5072=VERTEX_POINT('',#5070);
#5073=CARTESIAN_POINT('',(1.3081E0,3.81E-1,-7.998512569621E0));
#5074=CARTESIAN_POINT('',(1.3081E0,3.81E-1,-7.641820241961E0));
#5075=VERTEX_POINT('',#5073);
#5076=VERTEX_POINT('',#5074);
#5077=CARTESIAN_POINT('',(1.7399E0,5.746906342177E0,-1.010158E1));
#5078=CARTESIAN_POINT('',(1.7399E0,6.149648252202E0,-1.010158E1));
#5079=VERTEX_POINT('',#5077);
#5080=VERTEX_POINT('',#5078);
#5081=CARTESIAN_POINT('',(1.3081E0,5.746906342177E0,-1.010158E1));
#5082=CARTESIAN_POINT('',(1.3081E0,6.149648252202E0,-1.010158E1));
#5083=VERTEX_POINT('',#5081);
#5084=VERTEX_POINT('',#5082);
#5085=CARTESIAN_POINT('',(1.7399E0,2.286E0,-3.39598E0));
#5086=CARTESIAN_POINT('',(1.7399E0,2.286E0,-3.166751695809E0));
#5087=VERTEX_POINT('',#5085);
#5088=VERTEX_POINT('',#5086);
#5089=CARTESIAN_POINT('',(1.3081E0,2.286E0,-3.39598E0));
#5090=CARTESIAN_POINT('',(1.3081E0,2.286E0,-3.166751695809E0));
#5091=VERTEX_POINT('',#5089);
#5092=VERTEX_POINT('',#5090);
#5093=CARTESIAN_POINT('',(1.7399E0,2.8956E0,-4.739052701457E0));
#5094=CARTESIAN_POINT('',(1.7399E0,2.8956E0,-3.981605332569E0));
#5095=VERTEX_POINT('',#5093);
#5096=VERTEX_POINT('',#5094);
#5097=CARTESIAN_POINT('',(1.3081E0,2.8956E0,-4.739052701457E0));
#5098=CARTESIAN_POINT('',(1.3081E0,2.8956E0,-3.981605332569E0));
#5099=VERTEX_POINT('',#5097);
#5100=VERTEX_POINT('',#5098);
#5101=CARTESIAN_POINT('',(1.7399E0,2.569919097691E0,-3.39598E0));
#5102=VERTEX_POINT('',#5101);
#5103=CARTESIAN_POINT('',(1.3081E0,2.569919097691E0,-3.39598E0));
#5104=VERTEX_POINT('',#5103);
#5105=CARTESIAN_POINT('',(-7.239E-1,-2.54E0,-7.6454E0));
#5106=CARTESIAN_POINT('',(-2.921E-1,-2.54E0,-7.6454E0));
#5107=VERTEX_POINT('',#5105);
#5108=VERTEX_POINT('',#5106);
#5109=CARTESIAN_POINT('',(-2.921E-1,-2.54E0,-8.001E0));
#5110=VERTEX_POINT('',#5109);
#5111=CARTESIAN_POINT('',(-7.239E-1,-2.54E0,-8.001E0));
#5112=VERTEX_POINT('',#5111);
#5113=CARTESIAN_POINT('',(-7.239E-1,3.048E-1,-7.6454E0));
#5114=CARTESIAN_POINT('',(-2.921E-1,3.048E-1,-7.6454E0));
#5115=VERTEX_POINT('',#5113);
#5116=VERTEX_POINT('',#5114);
#5117=CARTESIAN_POINT('',(-2.921E-1,3.048E-1,-8.001E0));
#5118=CARTESIAN_POINT('',(-7.239E-1,3.048E-1,-8.001E0));
#5119=VERTEX_POINT('',#5117);
#5120=VERTEX_POINT('',#5118);
#5121=CARTESIAN_POINT('',(-2.921E-1,3.81E-1,-7.641820241961E0));
#5122=CARTESIAN_POINT('',(-2.921E-1,3.81E-1,-7.998512569621E0));
#5123=VERTEX_POINT('',#5121);
#5124=VERTEX_POINT('',#5122);
#5125=CARTESIAN_POINT('',(-7.239E-1,3.81E-1,-7.998512569621E0));
#5126=CARTESIAN_POINT('',(-7.239E-1,3.81E-1,-7.641820241961E0));
#5127=VERTEX_POINT('',#5125);
#5128=VERTEX_POINT('',#5126);
#5129=CARTESIAN_POINT('',(-2.921E-1,5.746906342177E0,-1.010158E1));
#5130=CARTESIAN_POINT('',(-2.921E-1,6.149648252202E0,-1.010158E1));
#5131=VERTEX_POINT('',#5129);
#5132=VERTEX_POINT('',#5130);
#5133=CARTESIAN_POINT('',(-7.239E-1,5.746906342177E0,-1.010158E1));
#5134=CARTESIAN_POINT('',(-7.239E-1,6.149648252202E0,-1.010158E1));
#5135=VERTEX_POINT('',#5133);
#5136=VERTEX_POINT('',#5134);
#5137=CARTESIAN_POINT('',(-2.921E-1,2.286E0,-3.39598E0));
#5138=CARTESIAN_POINT('',(-2.921E-1,2.286E0,-3.166751695809E0));
#5139=VERTEX_POINT('',#5137);
#5140=VERTEX_POINT('',#5138);
#5141=CARTESIAN_POINT('',(-7.239E-1,2.286E0,-3.39598E0));
#5142=CARTESIAN_POINT('',(-7.239E-1,2.286E0,-3.166751695809E0));
#5143=VERTEX_POINT('',#5141);
#5144=VERTEX_POINT('',#5142);
#5145=CARTESIAN_POINT('',(-2.921E-1,2.8956E0,-4.739052701457E0));
#5146=CARTESIAN_POINT('',(-2.921E-1,2.8956E0,-3.981605332569E0));
#5147=VERTEX_POINT('',#5145);
#5148=VERTEX_POINT('',#5146);
#5149=CARTESIAN_POINT('',(-7.239E-1,2.8956E0,-4.739052701457E0));
#5150=CARTESIAN_POINT('',(-7.239E-1,2.8956E0,-3.981605332569E0));
#5151=VERTEX_POINT('',#5149);
#5152=VERTEX_POINT('',#5150);
#5153=CARTESIAN_POINT('',(-2.921E-1,2.569919097691E0,-3.39598E0));
#5154=VERTEX_POINT('',#5153);
#5155=CARTESIAN_POINT('',(-7.239E-1,2.569919097691E0,-3.39598E0));
#5156=VERTEX_POINT('',#5155);
#5157=CARTESIAN_POINT('',(-2.7559E0,-2.54E0,-7.6454E0));
#5158=CARTESIAN_POINT('',(-2.3241E0,-2.54E0,-7.6454E0));
#5159=VERTEX_POINT('',#5157);
#5160=VERTEX_POINT('',#5158);
#5161=CARTESIAN_POINT('',(-2.3241E0,-2.54E0,-8.001E0));
#5162=VERTEX_POINT('',#5161);
#5163=CARTESIAN_POINT('',(-2.7559E0,-2.54E0,-8.001E0));
#5164=VERTEX_POINT('',#5163);
#5165=CARTESIAN_POINT('',(-2.7559E0,3.048E-1,-7.6454E0));
#5166=CARTESIAN_POINT('',(-2.3241E0,3.048E-1,-7.6454E0));
#5167=VERTEX_POINT('',#5165);
#5168=VERTEX_POINT('',#5166);
#5169=CARTESIAN_POINT('',(-2.3241E0,3.048E-1,-8.001E0));
#5170=CARTESIAN_POINT('',(-2.7559E0,3.048E-1,-8.001E0));
#5171=VERTEX_POINT('',#5169);
#5172=VERTEX_POINT('',#5170);
#5173=CARTESIAN_POINT('',(-2.3241E0,3.81E-1,-7.641820241961E0));
#5174=CARTESIAN_POINT('',(-2.3241E0,3.81E-1,-7.998512569621E0));
#5175=VERTEX_POINT('',#5173);
#5176=VERTEX_POINT('',#5174);
#5177=CARTESIAN_POINT('',(-2.7559E0,3.81E-1,-7.998512569621E0));
#5178=CARTESIAN_POINT('',(-2.7559E0,3.81E-1,-7.641820241961E0));
#5179=VERTEX_POINT('',#5177);
#5180=VERTEX_POINT('',#5178);
#5181=CARTESIAN_POINT('',(-2.3241E0,5.746906342177E0,-1.010158E1));
#5182=CARTESIAN_POINT('',(-2.3241E0,6.149648252202E0,-1.010158E1));
#5183=VERTEX_POINT('',#5181);
#5184=VERTEX_POINT('',#5182);
#5185=CARTESIAN_POINT('',(-2.7559E0,5.746906342177E0,-1.010158E1));
#5186=CARTESIAN_POINT('',(-2.7559E0,6.149648252202E0,-1.010158E1));
#5187=VERTEX_POINT('',#5185);
#5188=VERTEX_POINT('',#5186);
#5189=CARTESIAN_POINT('',(-2.3241E0,2.286E0,-3.39598E0));
#5190=CARTESIAN_POINT('',(-2.3241E0,2.286E0,-3.166751695809E0));
#5191=VERTEX_POINT('',#5189);
#5192=VERTEX_POINT('',#5190);
#5193=CARTESIAN_POINT('',(-2.7559E0,2.286E0,-3.39598E0));
#5194=CARTESIAN_POINT('',(-2.7559E0,2.286E0,-3.166751695809E0));
#5195=VERTEX_POINT('',#5193);
#5196=VERTEX_POINT('',#5194);
#5197=CARTESIAN_POINT('',(-2.3241E0,2.8956E0,-4.739052701457E0));
#5198=CARTESIAN_POINT('',(-2.3241E0,2.8956E0,-3.981605332569E0));
#5199=VERTEX_POINT('',#5197);
#5200=VERTEX_POINT('',#5198);
#5201=CARTESIAN_POINT('',(-2.7559E0,2.8956E0,-4.739052701457E0));
#5202=CARTESIAN_POINT('',(-2.7559E0,2.8956E0,-3.981605332569E0));
#5203=VERTEX_POINT('',#5201);
#5204=VERTEX_POINT('',#5202);
#5205=CARTESIAN_POINT('',(-2.3241E0,2.569919097691E0,-3.39598E0));
#5206=VERTEX_POINT('',#5205);
#5207=CARTESIAN_POINT('',(-2.7559E0,2.569919097691E0,-3.39598E0));
#5208=VERTEX_POINT('',#5207);
#5209=CARTESIAN_POINT('',(2.921E-1,-2.54E0,-9.4234E0));
#5210=CARTESIAN_POINT('',(7.239E-1,-2.54E0,-9.4234E0));
#5211=VERTEX_POINT('',#5209);
#5212=VERTEX_POINT('',#5210);
#5213=CARTESIAN_POINT('',(7.239E-1,-2.54E0,-9.779E0));
#5214=VERTEX_POINT('',#5213);
#5215=CARTESIAN_POINT('',(2.921E-1,-2.54E0,-9.779E0));
#5216=VERTEX_POINT('',#5215);
#5217=CARTESIAN_POINT('',(2.921E-1,3.048E-1,-9.4234E0));
#5218=CARTESIAN_POINT('',(7.239E-1,3.048E-1,-9.4234E0));
#5219=VERTEX_POINT('',#5217);
#5220=VERTEX_POINT('',#5218);
#5221=CARTESIAN_POINT('',(7.239E-1,3.048E-1,-9.779E0));
#5222=CARTESIAN_POINT('',(2.921E-1,3.048E-1,-9.779E0));
#5223=VERTEX_POINT('',#5221);
#5224=VERTEX_POINT('',#5222);
#5225=CARTESIAN_POINT('',(7.239E-1,3.81E-1,-9.419820241961E0));
#5226=CARTESIAN_POINT('',(7.239E-1,3.81E-1,-9.776512569621E0));
#5227=VERTEX_POINT('',#5225);
#5228=VERTEX_POINT('',#5226);
#5229=CARTESIAN_POINT('',(2.921E-1,3.81E-1,-9.776512569621E0));
#5230=CARTESIAN_POINT('',(2.921E-1,3.81E-1,-9.419820241961E0));
#5231=VERTEX_POINT('',#5229);
#5232=VERTEX_POINT('',#5230);
#5233=CARTESIAN_POINT('',(7.239E-1,5.746906342177E0,-1.010158E1));
#5234=CARTESIAN_POINT('',(7.239E-1,6.149648252202E0,-1.010158E1));
#5235=VERTEX_POINT('',#5233);
#5236=VERTEX_POINT('',#5234);
#5237=CARTESIAN_POINT('',(2.921E-1,5.746906342177E0,-1.010158E1));
#5238=CARTESIAN_POINT('',(2.921E-1,6.149648252202E0,-1.010158E1));
#5239=VERTEX_POINT('',#5237);
#5240=VERTEX_POINT('',#5238);
#5241=CARTESIAN_POINT('',(7.239E-1,2.286E0,-3.39598E0));
#5242=CARTESIAN_POINT('',(7.239E-1,2.286E0,-3.166751695809E0));
#5243=VERTEX_POINT('',#5241);
#5244=VERTEX_POINT('',#5242);
#5245=CARTESIAN_POINT('',(2.921E-1,2.286E0,-3.39598E0));
#5246=CARTESIAN_POINT('',(2.921E-1,2.286E0,-3.166751695809E0));
#5247=VERTEX_POINT('',#5245);
#5248=VERTEX_POINT('',#5246);
#5249=CARTESIAN_POINT('',(7.239E-1,2.8956E0,-4.739052701457E0));
#5250=CARTESIAN_POINT('',(7.239E-1,2.8956E0,-3.981605332569E0));
#5251=VERTEX_POINT('',#5249);
#5252=VERTEX_POINT('',#5250);
#5253=CARTESIAN_POINT('',(2.921E-1,2.8956E0,-4.739052701457E0));
#5254=CARTESIAN_POINT('',(2.921E-1,2.8956E0,-3.981605332569E0));
#5255=VERTEX_POINT('',#5253);
#5256=VERTEX_POINT('',#5254);
#5257=CARTESIAN_POINT('',(7.239E-1,2.569919097691E0,-3.39598E0));
#5258=VERTEX_POINT('',#5257);
#5259=CARTESIAN_POINT('',(2.921E-1,2.569919097691E0,-3.39598E0));
#5260=VERTEX_POINT('',#5259);
#5261=CARTESIAN_POINT('',(-1.7399E0,-2.54E0,-9.4234E0));
#5262=CARTESIAN_POINT('',(-1.3081E0,-2.54E0,-9.4234E0));
#5263=VERTEX_POINT('',#5261);
#5264=VERTEX_POINT('',#5262);
#5265=CARTESIAN_POINT('',(-1.3081E0,-2.54E0,-9.779E0));
#5266=VERTEX_POINT('',#5265);
#5267=CARTESIAN_POINT('',(-1.7399E0,-2.54E0,-9.779E0));
#5268=VERTEX_POINT('',#5267);
#5269=CARTESIAN_POINT('',(-1.7399E0,3.048E-1,-9.4234E0));
#5270=CARTESIAN_POINT('',(-1.3081E0,3.048E-1,-9.4234E0));
#5271=VERTEX_POINT('',#5269);
#5272=VERTEX_POINT('',#5270);
#5273=CARTESIAN_POINT('',(-1.3081E0,3.048E-1,-9.779E0));
#5274=CARTESIAN_POINT('',(-1.7399E0,3.048E-1,-9.779E0));
#5275=VERTEX_POINT('',#5273);
#5276=VERTEX_POINT('',#5274);
#5277=CARTESIAN_POINT('',(-1.3081E0,3.81E-1,-9.419820241961E0));
#5278=CARTESIAN_POINT('',(-1.3081E0,3.81E-1,-9.776512569621E0));
#5279=VERTEX_POINT('',#5277);
#5280=VERTEX_POINT('',#5278);
#5281=CARTESIAN_POINT('',(-1.7399E0,3.81E-1,-9.776512569621E0));
#5282=CARTESIAN_POINT('',(-1.7399E0,3.81E-1,-9.419820241961E0));
#5283=VERTEX_POINT('',#5281);
#5284=VERTEX_POINT('',#5282);
#5285=CARTESIAN_POINT('',(-1.3081E0,5.746906342177E0,-1.010158E1));
#5286=CARTESIAN_POINT('',(-1.3081E0,6.149648252202E0,-1.010158E1));
#5287=VERTEX_POINT('',#5285);
#5288=VERTEX_POINT('',#5286);
#5289=CARTESIAN_POINT('',(-1.7399E0,5.746906342177E0,-1.010158E1));
#5290=CARTESIAN_POINT('',(-1.7399E0,6.149648252202E0,-1.010158E1));
#5291=VERTEX_POINT('',#5289);
#5292=VERTEX_POINT('',#5290);
#5293=CARTESIAN_POINT('',(-1.3081E0,2.286E0,-3.39598E0));
#5294=CARTESIAN_POINT('',(-1.3081E0,2.286E0,-3.166751695809E0));
#5295=VERTEX_POINT('',#5293);
#5296=VERTEX_POINT('',#5294);
#5297=CARTESIAN_POINT('',(-1.7399E0,2.286E0,-3.39598E0));
#5298=CARTESIAN_POINT('',(-1.7399E0,2.286E0,-3.166751695809E0));
#5299=VERTEX_POINT('',#5297);
#5300=VERTEX_POINT('',#5298);
#5301=CARTESIAN_POINT('',(-1.3081E0,2.8956E0,-4.739052701457E0));
#5302=CARTESIAN_POINT('',(-1.3081E0,2.8956E0,-3.981605332569E0));
#5303=VERTEX_POINT('',#5301);
#5304=VERTEX_POINT('',#5302);
#5305=CARTESIAN_POINT('',(-1.7399E0,2.8956E0,-4.739052701457E0));
#5306=CARTESIAN_POINT('',(-1.7399E0,2.8956E0,-3.981605332569E0));
#5307=VERTEX_POINT('',#5305);
#5308=VERTEX_POINT('',#5306);
#5309=CARTESIAN_POINT('',(-1.3081E0,2.569919097691E0,-3.39598E0));
#5310=VERTEX_POINT('',#5309);
#5311=CARTESIAN_POINT('',(-1.7399E0,2.569919097691E0,-3.39598E0));
#5312=VERTEX_POINT('',#5311);
#5313=CARTESIAN_POINT('',(-3.7719E0,-2.54E0,-9.4234E0));
#5314=CARTESIAN_POINT('',(-3.3401E0,-2.54E0,-9.4234E0));
#5315=VERTEX_POINT('',#5313);
#5316=VERTEX_POINT('',#5314);
#5317=CARTESIAN_POINT('',(-3.3401E0,-2.54E0,-9.779E0));
#5318=VERTEX_POINT('',#5317);
#5319=CARTESIAN_POINT('',(-3.7719E0,-2.54E0,-9.779E0));
#5320=VERTEX_POINT('',#5319);
#5321=CARTESIAN_POINT('',(-3.7719E0,3.048E-1,-9.4234E0));
#5322=CARTESIAN_POINT('',(-3.3401E0,3.048E-1,-9.4234E0));
#5323=VERTEX_POINT('',#5321);
#5324=VERTEX_POINT('',#5322);
#5325=CARTESIAN_POINT('',(-3.3401E0,3.048E-1,-9.779E0));
#5326=CARTESIAN_POINT('',(-3.7719E0,3.048E-1,-9.779E0));
#5327=VERTEX_POINT('',#5325);
#5328=VERTEX_POINT('',#5326);
#5329=CARTESIAN_POINT('',(-3.3401E0,3.81E-1,-9.419820241961E0));
#5330=CARTESIAN_POINT('',(-3.3401E0,3.81E-1,-9.776512569621E0));
#5331=VERTEX_POINT('',#5329);
#5332=VERTEX_POINT('',#5330);
#5333=CARTESIAN_POINT('',(-3.7719E0,3.81E-1,-9.776512569621E0));
#5334=CARTESIAN_POINT('',(-3.7719E0,3.81E-1,-9.419820241961E0));
#5335=VERTEX_POINT('',#5333);
#5336=VERTEX_POINT('',#5334);
#5337=CARTESIAN_POINT('',(-3.3401E0,5.746906342177E0,-1.010158E1));
#5338=CARTESIAN_POINT('',(-3.3401E0,6.149648252202E0,-1.010158E1));
#5339=VERTEX_POINT('',#5337);
#5340=VERTEX_POINT('',#5338);
#5341=CARTESIAN_POINT('',(-3.7719E0,5.746906342177E0,-1.010158E1));
#5342=CARTESIAN_POINT('',(-3.7719E0,6.149648252202E0,-1.010158E1));
#5343=VERTEX_POINT('',#5341);
#5344=VERTEX_POINT('',#5342);
#5345=CARTESIAN_POINT('',(-3.3401E0,2.286E0,-3.39598E0));
#5346=CARTESIAN_POINT('',(-3.3401E0,2.286E0,-3.166751695809E0));
#5347=VERTEX_POINT('',#5345);
#5348=VERTEX_POINT('',#5346);
#5349=CARTESIAN_POINT('',(-3.7719E0,2.286E0,-3.39598E0));
#5350=CARTESIAN_POINT('',(-3.7719E0,2.286E0,-3.166751695809E0));
#5351=VERTEX_POINT('',#5349);
#5352=VERTEX_POINT('',#5350);
#5353=CARTESIAN_POINT('',(-3.3401E0,2.8956E0,-4.739052701457E0));
#5354=CARTESIAN_POINT('',(-3.3401E0,2.8956E0,-3.981605332569E0));
#5355=VERTEX_POINT('',#5353);
#5356=VERTEX_POINT('',#5354);
#5357=CARTESIAN_POINT('',(-3.7719E0,2.8956E0,-4.739052701457E0));
#5358=CARTESIAN_POINT('',(-3.7719E0,2.8956E0,-3.981605332569E0));
#5359=VERTEX_POINT('',#5357);
#5360=VERTEX_POINT('',#5358);
#5361=CARTESIAN_POINT('',(-3.3401E0,2.569919097691E0,-3.39598E0));
#5362=VERTEX_POINT('',#5361);
#5363=CARTESIAN_POINT('',(-3.7719E0,2.569919097691E0,-3.39598E0));
#5364=VERTEX_POINT('',#5363);
#5365=CARTESIAN_POINT('',(-5.358616919035E0,7.43458E0,-3.362019771305E0));
#5366=CARTESIAN_POINT('',(-5.393200868685E0,7.05358E0,-3.741446905846E0));
#5367=VERTEX_POINT('',#5365);
#5368=VERTEX_POINT('',#5366);
#5369=CARTESIAN_POINT('',(-5.198428272953E0,7.05358E0,-3.7592E0));
#5370=VERTEX_POINT('',#5369);
#5371=CARTESIAN_POINT('',(-5.163844323303E0,7.43458E0,-3.379772865458E0));
#5372=VERTEX_POINT('',#5371);
#5373=CARTESIAN_POINT('',(-5.163844323303E0,5.14858E0,-3.379772865458E0));
#5374=CARTESIAN_POINT('',(-5.198428272953E0,5.52958E0,-3.7592E0));
#5375=VERTEX_POINT('',#5373);
#5376=VERTEX_POINT('',#5374);
#5377=CARTESIAN_POINT('',(-5.393200868685E0,5.52958E0,-3.741446905846E0));
#5378=VERTEX_POINT('',#5377);
#5379=CARTESIAN_POINT('',(-5.358616919035E0,5.14858E0,-3.362019771305E0));
#5380=VERTEX_POINT('',#5379);
#5381=CARTESIAN_POINT('',(5.163844323303E0,7.43458E0,-3.379772865458E0));
#5382=CARTESIAN_POINT('',(5.198428272953E0,7.05358E0,-3.7592E0));
#5383=VERTEX_POINT('',#5381);
#5384=VERTEX_POINT('',#5382);
#5385=CARTESIAN_POINT('',(5.393200868685E0,7.05358E0,-3.741446905846E0));
#5386=VERTEX_POINT('',#5385);
#5387=CARTESIAN_POINT('',(5.358616919035E0,7.43458E0,-3.362019771305E0));
#5388=VERTEX_POINT('',#5387);
#5389=CARTESIAN_POINT('',(5.358616919035E0,5.14858E0,-3.362019771305E0));
#5390=CARTESIAN_POINT('',(5.393200868685E0,5.52958E0,-3.741446905846E0));
#5391=VERTEX_POINT('',#5389);
#5392=VERTEX_POINT('',#5390);
#5393=CARTESIAN_POINT('',(5.198428272953E0,5.52958E0,-3.7592E0));
#5394=VERTEX_POINT('',#5393);
#5395=CARTESIAN_POINT('',(5.163844323303E0,5.14858E0,-3.379772865458E0));
#5396=VERTEX_POINT('',#5395);
#5397=CARTESIAN_POINT('',(-7.93242E0,0.E0,0.E0));
#5398=DIRECTION('',(1.E0,0.E0,0.E0));
#5399=DIRECTION('',(0.E0,0.E0,-1.E0));
#5400=AXIS2_PLACEMENT_3D('',#5397,#5398,#5399);
#5401=PLANE('',#5400);
#5403=ORIENTED_EDGE('',*,*,#5402,.F.);
#5405=ORIENTED_EDGE('',*,*,#5404,.F.);
#5407=ORIENTED_EDGE('',*,*,#5406,.F.);
#5409=ORIENTED_EDGE('',*,*,#5408,.T.);
#5410=EDGE_LOOP('',(#5403,#5405,#5407,#5409));
#5411=FACE_OUTER_BOUND('',#5410,.F.);
#5413=CARTESIAN_POINT('',(-7.93242E0,0.E0,0.E0));
#5414=DIRECTION('',(1.E0,0.E0,0.E0));
#5415=DIRECTION('',(0.E0,0.E0,-1.E0));
#5416=AXIS2_PLACEMENT_3D('',#5413,#5414,#5415);
#5417=PLANE('',#5416);
#5419=ORIENTED_EDGE('',*,*,#5418,.F.);
#5421=ORIENTED_EDGE('',*,*,#5420,.F.);
#5423=ORIENTED_EDGE('',*,*,#5422,.F.);
#5425=ORIENTED_EDGE('',*,*,#5424,.T.);
#5426=EDGE_LOOP('',(#5419,#5421,#5423,#5425));
#5427=FACE_OUTER_BOUND('',#5426,.F.);
#5429=CARTESIAN_POINT('',(-7.93242E0,0.E0,0.E0));
#5430=DIRECTION('',(1.E0,0.E0,0.E0));
#5431=DIRECTION('',(0.E0,0.E0,-1.E0));
#5432=AXIS2_PLACEMENT_3D('',#5429,#5430,#5431);
#5433=PLANE('',#5432);
#5435=ORIENTED_EDGE('',*,*,#5434,.F.);
#5437=ORIENTED_EDGE('',*,*,#5436,.T.);
#5439=ORIENTED_EDGE('',*,*,#5438,.T.);
#5441=ORIENTED_EDGE('',*,*,#5440,.F.);
#5442=EDGE_LOOP('',(#5435,#5437,#5439,#5441));
#5443=FACE_OUTER_BOUND('',#5442,.F.);
#5445=CARTESIAN_POINT('',(-7.67842E0,3.418763088800E1,-1.518158E1));
#5446=DIRECTION('',(0.E0,-1.E0,0.E0));
#5447=DIRECTION('',(-1.E0,0.E0,0.E0));
#5448=AXIS2_PLACEMENT_3D('',#5445,#5446,#5447);
#5449=CYLINDRICAL_SURFACE('',#5448,2.54E-1);
#5451=ORIENTED_EDGE('',*,*,#5450,.T.);
#5453=ORIENTED_EDGE('',*,*,#5452,.F.);
#5455=ORIENTED_EDGE('',*,*,#5454,.T.);
#5456=ORIENTED_EDGE('',*,*,#5402,.T.);
#5457=EDGE_LOOP('',(#5451,#5453,#5455,#5456));
#5458=FACE_OUTER_BOUND('',#5457,.F.);
#5460=CARTESIAN_POINT('',(-7.93242E0,3.81E-1,-1.9558E-1));
#5461=DIRECTION('',(0.E0,-1.E0,0.E0));
#5462=DIRECTION('',(0.E0,0.E0,-1.E0));
#5463=AXIS2_PLACEMENT_3D('',#5460,#5461,#5462);
#5464=PLANE('',#5463);
#5466=ORIENTED_EDGE('',*,*,#5465,.F.);
#5467=ORIENTED_EDGE('',*,*,#5424,.F.);
#5469=ORIENTED_EDGE('',*,*,#5468,.F.);
#5471=ORIENTED_EDGE('',*,*,#5470,.T.);
#5473=ORIENTED_EDGE('',*,*,#5472,.T.);
#5475=ORIENTED_EDGE('',*,*,#5474,.F.);
#5477=ORIENTED_EDGE('',*,*,#5476,.F.);
#5479=ORIENTED_EDGE('',*,*,#5478,.F.);
#5481=ORIENTED_EDGE('',*,*,#5480,.F.);
#5483=ORIENTED_EDGE('',*,*,#5482,.F.);
#5485=ORIENTED_EDGE('',*,*,#5484,.F.);
#5487=ORIENTED_EDGE('',*,*,#5486,.T.);
#5489=ORIENTED_EDGE('',*,*,#5488,.F.);
#5491=ORIENTED_EDGE('',*,*,#5490,.F.);
#5493=ORIENTED_EDGE('',*,*,#5492,.F.);
#5495=ORIENTED_EDGE('',*,*,#5494,.F.);
#5497=ORIENTED_EDGE('',*,*,#5496,.F.);
#5499=ORIENTED_EDGE('',*,*,#5498,.F.);
#5501=ORIENTED_EDGE('',*,*,#5500,.F.);
#5503=ORIENTED_EDGE('',*,*,#5502,.F.);
#5505=ORIENTED_EDGE('',*,*,#5504,.F.);
#5507=ORIENTED_EDGE('',*,*,#5506,.T.);
#5509=ORIENTED_EDGE('',*,*,#5508,.F.);
#5511=ORIENTED_EDGE('',*,*,#5510,.T.);
#5513=ORIENTED_EDGE('',*,*,#5512,.F.);
#5515=ORIENTED_EDGE('',*,*,#5514,.T.);
#5517=ORIENTED_EDGE('',*,*,#5516,.T.);
#5519=ORIENTED_EDGE('',*,*,#5518,.T.);
#5521=ORIENTED_EDGE('',*,*,#5520,.F.);
#5523=ORIENTED_EDGE('',*,*,#5522,.F.);
#5524=ORIENTED_EDGE('',*,*,#5450,.F.);
#5525=ORIENTED_EDGE('',*,*,#5408,.F.);
#5527=ORIENTED_EDGE('',*,*,#5526,.T.);
#5529=ORIENTED_EDGE('',*,*,#5528,.F.);
#5531=ORIENTED_EDGE('',*,*,#5530,.F.);
#5532=ORIENTED_EDGE('',*,*,#5436,.F.);
#5533=EDGE_LOOP('',(#5466,#5467,#5469,#5471,#5473,#5475,#5477,#5479,#5481,#5483,
#5485,#5487,#5489,#5491,#5493,#5495,#5497,#5499,#5501,#5503,#5505,#5507,#5509,
#5511,#5513,#5515,#5517,#5519,#5521,#5523,#5524,#5525,#5527,#5529,#5531,#5532));
#5534=FACE_OUTER_BOUND('',#5533,.F.);
#5536=ORIENTED_EDGE('',*,*,#5535,.F.);
#5538=ORIENTED_EDGE('',*,*,#5537,.F.);
#5540=ORIENTED_EDGE('',*,*,#5539,.F.);
#5542=ORIENTED_EDGE('',*,*,#5541,.T.);
#5543=EDGE_LOOP('',(#5536,#5538,#5540,#5542));
#5544=FACE_BOUND('',#5543,.F.);
#5546=ORIENTED_EDGE('',*,*,#5545,.F.);
#5548=ORIENTED_EDGE('',*,*,#5547,.F.);
#5550=ORIENTED_EDGE('',*,*,#5549,.F.);
#5552=ORIENTED_EDGE('',*,*,#5551,.T.);
#5553=EDGE_LOOP('',(#5546,#5548,#5550,#5552));
#5554=FACE_BOUND('',#5553,.F.);
#5556=ORIENTED_EDGE('',*,*,#5555,.F.);
#5558=ORIENTED_EDGE('',*,*,#5557,.F.);
#5560=ORIENTED_EDGE('',*,*,#5559,.F.);
#5562=ORIENTED_EDGE('',*,*,#5561,.T.);
#5563=EDGE_LOOP('',(#5556,#5558,#5560,#5562));
#5564=FACE_BOUND('',#5563,.F.);
#5566=ORIENTED_EDGE('',*,*,#5565,.F.);
#5568=ORIENTED_EDGE('',*,*,#5567,.F.);
#5570=ORIENTED_EDGE('',*,*,#5569,.F.);
#5572=ORIENTED_EDGE('',*,*,#5571,.T.);
#5573=EDGE_LOOP('',(#5566,#5568,#5570,#5572));
#5574=FACE_BOUND('',#5573,.F.);
#5576=ORIENTED_EDGE('',*,*,#5575,.F.);
#5578=ORIENTED_EDGE('',*,*,#5577,.F.);
#5580=ORIENTED_EDGE('',*,*,#5579,.F.);
#5582=ORIENTED_EDGE('',*,*,#5581,.T.);
#5583=EDGE_LOOP('',(#5576,#5578,#5580,#5582));
#5584=FACE_BOUND('',#5583,.F.);
#5586=ORIENTED_EDGE('',*,*,#5585,.F.);
#5588=ORIENTED_EDGE('',*,*,#5587,.F.);
#5590=ORIENTED_EDGE('',*,*,#5589,.F.);
#5592=ORIENTED_EDGE('',*,*,#5591,.T.);
#5593=EDGE_LOOP('',(#5586,#5588,#5590,#5592));
#5594=FACE_BOUND('',#5593,.F.);
#5596=ORIENTED_EDGE('',*,*,#5595,.F.);
#5598=ORIENTED_EDGE('',*,*,#5597,.F.);
#5600=ORIENTED_EDGE('',*,*,#5599,.F.);
#5602=ORIENTED_EDGE('',*,*,#5601,.T.);
#5603=EDGE_LOOP('',(#5596,#5598,#5600,#5602));
#5604=FACE_BOUND('',#5603,.F.);
#5606=ORIENTED_EDGE('',*,*,#5605,.T.);
#5608=ORIENTED_EDGE('',*,*,#5607,.F.);
#5610=ORIENTED_EDGE('',*,*,#5609,.T.);
#5612=ORIENTED_EDGE('',*,*,#5611,.T.);
#5614=ORIENTED_EDGE('',*,*,#5613,.T.);
#5616=ORIENTED_EDGE('',*,*,#5615,.F.);
#5618=ORIENTED_EDGE('',*,*,#5617,.T.);
#5620=ORIENTED_EDGE('',*,*,#5619,.T.);
#5622=ORIENTED_EDGE('',*,*,#5621,.T.);
#5624=ORIENTED_EDGE('',*,*,#5623,.T.);
#5625=EDGE_LOOP('',(#5606,#5608,#5610,#5612,#5614,#5616,#5618,#5620,#5622,
#5624));
#5626=FACE_BOUND('',#5625,.F.);
#5628=ORIENTED_EDGE('',*,*,#5627,.T.);
#5630=ORIENTED_EDGE('',*,*,#5629,.F.);
#5632=ORIENTED_EDGE('',*,*,#5631,.T.);
#5634=ORIENTED_EDGE('',*,*,#5633,.T.);
#5636=ORIENTED_EDGE('',*,*,#5635,.T.);
#5638=ORIENTED_EDGE('',*,*,#5637,.T.);
#5640=ORIENTED_EDGE('',*,*,#5639,.T.);
#5642=ORIENTED_EDGE('',*,*,#5641,.F.);
#5644=ORIENTED_EDGE('',*,*,#5643,.T.);
#5646=ORIENTED_EDGE('',*,*,#5645,.T.);
#5647=EDGE_LOOP('',(#5628,#5630,#5632,#5634,#5636,#5638,#5640,#5642,#5644,
#5646));
#5648=FACE_BOUND('',#5647,.F.);
#5650=ORIENTED_EDGE('',*,*,#5649,.F.);
#5652=ORIENTED_EDGE('',*,*,#5651,.F.);
#5654=ORIENTED_EDGE('',*,*,#5653,.F.);
#5656=ORIENTED_EDGE('',*,*,#5655,.T.);
#5657=EDGE_LOOP('',(#5650,#5652,#5654,#5656));
#5658=FACE_BOUND('',#5657,.F.);
#5660=CARTESIAN_POINT('',(3.7719E0,-2.54E0,-7.6454E0));
#5661=DIRECTION('',(1.E0,0.E0,0.E0));
#5662=DIRECTION('',(0.E0,0.E0,-1.E0));
#5663=AXIS2_PLACEMENT_3D('',#5660,#5661,#5662);
#5664=PLANE('',#5663);
#5665=ORIENTED_EDGE('',*,*,#5649,.T.);
#5667=ORIENTED_EDGE('',*,*,#5666,.F.);
#5669=ORIENTED_EDGE('',*,*,#5668,.F.);
#5671=ORIENTED_EDGE('',*,*,#5670,.F.);
#5673=ORIENTED_EDGE('',*,*,#5672,.T.);
#5675=ORIENTED_EDGE('',*,*,#5674,.T.);
#5676=EDGE_LOOP('',(#5665,#5667,#5669,#5671,#5673,#5675));
#5677=FACE_OUTER_BOUND('',#5676,.F.);
#5679=CARTESIAN_POINT('',(3.7719E0,-2.54E0,-7.6454E0));
#5680=DIRECTION('',(1.E0,0.E0,0.E0));
#5681=DIRECTION('',(0.E0,0.E0,-1.E0));
#5682=AXIS2_PLACEMENT_3D('',#5679,#5680,#5681);
#5683=PLANE('',#5682);
#5685=ORIENTED_EDGE('',*,*,#5684,.F.);
#5687=ORIENTED_EDGE('',*,*,#5686,.F.);
#5689=ORIENTED_EDGE('',*,*,#5688,.T.);
#5691=ORIENTED_EDGE('',*,*,#5690,.T.);
#5692=EDGE_LOOP('',(#5685,#5687,#5689,#5691));
#5693=FACE_OUTER_BOUND('',#5692,.F.);
#5695=CARTESIAN_POINT('',(3.7719E0,-2.54E0,-7.6454E0));
#5696=DIRECTION('',(1.E0,0.E0,0.E0));
#5697=DIRECTION('',(0.E0,0.E0,-1.E0));
#5698=AXIS2_PLACEMENT_3D('',#5695,#5696,#5697);
#5699=PLANE('',#5698);
#5701=ORIENTED_EDGE('',*,*,#5700,.T.);
#5703=ORIENTED_EDGE('',*,*,#5702,.T.);
#5705=ORIENTED_EDGE('',*,*,#5704,.F.);
#5706=EDGE_LOOP('',(#5701,#5703,#5705));
#5707=FACE_OUTER_BOUND('',#5706,.F.);
#5709=CARTESIAN_POINT('',(2.556E0,3.048E-1,-6.8326E0));
#5710=DIRECTION('',(1.E0,0.E0,0.E0));
#5711=DIRECTION('',(0.E0,0.E0,1.E0));
#5712=AXIS2_PLACEMENT_3D('',#5709,#5710,#5711);
#5713=CYLINDRICAL_SURFACE('',#5712,1.1684E0);
#5714=ORIENTED_EDGE('',*,*,#5655,.F.);
#5716=ORIENTED_EDGE('',*,*,#5715,.F.);
#5718=ORIENTED_EDGE('',*,*,#5717,.F.);
#5719=ORIENTED_EDGE('',*,*,#5666,.T.);
#5720=EDGE_LOOP('',(#5714,#5716,#5718,#5719));
#5721=FACE_OUTER_BOUND('',#5720,.F.);
#5723=CARTESIAN_POINT('',(3.3401E0,-2.54E0,-8.001E0));
#5724=DIRECTION('',(-1.E0,0.E0,0.E0));
#5725=DIRECTION('',(0.E0,0.E0,1.E0));
#5726=AXIS2_PLACEMENT_3D('',#5723,#5724,#5725);
#5727=PLANE('',#5726);
#5728=ORIENTED_EDGE('',*,*,#5653,.T.);
#5730=ORIENTED_EDGE('',*,*,#5729,.F.);
#5732=ORIENTED_EDGE('',*,*,#5731,.F.);
#5734=ORIENTED_EDGE('',*,*,#5733,.F.);
#5736=ORIENTED_EDGE('',*,*,#5735,.T.);
#5737=ORIENTED_EDGE('',*,*,#5715,.T.);
#5738=EDGE_LOOP('',(#5728,#5730,#5732,#5734,#5736,#5737));
#5739=FACE_OUTER_BOUND('',#5738,.F.);
#5741=CARTESIAN_POINT('',(3.3401E0,-2.54E0,-8.001E0));
#5742=DIRECTION('',(-1.E0,0.E0,0.E0));
#5743=DIRECTION('',(0.E0,0.E0,1.E0));
#5744=AXIS2_PLACEMENT_3D('',#5741,#5742,#5743);
#5745=PLANE('',#5744);
#5747=ORIENTED_EDGE('',*,*,#5746,.T.);
#5749=ORIENTED_EDGE('',*,*,#5748,.F.);
#5751=ORIENTED_EDGE('',*,*,#5750,.F.);
#5753=ORIENTED_EDGE('',*,*,#5752,.T.);
#5754=EDGE_LOOP('',(#5747,#5749,#5751,#5753));
#5755=FACE_OUTER_BOUND('',#5754,.F.);
#5757=CARTESIAN_POINT('',(3.3401E0,-2.54E0,-8.001E0));
#5758=DIRECTION('',(-1.E0,0.E0,0.E0));
#5759=DIRECTION('',(0.E0,0.E0,1.E0));
#5760=AXIS2_PLACEMENT_3D('',#5757,#5758,#5759);
#5761=PLANE('',#5760);
#5763=ORIENTED_EDGE('',*,*,#5762,.F.);
#5765=ORIENTED_EDGE('',*,*,#5764,.T.);
#5767=ORIENTED_EDGE('',*,*,#5766,.F.);
#5768=EDGE_LOOP('',(#5763,#5765,#5767));
#5769=FACE_OUTER_BOUND('',#5768,.F.);
#5771=CARTESIAN_POINT('',(2.556E0,3.048E-1,-6.8326E0));
#5772=DIRECTION('',(1.E0,0.E0,0.E0));
#5773=DIRECTION('',(0.E0,0.E0,1.E0));
#5774=AXIS2_PLACEMENT_3D('',#5771,#5772,#5773);
#5775=CYLINDRICAL_SURFACE('',#5774,8.128E-1);
#5776=ORIENTED_EDGE('',*,*,#5651,.T.);
#5777=ORIENTED_EDGE('',*,*,#5674,.F.);
#5779=ORIENTED_EDGE('',*,*,#5778,.F.);
#5780=ORIENTED_EDGE('',*,*,#5729,.T.);
#5781=EDGE_LOOP('',(#5776,#5777,#5779,#5780));
#5782=FACE_OUTER_BOUND('',#5781,.F.);
#5784=CARTESIAN_POINT('',(3.3401E0,-2.54E0,-7.6454E0));
#5785=DIRECTION('',(0.E0,0.E0,1.E0));
#5786=DIRECTION('',(1.E0,0.E0,0.E0));
#5787=AXIS2_PLACEMENT_3D('',#5784,#5785,#5786);
#5788=PLANE('',#5787);
#5790=ORIENTED_EDGE('',*,*,#5789,.F.);
#5791=ORIENTED_EDGE('',*,*,#5731,.T.);
#5792=ORIENTED_EDGE('',*,*,#5778,.T.);
#5793=ORIENTED_EDGE('',*,*,#5672,.F.);
#5794=EDGE_LOOP('',(#5790,#5791,#5792,#5793));
#5795=FACE_OUTER_BOUND('',#5794,.F.);
#5797=CARTESIAN_POINT('',(3.556E0,-2.54E0,-7.6454E0));
#5798=DIRECTION('',(0.E0,1.E0,0.E0));
#5799=DIRECTION('',(0.E0,0.E0,-1.E0));
#5800=AXIS2_PLACEMENT_3D('',#5797,#5798,#5799);
#5801=PLANE('',#5800);
#5802=ORIENTED_EDGE('',*,*,#5789,.T.);
#5803=ORIENTED_EDGE('',*,*,#5670,.T.);
#5805=ORIENTED_EDGE('',*,*,#5804,.T.);
#5806=ORIENTED_EDGE('',*,*,#5733,.T.);
#5807=EDGE_LOOP('',(#5802,#5803,#5805,#5806));
#5808=FACE_OUTER_BOUND('',#5807,.F.);
#5810=CARTESIAN_POINT('',(3.7719E0,-2.54E0,-8.001E0));
#5811=DIRECTION('',(0.E0,0.E0,-1.E0));
#5812=DIRECTION('',(-1.E0,0.E0,0.E0));
#5813=AXIS2_PLACEMENT_3D('',#5810,#5811,#5812);
#5814=PLANE('',#5813);
#5815=ORIENTED_EDGE('',*,*,#5804,.F.);
#5816=ORIENTED_EDGE('',*,*,#5668,.T.);
#5817=ORIENTED_EDGE('',*,*,#5717,.T.);
#5818=ORIENTED_EDGE('',*,*,#5735,.F.);
#5819=EDGE_LOOP('',(#5815,#5816,#5817,#5818));
#5820=FACE_OUTER_BOUND('',#5819,.F.);
#5822=CARTESIAN_POINT('',(0.E0,0.E0,-1.010158E1));
#5823=DIRECTION('',(0.E0,0.E0,1.E0));
#5824=DIRECTION('',(1.E0,0.E0,0.E0));
#5825=AXIS2_PLACEMENT_3D('',#5822,#5823,#5824);
#5826=PLANE('',#5825);
#5828=ORIENTED_EDGE('',*,*,#5827,.T.);
#5830=ORIENTED_EDGE('',*,*,#5829,.T.);
#5832=ORIENTED_EDGE('',*,*,#5831,.T.);
#5834=ORIENTED_EDGE('',*,*,#5833,.F.);
#5836=ORIENTED_EDGE('',*,*,#5835,.F.);
#5838=ORIENTED_EDGE('',*,*,#5837,.F.);
#5840=ORIENTED_EDGE('',*,*,#5839,.F.);
#5842=ORIENTED_EDGE('',*,*,#5841,.F.);
#5844=ORIENTED_EDGE('',*,*,#5843,.F.);
#5846=ORIENTED_EDGE('',*,*,#5845,.F.);
#5848=ORIENTED_EDGE('',*,*,#5847,.F.);
#5850=ORIENTED_EDGE('',*,*,#5849,.F.);
#5851=EDGE_LOOP('',(#5828,#5830,#5832,#5834,#5836,#5838,#5840,#5842,#5844,#5846,
#5848,#5850));
#5852=FACE_OUTER_BOUND('',#5851,.F.);
#5853=ORIENTED_EDGE('',*,*,#5684,.T.);
#5855=ORIENTED_EDGE('',*,*,#5854,.F.);
#5856=ORIENTED_EDGE('',*,*,#5746,.F.);
#5858=ORIENTED_EDGE('',*,*,#5857,.F.);
#5859=EDGE_LOOP('',(#5853,#5855,#5856,#5858));
#5860=FACE_BOUND('',#5859,.F.);
#5862=ORIENTED_EDGE('',*,*,#5861,.T.);
#5864=ORIENTED_EDGE('',*,*,#5863,.F.);
#5866=ORIENTED_EDGE('',*,*,#5865,.F.);
#5868=ORIENTED_EDGE('',*,*,#5867,.F.);
#5869=EDGE_LOOP('',(#5862,#5864,#5866,#5868));
#5870=FACE_BOUND('',#5869,.F.);
#5872=ORIENTED_EDGE('',*,*,#5871,.T.);
#5874=ORIENTED_EDGE('',*,*,#5873,.F.);
#5876=ORIENTED_EDGE('',*,*,#5875,.F.);
#5878=ORIENTED_EDGE('',*,*,#5877,.F.);
#5879=EDGE_LOOP('',(#5872,#5874,#5876,#5878));
#5880=FACE_BOUND('',#5879,.F.);
#5882=ORIENTED_EDGE('',*,*,#5881,.T.);
#5884=ORIENTED_EDGE('',*,*,#5883,.F.);
#5886=ORIENTED_EDGE('',*,*,#5885,.F.);
#5888=ORIENTED_EDGE('',*,*,#5887,.F.);
#5889=EDGE_LOOP('',(#5882,#5884,#5886,#5888));
#5890=FACE_BOUND('',#5889,.F.);
#5892=ORIENTED_EDGE('',*,*,#5891,.T.);
#5894=ORIENTED_EDGE('',*,*,#5893,.F.);
#5896=ORIENTED_EDGE('',*,*,#5895,.F.);
#5898=ORIENTED_EDGE('',*,*,#5897,.F.);
#5899=EDGE_LOOP('',(#5892,#5894,#5896,#5898));
#5900=FACE_BOUND('',#5899,.F.);
#5902=ORIENTED_EDGE('',*,*,#5901,.T.);
#5904=ORIENTED_EDGE('',*,*,#5903,.F.);
#5906=ORIENTED_EDGE('',*,*,#5905,.F.);
#5908=ORIENTED_EDGE('',*,*,#5907,.F.);
#5909=EDGE_LOOP('',(#5902,#5904,#5906,#5908));
#5910=FACE_BOUND('',#5909,.F.);
#5912=ORIENTED_EDGE('',*,*,#5911,.T.);
#5914=ORIENTED_EDGE('',*,*,#5913,.F.);
#5916=ORIENTED_EDGE('',*,*,#5915,.F.);
#5918=ORIENTED_EDGE('',*,*,#5917,.F.);
#5919=EDGE_LOOP('',(#5912,#5914,#5916,#5918));
#5920=FACE_BOUND('',#5919,.F.);
#5922=ORIENTED_EDGE('',*,*,#5921,.T.);
#5924=ORIENTED_EDGE('',*,*,#5923,.F.);
#5926=ORIENTED_EDGE('',*,*,#5925,.F.);
#5928=ORIENTED_EDGE('',*,*,#5927,.F.);
#5929=EDGE_LOOP('',(#5922,#5924,#5926,#5928));
#5930=FACE_BOUND('',#5929,.F.);
#5932=CARTESIAN_POINT('',(-5.9563E0,9.7282E0,-1.9558E-1));
#5933=DIRECTION('',(-1.E0,0.E0,0.E0));
#5934=DIRECTION('',(0.E0,-1.E0,0.E0));
#5935=AXIS2_PLACEMENT_3D('',#5932,#5933,#5934);
#5936=PLANE('',#5935);
#5938=ORIENTED_EDGE('',*,*,#5937,.T.);
#5940=ORIENTED_EDGE('',*,*,#5939,.F.);
#5942=ORIENTED_EDGE('',*,*,#5941,.T.);
#5944=ORIENTED_EDGE('',*,*,#5943,.F.);
#5946=ORIENTED_EDGE('',*,*,#5945,.F.);
#5947=ORIENTED_EDGE('',*,*,#5827,.F.);
#5949=ORIENTED_EDGE('',*,*,#5948,.F.);
#5951=ORIENTED_EDGE('',*,*,#5950,.T.);
#5953=ORIENTED_EDGE('',*,*,#5952,.T.);
#5954=EDGE_LOOP('',(#5938,#5940,#5942,#5944,#5946,#5947,#5949,#5951,#5953));
#5955=FACE_OUTER_BOUND('',#5954,.F.);
#5957=CARTESIAN_POINT('',(0.E0,0.E0,-6.95198E0));
#5958=DIRECTION('',(0.E0,0.E0,1.E0));
#5959=DIRECTION('',(1.E0,0.E0,0.E0));
#5960=AXIS2_PLACEMENT_3D('',#5957,#5958,#5959);
#5961=PLANE('',#5960);
#5963=ORIENTED_EDGE('',*,*,#5962,.F.);
#5965=ORIENTED_EDGE('',*,*,#5964,.F.);
#5967=ORIENTED_EDGE('',*,*,#5966,.F.);
#5968=ORIENTED_EDGE('',*,*,#5937,.F.);
#5969=EDGE_LOOP('',(#5963,#5965,#5967,#5968));
#5970=FACE_OUTER_BOUND('',#5969,.F.);
#5972=CARTESIAN_POINT('',(0.E0,0.E0,-6.95198E0));
#5973=DIRECTION('',(0.E0,0.E0,1.E0));
#5974=DIRECTION('',(1.E0,0.E0,0.E0));
#5975=AXIS2_PLACEMENT_3D('',#5972,#5973,#5974);
#5976=PLANE('',#5975);
#5978=ORIENTED_EDGE('',*,*,#5977,.T.);
#5980=ORIENTED_EDGE('',*,*,#5979,.F.);
#5982=ORIENTED_EDGE('',*,*,#5981,.F.);
#5984=ORIENTED_EDGE('',*,*,#5983,.F.);
#5985=EDGE_LOOP('',(#5978,#5980,#5982,#5984));
#5986=FACE_OUTER_BOUND('',#5985,.F.);
#5988=CARTESIAN_POINT('',(-3.1496E0,9.7282E0,-1.9558E-1));
#5989=DIRECTION('',(0.E0,1.E0,0.E0));
#5990=DIRECTION('',(-1.E0,0.E0,0.E0));
#5991=AXIS2_PLACEMENT_3D('',#5988,#5989,#5990);
#5992=PLANE('',#5991);
#5993=ORIENTED_EDGE('',*,*,#5962,.T.);
#5994=ORIENTED_EDGE('',*,*,#5952,.F.);
#5996=ORIENTED_EDGE('',*,*,#5995,.T.);
#5998=ORIENTED_EDGE('',*,*,#5997,.T.);
#6000=ORIENTED_EDGE('',*,*,#5999,.T.);
#6002=ORIENTED_EDGE('',*,*,#6001,.T.);
#6003=EDGE_LOOP('',(#5993,#5994,#5996,#5998,#6000,#6002));
#6004=FACE_OUTER_BOUND('',#6003,.F.);
#6006=CARTESIAN_POINT('',(-4.55295E0,9.8552E0,-3.2258E-1));
#6007=DIRECTION('',(0.E0,-7.071067811865E-1,7.071067811865E-1));
#6008=DIRECTION('',(0.E0,-7.071067811865E-1,-7.071067811865E-1));
#6009=AXIS2_PLACEMENT_3D('',#6006,#6007,#6008);
#6010=PLANE('',#6009);
#6012=ORIENTED_EDGE('',*,*,#6011,.T.);
#6014=ORIENTED_EDGE('',*,*,#6013,.T.);
#6015=ORIENTED_EDGE('',*,*,#5995,.F.);
#6017=ORIENTED_EDGE('',*,*,#6016,.T.);
#6018=EDGE_LOOP('',(#6012,#6014,#6015,#6017));
#6019=FACE_OUTER_BOUND('',#6018,.F.);
#6021=CARTESIAN_POINT('',(-7.93242E0,1.3208E1,-1.9558E-1));
#6022=DIRECTION('',(0.E0,0.E0,1.E0));
#6023=DIRECTION('',(0.E0,-1.E0,0.E0));
#6024=AXIS2_PLACEMENT_3D('',#6021,#6022,#6023);
#6025=PLANE('',#6024);
#6027=ORIENTED_EDGE('',*,*,#6026,.T.);
#6029=ORIENTED_EDGE('',*,*,#6028,.T.);
#6031=ORIENTED_EDGE('',*,*,#6030,.T.);
#6033=ORIENTED_EDGE('',*,*,#6032,.F.);
#6035=ORIENTED_EDGE('',*,*,#6034,.F.);
#6037=ORIENTED_EDGE('',*,*,#6036,.F.);
#6039=ORIENTED_EDGE('',*,*,#6038,.T.);
#6041=ORIENTED_EDGE('',*,*,#6040,.T.);
#6042=EDGE_LOOP('',(#6027,#6029,#6031,#6033,#6035,#6037,#6039,#6041));
#6043=FACE_OUTER_BOUND('',#6042,.F.);
#6045=CARTESIAN_POINT('',(-7.93242E0,1.3208E1,-1.9558E-1));
#6046=DIRECTION('',(0.E0,0.E0,1.E0));
#6047=DIRECTION('',(0.E0,-1.E0,0.E0));
#6048=AXIS2_PLACEMENT_3D('',#6045,#6046,#6047);
#6049=PLANE('',#6048);
#6051=ORIENTED_EDGE('',*,*,#6050,.T.);
#6053=ORIENTED_EDGE('',*,*,#6052,.T.);
#6055=ORIENTED_EDGE('',*,*,#6054,.T.);
#6057=ORIENTED_EDGE('',*,*,#6056,.F.);
#6059=ORIENTED_EDGE('',*,*,#6058,.F.);
#6061=ORIENTED_EDGE('',*,*,#6060,.F.);
#6063=ORIENTED_EDGE('',*,*,#6062,.T.);
#6065=ORIENTED_EDGE('',*,*,#6064,.T.);
#6066=EDGE_LOOP('',(#6051,#6053,#6055,#6057,#6059,#6061,#6063,#6065));
#6067=FACE_OUTER_BOUND('',#6066,.F.);
#6069=CARTESIAN_POINT('',(-7.93242E0,1.3208E1,-1.9558E-1));
#6070=DIRECTION('',(0.E0,0.E0,1.E0));
#6071=DIRECTION('',(0.E0,-1.E0,0.E0));
#6072=AXIS2_PLACEMENT_3D('',#6069,#6070,#6071);
#6073=PLANE('',#6072);
#6075=ORIENTED_EDGE('',*,*,#6074,.T.);
#6077=ORIENTED_EDGE('',*,*,#6076,.F.);
#6079=ORIENTED_EDGE('',*,*,#6078,.F.);
#6081=ORIENTED_EDGE('',*,*,#6080,.F.);
#6083=ORIENTED_EDGE('',*,*,#6082,.F.);
#6085=ORIENTED_EDGE('',*,*,#6084,.F.);
#6087=ORIENTED_EDGE('',*,*,#6086,.F.);
#6089=ORIENTED_EDGE('',*,*,#6088,.F.);
#6091=ORIENTED_EDGE('',*,*,#6090,.F.);
#6093=ORIENTED_EDGE('',*,*,#6092,.F.);
#6095=ORIENTED_EDGE('',*,*,#6094,.T.);
#6097=ORIENTED_EDGE('',*,*,#6096,.T.);
#6099=ORIENTED_EDGE('',*,*,#6098,.T.);
#6101=ORIENTED_EDGE('',*,*,#6100,.T.);
#6103=ORIENTED_EDGE('',*,*,#6102,.F.);
#6105=ORIENTED_EDGE('',*,*,#6104,.F.);
#6107=ORIENTED_EDGE('',*,*,#6106,.T.);
#6109=ORIENTED_EDGE('',*,*,#6108,.F.);
#6111=ORIENTED_EDGE('',*,*,#6110,.F.);
#6113=ORIENTED_EDGE('',*,*,#6112,.F.);
#6115=ORIENTED_EDGE('',*,*,#6114,.F.);
#6117=ORIENTED_EDGE('',*,*,#6116,.F.);
#6119=ORIENTED_EDGE('',*,*,#6118,.T.);
#6120=ORIENTED_EDGE('',*,*,#6011,.F.);
#6122=ORIENTED_EDGE('',*,*,#6121,.F.);
#6124=ORIENTED_EDGE('',*,*,#6123,.T.);
#6126=ORIENTED_EDGE('',*,*,#6125,.T.);
#6128=ORIENTED_EDGE('',*,*,#6127,.T.);
#6129=EDGE_LOOP('',(#6075,#6077,#6079,#6081,#6083,#6085,#6087,#6089,#6091,#6093,
#6095,#6097,#6099,#6101,#6103,#6105,#6107,#6109,#6111,#6113,#6115,#6117,#6119,
#6120,#6122,#6124,#6126,#6128));
#6130=FACE_OUTER_BOUND('',#6129,.F.);
#6132=CARTESIAN_POINT('',(-6.223E0,4.89458E0,-3.515294150683E1));
#6133=DIRECTION('',(0.E0,0.E0,1.E0));
#6134=DIRECTION('',(-1.E0,0.E0,0.E0));
#6135=AXIS2_PLACEMENT_3D('',#6132,#6133,#6134);
#6136=CYLINDRICAL_SURFACE('',#6135,2.54E-1);
#6137=ORIENTED_EDGE('',*,*,#6026,.F.);
#6139=ORIENTED_EDGE('',*,*,#6138,.T.);
#6141=ORIENTED_EDGE('',*,*,#6140,.F.);
#6143=ORIENTED_EDGE('',*,*,#6142,.T.);
#6145=ORIENTED_EDGE('',*,*,#6144,.T.);
#6146=EDGE_LOOP('',(#6137,#6139,#6141,#6143,#6145));
#6147=FACE_OUTER_BOUND('',#6146,.F.);
#6149=CARTESIAN_POINT('',(-6.223E0,2.35458E0,-1.9558E-1));
#6150=DIRECTION('',(1.E0,0.E0,0.E0));
#6151=DIRECTION('',(0.E0,1.E0,0.E0));
#6152=AXIS2_PLACEMENT_3D('',#6149,#6150,#6151);
#6153=PLANE('',#6152);
#6154=ORIENTED_EDGE('',*,*,#6138,.F.);
#6155=ORIENTED_EDGE('',*,*,#6040,.F.);
#6157=ORIENTED_EDGE('',*,*,#6156,.T.);
#6159=ORIENTED_EDGE('',*,*,#6158,.T.);
#6160=EDGE_LOOP('',(#6154,#6155,#6157,#6159));
#6161=FACE_OUTER_BOUND('',#6160,.F.);
#6163=CARTESIAN_POINT('',(6.223E0,2.35458E0,-1.9558E-1));
#6164=DIRECTION('',(0.E0,1.E0,0.E0));
#6165=DIRECTION('',(-1.E0,0.E0,0.E0));
#6166=AXIS2_PLACEMENT_3D('',#6163,#6164,#6165);
#6167=PLANE('',#6166);
#6168=ORIENTED_EDGE('',*,*,#6054,.F.);
#6170=ORIENTED_EDGE('',*,*,#6169,.T.);
#6172=ORIENTED_EDGE('',*,*,#6171,.T.);
#6173=ORIENTED_EDGE('',*,*,#6156,.F.);
#6174=ORIENTED_EDGE('',*,*,#6038,.F.);
#6176=ORIENTED_EDGE('',*,*,#6175,.F.);
#6177=EDGE_LOOP('',(#6168,#6170,#6172,#6173,#6174,#6176));
#6178=FACE_OUTER_BOUND('',#6177,.F.);
#6180=CARTESIAN_POINT('',(6.223E0,4.64058E0,-1.9558E-1));
#6181=DIRECTION('',(-1.E0,0.E0,0.E0));
#6182=DIRECTION('',(0.E0,-1.E0,0.E0));
#6183=AXIS2_PLACEMENT_3D('',#6180,#6181,#6182);
#6184=PLANE('',#6183);
#6186=ORIENTED_EDGE('',*,*,#6185,.T.);
#6188=ORIENTED_EDGE('',*,*,#6187,.T.);
#6189=ORIENTED_EDGE('',*,*,#6169,.F.);
#6190=ORIENTED_EDGE('',*,*,#6052,.F.);
#6191=EDGE_LOOP('',(#6186,#6188,#6189,#6190));
#6192=FACE_OUTER_BOUND('',#6191,.F.);
#6194=CARTESIAN_POINT('',(6.223E0,4.89458E0,-3.62770928E1));
#6195=DIRECTION('',(0.E0,0.E0,1.E0));
#6196=DIRECTION('',(0.E0,-1.E0,0.E0));
#6197=AXIS2_PLACEMENT_3D('',#6194,#6195,#6196);
#6198=CYLINDRICAL_SURFACE('',#6197,2.54E-1);
#6199=ORIENTED_EDGE('',*,*,#6185,.F.);
#6200=ORIENTED_EDGE('',*,*,#6050,.F.);
#6202=ORIENTED_EDGE('',*,*,#6201,.T.);
#6204=ORIENTED_EDGE('',*,*,#6203,.T.);
#6206=ORIENTED_EDGE('',*,*,#6205,.F.);
#6207=EDGE_LOOP('',(#6199,#6200,#6202,#6204,#6206));
#6208=FACE_OUTER_BOUND('',#6207,.F.);
#6210=CARTESIAN_POINT('',(6.477E0,5.14858E0,-1.9558E-1));
#6211=DIRECTION('',(0.E0,0.E0,-1.E0));
#6212=DIRECTION('',(-1.E0,0.E0,0.E0));
#6213=AXIS2_PLACEMENT_3D('',#6210,#6211,#6212);
#6214=PLANE('',#6213);
#6216=ORIENTED_EDGE('',*,*,#6215,.T.);
#6218=ORIENTED_EDGE('',*,*,#6217,.F.);
#6220=ORIENTED_EDGE('',*,*,#6219,.F.);
#6221=ORIENTED_EDGE('',*,*,#6201,.F.);
#6222=EDGE_LOOP('',(#6216,#6218,#6220,#6221));
#6223=FACE_OUTER_BOUND('',#6222,.F.);
#6225=CARTESIAN_POINT('',(6.35E0,5.0038E0,-1.9558E-1));
#6226=DIRECTION('',(1.E0,0.E0,0.E0));
#6227=DIRECTION('',(0.E0,1.E0,0.E0));
#6228=AXIS2_PLACEMENT_3D('',#6225,#6226,#6227);
#6229=PLANE('',#6228);
#6230=ORIENTED_EDGE('',*,*,#6215,.F.);
#6231=ORIENTED_EDGE('',*,*,#6064,.F.);
#6233=ORIENTED_EDGE('',*,*,#6232,.T.);
#6234=ORIENTED_EDGE('',*,*,#5835,.T.);
#6236=ORIENTED_EDGE('',*,*,#6235,.F.);
#6237=ORIENTED_EDGE('',*,*,#6098,.F.);
#6238=EDGE_LOOP('',(#6230,#6231,#6233,#6234,#6236,#6237));
#6239=FACE_OUTER_BOUND('',#6238,.F.);
#6241=CARTESIAN_POINT('',(5.9563E0,5.0038E0,-1.9558E-1));
#6242=DIRECTION('',(0.E0,-1.E0,0.E0));
#6243=DIRECTION('',(1.E0,0.E0,0.E0));
#6244=AXIS2_PLACEMENT_3D('',#6241,#6242,#6243);
#6245=PLANE('',#6244);
#6247=ORIENTED_EDGE('',*,*,#6246,.F.);
#6249=ORIENTED_EDGE('',*,*,#6248,.T.);
#6250=ORIENTED_EDGE('',*,*,#5837,.T.);
#6251=ORIENTED_EDGE('',*,*,#6232,.F.);
#6252=ORIENTED_EDGE('',*,*,#6062,.F.);
#6253=EDGE_LOOP('',(#6247,#6249,#6250,#6251,#6252));
#6254=FACE_OUTER_BOUND('',#6253,.F.);
#6256=CARTESIAN_POINT('',(6.0833E0,3.9497E0,-3.2258E-1));
#6257=DIRECTION('',(-7.071067811865E-1,0.E0,7.071067811865E-1));
#6258=DIRECTION('',(-7.071067811865E-1,0.E0,-7.071067811865E-1));
#6259=AXIS2_PLACEMENT_3D('',#6256,#6257,#6258);
#6260=PLANE('',#6259);
#6261=ORIENTED_EDGE('',*,*,#6246,.T.);
#6262=ORIENTED_EDGE('',*,*,#6060,.T.);
#6264=ORIENTED_EDGE('',*,*,#6263,.F.);
#6266=ORIENTED_EDGE('',*,*,#6265,.F.);
#6267=EDGE_LOOP('',(#6261,#6262,#6264,#6266));
#6268=FACE_OUTER_BOUND('',#6267,.F.);
#6270=CARTESIAN_POINT('',(5.20065E0,2.7686E0,-3.2258E-1));
#6271=DIRECTION('',(0.E0,7.071067811865E-1,7.071067811865E-1));
#6272=DIRECTION('',(0.E0,7.071067811865E-1,-7.071067811865E-1));
#6273=AXIS2_PLACEMENT_3D('',#6270,#6271,#6272);
#6274=PLANE('',#6273);
#6276=ORIENTED_EDGE('',*,*,#6275,.T.);
#6278=ORIENTED_EDGE('',*,*,#6277,.F.);
#6279=ORIENTED_EDGE('',*,*,#6263,.T.);
#6280=ORIENTED_EDGE('',*,*,#6058,.T.);
#6281=EDGE_LOOP('',(#6276,#6278,#6279,#6280));
#6282=FACE_OUTER_BOUND('',#6281,.F.);
#6284=CARTESIAN_POINT('',(4.445E0,2.8956E0,-1.9558E-1));
#6285=DIRECTION('',(-1.E0,0.E0,0.E0));
#6286=DIRECTION('',(0.E0,-1.E0,0.E0));
#6287=AXIS2_PLACEMENT_3D('',#6284,#6285,#6286);
#6288=PLANE('',#6287);
#6290=ORIENTED_EDGE('',*,*,#6289,.F.);
#6292=ORIENTED_EDGE('',*,*,#6291,.F.);
#6293=ORIENTED_EDGE('',*,*,#6275,.F.);
#6294=ORIENTED_EDGE('',*,*,#6056,.T.);
#6296=ORIENTED_EDGE('',*,*,#6295,.T.);
#6298=ORIENTED_EDGE('',*,*,#6297,.T.);
#6299=EDGE_LOOP('',(#6290,#6292,#6293,#6294,#6296,#6298));
#6300=FACE_OUTER_BOUND('',#6299,.F.);
#6302=CARTESIAN_POINT('',(0.E0,0.E0,-3.39598E0));
#6303=DIRECTION('',(0.E0,0.E0,-1.E0));
#6304=DIRECTION('',(-1.E0,0.E0,0.E0));
#6305=AXIS2_PLACEMENT_3D('',#6302,#6303,#6304);
#6306=PLANE('',#6305);
#6308=ORIENTED_EDGE('',*,*,#6307,.T.);
#6310=ORIENTED_EDGE('',*,*,#6309,.T.);
#6312=ORIENTED_EDGE('',*,*,#6311,.F.);
#6314=ORIENTED_EDGE('',*,*,#6313,.F.);
#6316=ORIENTED_EDGE('',*,*,#6315,.T.);
#6318=ORIENTED_EDGE('',*,*,#6317,.T.);
#6319=ORIENTED_EDGE('',*,*,#6289,.T.);
#6321=ORIENTED_EDGE('',*,*,#6320,.F.);
#6322=ORIENTED_EDGE('',*,*,#5704,.T.);
#6324=ORIENTED_EDGE('',*,*,#6323,.T.);
#6325=ORIENTED_EDGE('',*,*,#5764,.F.);
#6327=ORIENTED_EDGE('',*,*,#6326,.F.);
#6329=ORIENTED_EDGE('',*,*,#6328,.T.);
#6331=ORIENTED_EDGE('',*,*,#6330,.T.);
#6333=ORIENTED_EDGE('',*,*,#6332,.F.);
#6335=ORIENTED_EDGE('',*,*,#6334,.F.);
#6337=ORIENTED_EDGE('',*,*,#6336,.T.);
#6339=ORIENTED_EDGE('',*,*,#6338,.T.);
#6341=ORIENTED_EDGE('',*,*,#6340,.F.);
#6343=ORIENTED_EDGE('',*,*,#6342,.F.);
#6345=ORIENTED_EDGE('',*,*,#6344,.T.);
#6347=ORIENTED_EDGE('',*,*,#6346,.T.);
#6349=ORIENTED_EDGE('',*,*,#6348,.F.);
#6351=ORIENTED_EDGE('',*,*,#6350,.F.);
#6353=ORIENTED_EDGE('',*,*,#6352,.T.);
#6355=ORIENTED_EDGE('',*,*,#6354,.T.);
#6357=ORIENTED_EDGE('',*,*,#6356,.F.);
#6359=ORIENTED_EDGE('',*,*,#6358,.F.);
#6361=ORIENTED_EDGE('',*,*,#6360,.T.);
#6363=ORIENTED_EDGE('',*,*,#6362,.T.);
#6365=ORIENTED_EDGE('',*,*,#6364,.F.);
#6367=ORIENTED_EDGE('',*,*,#6366,.F.);
#6369=ORIENTED_EDGE('',*,*,#6368,.T.);
#6371=ORIENTED_EDGE('',*,*,#6370,.T.);
#6373=ORIENTED_EDGE('',*,*,#6372,.F.);
#6375=ORIENTED_EDGE('',*,*,#6374,.F.);
#6376=EDGE_LOOP('',(#6308,#6310,#6312,#6314,#6316,#6318,#6319,#6321,#6322,#6324,
#6325,#6327,#6329,#6331,#6333,#6335,#6337,#6339,#6341,#6343,#6345,#6347,#6349,
#6351,#6353,#6355,#6357,#6359,#6361,#6363,#6365,#6367,#6369,#6371,#6373,#6375));
#6377=FACE_OUTER_BOUND('',#6376,.F.);
#6379=CARTESIAN_POINT('',(-3.3401E0,-2.54E0,-9.4234E0));
#6380=DIRECTION('',(1.E0,0.E0,0.E0));
#6381=DIRECTION('',(0.E0,0.E0,-1.E0));
#6382=AXIS2_PLACEMENT_3D('',#6379,#6380,#6381);
#6383=PLANE('',#6382);
#6384=ORIENTED_EDGE('',*,*,#5595,.T.);
#6386=ORIENTED_EDGE('',*,*,#6385,.F.);
#6388=ORIENTED_EDGE('',*,*,#6387,.F.);
#6390=ORIENTED_EDGE('',*,*,#6389,.F.);
#6392=ORIENTED_EDGE('',*,*,#6391,.T.);
#6394=ORIENTED_EDGE('',*,*,#6393,.T.);
#6395=EDGE_LOOP('',(#6384,#6386,#6388,#6390,#6392,#6394));
#6396=FACE_OUTER_BOUND('',#6395,.F.);
#6398=CARTESIAN_POINT('',(-3.3401E0,-2.54E0,-9.4234E0));
#6399=DIRECTION('',(1.E0,0.E0,0.E0));
#6400=DIRECTION('',(0.E0,0.E0,-1.E0));
#6401=AXIS2_PLACEMENT_3D('',#6398,#6399,#6400);
#6402=PLANE('',#6401);
#6403=ORIENTED_EDGE('',*,*,#5921,.F.);
#6405=ORIENTED_EDGE('',*,*,#6404,.F.);
#6407=ORIENTED_EDGE('',*,*,#6406,.T.);
#6409=ORIENTED_EDGE('',*,*,#6408,.T.);
#6410=EDGE_LOOP('',(#6403,#6405,#6407,#6409));
#6411=FACE_OUTER_BOUND('',#6410,.F.);
#6413=CARTESIAN_POINT('',(-3.3401E0,-2.54E0,-9.4234E0));
#6414=DIRECTION('',(1.E0,0.E0,0.E0));
#6415=DIRECTION('',(0.E0,0.E0,-1.E0));
#6416=AXIS2_PLACEMENT_3D('',#6413,#6414,#6415);
#6417=PLANE('',#6416);
#6419=ORIENTED_EDGE('',*,*,#6418,.T.);
#6421=ORIENTED_EDGE('',*,*,#6420,.T.);
#6422=ORIENTED_EDGE('',*,*,#6307,.F.);
#6423=EDGE_LOOP('',(#6419,#6421,#6422));
#6424=FACE_OUTER_BOUND('',#6423,.F.);
#6426=CARTESIAN_POINT('',(-4.556E0,3.048E-1,-8.6106E0));
#6427=DIRECTION('',(1.E0,0.E0,0.E0));
#6428=DIRECTION('',(0.E0,0.E0,1.E0));
#6429=AXIS2_PLACEMENT_3D('',#6426,#6427,#6428);
#6430=CYLINDRICAL_SURFACE('',#6429,1.1684E0);
#6431=ORIENTED_EDGE('',*,*,#5601,.F.);
#6433=ORIENTED_EDGE('',*,*,#6432,.F.);
#6435=ORIENTED_EDGE('',*,*,#6434,.F.);
#6436=ORIENTED_EDGE('',*,*,#6385,.T.);
#6437=EDGE_LOOP('',(#6431,#6433,#6435,#6436));
#6438=FACE_OUTER_BOUND('',#6437,.F.);
#6440=CARTESIAN_POINT('',(-3.7719E0,-2.54E0,-9.779E0));
#6441=DIRECTION('',(-1.E0,0.E0,0.E0));
#6442=DIRECTION('',(0.E0,0.E0,1.E0));
#6443=AXIS2_PLACEMENT_3D('',#6440,#6441,#6442);
#6444=PLANE('',#6443);
#6445=ORIENTED_EDGE('',*,*,#5599,.T.);
#6447=ORIENTED_EDGE('',*,*,#6446,.F.);
#6449=ORIENTED_EDGE('',*,*,#6448,.F.);
#6451=ORIENTED_EDGE('',*,*,#6450,.F.);
#6453=ORIENTED_EDGE('',*,*,#6452,.T.);
#6454=ORIENTED_EDGE('',*,*,#6432,.T.);
#6455=EDGE_LOOP('',(#6445,#6447,#6449,#6451,#6453,#6454));
#6456=FACE_OUTER_BOUND('',#6455,.F.);
#6458=CARTESIAN_POINT('',(-3.7719E0,-2.54E0,-9.779E0));
#6459=DIRECTION('',(-1.E0,0.E0,0.E0));
#6460=DIRECTION('',(0.E0,0.E0,1.E0));
#6461=AXIS2_PLACEMENT_3D('',#6458,#6459,#6460);
#6462=PLANE('',#6461);
#6463=ORIENTED_EDGE('',*,*,#5925,.T.);
#6465=ORIENTED_EDGE('',*,*,#6464,.F.);
#6467=ORIENTED_EDGE('',*,*,#6466,.F.);
#6469=ORIENTED_EDGE('',*,*,#6468,.T.);
#6470=EDGE_LOOP('',(#6463,#6465,#6467,#6469));
#6471=FACE_OUTER_BOUND('',#6470,.F.);
#6473=CARTESIAN_POINT('',(-3.7719E0,-2.54E0,-9.779E0));
#6474=DIRECTION('',(-1.E0,0.E0,0.E0));
#6475=DIRECTION('',(0.E0,0.E0,1.E0));
#6476=AXIS2_PLACEMENT_3D('',#6473,#6474,#6475);
#6477=PLANE('',#6476);
#6479=ORIENTED_EDGE('',*,*,#6478,.F.);
#6480=ORIENTED_EDGE('',*,*,#6311,.T.);
#6482=ORIENTED_EDGE('',*,*,#6481,.F.);
#6483=EDGE_LOOP('',(#6479,#6480,#6482));
#6484=FACE_OUTER_BOUND('',#6483,.F.);
#6486=CARTESIAN_POINT('',(-4.556E0,3.048E-1,-8.6106E0));
#6487=DIRECTION('',(1.E0,0.E0,0.E0));
#6488=DIRECTION('',(0.E0,0.E0,1.E0));
#6489=AXIS2_PLACEMENT_3D('',#6486,#6487,#6488);
#6490=CYLINDRICAL_SURFACE('',#6489,8.128E-1);
#6491=ORIENTED_EDGE('',*,*,#5597,.T.);
#6492=ORIENTED_EDGE('',*,*,#6393,.F.);
#6494=ORIENTED_EDGE('',*,*,#6493,.F.);
#6495=ORIENTED_EDGE('',*,*,#6446,.T.);
#6496=EDGE_LOOP('',(#6491,#6492,#6494,#6495));
#6497=FACE_OUTER_BOUND('',#6496,.F.);
#6499=CARTESIAN_POINT('',(-3.7719E0,-2.54E0,-9.4234E0));
#6500=DIRECTION('',(0.E0,0.E0,1.E0));
#6501=DIRECTION('',(1.E0,0.E0,0.E0));
#6502=AXIS2_PLACEMENT_3D('',#6499,#6500,#6501);
#6503=PLANE('',#6502);
#6505=ORIENTED_EDGE('',*,*,#6504,.F.);
#6506=ORIENTED_EDGE('',*,*,#6448,.T.);
#6507=ORIENTED_EDGE('',*,*,#6493,.T.);
#6508=ORIENTED_EDGE('',*,*,#6391,.F.);
#6509=EDGE_LOOP('',(#6505,#6506,#6507,#6508));
#6510=FACE_OUTER_BOUND('',#6509,.F.);
#6512=CARTESIAN_POINT('',(-3.556E0,-2.54E0,-9.4234E0));
#6513=DIRECTION('',(0.E0,1.E0,0.E0));
#6514=DIRECTION('',(0.E0,0.E0,-1.E0));
#6515=AXIS2_PLACEMENT_3D('',#6512,#6513,#6514);
#6516=PLANE('',#6515);
#6517=ORIENTED_EDGE('',*,*,#6504,.T.);
#6518=ORIENTED_EDGE('',*,*,#6389,.T.);
#6520=ORIENTED_EDGE('',*,*,#6519,.T.);
#6521=ORIENTED_EDGE('',*,*,#6450,.T.);
#6522=EDGE_LOOP('',(#6517,#6518,#6520,#6521));
#6523=FACE_OUTER_BOUND('',#6522,.F.);
#6525=CARTESIAN_POINT('',(-3.3401E0,-2.54E0,-9.779E0));
#6526=DIRECTION('',(0.E0,0.E0,-1.E0));
#6527=DIRECTION('',(-1.E0,0.E0,0.E0));
#6528=AXIS2_PLACEMENT_3D('',#6525,#6526,#6527);
#6529=PLANE('',#6528);
#6530=ORIENTED_EDGE('',*,*,#6519,.F.);
#6531=ORIENTED_EDGE('',*,*,#6387,.T.);
#6532=ORIENTED_EDGE('',*,*,#6434,.T.);
#6533=ORIENTED_EDGE('',*,*,#6452,.F.);
#6534=EDGE_LOOP('',(#6530,#6531,#6532,#6533));
#6535=FACE_OUTER_BOUND('',#6534,.F.);
#6537=CARTESIAN_POINT('',(-3.7719E0,2.648059803476E0,-3.516049933729E0));
#6538=DIRECTION('',(0.E0,8.829475928589E-1,4.694715627859E-1));
#6539=DIRECTION('',(1.E0,0.E0,0.E0));
#6540=AXIS2_PLACEMENT_3D('',#6537,#6538,#6539);
#6541=PLANE('',#6540);
#6542=ORIENTED_EDGE('',*,*,#5923,.T.);
#6543=ORIENTED_EDGE('',*,*,#6408,.F.);
#6545=ORIENTED_EDGE('',*,*,#6544,.F.);
#6546=ORIENTED_EDGE('',*,*,#6464,.T.);
#6547=EDGE_LOOP('',(#6542,#6543,#6545,#6546));
#6548=FACE_OUTER_BOUND('',#6547,.F.);
#6550=CARTESIAN_POINT('',(5.9563E0,2.8956E0,-1.9558E-1));
#6551=DIRECTION('',(0.E0,1.E0,0.E0));
#6552=DIRECTION('',(-1.E0,0.E0,0.E0));
#6553=AXIS2_PLACEMENT_3D('',#6550,#6551,#6552);
#6554=PLANE('',#6553);
#6555=ORIENTED_EDGE('',*,*,#6317,.F.);
#6557=ORIENTED_EDGE('',*,*,#6556,.F.);
#6559=ORIENTED_EDGE('',*,*,#6558,.T.);
#6561=ORIENTED_EDGE('',*,*,#6560,.T.);
#6563=ORIENTED_EDGE('',*,*,#6562,.T.);
#6565=ORIENTED_EDGE('',*,*,#6564,.T.);
#6566=ORIENTED_EDGE('',*,*,#6277,.T.);
#6567=ORIENTED_EDGE('',*,*,#6291,.T.);
#6568=EDGE_LOOP('',(#6555,#6557,#6559,#6561,#6563,#6565,#6566,#6567));
#6569=FACE_OUTER_BOUND('',#6568,.F.);
#6570=ORIENTED_EDGE('',*,*,#5688,.F.);
#6572=ORIENTED_EDGE('',*,*,#6571,.T.);
#6573=ORIENTED_EDGE('',*,*,#5750,.T.);
#6575=ORIENTED_EDGE('',*,*,#6574,.T.);
#6576=EDGE_LOOP('',(#6570,#6572,#6573,#6575));
#6577=FACE_BOUND('',#6576,.F.);
#6579=ORIENTED_EDGE('',*,*,#6578,.F.);
#6581=ORIENTED_EDGE('',*,*,#6580,.T.);
#6583=ORIENTED_EDGE('',*,*,#6582,.T.);
#6585=ORIENTED_EDGE('',*,*,#6584,.T.);
#6586=EDGE_LOOP('',(#6579,#6581,#6583,#6585));
#6587=FACE_BOUND('',#6586,.F.);
#6589=ORIENTED_EDGE('',*,*,#6588,.F.);
#6591=ORIENTED_EDGE('',*,*,#6590,.T.);
#6593=ORIENTED_EDGE('',*,*,#6592,.T.);
#6595=ORIENTED_EDGE('',*,*,#6594,.T.);
#6596=EDGE_LOOP('',(#6589,#6591,#6593,#6595));
#6597=FACE_BOUND('',#6596,.F.);
#6599=ORIENTED_EDGE('',*,*,#6598,.F.);
#6601=ORIENTED_EDGE('',*,*,#6600,.T.);
#6603=ORIENTED_EDGE('',*,*,#6602,.T.);
#6605=ORIENTED_EDGE('',*,*,#6604,.T.);
#6606=EDGE_LOOP('',(#6599,#6601,#6603,#6605));
#6607=FACE_BOUND('',#6606,.F.);
#6609=ORIENTED_EDGE('',*,*,#6608,.F.);
#6611=ORIENTED_EDGE('',*,*,#6610,.T.);
#6613=ORIENTED_EDGE('',*,*,#6612,.T.);
#6615=ORIENTED_EDGE('',*,*,#6614,.T.);
#6616=EDGE_LOOP('',(#6609,#6611,#6613,#6615));
#6617=FACE_BOUND('',#6616,.F.);
#6619=ORIENTED_EDGE('',*,*,#6618,.F.);
#6621=ORIENTED_EDGE('',*,*,#6620,.T.);
#6623=ORIENTED_EDGE('',*,*,#6622,.T.);
#6625=ORIENTED_EDGE('',*,*,#6624,.T.);
#6626=EDGE_LOOP('',(#6619,#6621,#6623,#6625));
#6627=FACE_BOUND('',#6626,.F.);
#6629=ORIENTED_EDGE('',*,*,#6628,.F.);
#6631=ORIENTED_EDGE('',*,*,#6630,.T.);
#6633=ORIENTED_EDGE('',*,*,#6632,.T.);
#6635=ORIENTED_EDGE('',*,*,#6634,.T.);
#6636=EDGE_LOOP('',(#6629,#6631,#6633,#6635));
#6637=FACE_BOUND('',#6636,.F.);
#6638=ORIENTED_EDGE('',*,*,#6406,.F.);
#6640=ORIENTED_EDGE('',*,*,#6639,.T.);
#6641=ORIENTED_EDGE('',*,*,#6466,.T.);
#6642=ORIENTED_EDGE('',*,*,#6544,.T.);
#6643=EDGE_LOOP('',(#6638,#6640,#6641,#6642));
#6644=FACE_BOUND('',#6643,.F.);
#6646=CARTESIAN_POINT('',(-4.445E0,2.286E0,-1.9558E-1));
#6647=DIRECTION('',(1.E0,0.E0,0.E0));
#6648=DIRECTION('',(0.E0,1.E0,0.E0));
#6649=AXIS2_PLACEMENT_3D('',#6646,#6647,#6648);
#6650=PLANE('',#6649);
#6651=ORIENTED_EDGE('',*,*,#6315,.F.);
#6653=ORIENTED_EDGE('',*,*,#6652,.F.);
#6655=ORIENTED_EDGE('',*,*,#6654,.T.);
#6656=ORIENTED_EDGE('',*,*,#6036,.T.);
#6658=ORIENTED_EDGE('',*,*,#6657,.F.);
#6659=ORIENTED_EDGE('',*,*,#6556,.T.);
#6660=EDGE_LOOP('',(#6651,#6653,#6655,#6656,#6658,#6659));
#6661=FACE_OUTER_BOUND('',#6660,.F.);
#6663=CARTESIAN_POINT('',(-5.9563E0,2.286E0,-1.9558E-1));
#6664=DIRECTION('',(0.E0,-1.E0,0.E0));
#6665=DIRECTION('',(1.E0,0.E0,0.E0));
#6666=AXIS2_PLACEMENT_3D('',#6663,#6664,#6665);
#6667=PLANE('',#6666);
#6669=ORIENTED_EDGE('',*,*,#6668,.F.);
#6671=ORIENTED_EDGE('',*,*,#6670,.T.);
#6672=ORIENTED_EDGE('',*,*,#5841,.T.);
#6674=ORIENTED_EDGE('',*,*,#6673,.F.);
#6675=EDGE_LOOP('',(#6669,#6671,#6672,#6674));
#6676=FACE_OUTER_BOUND('',#6675,.F.);
#6678=CARTESIAN_POINT('',(-5.9563E0,2.286E0,-1.9558E-1));
#6679=DIRECTION('',(0.E0,-1.E0,0.E0));
#6680=DIRECTION('',(1.E0,0.E0,0.E0));
#6681=AXIS2_PLACEMENT_3D('',#6678,#6679,#6680);
#6682=PLANE('',#6681);
#6683=ORIENTED_EDGE('',*,*,#6418,.F.);
#6684=ORIENTED_EDGE('',*,*,#6374,.T.);
#6686=ORIENTED_EDGE('',*,*,#6685,.T.);
#6688=ORIENTED_EDGE('',*,*,#6687,.F.);
#6690=ORIENTED_EDGE('',*,*,#6689,.F.);
#6691=ORIENTED_EDGE('',*,*,#6366,.T.);
#6693=ORIENTED_EDGE('',*,*,#6692,.T.);
#6695=ORIENTED_EDGE('',*,*,#6694,.F.);
#6697=ORIENTED_EDGE('',*,*,#6696,.F.);
#6698=ORIENTED_EDGE('',*,*,#6358,.T.);
#6700=ORIENTED_EDGE('',*,*,#6699,.T.);
#6702=ORIENTED_EDGE('',*,*,#6701,.F.);
#6704=ORIENTED_EDGE('',*,*,#6703,.F.);
#6705=ORIENTED_EDGE('',*,*,#6350,.T.);
#6707=ORIENTED_EDGE('',*,*,#6706,.T.);
#6709=ORIENTED_EDGE('',*,*,#6708,.F.);
#6711=ORIENTED_EDGE('',*,*,#6710,.F.);
#6712=ORIENTED_EDGE('',*,*,#6342,.T.);
#6714=ORIENTED_EDGE('',*,*,#6713,.T.);
#6716=ORIENTED_EDGE('',*,*,#6715,.F.);
#6718=ORIENTED_EDGE('',*,*,#6717,.F.);
#6719=ORIENTED_EDGE('',*,*,#6334,.T.);
#6721=ORIENTED_EDGE('',*,*,#6720,.T.);
#6723=ORIENTED_EDGE('',*,*,#6722,.F.);
#6725=ORIENTED_EDGE('',*,*,#6724,.F.);
#6726=ORIENTED_EDGE('',*,*,#6326,.T.);
#6727=ORIENTED_EDGE('',*,*,#5762,.T.);
#6729=ORIENTED_EDGE('',*,*,#6728,.F.);
#6730=ORIENTED_EDGE('',*,*,#5700,.F.);
#6731=ORIENTED_EDGE('',*,*,#6320,.T.);
#6732=ORIENTED_EDGE('',*,*,#6297,.F.);
#6734=ORIENTED_EDGE('',*,*,#6733,.F.);
#6735=ORIENTED_EDGE('',*,*,#6652,.T.);
#6736=ORIENTED_EDGE('',*,*,#6313,.T.);
#6737=ORIENTED_EDGE('',*,*,#6478,.T.);
#6739=ORIENTED_EDGE('',*,*,#6738,.F.);
#6740=EDGE_LOOP('',(#6683,#6684,#6686,#6688,#6690,#6691,#6693,#6695,#6697,#6698,
#6700,#6702,#6704,#6705,#6707,#6709,#6711,#6712,#6714,#6716,#6718,#6719,#6721,
#6723,#6725,#6726,#6727,#6729,#6730,#6731,#6732,#6734,#6735,#6736,#6737,#6739));
#6741=FACE_OUTER_BOUND('',#6740,.F.);
#6743=CARTESIAN_POINT('',(0.E0,0.E0,-7.00278E0));
#6744=DIRECTION('',(0.E0,0.E0,-1.E0));
#6745=DIRECTION('',(-1.E0,0.E0,0.E0));
#6746=AXIS2_PLACEMENT_3D('',#6743,#6744,#6745);
#6747=PLANE('',#6746);
#6749=ORIENTED_EDGE('',*,*,#6748,.F.);
#6750=ORIENTED_EDGE('',*,*,#6668,.T.);
#6752=ORIENTED_EDGE('',*,*,#6751,.T.);
#6753=ORIENTED_EDGE('',*,*,#6562,.F.);
#6754=EDGE_LOOP('',(#6749,#6750,#6752,#6753));
#6755=FACE_OUTER_BOUND('',#6754,.F.);
#6757=CARTESIAN_POINT('',(-5.9563E0,5.0038E0,-1.9558E-1));
#6758=DIRECTION('',(-1.E0,0.E0,0.E0));
#6759=DIRECTION('',(0.E0,-1.E0,0.E0));
#6760=AXIS2_PLACEMENT_3D('',#6757,#6758,#6759);
#6761=PLANE('',#6760);
#6762=ORIENTED_EDGE('',*,*,#6748,.T.);
#6763=ORIENTED_EDGE('',*,*,#6560,.F.);
#6765=ORIENTED_EDGE('',*,*,#6764,.T.);
#6767=ORIENTED_EDGE('',*,*,#6766,.T.);
#6768=ORIENTED_EDGE('',*,*,#5843,.T.);
#6769=ORIENTED_EDGE('',*,*,#6670,.F.);
#6770=EDGE_LOOP('',(#6762,#6763,#6765,#6767,#6768,#6769));
#6771=FACE_OUTER_BOUND('',#6770,.F.);
#6773=CARTESIAN_POINT('',(-6.0833E0,3.9497E0,-3.2258E-1));
#6774=DIRECTION('',(7.071067811865E-1,0.E0,7.071067811865E-1));
#6775=DIRECTION('',(7.071067811865E-1,0.E0,-7.071067811865E-1));
#6776=AXIS2_PLACEMENT_3D('',#6773,#6774,#6775);
#6777=PLANE('',#6776);
#6779=ORIENTED_EDGE('',*,*,#6778,.T.);
#6780=ORIENTED_EDGE('',*,*,#6764,.F.);
#6782=ORIENTED_EDGE('',*,*,#6781,.T.);
#6783=ORIENTED_EDGE('',*,*,#6032,.T.);
#6784=EDGE_LOOP('',(#6779,#6780,#6782,#6783));
#6785=FACE_OUTER_BOUND('',#6784,.F.);
#6787=CARTESIAN_POINT('',(-6.35E0,5.0038E0,-1.9558E-1));
#6788=DIRECTION('',(0.E0,-1.E0,0.E0));
#6789=DIRECTION('',(1.E0,0.E0,0.E0));
#6790=AXIS2_PLACEMENT_3D('',#6787,#6788,#6789);
#6791=PLANE('',#6790);
#6792=ORIENTED_EDGE('',*,*,#6778,.F.);
#6793=ORIENTED_EDGE('',*,*,#6030,.F.);
#6795=ORIENTED_EDGE('',*,*,#6794,.T.);
#6796=ORIENTED_EDGE('',*,*,#5845,.T.);
#6797=ORIENTED_EDGE('',*,*,#6766,.F.);
#6798=EDGE_LOOP('',(#6792,#6793,#6795,#6796,#6797));
#6799=FACE_OUTER_BOUND('',#6798,.F.);
#6801=CARTESIAN_POINT('',(-6.35E0,7.7978E0,-1.9558E-1));
#6802=DIRECTION('',(-1.E0,0.E0,0.E0));
#6803=DIRECTION('',(0.E0,-1.E0,0.E0));
#6804=AXIS2_PLACEMENT_3D('',#6801,#6802,#6803);
#6805=PLANE('',#6804);
#6807=ORIENTED_EDGE('',*,*,#6806,.F.);
#6808=ORIENTED_EDGE('',*,*,#6125,.F.);
#6810=ORIENTED_EDGE('',*,*,#6809,.T.);
#6811=ORIENTED_EDGE('',*,*,#5847,.T.);
#6812=ORIENTED_EDGE('',*,*,#6794,.F.);
#6813=ORIENTED_EDGE('',*,*,#6028,.F.);
#6814=EDGE_LOOP('',(#6807,#6808,#6810,#6811,#6812,#6813));
#6815=FACE_OUTER_BOUND('',#6814,.F.);
#6817=CARTESIAN_POINT('',(-6.223E0,5.14858E0,-1.9558E-1));
#6818=DIRECTION('',(0.E0,0.E0,-1.E0));
#6819=DIRECTION('',(-1.E0,0.E0,0.E0));
#6820=AXIS2_PLACEMENT_3D('',#6817,#6818,#6819);
#6821=PLANE('',#6820);
#6822=ORIENTED_EDGE('',*,*,#6806,.T.);
#6823=ORIENTED_EDGE('',*,*,#6144,.F.);
#6825=ORIENTED_EDGE('',*,*,#6824,.T.);
#6827=ORIENTED_EDGE('',*,*,#6826,.F.);
#6828=EDGE_LOOP('',(#6822,#6823,#6825,#6827));
#6829=FACE_OUTER_BOUND('',#6828,.F.);
#6831=CARTESIAN_POINT('',(-6.223E0,5.14858E0,-3.095625365767E-1));
#6832=DIRECTION('',(0.E0,1.E0,0.E0));
#6833=DIRECTION('',(-1.E0,0.E0,0.E0));
#6834=AXIS2_PLACEMENT_3D('',#6831,#6832,#6833);
#6835=CYLINDRICAL_SURFACE('',#6834,1.139825365767E-1);
#6837=ORIENTED_EDGE('',*,*,#6836,.F.);
#6839=ORIENTED_EDGE('',*,*,#6838,.T.);
#6841=ORIENTED_EDGE('',*,*,#6840,.T.);
#6842=ORIENTED_EDGE('',*,*,#6824,.F.);
#6843=EDGE_LOOP('',(#6837,#6839,#6841,#6842));
#6844=FACE_OUTER_BOUND('',#6843,.F.);
#6846=CARTESIAN_POINT('',(0.E0,5.14858E0,0.E0));
#6847=DIRECTION('',(0.E0,1.E0,0.E0));
#6848=DIRECTION('',(-1.E0,0.E0,0.E0));
#6849=AXIS2_PLACEMENT_3D('',#6846,#6847,#6848);
#6850=PLANE('',#6849);
#6852=ORIENTED_EDGE('',*,*,#6851,.F.);
#6854=ORIENTED_EDGE('',*,*,#6853,.T.);
#6856=ORIENTED_EDGE('',*,*,#6855,.T.);
#6858=ORIENTED_EDGE('',*,*,#6857,.T.);
#6859=ORIENTED_EDGE('',*,*,#6836,.T.);
#6860=ORIENTED_EDGE('',*,*,#6142,.F.);
#6862=ORIENTED_EDGE('',*,*,#6861,.T.);
#6864=ORIENTED_EDGE('',*,*,#6863,.T.);
#6866=ORIENTED_EDGE('',*,*,#6865,.T.);
#6868=ORIENTED_EDGE('',*,*,#6867,.T.);
#6869=EDGE_LOOP('',(#6852,#6854,#6856,#6858,#6859,#6860,#6862,#6864,#6866,
#6868));
#6870=FACE_OUTER_BOUND('',#6869,.F.);
#6872=CARTESIAN_POINT('',(0.E0,5.14858E0,0.E0));
#6873=DIRECTION('',(0.E0,1.E0,0.E0));
#6874=DIRECTION('',(-1.E0,0.E0,0.E0));
#6875=AXIS2_PLACEMENT_3D('',#6872,#6873,#6874);
#6876=PLANE('',#6875);
#6878=ORIENTED_EDGE('',*,*,#6877,.F.);
#6880=ORIENTED_EDGE('',*,*,#6879,.T.);
#6882=ORIENTED_EDGE('',*,*,#6881,.T.);
#6884=ORIENTED_EDGE('',*,*,#6883,.T.);
#6886=ORIENTED_EDGE('',*,*,#6885,.T.);
#6887=ORIENTED_EDGE('',*,*,#6203,.F.);
#6889=ORIENTED_EDGE('',*,*,#6888,.T.);
#6891=ORIENTED_EDGE('',*,*,#6890,.T.);
#6893=ORIENTED_EDGE('',*,*,#6892,.T.);
#6895=ORIENTED_EDGE('',*,*,#6894,.T.);
#6896=EDGE_LOOP('',(#6878,#6880,#6882,#6884,#6886,#6887,#6889,#6891,#6893,
#6895));
#6897=FACE_OUTER_BOUND('',#6896,.F.);
#6899=CARTESIAN_POINT('',(-2.93193216E1,5.52958E0,-1.178054185227E0));
#6900=DIRECTION('',(9.958717442042E-1,0.E0,-9.077152139089E-2));
#6901=DIRECTION('',(0.E0,-1.E0,0.E0));
#6902=AXIS2_PLACEMENT_3D('',#6899,#6900,#6901);
#6903=CYLINDRICAL_SURFACE('',#6902,3.81E-1);
#6905=ORIENTED_EDGE('',*,*,#6904,.T.);
#6907=ORIENTED_EDGE('',*,*,#6906,.F.);
#6909=ORIENTED_EDGE('',*,*,#6908,.T.);
#6910=ORIENTED_EDGE('',*,*,#6851,.T.);
#6911=EDGE_LOOP('',(#6905,#6907,#6909,#6910));
#6912=FACE_OUTER_BOUND('',#6911,.F.);
#6914=CARTESIAN_POINT('',(-5.126247443073E0,5.14858E0,-2.967290292537E0));
#6915=DIRECTION('',(9.958717442042E-1,0.E0,-9.077152139089E-2));
#6916=DIRECTION('',(-9.077152139089E-2,0.E0,-9.958717442042E-1));
#6917=AXIS2_PLACEMENT_3D('',#6914,#6915,#6916);
#6918=PLANE('',#6917);
#6920=ORIENTED_EDGE('',*,*,#6919,.F.);
#6922=ORIENTED_EDGE('',*,*,#6921,.F.);
#6923=ORIENTED_EDGE('',*,*,#6904,.F.);
#6924=ORIENTED_EDGE('',*,*,#6867,.F.);
#6926=ORIENTED_EDGE('',*,*,#6925,.T.);
#6928=ORIENTED_EDGE('',*,*,#6927,.T.);
#6929=EDGE_LOOP('',(#6920,#6922,#6923,#6924,#6926,#6928));
#6930=FACE_OUTER_BOUND('',#6929,.F.);
#6932=CARTESIAN_POINT('',(2.736618371885E1,7.05358E0,-6.344813447701E0));
#6933=DIRECTION('',(-9.958717442042E-1,0.E0,9.077152139089E-2));
#6934=DIRECTION('',(0.E0,1.E0,0.E0));
#6935=AXIS2_PLACEMENT_3D('',#6932,#6933,#6934);
#6936=CYLINDRICAL_SURFACE('',#6935,3.81E-1);
#6938=ORIENTED_EDGE('',*,*,#6937,.T.);
#6940=ORIENTED_EDGE('',*,*,#6939,.F.);
#6941=ORIENTED_EDGE('',*,*,#6919,.T.);
#6943=ORIENTED_EDGE('',*,*,#6942,.T.);
#6944=EDGE_LOOP('',(#6938,#6940,#6941,#6943));
#6945=FACE_OUTER_BOUND('',#6944,.F.);
#6947=CARTESIAN_POINT('',(-5.393200868685E0,5.14858E0,-3.741446905846E0));
#6948=DIRECTION('',(-9.958717442042E-1,0.E0,9.077152139089E-2));
#6949=DIRECTION('',(9.077152139089E-2,0.E0,9.958717442042E-1));
#6950=AXIS2_PLACEMENT_3D('',#6947,#6948,#6949);
#6951=PLANE('',#6950);
#6952=ORIENTED_EDGE('',*,*,#6937,.F.);
#6954=ORIENTED_EDGE('',*,*,#6953,.T.);
#6956=ORIENTED_EDGE('',*,*,#6955,.F.);
#6957=ORIENTED_EDGE('',*,*,#6853,.F.);
#6958=ORIENTED_EDGE('',*,*,#6908,.F.);
#6960=ORIENTED_EDGE('',*,*,#6959,.T.);
#6961=EDGE_LOOP('',(#6952,#6954,#6956,#6957,#6958,#6960));
#6962=FACE_OUTER_BOUND('',#6961,.F.);
#6964=CARTESIAN_POINT('',(0.E0,7.43458E0,0.E0));
#6965=DIRECTION('',(0.E0,1.E0,0.E0));
#6966=DIRECTION('',(-1.E0,0.E0,0.E0));
#6967=AXIS2_PLACEMENT_3D('',#6964,#6965,#6966);
#6968=PLANE('',#6967);
#6969=ORIENTED_EDGE('',*,*,#6942,.F.);
#6970=ORIENTED_EDGE('',*,*,#6927,.F.);
#6972=ORIENTED_EDGE('',*,*,#6971,.F.);
#6974=ORIENTED_EDGE('',*,*,#6973,.F.);
#6976=ORIENTED_EDGE('',*,*,#6975,.F.);
#6978=ORIENTED_EDGE('',*,*,#6977,.F.);
#6979=ORIENTED_EDGE('',*,*,#6840,.F.);
#6981=ORIENTED_EDGE('',*,*,#6980,.F.);
#6983=ORIENTED_EDGE('',*,*,#6982,.F.);
#6984=ORIENTED_EDGE('',*,*,#6953,.F.);
#6985=EDGE_LOOP('',(#6969,#6970,#6972,#6974,#6976,#6978,#6979,#6981,#6983,
#6984));
#6986=FACE_OUTER_BOUND('',#6985,.F.);
#6988=CARTESIAN_POINT('',(0.E0,7.43458E0,0.E0));
#6989=DIRECTION('',(0.E0,1.E0,0.E0));
#6990=DIRECTION('',(-1.E0,0.E0,0.E0));
#6991=AXIS2_PLACEMENT_3D('',#6988,#6989,#6990);
#6992=PLANE('',#6991);
#6994=ORIENTED_EDGE('',*,*,#6993,.F.);
#6996=ORIENTED_EDGE('',*,*,#6995,.F.);
#6998=ORIENTED_EDGE('',*,*,#6997,.F.);
#7000=ORIENTED_EDGE('',*,*,#6999,.F.);
#7002=ORIENTED_EDGE('',*,*,#7001,.F.);
#7004=ORIENTED_EDGE('',*,*,#7003,.F.);
#7006=ORIENTED_EDGE('',*,*,#7005,.F.);
#7008=ORIENTED_EDGE('',*,*,#7007,.F.);
#7010=ORIENTED_EDGE('',*,*,#7009,.F.);
#7012=ORIENTED_EDGE('',*,*,#7011,.F.);
#7013=EDGE_LOOP('',(#6994,#6996,#6998,#7000,#7002,#7004,#7006,#7008,#7010,
#7012));
#7014=FACE_OUTER_BOUND('',#7013,.F.);
#7016=CARTESIAN_POINT('',(-7.09168E0,5.14858E0,-2.788145433350E0));
#7017=DIRECTION('',(0.E0,1.E0,0.E0));
#7018=DIRECTION('',(-1.E0,0.E0,0.E0));
#7019=AXIS2_PLACEMENT_3D('',#7016,#7017,#7018);
#7020=CYLINDRICAL_SURFACE('',#7019,1.97358E0);
#7021=ORIENTED_EDGE('',*,*,#6865,.F.);
#7023=ORIENTED_EDGE('',*,*,#7022,.T.);
#7024=ORIENTED_EDGE('',*,*,#6971,.T.);
#7025=ORIENTED_EDGE('',*,*,#6925,.F.);
#7026=EDGE_LOOP('',(#7021,#7023,#7024,#7025));
#7027=FACE_OUTER_BOUND('',#7026,.F.);
#7029=CARTESIAN_POINT('',(-5.932106368707E0,5.14858E0,-2.036859134485E-1));
#7030=DIRECTION('',(9.396926207859E-1,0.E0,3.420201433257E-1));
#7031=DIRECTION('',(3.420201433257E-1,0.E0,-9.396926207859E-1));
#7032=AXIS2_PLACEMENT_3D('',#7029,#7030,#7031);
#7033=PLANE('',#7032);
#7034=ORIENTED_EDGE('',*,*,#6863,.F.);
#7036=ORIENTED_EDGE('',*,*,#7035,.T.);
#7037=ORIENTED_EDGE('',*,*,#6973,.T.);
#7038=ORIENTED_EDGE('',*,*,#7022,.F.);
#7039=EDGE_LOOP('',(#7034,#7036,#7037,#7038));
#7040=FACE_OUTER_BOUND('',#7039,.F.);
#7042=CARTESIAN_POINT('',(-6.223E0,5.14858E0,-3.095625365767E-1));
#7043=DIRECTION('',(0.E0,1.E0,0.E0));
#7044=DIRECTION('',(-1.E0,0.E0,0.E0));
#7045=AXIS2_PLACEMENT_3D('',#7042,#7043,#7044);
#7046=CYLINDRICAL_SURFACE('',#7045,3.095625365767E-1);
#7047=ORIENTED_EDGE('',*,*,#6861,.F.);
#7049=ORIENTED_EDGE('',*,*,#7048,.T.);
#7050=ORIENTED_EDGE('',*,*,#6975,.T.);
#7051=ORIENTED_EDGE('',*,*,#7035,.F.);
#7052=EDGE_LOOP('',(#7047,#7049,#7050,#7051));
#7053=FACE_OUTER_BOUND('',#7052,.F.);
#7055=CARTESIAN_POINT('',(0.E0,0.E0,0.E0));
#7056=DIRECTION('',(0.E0,0.E0,1.E0));
#7057=DIRECTION('',(1.E0,0.E0,0.E0));
#7058=AXIS2_PLACEMENT_3D('',#7055,#7056,#7057);
#7059=PLANE('',#7058);
#7061=ORIENTED_EDGE('',*,*,#7060,.T.);
#7063=ORIENTED_EDGE('',*,*,#7062,.F.);
#7065=ORIENTED_EDGE('',*,*,#7064,.T.);
#7066=ORIENTED_EDGE('',*,*,#7048,.F.);
#7067=ORIENTED_EDGE('',*,*,#6140,.T.);
#7068=ORIENTED_EDGE('',*,*,#6158,.F.);
#7069=ORIENTED_EDGE('',*,*,#6171,.F.);
#7070=ORIENTED_EDGE('',*,*,#6187,.F.);
#7071=ORIENTED_EDGE('',*,*,#6205,.T.);
#7073=ORIENTED_EDGE('',*,*,#7072,.T.);
#7075=ORIENTED_EDGE('',*,*,#7074,.T.);
#7077=ORIENTED_EDGE('',*,*,#7076,.F.);
#7079=ORIENTED_EDGE('',*,*,#7078,.T.);
#7081=ORIENTED_EDGE('',*,*,#7080,.T.);
#7083=ORIENTED_EDGE('',*,*,#7082,.T.);
#7085=ORIENTED_EDGE('',*,*,#7084,.F.);
#7087=ORIENTED_EDGE('',*,*,#7086,.F.);
#7089=ORIENTED_EDGE('',*,*,#7088,.F.);
#7091=ORIENTED_EDGE('',*,*,#7090,.T.);
#7093=ORIENTED_EDGE('',*,*,#7092,.F.);
#7095=ORIENTED_EDGE('',*,*,#7094,.F.);
#7097=ORIENTED_EDGE('',*,*,#7096,.F.);
#7099=ORIENTED_EDGE('',*,*,#7098,.F.);
#7101=ORIENTED_EDGE('',*,*,#7100,.F.);
#7103=ORIENTED_EDGE('',*,*,#7102,.F.);
#7105=ORIENTED_EDGE('',*,*,#7104,.T.);
#7107=ORIENTED_EDGE('',*,*,#7106,.T.);
#7109=ORIENTED_EDGE('',*,*,#7108,.T.);
#7110=EDGE_LOOP('',(#7061,#7063,#7065,#7066,#7067,#7068,#7069,#7070,#7071,#7073,
#7075,#7077,#7079,#7081,#7083,#7085,#7087,#7089,#7091,#7093,#7095,#7097,#7099,
#7101,#7103,#7105,#7107,#7109));
#7111=FACE_OUTER_BOUND('',#7110,.F.);
#7113=CARTESIAN_POINT('',(-7.4295E0,1.022858E1,0.E0));
#7114=DIRECTION('',(0.E0,-1.E0,0.E0));
#7115=DIRECTION('',(1.E0,0.E0,0.E0));
#7116=AXIS2_PLACEMENT_3D('',#7113,#7114,#7115);
#7117=PLANE('',#7116);
#7118=ORIENTED_EDGE('',*,*,#7060,.F.);
#7120=ORIENTED_EDGE('',*,*,#7119,.T.);
#7121=ORIENTED_EDGE('',*,*,#6076,.T.);
#7123=ORIENTED_EDGE('',*,*,#7122,.T.);
#7124=EDGE_LOOP('',(#7118,#7120,#7121,#7123));
#7125=FACE_OUTER_BOUND('',#7124,.F.);
#7127=CARTESIAN_POINT('',(-7.4295E0,1.022858E1,0.E0));
#7128=DIRECTION('',(0.E0,-1.E0,0.E0));
#7129=DIRECTION('',(1.E0,0.E0,0.E0));
#7130=AXIS2_PLACEMENT_3D('',#7127,#7128,#7129);
#7131=PLANE('',#7130);
#7132=ORIENTED_EDGE('',*,*,#7078,.F.);
#7134=ORIENTED_EDGE('',*,*,#7133,.F.);
#7135=ORIENTED_EDGE('',*,*,#6092,.T.);
#7137=ORIENTED_EDGE('',*,*,#7136,.F.);
#7138=EDGE_LOOP('',(#7132,#7134,#7135,#7137));
#7139=FACE_OUTER_BOUND('',#7138,.F.);
#7141=CARTESIAN_POINT('',(-7.4295E0,1.226058E1,0.E0));
#7142=DIRECTION('',(-1.E0,0.E0,0.E0));
#7143=DIRECTION('',(0.E0,-1.E0,0.E0));
#7144=AXIS2_PLACEMENT_3D('',#7141,#7142,#7143);
#7145=PLANE('',#7144);
#7146=ORIENTED_EDGE('',*,*,#7108,.F.);
#7148=ORIENTED_EDGE('',*,*,#7147,.T.);
#7149=ORIENTED_EDGE('',*,*,#6078,.T.);
#7150=ORIENTED_EDGE('',*,*,#7119,.F.);
#7151=EDGE_LOOP('',(#7146,#7148,#7149,#7150));
#7152=FACE_OUTER_BOUND('',#7151,.F.);
#7154=CARTESIAN_POINT('',(-2.413E0,1.226058E1,0.E0));
#7155=DIRECTION('',(0.E0,1.E0,0.E0));
#7156=DIRECTION('',(-1.E0,0.E0,0.E0));
#7157=AXIS2_PLACEMENT_3D('',#7154,#7155,#7156);
#7158=PLANE('',#7157);
#7159=ORIENTED_EDGE('',*,*,#7106,.F.);
#7161=ORIENTED_EDGE('',*,*,#7160,.T.);
#7162=ORIENTED_EDGE('',*,*,#6080,.T.);
#7163=ORIENTED_EDGE('',*,*,#7147,.F.);
#7164=EDGE_LOOP('',(#7159,#7161,#7162,#7163));
#7165=FACE_OUTER_BOUND('',#7164,.F.);
#7167=CARTESIAN_POINT('',(-2.413E0,1.340358E1,0.E0));
#7168=DIRECTION('',(-1.E0,0.E0,0.E0));
#7169=DIRECTION('',(0.E0,-1.E0,0.E0));
#7170=AXIS2_PLACEMENT_3D('',#7167,#7168,#7169);
#7171=PLANE('',#7170);
#7172=ORIENTED_EDGE('',*,*,#7104,.F.);
#7174=ORIENTED_EDGE('',*,*,#7173,.T.);
#7175=ORIENTED_EDGE('',*,*,#6082,.T.);
#7176=ORIENTED_EDGE('',*,*,#7160,.F.);
#7177=EDGE_LOOP('',(#7172,#7174,#7175,#7176));
#7178=FACE_OUTER_BOUND('',#7177,.F.);
#7180=CARTESIAN_POINT('',(2.93193216E1,1.2954E1,-4.4958E-1));
#7181=DIRECTION('',(-1.E0,0.E0,0.E0));
#7182=DIRECTION('',(0.E0,0.E0,1.E0));
#7183=AXIS2_PLACEMENT_3D('',#7180,#7181,#7182);
#7184=CYLINDRICAL_SURFACE('',#7183,4.4958E-1);
#7185=ORIENTED_EDGE('',*,*,#6084,.T.);
#7186=ORIENTED_EDGE('',*,*,#7173,.F.);
#7187=ORIENTED_EDGE('',*,*,#7102,.T.);
#7189=ORIENTED_EDGE('',*,*,#7188,.F.);
#7191=ORIENTED_EDGE('',*,*,#7190,.F.);
#7193=ORIENTED_EDGE('',*,*,#7192,.T.);
#7194=ORIENTED_EDGE('',*,*,#7086,.T.);
#7196=ORIENTED_EDGE('',*,*,#7195,.T.);
#7197=EDGE_LOOP('',(#7185,#7186,#7187,#7189,#7191,#7193,#7194,#7196));
#7198=FACE_OUTER_BOUND('',#7197,.F.);
#7200=CARTESIAN_POINT('',(-7.67842E0,3.418763088800E1,-4.4958E-1));
#7201=DIRECTION('',(0.E0,-1.E0,0.E0));
#7202=DIRECTION('',(0.E0,0.E0,1.E0));
#7203=AXIS2_PLACEMENT_3D('',#7200,#7201,#7202);
#7204=CYLINDRICAL_SURFACE('',#7203,4.4958E-1);
#7206=ORIENTED_EDGE('',*,*,#7205,.T.);
#7208=ORIENTED_EDGE('',*,*,#7207,.F.);
#7209=ORIENTED_EDGE('',*,*,#7188,.T.);
#7210=ORIENTED_EDGE('',*,*,#7100,.T.);
#7211=EDGE_LOOP('',(#7206,#7208,#7209,#7210));
#7212=FACE_OUTER_BOUND('',#7211,.F.);
#7214=CARTESIAN_POINT('',(-7.93242E0,5.0038E-1,-1.9558E-1));
#7215=DIRECTION('',(0.E0,-1.E0,0.E0));
#7216=DIRECTION('',(-1.E0,0.E0,0.E0));
#7217=AXIS2_PLACEMENT_3D('',#7214,#7215,#7216);
#7218=PLANE('',#7217);
#7219=ORIENTED_EDGE('',*,*,#5404,.T.);
#7220=ORIENTED_EDGE('',*,*,#5454,.F.);
#7222=ORIENTED_EDGE('',*,*,#7221,.T.);
#7224=ORIENTED_EDGE('',*,*,#7223,.F.);
#7226=ORIENTED_EDGE('',*,*,#7225,.T.);
#7228=ORIENTED_EDGE('',*,*,#7227,.F.);
#7230=ORIENTED_EDGE('',*,*,#7229,.F.);
#7232=ORIENTED_EDGE('',*,*,#7231,.T.);
#7233=EDGE_LOOP('',(#7219,#7220,#7222,#7224,#7226,#7228,#7230,#7232));
#7234=FACE_OUTER_BOUND('',#7233,.F.);
#7236=CARTESIAN_POINT('',(-7.93242E0,5.0038E-1,-1.9558E-1));
#7237=DIRECTION('',(0.E0,-1.E0,0.E0));
#7238=DIRECTION('',(-1.E0,0.E0,0.E0));
#7239=AXIS2_PLACEMENT_3D('',#7236,#7237,#7238);
#7240=PLANE('',#7239);
#7242=ORIENTED_EDGE('',*,*,#7241,.T.);
#7244=ORIENTED_EDGE('',*,*,#7243,.T.);
#7245=ORIENTED_EDGE('',*,*,#7205,.F.);
#7246=ORIENTED_EDGE('',*,*,#7098,.T.);
#7248=ORIENTED_EDGE('',*,*,#7247,.F.);
#7250=ORIENTED_EDGE('',*,*,#7249,.F.);
#7252=ORIENTED_EDGE('',*,*,#7251,.F.);
#7253=ORIENTED_EDGE('',*,*,#5420,.T.);
#7254=EDGE_LOOP('',(#7242,#7244,#7245,#7246,#7248,#7250,#7252,#7253));
#7255=FACE_OUTER_BOUND('',#7254,.F.);
#7257=CARTESIAN_POINT('',(-7.93242E0,5.0038E-1,-1.9558E-1));
#7258=DIRECTION('',(0.E0,-1.E0,0.E0));
#7259=DIRECTION('',(-1.E0,0.E0,0.E0));
#7260=AXIS2_PLACEMENT_3D('',#7257,#7258,#7259);
#7261=PLANE('',#7260);
#7263=ORIENTED_EDGE('',*,*,#7262,.T.);
#7264=ORIENTED_EDGE('',*,*,#5440,.T.);
#7266=ORIENTED_EDGE('',*,*,#7265,.F.);
#7268=ORIENTED_EDGE('',*,*,#7267,.T.);
#7269=EDGE_LOOP('',(#7263,#7264,#7266,#7268));
#7270=FACE_OUTER_BOUND('',#7269,.F.);
#7272=CARTESIAN_POINT('',(-7.93242E0,3.81E-1,-1.543558E1));
#7273=DIRECTION('',(0.E0,0.E0,-1.E0));
#7274=DIRECTION('',(0.E0,1.E0,0.E0));
#7275=AXIS2_PLACEMENT_3D('',#7272,#7273,#7274);
#7276=PLANE('',#7275);
#7278=ORIENTED_EDGE('',*,*,#7277,.T.);
#7280=ORIENTED_EDGE('',*,*,#7279,.T.);
#7282=ORIENTED_EDGE('',*,*,#7281,.T.);
#7284=ORIENTED_EDGE('',*,*,#7283,.F.);
#7286=ORIENTED_EDGE('',*,*,#7285,.T.);
#7288=ORIENTED_EDGE('',*,*,#7287,.F.);
#7290=ORIENTED_EDGE('',*,*,#7289,.T.);
#7291=ORIENTED_EDGE('',*,*,#7221,.F.);
#7292=ORIENTED_EDGE('',*,*,#5452,.T.);
#7293=ORIENTED_EDGE('',*,*,#5522,.T.);
#7294=EDGE_LOOP('',(#7278,#7280,#7282,#7284,#7286,#7288,#7290,#7291,#7292,
#7293));
#7295=FACE_OUTER_BOUND('',#7294,.F.);
#7297=CARTESIAN_POINT('',(7.67842E0,-2.332405088800E1,-1.518158E1));
#7298=DIRECTION('',(0.E0,1.E0,0.E0));
#7299=DIRECTION('',(1.E0,0.E0,0.E0));
#7300=AXIS2_PLACEMENT_3D('',#7297,#7298,#7299);
#7301=CYLINDRICAL_SURFACE('',#7300,2.54E-1);
#7302=ORIENTED_EDGE('',*,*,#7277,.F.);
#7303=ORIENTED_EDGE('',*,*,#5520,.T.);
#7305=ORIENTED_EDGE('',*,*,#7304,.T.);
#7307=ORIENTED_EDGE('',*,*,#7306,.T.);
#7308=EDGE_LOOP('',(#7302,#7303,#7305,#7307));
#7309=FACE_OUTER_BOUND('',#7308,.F.);
#7311=CARTESIAN_POINT('',(7.93242E0,0.E0,0.E0));
#7312=DIRECTION('',(1.E0,0.E0,0.E0));
#7313=DIRECTION('',(0.E0,0.E0,-1.E0));
#7314=AXIS2_PLACEMENT_3D('',#7311,#7312,#7313);
#7315=PLANE('',#7314);
#7316=ORIENTED_EDGE('',*,*,#7304,.F.);
#7317=ORIENTED_EDGE('',*,*,#5518,.F.);
#7319=ORIENTED_EDGE('',*,*,#7318,.T.);
#7321=ORIENTED_EDGE('',*,*,#7320,.T.);
#7322=EDGE_LOOP('',(#7316,#7317,#7319,#7321));
#7323=FACE_OUTER_BOUND('',#7322,.F.);
#7325=CARTESIAN_POINT('',(7.93242E0,0.E0,0.E0));
#7326=DIRECTION('',(1.E0,0.E0,0.E0));
#7327=DIRECTION('',(0.E0,0.E0,-1.E0));
#7328=AXIS2_PLACEMENT_3D('',#7325,#7326,#7327);
#7329=PLANE('',#7328);
#7331=ORIENTED_EDGE('',*,*,#7330,.F.);
#7332=ORIENTED_EDGE('',*,*,#5506,.F.);
#7334=ORIENTED_EDGE('',*,*,#7333,.F.);
#7336=ORIENTED_EDGE('',*,*,#7335,.T.);
#7337=EDGE_LOOP('',(#7331,#7332,#7334,#7336));
#7338=FACE_OUTER_BOUND('',#7337,.F.);
#7340=CARTESIAN_POINT('',(7.93242E0,0.E0,0.E0));
#7341=DIRECTION('',(1.E0,0.E0,0.E0));
#7342=DIRECTION('',(0.E0,0.E0,-1.E0));
#7343=AXIS2_PLACEMENT_3D('',#7340,#7341,#7342);
#7344=PLANE('',#7343);
#7346=ORIENTED_EDGE('',*,*,#7345,.F.);
#7348=ORIENTED_EDGE('',*,*,#7347,.T.);
#7350=ORIENTED_EDGE('',*,*,#7349,.F.);
#7351=ORIENTED_EDGE('',*,*,#5510,.F.);
#7352=EDGE_LOOP('',(#7346,#7348,#7350,#7351));
#7353=FACE_OUTER_BOUND('',#7352,.F.);
#7355=CARTESIAN_POINT('',(0.E0,0.E0,-1.1938E1));
#7356=DIRECTION('',(0.E0,0.E0,-1.E0));
#7357=DIRECTION('',(1.E0,0.E0,0.E0));
#7358=AXIS2_PLACEMENT_3D('',#7355,#7356,#7357);
#7359=PLANE('',#7358);
#7360=ORIENTED_EDGE('',*,*,#5406,.T.);
#7361=ORIENTED_EDGE('',*,*,#7231,.F.);
#7363=ORIENTED_EDGE('',*,*,#7362,.F.);
#7365=ORIENTED_EDGE('',*,*,#7364,.F.);
#7367=ORIENTED_EDGE('',*,*,#7366,.F.);
#7369=ORIENTED_EDGE('',*,*,#7368,.F.);
#7371=ORIENTED_EDGE('',*,*,#7370,.F.);
#7372=ORIENTED_EDGE('',*,*,#5526,.F.);
#7373=EDGE_LOOP('',(#7360,#7361,#7363,#7365,#7367,#7369,#7371,#7372));
#7374=FACE_OUTER_BOUND('',#7373,.F.);
#7376=CARTESIAN_POINT('',(0.E0,0.E0,-1.1938E1));
#7377=DIRECTION('',(0.E0,0.E0,-1.E0));
#7378=DIRECTION('',(1.E0,0.E0,0.E0));
#7379=AXIS2_PLACEMENT_3D('',#7376,#7377,#7378);
#7380=PLANE('',#7379);
#7381=ORIENTED_EDGE('',*,*,#7318,.F.);
#7382=ORIENTED_EDGE('',*,*,#5516,.F.);
#7384=ORIENTED_EDGE('',*,*,#7383,.F.);
#7386=ORIENTED_EDGE('',*,*,#7385,.F.);
#7388=ORIENTED_EDGE('',*,*,#7387,.F.);
#7390=ORIENTED_EDGE('',*,*,#7389,.F.);
#7392=ORIENTED_EDGE('',*,*,#7391,.F.);
#7394=ORIENTED_EDGE('',*,*,#7393,.T.);
#7395=EDGE_LOOP('',(#7381,#7382,#7384,#7386,#7388,#7390,#7392,#7394));
#7396=FACE_OUTER_BOUND('',#7395,.F.);
#7398=CARTESIAN_POINT('',(-7.68604E0,5.0038E-1,-1.1938E1));
#7399=DIRECTION('',(0.E0,0.E0,-1.E0));
#7400=DIRECTION('',(1.E0,0.E0,0.E0));
#7401=AXIS2_PLACEMENT_3D('',#7398,#7399,#7400);
#7402=CYLINDRICAL_SURFACE('',#7401,4.4196E-1);
#7404=ORIENTED_EDGE('',*,*,#7403,.F.);
#7406=ORIENTED_EDGE('',*,*,#7405,.F.);
#7408=ORIENTED_EDGE('',*,*,#7407,.F.);
#7409=ORIENTED_EDGE('',*,*,#7362,.T.);
#7410=EDGE_LOOP('',(#7404,#7406,#7408,#7409));
#7411=FACE_OUTER_BOUND('',#7410,.F.);
#7413=CARTESIAN_POINT('',(-8.128E0,1.340358E1,-1.9558E-1));
#7414=DIRECTION('',(-1.E0,0.E0,0.E0));
#7415=DIRECTION('',(0.E0,-1.E0,0.E0));
#7416=AXIS2_PLACEMENT_3D('',#7413,#7414,#7415);
#7417=PLANE('',#7416);
#7419=ORIENTED_EDGE('',*,*,#7418,.F.);
#7421=ORIENTED_EDGE('',*,*,#7420,.F.);
#7422=ORIENTED_EDGE('',*,*,#7267,.F.);
#7423=ORIENTED_EDGE('',*,*,#7403,.T.);
#7424=ORIENTED_EDGE('',*,*,#7229,.T.);
#7426=ORIENTED_EDGE('',*,*,#7425,.T.);
#7428=ORIENTED_EDGE('',*,*,#7427,.F.);
#7429=ORIENTED_EDGE('',*,*,#7207,.T.);
#7430=ORIENTED_EDGE('',*,*,#7243,.F.);
#7432=ORIENTED_EDGE('',*,*,#7431,.F.);
#7434=ORIENTED_EDGE('',*,*,#7433,.T.);
#7436=ORIENTED_EDGE('',*,*,#7435,.T.);
#7437=EDGE_LOOP('',(#7419,#7421,#7422,#7423,#7424,#7426,#7428,#7429,#7430,#7432,
#7434,#7436));
#7438=FACE_OUTER_BOUND('',#7437,.F.);
#7440=CARTESIAN_POINT('',(-8.128E0,5.0038E-1,-9.3472E0));
#7441=DIRECTION('',(0.E0,0.E0,-1.E0));
#7442=DIRECTION('',(1.E0,0.E0,0.E0));
#7443=AXIS2_PLACEMENT_3D('',#7440,#7441,#7442);
#7444=PLANE('',#7443);
#7446=ORIENTED_EDGE('',*,*,#7445,.F.);
#7447=ORIENTED_EDGE('',*,*,#7418,.T.);
#7449=ORIENTED_EDGE('',*,*,#7448,.T.);
#7451=ORIENTED_EDGE('',*,*,#7450,.F.);
#7452=EDGE_LOOP('',(#7446,#7447,#7449,#7451));
#7453=FACE_OUTER_BOUND('',#7452,.F.);
#7455=CARTESIAN_POINT('',(-2.93193216E1,2.4638E-1,-9.6012E0));
#7456=DIRECTION('',(1.E0,0.E0,0.E0));
#7457=DIRECTION('',(0.E0,1.E0,0.E0));
#7458=AXIS2_PLACEMENT_3D('',#7455,#7456,#7457);
#7459=CYLINDRICAL_SURFACE('',#7458,2.54E-1);
#7460=ORIENTED_EDGE('',*,*,#5434,.T.);
#7461=ORIENTED_EDGE('',*,*,#7262,.F.);
#7462=ORIENTED_EDGE('',*,*,#7420,.T.);
#7463=ORIENTED_EDGE('',*,*,#7445,.T.);
#7465=ORIENTED_EDGE('',*,*,#7464,.T.);
#7466=EDGE_LOOP('',(#7460,#7461,#7462,#7463,#7465));
#7467=FACE_OUTER_BOUND('',#7466,.F.);
#7469=CARTESIAN_POINT('',(-7.93242E0,5.0038E-1,-9.3472E0));
#7470=DIRECTION('',(1.E0,0.E0,0.E0));
#7471=DIRECTION('',(0.E0,0.E0,1.E0));
#7472=AXIS2_PLACEMENT_3D('',#7469,#7470,#7471);
#7473=PLANE('',#7472);
#7474=ORIENTED_EDGE('',*,*,#5465,.T.);
#7475=ORIENTED_EDGE('',*,*,#7464,.F.);
#7476=ORIENTED_EDGE('',*,*,#7450,.T.);
#7478=ORIENTED_EDGE('',*,*,#7477,.T.);
#7480=ORIENTED_EDGE('',*,*,#7479,.F.);
#7482=ORIENTED_EDGE('',*,*,#7481,.F.);
#7483=EDGE_LOOP('',(#7474,#7475,#7476,#7478,#7480,#7482));
#7484=FACE_OUTER_BOUND('',#7483,.F.);
#7486=CARTESIAN_POINT('',(0.E0,-4.14782E0,0.E0));
#7487=DIRECTION('',(0.E0,-1.E0,0.E0));
#7488=DIRECTION('',(1.E0,0.E0,0.E0));
#7489=AXIS2_PLACEMENT_3D('',#7486,#7487,#7488);
#7490=PLANE('',#7489);
#7492=ORIENTED_EDGE('',*,*,#7491,.F.);
#7493=ORIENTED_EDGE('',*,*,#7477,.F.);
#7494=ORIENTED_EDGE('',*,*,#7448,.F.);
#7495=ORIENTED_EDGE('',*,*,#7435,.F.);
#7496=EDGE_LOOP('',(#7492,#7493,#7494,#7495));
#7497=FACE_OUTER_BOUND('',#7496,.F.);
#7499=CARTESIAN_POINT('',(0.E0,-4.14782E0,0.E0));
#7500=DIRECTION('',(0.E0,-1.E0,0.E0));
#7501=DIRECTION('',(1.E0,0.E0,0.E0));
#7502=AXIS2_PLACEMENT_3D('',#7499,#7500,#7501);
#7503=PLANE('',#7502);
#7505=ORIENTED_EDGE('',*,*,#7504,.F.);
#7507=ORIENTED_EDGE('',*,*,#7506,.F.);
#7509=ORIENTED_EDGE('',*,*,#7508,.F.);
#7511=ORIENTED_EDGE('',*,*,#7510,.F.);
#7512=EDGE_LOOP('',(#7505,#7507,#7509,#7511));
#7513=FACE_OUTER_BOUND('',#7512,.F.);
#7515=CARTESIAN_POINT('',(-7.93242E0,5.0038E-1,-8.0772E0));
#7516=DIRECTION('',(0.E0,0.E0,1.E0));
#7517=DIRECTION('',(-1.E0,0.E0,0.E0));
#7518=AXIS2_PLACEMENT_3D('',#7515,#7516,#7517);
#7519=PLANE('',#7518);
#7521=ORIENTED_EDGE('',*,*,#7520,.F.);
#7522=ORIENTED_EDGE('',*,*,#7479,.T.);
#7523=ORIENTED_EDGE('',*,*,#7491,.T.);
#7524=ORIENTED_EDGE('',*,*,#7433,.F.);
#7525=EDGE_LOOP('',(#7521,#7522,#7523,#7524));
#7526=FACE_OUTER_BOUND('',#7525,.F.);
#7528=CARTESIAN_POINT('',(2.93193216E1,2.4638E-1,-7.8232E0));
#7529=DIRECTION('',(-1.E0,0.E0,0.E0));
#7530=DIRECTION('',(0.E0,1.E0,0.E0));
#7531=AXIS2_PLACEMENT_3D('',#7528,#7529,#7530);
#7532=CYLINDRICAL_SURFACE('',#7531,2.54E-1);
#7533=ORIENTED_EDGE('',*,*,#7241,.F.);
#7534=ORIENTED_EDGE('',*,*,#5418,.T.);
#7535=ORIENTED_EDGE('',*,*,#7481,.T.);
#7536=ORIENTED_EDGE('',*,*,#7520,.T.);
#7537=ORIENTED_EDGE('',*,*,#7431,.T.);
#7538=EDGE_LOOP('',(#7533,#7534,#7535,#7536,#7537));
#7539=FACE_OUTER_BOUND('',#7538,.F.);
#7541=CARTESIAN_POINT('',(7.93242E0,5.0038E-1,-8.0772E0));
#7542=DIRECTION('',(-1.E0,0.E0,0.E0));
#7543=DIRECTION('',(0.E0,0.E0,-1.E0));
#7544=AXIS2_PLACEMENT_3D('',#7541,#7542,#7543);
#7545=PLANE('',#7544);
#7547=ORIENTED_EDGE('',*,*,#7546,.F.);
#7549=ORIENTED_EDGE('',*,*,#7548,.F.);
#7550=ORIENTED_EDGE('',*,*,#5508,.T.);
#7552=ORIENTED_EDGE('',*,*,#7551,.F.);
#7554=ORIENTED_EDGE('',*,*,#7553,.T.);
#7555=ORIENTED_EDGE('',*,*,#7504,.T.);
#7556=EDGE_LOOP('',(#7547,#7549,#7550,#7552,#7554,#7555));
#7557=FACE_OUTER_BOUND('',#7556,.F.);
#7559=CARTESIAN_POINT('',(7.93242E0,5.0038E-1,-9.3472E0));
#7560=DIRECTION('',(0.E0,0.E0,-1.E0));
#7561=DIRECTION('',(1.E0,0.E0,0.E0));
#7562=AXIS2_PLACEMENT_3D('',#7559,#7560,#7561);
#7563=PLANE('',#7562);
#7565=ORIENTED_EDGE('',*,*,#7564,.F.);
#7566=ORIENTED_EDGE('',*,*,#7546,.T.);
#7567=ORIENTED_EDGE('',*,*,#7510,.T.);
#7569=ORIENTED_EDGE('',*,*,#7568,.F.);
#7570=EDGE_LOOP('',(#7565,#7566,#7567,#7569));
#7571=FACE_OUTER_BOUND('',#7570,.F.);
#7573=CARTESIAN_POINT('',(-2.93193216E1,2.4638E-1,-9.6012E0));
#7574=DIRECTION('',(1.E0,0.E0,0.E0));
#7575=DIRECTION('',(0.E0,1.E0,0.E0));
#7576=AXIS2_PLACEMENT_3D('',#7573,#7574,#7575);
#7577=CYLINDRICAL_SURFACE('',#7576,2.54E-1);
#7579=ORIENTED_EDGE('',*,*,#7578,.F.);
#7580=ORIENTED_EDGE('',*,*,#7345,.T.);
#7581=ORIENTED_EDGE('',*,*,#7548,.T.);
#7582=ORIENTED_EDGE('',*,*,#7564,.T.);
#7584=ORIENTED_EDGE('',*,*,#7583,.T.);
#7585=EDGE_LOOP('',(#7579,#7580,#7581,#7582,#7584));
#7586=FACE_OUTER_BOUND('',#7585,.F.);
#7588=CARTESIAN_POINT('',(8.128E0,5.0038E-1,-1.9558E-1));
#7589=DIRECTION('',(0.E0,-1.E0,0.E0));
#7590=DIRECTION('',(-1.E0,0.E0,0.E0));
#7591=AXIS2_PLACEMENT_3D('',#7588,#7589,#7590);
#7592=PLANE('',#7591);
#7593=ORIENTED_EDGE('',*,*,#7279,.F.);
#7594=ORIENTED_EDGE('',*,*,#7306,.F.);
#7595=ORIENTED_EDGE('',*,*,#7320,.F.);
#7596=ORIENTED_EDGE('',*,*,#7393,.F.);
#7598=ORIENTED_EDGE('',*,*,#7597,.T.);
#7600=ORIENTED_EDGE('',*,*,#7599,.F.);
#7602=ORIENTED_EDGE('',*,*,#7601,.T.);
#7604=ORIENTED_EDGE('',*,*,#7603,.T.);
#7605=EDGE_LOOP('',(#7593,#7594,#7595,#7596,#7598,#7600,#7602,#7604));
#7606=FACE_OUTER_BOUND('',#7605,.F.);
#7608=CARTESIAN_POINT('',(8.128E0,5.0038E-1,-1.9558E-1));
#7609=DIRECTION('',(0.E0,-1.E0,0.E0));
#7610=DIRECTION('',(-1.E0,0.E0,0.E0));
#7611=AXIS2_PLACEMENT_3D('',#7608,#7609,#7610);
#7612=PLANE('',#7611);
#7614=ORIENTED_EDGE('',*,*,#7613,.T.);
#7615=ORIENTED_EDGE('',*,*,#7335,.F.);
#7617=ORIENTED_EDGE('',*,*,#7616,.F.);
#7619=ORIENTED_EDGE('',*,*,#7618,.T.);
#7621=ORIENTED_EDGE('',*,*,#7620,.T.);
#7622=ORIENTED_EDGE('',*,*,#7090,.F.);
#7624=ORIENTED_EDGE('',*,*,#7623,.F.);
#7626=ORIENTED_EDGE('',*,*,#7625,.T.);
#7627=EDGE_LOOP('',(#7614,#7615,#7617,#7619,#7621,#7622,#7624,#7626));
#7628=FACE_OUTER_BOUND('',#7627,.F.);
#7630=CARTESIAN_POINT('',(8.128E0,5.0038E-1,-1.9558E-1));
#7631=DIRECTION('',(0.E0,-1.E0,0.E0));
#7632=DIRECTION('',(-1.E0,0.E0,0.E0));
#7633=AXIS2_PLACEMENT_3D('',#7630,#7631,#7632);
#7634=PLANE('',#7633);
#7635=ORIENTED_EDGE('',*,*,#7578,.T.);
#7637=ORIENTED_EDGE('',*,*,#7636,.T.);
#7639=ORIENTED_EDGE('',*,*,#7638,.T.);
#7640=ORIENTED_EDGE('',*,*,#7347,.F.);
#7641=EDGE_LOOP('',(#7635,#7637,#7639,#7640));
#7642=FACE_OUTER_BOUND('',#7641,.F.);
#7644=CARTESIAN_POINT('',(8.128E0,6.858E-2,-1.9558E-1));
#7645=DIRECTION('',(1.E0,0.E0,0.E0));
#7646=DIRECTION('',(0.E0,1.E0,0.E0));
#7647=AXIS2_PLACEMENT_3D('',#7644,#7645,#7646);
#7648=PLANE('',#7647);
#7649=ORIENTED_EDGE('',*,*,#7636,.F.);
#7650=ORIENTED_EDGE('',*,*,#7583,.F.);
#7651=ORIENTED_EDGE('',*,*,#7568,.T.);
#7652=ORIENTED_EDGE('',*,*,#7508,.T.);
#7654=ORIENTED_EDGE('',*,*,#7653,.F.);
#7656=ORIENTED_EDGE('',*,*,#7655,.F.);
#7657=ORIENTED_EDGE('',*,*,#7625,.F.);
#7659=ORIENTED_EDGE('',*,*,#7658,.T.);
#7661=ORIENTED_EDGE('',*,*,#7660,.T.);
#7663=ORIENTED_EDGE('',*,*,#7662,.T.);
#7664=ORIENTED_EDGE('',*,*,#7597,.F.);
#7666=ORIENTED_EDGE('',*,*,#7665,.F.);
#7667=EDGE_LOOP('',(#7649,#7650,#7651,#7652,#7654,#7656,#7657,#7659,#7661,#7663,
#7664,#7666));
#7668=FACE_OUTER_BOUND('',#7667,.F.);
#7670=CARTESIAN_POINT('',(8.128E0,5.0038E-1,-8.0772E0));
#7671=DIRECTION('',(0.E0,0.E0,1.E0));
#7672=DIRECTION('',(-1.E0,0.E0,0.E0));
#7673=AXIS2_PLACEMENT_3D('',#7670,#7671,#7672);
#7674=PLANE('',#7673);
#7676=ORIENTED_EDGE('',*,*,#7675,.F.);
#7677=ORIENTED_EDGE('',*,*,#7653,.T.);
#7678=ORIENTED_EDGE('',*,*,#7506,.T.);
#7679=ORIENTED_EDGE('',*,*,#7553,.F.);
#7680=EDGE_LOOP('',(#7676,#7677,#7678,#7679));
#7681=FACE_OUTER_BOUND('',#7680,.F.);
#7683=CARTESIAN_POINT('',(2.93193216E1,2.4638E-1,-7.8232E0));
#7684=DIRECTION('',(-1.E0,0.E0,0.E0));
#7685=DIRECTION('',(0.E0,1.E0,0.E0));
#7686=AXIS2_PLACEMENT_3D('',#7683,#7684,#7685);
#7687=CYLINDRICAL_SURFACE('',#7686,2.54E-1);
#7688=ORIENTED_EDGE('',*,*,#7330,.T.);
#7689=ORIENTED_EDGE('',*,*,#7613,.F.);
#7690=ORIENTED_EDGE('',*,*,#7655,.T.);
#7691=ORIENTED_EDGE('',*,*,#7675,.T.);
#7692=ORIENTED_EDGE('',*,*,#7551,.T.);
#7693=EDGE_LOOP('',(#7688,#7689,#7690,#7691,#7692));
#7694=FACE_OUTER_BOUND('',#7693,.F.);
#7696=CARTESIAN_POINT('',(7.67842E0,-2.332405088800E1,-4.4958E-1));
#7697=DIRECTION('',(0.E0,1.E0,0.E0));
#7698=DIRECTION('',(0.E0,0.E0,1.E0));
#7699=AXIS2_PLACEMENT_3D('',#7696,#7697,#7698);
#7700=CYLINDRICAL_SURFACE('',#7699,4.4958E-1);
#7701=ORIENTED_EDGE('',*,*,#7623,.T.);
#7702=ORIENTED_EDGE('',*,*,#7088,.T.);
#7703=ORIENTED_EDGE('',*,*,#7192,.F.);
#7704=ORIENTED_EDGE('',*,*,#7658,.F.);
#7705=EDGE_LOOP('',(#7701,#7702,#7703,#7704));
#7706=FACE_OUTER_BOUND('',#7705,.F.);
#7708=CARTESIAN_POINT('',(8.128E0,1.340358E1,-1.9558E-1));
#7709=DIRECTION('',(0.E0,1.E0,0.E0));
#7710=DIRECTION('',(-1.E0,0.E0,0.E0));
#7711=AXIS2_PLACEMENT_3D('',#7708,#7709,#7710);
#7712=PLANE('',#7711);
#7713=ORIENTED_EDGE('',*,*,#7190,.T.);
#7714=ORIENTED_EDGE('',*,*,#7427,.T.);
#7716=ORIENTED_EDGE('',*,*,#7715,.T.);
#7717=ORIENTED_EDGE('',*,*,#7660,.F.);
#7718=EDGE_LOOP('',(#7713,#7714,#7716,#7717));
#7719=FACE_OUTER_BOUND('',#7718,.F.);
#7721=CARTESIAN_POINT('',(-2.93193216E1,1.2954E1,-1.529842E1));
#7722=DIRECTION('',(1.E0,0.E0,0.E0));
#7723=DIRECTION('',(0.E0,0.E0,-1.E0));
#7724=AXIS2_PLACEMENT_3D('',#7721,#7722,#7723);
#7725=CYLINDRICAL_SURFACE('',#7724,4.4958E-1);
#7726=ORIENTED_EDGE('',*,*,#7715,.F.);
#7728=ORIENTED_EDGE('',*,*,#7727,.F.);
#7730=ORIENTED_EDGE('',*,*,#7729,.T.);
#7732=ORIENTED_EDGE('',*,*,#7731,.T.);
#7733=EDGE_LOOP('',(#7726,#7728,#7730,#7732));
#7734=FACE_OUTER_BOUND('',#7733,.F.);
#7736=CARTESIAN_POINT('',(-7.67842E0,-2.332405088800E1,-1.529842E1));
#7737=DIRECTION('',(0.E0,1.E0,0.E0));
#7738=DIRECTION('',(0.E0,0.E0,-1.E0));
#7739=AXIS2_PLACEMENT_3D('',#7736,#7737,#7738);
#7740=CYLINDRICAL_SURFACE('',#7739,4.4958E-1);
#7741=ORIENTED_EDGE('',*,*,#7227,.T.);
#7743=ORIENTED_EDGE('',*,*,#7742,.T.);
#7744=ORIENTED_EDGE('',*,*,#7727,.T.);
#7745=ORIENTED_EDGE('',*,*,#7425,.F.);
#7746=EDGE_LOOP('',(#7741,#7743,#7744,#7745));
#7747=FACE_OUTER_BOUND('',#7746,.F.);
#7749=CARTESIAN_POINT('',(0.E0,0.E0,-1.5748E1));
#7750=DIRECTION('',(0.E0,0.E0,1.E0));
#7751=DIRECTION('',(1.E0,0.E0,0.E0));
#7752=AXIS2_PLACEMENT_3D('',#7749,#7750,#7751);
#7753=PLANE('',#7752);
#7754=ORIENTED_EDGE('',*,*,#7729,.F.);
#7755=ORIENTED_EDGE('',*,*,#7742,.F.);
#7756=ORIENTED_EDGE('',*,*,#7225,.F.);
#7758=ORIENTED_EDGE('',*,*,#7757,.F.);
#7760=ORIENTED_EDGE('',*,*,#7759,.F.);
#7762=ORIENTED_EDGE('',*,*,#7761,.F.);
#7764=ORIENTED_EDGE('',*,*,#7763,.F.);
#7766=ORIENTED_EDGE('',*,*,#7765,.F.);
#7767=ORIENTED_EDGE('',*,*,#7601,.F.);
#7769=ORIENTED_EDGE('',*,*,#7768,.F.);
#7770=EDGE_LOOP('',(#7754,#7755,#7756,#7758,#7760,#7762,#7764,#7766,#7767,
#7769));
#7771=FACE_OUTER_BOUND('',#7770,.F.);
#7773=CARTESIAN_POINT('',(-5.6007E0,2.40538E0,-1.5748E1));
#7774=DIRECTION('',(1.E0,0.E0,0.E0));
#7775=DIRECTION('',(0.E0,-1.E0,0.E0));
#7776=AXIS2_PLACEMENT_3D('',#7773,#7774,#7775);
#7777=PLANE('',#7776);
#7779=ORIENTED_EDGE('',*,*,#7778,.T.);
#7780=ORIENTED_EDGE('',*,*,#7757,.T.);
#7781=ORIENTED_EDGE('',*,*,#7223,.T.);
#7782=ORIENTED_EDGE('',*,*,#7289,.F.);
#7783=EDGE_LOOP('',(#7779,#7780,#7781,#7782));
#7784=FACE_OUTER_BOUND('',#7783,.F.);
#7786=CARTESIAN_POINT('',(-4.3307E0,1.13538E0,2.05290928E1));
#7787=DIRECTION('',(0.E0,0.E0,-1.E0));
#7788=DIRECTION('',(-1.E0,0.E0,0.E0));
#7789=AXIS2_PLACEMENT_3D('',#7786,#7787,#7788);
#7790=CYLINDRICAL_SURFACE('',#7789,1.27E0);
#7791=ORIENTED_EDGE('',*,*,#7778,.F.);
#7792=ORIENTED_EDGE('',*,*,#7287,.T.);
#7794=ORIENTED_EDGE('',*,*,#7793,.T.);
#7795=ORIENTED_EDGE('',*,*,#7759,.T.);
#7796=EDGE_LOOP('',(#7791,#7792,#7794,#7795));
#7797=FACE_OUTER_BOUND('',#7796,.F.);
#7799=CARTESIAN_POINT('',(5.6007E0,2.40538E0,-1.5748E1));
#7800=DIRECTION('',(0.E0,-1.E0,0.E0));
#7801=DIRECTION('',(-1.E0,0.E0,0.E0));
#7802=AXIS2_PLACEMENT_3D('',#7799,#7800,#7801);
#7803=PLANE('',#7802);
#7805=ORIENTED_EDGE('',*,*,#7804,.T.);
#7806=ORIENTED_EDGE('',*,*,#7761,.T.);
#7807=ORIENTED_EDGE('',*,*,#7793,.F.);
#7808=ORIENTED_EDGE('',*,*,#7285,.F.);
#7809=EDGE_LOOP('',(#7805,#7806,#7807,#7808));
#7810=FACE_OUTER_BOUND('',#7809,.F.);
#7812=CARTESIAN_POINT('',(4.3307E0,1.13538E0,2.05290928E1));
#7813=DIRECTION('',(0.E0,0.E0,-1.E0));
#7814=DIRECTION('',(0.E0,1.E0,0.E0));
#7815=AXIS2_PLACEMENT_3D('',#7812,#7813,#7814);
#7816=CYLINDRICAL_SURFACE('',#7815,1.27E0);
#7817=ORIENTED_EDGE('',*,*,#7804,.F.);
#7818=ORIENTED_EDGE('',*,*,#7283,.T.);
#7820=ORIENTED_EDGE('',*,*,#7819,.T.);
#7821=ORIENTED_EDGE('',*,*,#7763,.T.);
#7822=EDGE_LOOP('',(#7817,#7818,#7820,#7821));
#7823=FACE_OUTER_BOUND('',#7822,.F.);
#7825=CARTESIAN_POINT('',(5.6007E0,5.0038E-1,-1.5748E1));
#7826=DIRECTION('',(-1.E0,0.E0,0.E0));
#7827=DIRECTION('',(0.E0,1.E0,0.E0));
#7828=AXIS2_PLACEMENT_3D('',#7825,#7826,#7827);
#7829=PLANE('',#7828);
#7830=ORIENTED_EDGE('',*,*,#7819,.F.);
#7831=ORIENTED_EDGE('',*,*,#7281,.F.);
#7832=ORIENTED_EDGE('',*,*,#7603,.F.);
#7833=ORIENTED_EDGE('',*,*,#7765,.T.);
#7834=EDGE_LOOP('',(#7830,#7831,#7832,#7833));
#7835=FACE_OUTER_BOUND('',#7834,.F.);
#7837=CARTESIAN_POINT('',(7.67842E0,3.418763088800E1,-1.529842E1));
#7838=DIRECTION('',(0.E0,-1.E0,0.E0));
#7839=DIRECTION('',(0.E0,0.E0,-1.E0));
#7840=AXIS2_PLACEMENT_3D('',#7837,#7838,#7839);
#7841=CYLINDRICAL_SURFACE('',#7840,4.4958E-1);
#7842=ORIENTED_EDGE('',*,*,#7599,.T.);
#7843=ORIENTED_EDGE('',*,*,#7662,.F.);
#7844=ORIENTED_EDGE('',*,*,#7731,.F.);
#7845=ORIENTED_EDGE('',*,*,#7768,.T.);
#7846=EDGE_LOOP('',(#7842,#7843,#7844,#7845));
#7847=FACE_OUTER_BOUND('',#7846,.F.);
#7849=CARTESIAN_POINT('',(7.68604E0,5.0038E-1,-1.1938E1));
#7850=DIRECTION('',(0.E0,0.E0,-1.E0));
#7851=DIRECTION('',(1.E0,0.E0,0.E0));
#7852=AXIS2_PLACEMENT_3D('',#7849,#7850,#7851);
#7853=CYLINDRICAL_SURFACE('',#7852,4.4196E-1);
#7854=ORIENTED_EDGE('',*,*,#7665,.T.);
#7855=ORIENTED_EDGE('',*,*,#7391,.T.);
#7857=ORIENTED_EDGE('',*,*,#7856,.T.);
#7859=ORIENTED_EDGE('',*,*,#7858,.F.);
#7860=EDGE_LOOP('',(#7854,#7855,#7857,#7859));
#7861=FACE_OUTER_BOUND('',#7860,.F.);
#7863=CARTESIAN_POINT('',(7.68604E0,5.842000000001E-2,-1.1938E1));
#7864=DIRECTION('',(0.E0,-1.E0,0.E0));
#7865=DIRECTION('',(-1.E0,0.E0,0.E0));
#7866=AXIS2_PLACEMENT_3D('',#7863,#7864,#7865);
#7867=PLANE('',#7866);
#7868=ORIENTED_EDGE('',*,*,#7389,.T.);
#7870=ORIENTED_EDGE('',*,*,#7869,.T.);
#7872=ORIENTED_EDGE('',*,*,#7871,.F.);
#7873=ORIENTED_EDGE('',*,*,#7856,.F.);
#7874=EDGE_LOOP('',(#7868,#7870,#7872,#7873));
#7875=FACE_OUTER_BOUND('',#7874,.F.);
#7877=CARTESIAN_POINT('',(6.858E0,5.842000000001E-2,-1.1938E1));
#7878=DIRECTION('',(-1.E0,0.E0,0.E0));
#7879=DIRECTION('',(0.E0,1.E0,0.E0));
#7880=AXIS2_PLACEMENT_3D('',#7877,#7878,#7879);
#7881=PLANE('',#7880);
#7882=ORIENTED_EDGE('',*,*,#7387,.T.);
#7884=ORIENTED_EDGE('',*,*,#7883,.T.);
#7886=ORIENTED_EDGE('',*,*,#7885,.F.);
#7887=ORIENTED_EDGE('',*,*,#7869,.F.);
#7888=EDGE_LOOP('',(#7882,#7884,#7886,#7887));
#7889=FACE_OUTER_BOUND('',#7888,.F.);
#7891=CARTESIAN_POINT('',(6.858E0,2.54E-1,-1.1938E1));
#7892=DIRECTION('',(0.E0,1.E0,0.E0));
#7893=DIRECTION('',(1.E0,0.E0,0.E0));
#7894=AXIS2_PLACEMENT_3D('',#7891,#7892,#7893);
#7895=PLANE('',#7894);
#7896=ORIENTED_EDGE('',*,*,#7385,.T.);
#7898=ORIENTED_EDGE('',*,*,#7897,.T.);
#7900=ORIENTED_EDGE('',*,*,#7899,.F.);
#7901=ORIENTED_EDGE('',*,*,#7883,.F.);
#7902=EDGE_LOOP('',(#7896,#7898,#7900,#7901));
#7903=FACE_OUTER_BOUND('',#7902,.F.);
#7905=CARTESIAN_POINT('',(7.68604E0,5.0038E-1,-1.1938E1));
#7906=DIRECTION('',(0.E0,0.E0,-1.E0));
#7907=DIRECTION('',(1.E0,0.E0,0.E0));
#7908=AXIS2_PLACEMENT_3D('',#7905,#7906,#7907);
#7909=CYLINDRICAL_SURFACE('',#7908,2.4638E-1);
#7910=ORIENTED_EDGE('',*,*,#5514,.F.);
#7912=ORIENTED_EDGE('',*,*,#7911,.F.);
#7913=ORIENTED_EDGE('',*,*,#7897,.F.);
#7914=ORIENTED_EDGE('',*,*,#7383,.T.);
#7915=EDGE_LOOP('',(#7910,#7912,#7913,#7914));
#7916=FACE_OUTER_BOUND('',#7915,.F.);
#7918=CARTESIAN_POINT('',(0.E0,0.E0,-9.906E0));
#7919=DIRECTION('',(0.E0,0.E0,-1.E0));
#7920=DIRECTION('',(1.E0,0.E0,0.E0));
#7921=AXIS2_PLACEMENT_3D('',#7918,#7919,#7920);
#7922=PLANE('',#7921);
#7923=ORIENTED_EDGE('',*,*,#5438,.F.);
#7924=ORIENTED_EDGE('',*,*,#5530,.T.);
#7926=ORIENTED_EDGE('',*,*,#7925,.T.);
#7928=ORIENTED_EDGE('',*,*,#7927,.T.);
#7930=ORIENTED_EDGE('',*,*,#7929,.T.);
#7932=ORIENTED_EDGE('',*,*,#7931,.T.);
#7933=ORIENTED_EDGE('',*,*,#7405,.T.);
#7934=ORIENTED_EDGE('',*,*,#7265,.T.);
#7935=EDGE_LOOP('',(#7923,#7924,#7926,#7928,#7930,#7932,#7933,#7934));
#7936=FACE_OUTER_BOUND('',#7935,.F.);
#7938=CARTESIAN_POINT('',(0.E0,0.E0,-9.906E0));
#7939=DIRECTION('',(0.E0,0.E0,-1.E0));
#7940=DIRECTION('',(1.E0,0.E0,0.E0));
#7941=AXIS2_PLACEMENT_3D('',#7938,#7939,#7940);
#7942=PLANE('',#7941);
#7943=ORIENTED_EDGE('',*,*,#7349,.T.);
#7944=ORIENTED_EDGE('',*,*,#7638,.F.);
#7945=ORIENTED_EDGE('',*,*,#7858,.T.);
#7946=ORIENTED_EDGE('',*,*,#7871,.T.);
#7947=ORIENTED_EDGE('',*,*,#7885,.T.);
#7948=ORIENTED_EDGE('',*,*,#7899,.T.);
#7949=ORIENTED_EDGE('',*,*,#7911,.T.);
#7950=ORIENTED_EDGE('',*,*,#5512,.T.);
#7951=EDGE_LOOP('',(#7943,#7944,#7945,#7946,#7947,#7948,#7949,#7950));
#7952=FACE_OUTER_BOUND('',#7951,.F.);
#7954=CARTESIAN_POINT('',(-7.68604E0,5.0038E-1,-1.1938E1));
#7955=DIRECTION('',(0.E0,0.E0,-1.E0));
#7956=DIRECTION('',(1.E0,0.E0,0.E0));
#7957=AXIS2_PLACEMENT_3D('',#7954,#7955,#7956);
#7958=CYLINDRICAL_SURFACE('',#7957,2.4638E-1);
#7959=ORIENTED_EDGE('',*,*,#5528,.T.);
#7960=ORIENTED_EDGE('',*,*,#7370,.T.);
#7962=ORIENTED_EDGE('',*,*,#7961,.T.);
#7963=ORIENTED_EDGE('',*,*,#7925,.F.);
#7964=EDGE_LOOP('',(#7959,#7960,#7962,#7963));
#7965=FACE_OUTER_BOUND('',#7964,.F.);
#7967=CARTESIAN_POINT('',(-7.68604E0,2.54E-1,-1.1938E1));
#7968=DIRECTION('',(0.E0,1.E0,0.E0));
#7969=DIRECTION('',(1.E0,0.E0,0.E0));
#7970=AXIS2_PLACEMENT_3D('',#7967,#7968,#7969);
#7971=PLANE('',#7970);
#7972=ORIENTED_EDGE('',*,*,#7368,.T.);
#7974=ORIENTED_EDGE('',*,*,#7973,.T.);
#7975=ORIENTED_EDGE('',*,*,#7927,.F.);
#7976=ORIENTED_EDGE('',*,*,#7961,.F.);
#7977=EDGE_LOOP('',(#7972,#7974,#7975,#7976));
#7978=FACE_OUTER_BOUND('',#7977,.F.);
#7980=CARTESIAN_POINT('',(-6.858E0,2.54E-1,-1.1938E1));
#7981=DIRECTION('',(1.E0,0.E0,0.E0));
#7982=DIRECTION('',(0.E0,-1.E0,0.E0));
#7983=AXIS2_PLACEMENT_3D('',#7980,#7981,#7982);
#7984=PLANE('',#7983);
#7985=ORIENTED_EDGE('',*,*,#7366,.T.);
#7987=ORIENTED_EDGE('',*,*,#7986,.T.);
#7988=ORIENTED_EDGE('',*,*,#7929,.F.);
#7989=ORIENTED_EDGE('',*,*,#7973,.F.);
#7990=EDGE_LOOP('',(#7985,#7987,#7988,#7989));
#7991=FACE_OUTER_BOUND('',#7990,.F.);
#7993=CARTESIAN_POINT('',(-6.858E0,5.842000000001E-2,-1.1938E1));
#7994=DIRECTION('',(0.E0,-1.E0,0.E0));
#7995=DIRECTION('',(-1.E0,0.E0,0.E0));
#7996=AXIS2_PLACEMENT_3D('',#7993,#7994,#7995);
#7997=PLANE('',#7996);
#7998=ORIENTED_EDGE('',*,*,#7364,.T.);
#7999=ORIENTED_EDGE('',*,*,#7407,.T.);
#8000=ORIENTED_EDGE('',*,*,#7931,.F.);
#8001=ORIENTED_EDGE('',*,*,#7986,.F.);
#8002=EDGE_LOOP('',(#7998,#7999,#8000,#8001));
#8003=FACE_OUTER_BOUND('',#8002,.F.);
#8005=CARTESIAN_POINT('',(7.67842E0,3.418763088800E1,-4.4958E-1));
#8006=DIRECTION('',(0.E0,-1.E0,0.E0));
#8007=DIRECTION('',(1.E0,0.E0,0.E0));
#8008=AXIS2_PLACEMENT_3D('',#8005,#8006,#8007);
#8009=CYLINDRICAL_SURFACE('',#8008,2.54E-1);
#8010=ORIENTED_EDGE('',*,*,#5504,.T.);
#8012=ORIENTED_EDGE('',*,*,#8011,.F.);
#8013=ORIENTED_EDGE('',*,*,#7616,.T.);
#8014=ORIENTED_EDGE('',*,*,#7333,.T.);
#8015=EDGE_LOOP('',(#8010,#8012,#8013,#8014));
#8016=FACE_OUTER_BOUND('',#8015,.F.);
#8018=CARTESIAN_POINT('',(8.128E0,6.858E-2,-1.9558E-1));
#8019=DIRECTION('',(0.E0,0.E0,-1.E0));
#8020=DIRECTION('',(0.E0,1.E0,0.E0));
#8021=AXIS2_PLACEMENT_3D('',#8018,#8019,#8020);
#8022=PLANE('',#8021);
#8023=ORIENTED_EDGE('',*,*,#8011,.T.);
#8024=ORIENTED_EDGE('',*,*,#5502,.T.);
#8026=ORIENTED_EDGE('',*,*,#8025,.T.);
#8027=ORIENTED_EDGE('',*,*,#7618,.F.);
#8028=EDGE_LOOP('',(#8023,#8024,#8026,#8027));
#8029=FACE_OUTER_BOUND('',#8028,.F.);
#8031=CARTESIAN_POINT('',(6.096E0,0.E0,0.E0));
#8032=DIRECTION('',(1.E0,0.E0,0.E0));
#8033=DIRECTION('',(0.E0,0.E0,-1.E0));
#8034=AXIS2_PLACEMENT_3D('',#8031,#8032,#8033);
#8035=PLANE('',#8034);
#8037=ORIENTED_EDGE('',*,*,#8036,.F.);
#8038=ORIENTED_EDGE('',*,*,#7620,.F.);
#8039=ORIENTED_EDGE('',*,*,#8025,.F.);
#8040=ORIENTED_EDGE('',*,*,#5500,.T.);
#8042=ORIENTED_EDGE('',*,*,#8041,.T.);
#8044=ORIENTED_EDGE('',*,*,#8043,.T.);
#8045=EDGE_LOOP('',(#8037,#8038,#8039,#8040,#8042,#8044));
#8046=FACE_OUTER_BOUND('',#8045,.F.);
#8048=CARTESIAN_POINT('',(-2.93193216E1,5.1816E-1,-4.4958E-1));
#8049=DIRECTION('',(1.E0,0.E0,0.E0));
#8050=DIRECTION('',(0.E0,0.E0,1.E0));
#8051=AXIS2_PLACEMENT_3D('',#8048,#8049,#8050);
#8052=CYLINDRICAL_SURFACE('',#8051,4.4958E-1);
#8053=ORIENTED_EDGE('',*,*,#8036,.T.);
#8055=ORIENTED_EDGE('',*,*,#8054,.F.);
#8057=ORIENTED_EDGE('',*,*,#8056,.T.);
#8058=ORIENTED_EDGE('',*,*,#7096,.T.);
#8059=ORIENTED_EDGE('',*,*,#7094,.T.);
#8060=ORIENTED_EDGE('',*,*,#7092,.T.);
#8061=EDGE_LOOP('',(#8053,#8055,#8057,#8058,#8059,#8060));
#8062=FACE_OUTER_BOUND('',#8061,.F.);
#8064=CARTESIAN_POINT('',(-8.128E0,6.858E-2,-1.9558E-1));
#8065=DIRECTION('',(0.E0,-1.E0,0.E0));
#8066=DIRECTION('',(1.E0,0.E0,0.E0));
#8067=AXIS2_PLACEMENT_3D('',#8064,#8065,#8066);
#8068=PLANE('',#8067);
#8069=ORIENTED_EDGE('',*,*,#8054,.T.);
#8070=ORIENTED_EDGE('',*,*,#8043,.F.);
#8072=ORIENTED_EDGE('',*,*,#8071,.T.);
#8074=ORIENTED_EDGE('',*,*,#8073,.T.);
#8076=ORIENTED_EDGE('',*,*,#8075,.T.);
#8078=ORIENTED_EDGE('',*,*,#8077,.T.);
#8080=ORIENTED_EDGE('',*,*,#8079,.T.);
#8082=ORIENTED_EDGE('',*,*,#8081,.F.);
#8084=ORIENTED_EDGE('',*,*,#8083,.F.);
#8086=ORIENTED_EDGE('',*,*,#8085,.T.);
#8088=ORIENTED_EDGE('',*,*,#8087,.T.);
#8090=ORIENTED_EDGE('',*,*,#8089,.T.);
#8092=ORIENTED_EDGE('',*,*,#8091,.T.);
#8094=ORIENTED_EDGE('',*,*,#8093,.T.);
#8096=ORIENTED_EDGE('',*,*,#8095,.T.);
#8098=ORIENTED_EDGE('',*,*,#8097,.F.);
#8099=EDGE_LOOP('',(#8069,#8070,#8072,#8074,#8076,#8078,#8080,#8082,#8084,#8086,
#8088,#8090,#8092,#8094,#8096,#8098));
#8100=FACE_OUTER_BOUND('',#8099,.F.);
#8102=ORIENTED_EDGE('',*,*,#8101,.T.);
#8104=ORIENTED_EDGE('',*,*,#8103,.T.);
#8106=ORIENTED_EDGE('',*,*,#8105,.T.);
#8108=ORIENTED_EDGE('',*,*,#8107,.T.);
#8109=EDGE_LOOP('',(#8102,#8104,#8106,#8108));
#8110=FACE_BOUND('',#8109,.F.);
#8112=CARTESIAN_POINT('',(1.27E0,6.858E-2,-1.397E0));
#8113=DIRECTION('',(0.E0,0.E0,1.E0));
#8114=DIRECTION('',(-1.E0,0.E0,0.E0));
#8115=AXIS2_PLACEMENT_3D('',#8112,#8113,#8114);
#8116=PLANE('',#8115);
#8118=ORIENTED_EDGE('',*,*,#8117,.F.);
#8120=ORIENTED_EDGE('',*,*,#8119,.T.);
#8122=ORIENTED_EDGE('',*,*,#8121,.F.);
#8123=ORIENTED_EDGE('',*,*,#8101,.F.);
#8125=ORIENTED_EDGE('',*,*,#8124,.T.);
#8127=ORIENTED_EDGE('',*,*,#8126,.T.);
#8128=EDGE_LOOP('',(#8118,#8120,#8122,#8123,#8125,#8127));
#8129=FACE_OUTER_BOUND('',#8128,.F.);
#8131=CARTESIAN_POINT('',(-1.016E0,3.81E-1,-1.397E0));
#8132=DIRECTION('',(0.E0,-7.071067811865E-1,7.071067811865E-1));
#8133=DIRECTION('',(0.E0,-7.071067811865E-1,-7.071067811865E-1));
#8134=AXIS2_PLACEMENT_3D('',#8131,#8132,#8133);
#8135=PLANE('',#8134);
#8137=ORIENTED_EDGE('',*,*,#8136,.F.);
#8138=ORIENTED_EDGE('',*,*,#8117,.T.);
#8140=ORIENTED_EDGE('',*,*,#8139,.T.);
#8142=ORIENTED_EDGE('',*,*,#8141,.F.);
#8143=EDGE_LOOP('',(#8137,#8138,#8140,#8142));
#8144=FACE_OUTER_BOUND('',#8143,.F.);
#8146=CARTESIAN_POINT('',(-1.016E0,0.E0,0.E0));
#8147=DIRECTION('',(1.E0,0.E0,0.E0));
#8148=DIRECTION('',(0.E0,0.E0,-1.E0));
#8149=AXIS2_PLACEMENT_3D('',#8146,#8147,#8148);
#8150=PLANE('',#8149);
#8151=ORIENTED_EDGE('',*,*,#8136,.T.);
#8153=ORIENTED_EDGE('',*,*,#8152,.T.);
#8155=ORIENTED_EDGE('',*,*,#8154,.T.);
#8157=ORIENTED_EDGE('',*,*,#8156,.F.);
#8158=EDGE_LOOP('',(#8151,#8153,#8155,#8157));
#8159=FACE_OUTER_BOUND('',#8158,.F.);
#8161=CARTESIAN_POINT('',(-1.016E0,-1.27E-2,-1.7907E0));
#8162=DIRECTION('',(0.E0,-1.E0,0.E0));
#8163=DIRECTION('',(0.E0,0.E0,-1.E0));
#8164=AXIS2_PLACEMENT_3D('',#8161,#8162,#8163);
#8165=PLANE('',#8164);
#8166=ORIENTED_EDGE('',*,*,#8152,.F.);
#8167=ORIENTED_EDGE('',*,*,#8141,.T.);
#8169=ORIENTED_EDGE('',*,*,#8168,.T.);
#8171=ORIENTED_EDGE('',*,*,#8170,.F.);
#8172=EDGE_LOOP('',(#8166,#8167,#8169,#8171));
#8173=FACE_OUTER_BOUND('',#8172,.F.);
#8175=CARTESIAN_POINT('',(1.016E0,0.E0,0.E0));
#8176=DIRECTION('',(1.E0,0.E0,0.E0));
#8177=DIRECTION('',(0.E0,0.E0,-1.E0));
#8178=AXIS2_PLACEMENT_3D('',#8175,#8176,#8177);
#8179=PLANE('',#8178);
#8180=ORIENTED_EDGE('',*,*,#8139,.F.);
#8182=ORIENTED_EDGE('',*,*,#8181,.T.);
#8184=ORIENTED_EDGE('',*,*,#8183,.F.);
#8185=ORIENTED_EDGE('',*,*,#8168,.F.);
#8186=EDGE_LOOP('',(#8180,#8182,#8184,#8185));
#8187=FACE_OUTER_BOUND('',#8186,.F.);
#8189=CARTESIAN_POINT('',(-7.93242E0,3.81E-1,-1.9558E-1));
#8190=DIRECTION('',(0.E0,-1.E0,0.E0));
#8191=DIRECTION('',(0.E0,0.E0,-1.E0));
#8192=AXIS2_PLACEMENT_3D('',#8189,#8190,#8191);
#8193=PLANE('',#8192);
#8194=ORIENTED_EDGE('',*,*,#8156,.T.);
#8196=ORIENTED_EDGE('',*,*,#8195,.T.);
#8197=ORIENTED_EDGE('',*,*,#8181,.F.);
#8198=ORIENTED_EDGE('',*,*,#8126,.F.);
#8200=ORIENTED_EDGE('',*,*,#8199,.F.);
#8202=ORIENTED_EDGE('',*,*,#8201,.F.);
#8204=ORIENTED_EDGE('',*,*,#8203,.F.);
#8205=ORIENTED_EDGE('',*,*,#8119,.F.);
#8206=EDGE_LOOP('',(#8194,#8196,#8197,#8198,#8200,#8202,#8204,#8205));
#8207=FACE_OUTER_BOUND('',#8206,.F.);
#8209=CARTESIAN_POINT('',(-1.016E0,-1.27E-2,-2.2987E0));
#8210=DIRECTION('',(0.E0,0.E0,-1.E0));
#8211=DIRECTION('',(0.E0,1.E0,0.E0));
#8212=AXIS2_PLACEMENT_3D('',#8209,#8210,#8211);
#8213=PLANE('',#8212);
#8214=ORIENTED_EDGE('',*,*,#8154,.F.);
#8215=ORIENTED_EDGE('',*,*,#8170,.T.);
#8216=ORIENTED_EDGE('',*,*,#8183,.T.);
#8217=ORIENTED_EDGE('',*,*,#8195,.F.);
#8218=EDGE_LOOP('',(#8214,#8215,#8216,#8217));
#8219=FACE_OUTER_BOUND('',#8218,.F.);
#8221=CARTESIAN_POINT('',(1.27E0,6.858E-2,-2.413E0));
#8222=DIRECTION('',(1.E0,0.E0,0.E0));
#8223=DIRECTION('',(0.E0,0.E0,1.E0));
#8224=AXIS2_PLACEMENT_3D('',#8221,#8222,#8223);
#8225=PLANE('',#8224);
#8226=ORIENTED_EDGE('',*,*,#8107,.F.);
#8228=ORIENTED_EDGE('',*,*,#8227,.T.);
#8229=ORIENTED_EDGE('',*,*,#8199,.T.);
#8230=ORIENTED_EDGE('',*,*,#8124,.F.);
#8231=EDGE_LOOP('',(#8226,#8228,#8229,#8230));
#8232=FACE_OUTER_BOUND('',#8231,.F.);
#8234=CARTESIAN_POINT('',(-1.27E0,6.858E-2,-2.413E0));
#8235=DIRECTION('',(0.E0,0.E0,-1.E0));
#8236=DIRECTION('',(1.E0,0.E0,0.E0));
#8237=AXIS2_PLACEMENT_3D('',#8234,#8235,#8236);
#8238=PLANE('',#8237);
#8239=ORIENTED_EDGE('',*,*,#8105,.F.);
#8241=ORIENTED_EDGE('',*,*,#8240,.T.);
#8242=ORIENTED_EDGE('',*,*,#8201,.T.);
#8243=ORIENTED_EDGE('',*,*,#8227,.F.);
#8244=EDGE_LOOP('',(#8239,#8241,#8242,#8243));
#8245=FACE_OUTER_BOUND('',#8244,.F.);
#8247=CARTESIAN_POINT('',(-1.27E0,6.858E-2,-1.397E0));
#8248=DIRECTION('',(-1.E0,0.E0,0.E0));
#8249=DIRECTION('',(0.E0,0.E0,-1.E0));
#8250=AXIS2_PLACEMENT_3D('',#8247,#8248,#8249);
#8251=PLANE('',#8250);
#8252=ORIENTED_EDGE('',*,*,#8103,.F.);
#8253=ORIENTED_EDGE('',*,*,#8121,.T.);
#8254=ORIENTED_EDGE('',*,*,#8203,.T.);
#8255=ORIENTED_EDGE('',*,*,#8240,.F.);
#8256=EDGE_LOOP('',(#8252,#8253,#8254,#8255));
#8257=FACE_OUTER_BOUND('',#8256,.F.);
#8259=CARTESIAN_POINT('',(6.096E0,6.858E-2,-7.383224672161E-1));
#8260=DIRECTION('',(0.E0,-1.E0,0.E0));
#8261=DIRECTION('',(0.E0,0.E0,-1.E0));
#8262=AXIS2_PLACEMENT_3D('',#8259,#8260,#8261);
#8263=CYLINDRICAL_SURFACE('',#8262,2.54E-1);
#8264=ORIENTED_EDGE('',*,*,#8071,.F.);
#8265=ORIENTED_EDGE('',*,*,#8041,.F.);
#8266=ORIENTED_EDGE('',*,*,#5498,.T.);
#8268=ORIENTED_EDGE('',*,*,#8267,.F.);
#8269=EDGE_LOOP('',(#8264,#8265,#8266,#8268));
#8270=FACE_OUTER_BOUND('',#8269,.F.);
#8272=CARTESIAN_POINT('',(5.850654840123E0,6.858E-2,-6.725824297601E-1));
#8273=DIRECTION('',(-9.659258262891E-1,0.E0,2.588190451025E-1));
#8274=DIRECTION('',(-2.588190451025E-1,0.E0,-9.659258262891E-1));
#8275=AXIS2_PLACEMENT_3D('',#8272,#8273,#8274);
#8276=PLANE('',#8275);
#8277=ORIENTED_EDGE('',*,*,#8073,.F.);
#8278=ORIENTED_EDGE('',*,*,#8267,.T.);
#8279=ORIENTED_EDGE('',*,*,#5496,.T.);
#8281=ORIENTED_EDGE('',*,*,#8280,.F.);
#8282=EDGE_LOOP('',(#8277,#8278,#8279,#8281));
#8283=FACE_OUTER_BOUND('',#8282,.F.);
#8285=CARTESIAN_POINT('',(5.4864E0,6.858E-2,-2.032E0));
#8286=DIRECTION('',(0.E0,0.E0,1.E0));
#8287=DIRECTION('',(-1.E0,0.E0,0.E0));
#8288=AXIS2_PLACEMENT_3D('',#8285,#8286,#8287);
#8289=PLANE('',#8288);
#8290=ORIENTED_EDGE('',*,*,#8075,.F.);
#8291=ORIENTED_EDGE('',*,*,#8280,.T.);
#8292=ORIENTED_EDGE('',*,*,#5494,.T.);
#8294=ORIENTED_EDGE('',*,*,#8293,.F.);
#8295=EDGE_LOOP('',(#8290,#8291,#8292,#8294));
#8296=FACE_OUTER_BOUND('',#8295,.F.);
#8298=CARTESIAN_POINT('',(3.6576E0,6.858E-2,-2.032E0));
#8299=DIRECTION('',(9.659258262890E-1,0.E0,2.588190451027E-1));
#8300=DIRECTION('',(-2.588190451027E-1,0.E0,9.659258262890E-1));
#8301=AXIS2_PLACEMENT_3D('',#8298,#8299,#8300);
#8302=PLANE('',#8301);
#8303=ORIENTED_EDGE('',*,*,#8077,.F.);
#8304=ORIENTED_EDGE('',*,*,#8293,.T.);
#8305=ORIENTED_EDGE('',*,*,#5492,.T.);
#8307=ORIENTED_EDGE('',*,*,#8306,.F.);
#8308=EDGE_LOOP('',(#8303,#8304,#8305,#8307));
#8309=FACE_OUTER_BOUND('',#8308,.F.);
#8311=CARTESIAN_POINT('',(3.048E0,6.858E-2,-7.383224672162E-1));
#8312=DIRECTION('',(0.E0,-1.E0,0.E0));
#8313=DIRECTION('',(0.E0,0.E0,-1.E0));
#8314=AXIS2_PLACEMENT_3D('',#8311,#8312,#8313);
#8315=CYLINDRICAL_SURFACE('',#8314,2.54E-1);
#8316=ORIENTED_EDGE('',*,*,#8079,.F.);
#8317=ORIENTED_EDGE('',*,*,#8306,.T.);
#8318=ORIENTED_EDGE('',*,*,#5490,.T.);
#8320=ORIENTED_EDGE('',*,*,#8319,.F.);
#8321=EDGE_LOOP('',(#8316,#8317,#8318,#8320));
#8322=FACE_OUTER_BOUND('',#8321,.F.);
#8324=CARTESIAN_POINT('',(2.794E0,6.858E-2,-7.383224672162E-1));
#8325=DIRECTION('',(-1.E0,0.E0,0.E0));
#8326=DIRECTION('',(0.E0,0.E0,-1.E0));
#8327=AXIS2_PLACEMENT_3D('',#8324,#8325,#8326);
#8328=PLANE('',#8327);
#8329=ORIENTED_EDGE('',*,*,#8081,.T.);
#8330=ORIENTED_EDGE('',*,*,#8319,.T.);
#8331=ORIENTED_EDGE('',*,*,#5488,.T.);
#8333=ORIENTED_EDGE('',*,*,#8332,.F.);
#8334=EDGE_LOOP('',(#8329,#8330,#8331,#8333));
#8335=FACE_OUTER_BOUND('',#8334,.F.);
#8337=CARTESIAN_POINT('',(-6.096E0,6.858E-2,-3.048E0));
#8338=DIRECTION('',(0.E0,0.E0,-1.E0));
#8339=DIRECTION('',(0.E0,1.E0,0.E0));
#8340=AXIS2_PLACEMENT_3D('',#8337,#8338,#8339);
#8341=PLANE('',#8340);
#8342=ORIENTED_EDGE('',*,*,#8332,.T.);
#8343=ORIENTED_EDGE('',*,*,#5486,.F.);
#8345=ORIENTED_EDGE('',*,*,#8344,.F.);
#8346=ORIENTED_EDGE('',*,*,#8083,.T.);
#8347=EDGE_LOOP('',(#8342,#8343,#8345,#8346));
#8348=FACE_OUTER_BOUND('',#8347,.F.);
#8350=CARTESIAN_POINT('',(-2.794E0,6.858E-2,-3.048E0));
#8351=DIRECTION('',(1.E0,0.E0,0.E0));
#8352=DIRECTION('',(0.E0,0.E0,1.E0));
#8353=AXIS2_PLACEMENT_3D('',#8350,#8351,#8352);
#8354=PLANE('',#8353);
#8355=ORIENTED_EDGE('',*,*,#8085,.F.);
#8356=ORIENTED_EDGE('',*,*,#8344,.T.);
#8357=ORIENTED_EDGE('',*,*,#5484,.T.);
#8359=ORIENTED_EDGE('',*,*,#8358,.F.);
#8360=EDGE_LOOP('',(#8355,#8356,#8357,#8359));
#8361=FACE_OUTER_BOUND('',#8360,.F.);
#8363=CARTESIAN_POINT('',(-3.048E0,6.858E-2,-7.383224672162E-1));
#8364=DIRECTION('',(0.E0,-1.E0,0.E0));
#8365=DIRECTION('',(0.E0,0.E0,-1.E0));
#8366=AXIS2_PLACEMENT_3D('',#8363,#8364,#8365);
#8367=CYLINDRICAL_SURFACE('',#8366,2.54E-1);
#8368=ORIENTED_EDGE('',*,*,#8087,.F.);
#8369=ORIENTED_EDGE('',*,*,#8358,.T.);
#8370=ORIENTED_EDGE('',*,*,#5482,.T.);
#8372=ORIENTED_EDGE('',*,*,#8371,.F.);
#8373=EDGE_LOOP('',(#8368,#8369,#8370,#8372));
#8374=FACE_OUTER_BOUND('',#8373,.F.);
#8376=CARTESIAN_POINT('',(-3.293345159877E0,6.858E-2,-6.725824297601E-1));
#8377=DIRECTION('',(-9.659258262890E-1,0.E0,2.588190451027E-1));
#8378=DIRECTION('',(-2.588190451027E-1,0.E0,-9.659258262890E-1));
#8379=AXIS2_PLACEMENT_3D('',#8376,#8377,#8378);
#8380=PLANE('',#8379);
#8381=ORIENTED_EDGE('',*,*,#8089,.F.);
#8382=ORIENTED_EDGE('',*,*,#8371,.T.);
#8383=ORIENTED_EDGE('',*,*,#5480,.T.);
#8385=ORIENTED_EDGE('',*,*,#8384,.F.);
#8386=EDGE_LOOP('',(#8381,#8382,#8383,#8385));
#8387=FACE_OUTER_BOUND('',#8386,.F.);
#8389=CARTESIAN_POINT('',(-3.6576E0,6.858E-2,-2.032E0));
#8390=DIRECTION('',(0.E0,0.E0,1.E0));
#8391=DIRECTION('',(-1.E0,0.E0,0.E0));
#8392=AXIS2_PLACEMENT_3D('',#8389,#8390,#8391);
#8393=PLANE('',#8392);
#8394=ORIENTED_EDGE('',*,*,#8091,.F.);
#8395=ORIENTED_EDGE('',*,*,#8384,.T.);
#8396=ORIENTED_EDGE('',*,*,#5478,.T.);
#8398=ORIENTED_EDGE('',*,*,#8397,.F.);
#8399=EDGE_LOOP('',(#8394,#8395,#8396,#8398));
#8400=FACE_OUTER_BOUND('',#8399,.F.);
#8402=CARTESIAN_POINT('',(-5.4864E0,6.858E-2,-2.032E0));
#8403=DIRECTION('',(9.659258262891E-1,0.E0,2.588190451025E-1));
#8404=DIRECTION('',(-2.588190451025E-1,0.E0,9.659258262891E-1));
#8405=AXIS2_PLACEMENT_3D('',#8402,#8403,#8404);
#8406=PLANE('',#8405);
#8407=ORIENTED_EDGE('',*,*,#8093,.F.);
#8408=ORIENTED_EDGE('',*,*,#8397,.T.);
#8409=ORIENTED_EDGE('',*,*,#5476,.T.);
#8411=ORIENTED_EDGE('',*,*,#8410,.F.);
#8412=EDGE_LOOP('',(#8407,#8408,#8409,#8411));
#8413=FACE_OUTER_BOUND('',#8412,.F.);
#8415=CARTESIAN_POINT('',(-6.096E0,6.858E-2,-7.383224672161E-1));
#8416=DIRECTION('',(0.E0,-1.E0,0.E0));
#8417=DIRECTION('',(0.E0,0.E0,-1.E0));
#8418=AXIS2_PLACEMENT_3D('',#8415,#8416,#8417);
#8419=CYLINDRICAL_SURFACE('',#8418,2.54E-1);
#8420=ORIENTED_EDGE('',*,*,#8095,.F.);
#8421=ORIENTED_EDGE('',*,*,#8410,.T.);
#8422=ORIENTED_EDGE('',*,*,#5474,.T.);
#8424=ORIENTED_EDGE('',*,*,#8423,.T.);
#8425=EDGE_LOOP('',(#8420,#8421,#8422,#8424));
#8426=FACE_OUTER_BOUND('',#8425,.F.);
#8428=CARTESIAN_POINT('',(-6.096E0,0.E0,0.E0));
#8429=DIRECTION('',(1.E0,0.E0,0.E0));
#8430=DIRECTION('',(0.E0,0.E0,-1.E0));
#8431=AXIS2_PLACEMENT_3D('',#8428,#8429,#8430);
#8432=PLANE('',#8431);
#8433=ORIENTED_EDGE('',*,*,#8056,.F.);
#8434=ORIENTED_EDGE('',*,*,#8097,.T.);
#8435=ORIENTED_EDGE('',*,*,#8423,.F.);
#8436=ORIENTED_EDGE('',*,*,#5472,.F.);
#8438=ORIENTED_EDGE('',*,*,#8437,.T.);
#8439=ORIENTED_EDGE('',*,*,#7247,.T.);
#8440=EDGE_LOOP('',(#8433,#8434,#8435,#8436,#8438,#8439));
#8441=FACE_OUTER_BOUND('',#8440,.F.);
#8443=CARTESIAN_POINT('',(-8.128E0,6.858E-2,-1.9558E-1));
#8444=DIRECTION('',(0.E0,0.E0,1.E0));
#8445=DIRECTION('',(0.E0,1.E0,0.E0));
#8446=AXIS2_PLACEMENT_3D('',#8443,#8444,#8445);
#8447=PLANE('',#8446);
#8449=ORIENTED_EDGE('',*,*,#8448,.T.);
#8450=ORIENTED_EDGE('',*,*,#7249,.T.);
#8451=ORIENTED_EDGE('',*,*,#8437,.F.);
#8452=ORIENTED_EDGE('',*,*,#5470,.F.);
#8453=EDGE_LOOP('',(#8449,#8450,#8451,#8452));
#8454=FACE_OUTER_BOUND('',#8453,.F.);
#8456=CARTESIAN_POINT('',(-7.67842E0,-2.332405088800E1,-4.4958E-1));
#8457=DIRECTION('',(0.E0,1.E0,0.E0));
#8458=DIRECTION('',(-1.E0,0.E0,0.E0));
#8459=AXIS2_PLACEMENT_3D('',#8456,#8457,#8458);
#8460=CYLINDRICAL_SURFACE('',#8459,2.54E-1);
#8461=ORIENTED_EDGE('',*,*,#8448,.F.);
#8462=ORIENTED_EDGE('',*,*,#5468,.T.);
#8463=ORIENTED_EDGE('',*,*,#5422,.T.);
#8464=ORIENTED_EDGE('',*,*,#7251,.T.);
#8465=EDGE_LOOP('',(#8461,#8462,#8463,#8464));
#8466=FACE_OUTER_BOUND('',#8465,.F.);
#8468=CARTESIAN_POINT('',(2.413E0,1.226058E1,0.E0));
#8469=DIRECTION('',(1.E0,0.E0,0.E0));
#8470=DIRECTION('',(0.E0,1.E0,0.E0));
#8471=AXIS2_PLACEMENT_3D('',#8468,#8469,#8470);
#8472=PLANE('',#8471);
#8473=ORIENTED_EDGE('',*,*,#7084,.T.);
#8475=ORIENTED_EDGE('',*,*,#8474,.T.);
#8476=ORIENTED_EDGE('',*,*,#6086,.T.);
#8477=ORIENTED_EDGE('',*,*,#7195,.F.);
#8478=EDGE_LOOP('',(#8473,#8475,#8476,#8477));
#8479=FACE_OUTER_BOUND('',#8478,.F.);
#8481=CARTESIAN_POINT('',(7.4295E0,1.226058E1,0.E0));
#8482=DIRECTION('',(0.E0,1.E0,0.E0));
#8483=DIRECTION('',(-1.E0,0.E0,0.E0));
#8484=AXIS2_PLACEMENT_3D('',#8481,#8482,#8483);
#8485=PLANE('',#8484);
#8486=ORIENTED_EDGE('',*,*,#7082,.F.);
#8488=ORIENTED_EDGE('',*,*,#8487,.T.);
#8489=ORIENTED_EDGE('',*,*,#6088,.T.);
#8490=ORIENTED_EDGE('',*,*,#8474,.F.);
#8491=EDGE_LOOP('',(#8486,#8488,#8489,#8490));
#8492=FACE_OUTER_BOUND('',#8491,.F.);
#8494=CARTESIAN_POINT('',(7.4295E0,1.022858E1,0.E0));
#8495=DIRECTION('',(1.E0,0.E0,0.E0));
#8496=DIRECTION('',(0.E0,1.E0,0.E0));
#8497=AXIS2_PLACEMENT_3D('',#8494,#8495,#8496);
#8498=PLANE('',#8497);
#8499=ORIENTED_EDGE('',*,*,#7080,.F.);
#8500=ORIENTED_EDGE('',*,*,#7136,.T.);
#8501=ORIENTED_EDGE('',*,*,#6090,.T.);
#8502=ORIENTED_EDGE('',*,*,#8487,.F.);
#8503=EDGE_LOOP('',(#8499,#8500,#8501,#8502));
#8504=FACE_OUTER_BOUND('',#8503,.F.);
#8506=CARTESIAN_POINT('',(-6.223E0,7.94258E0,-1.9558E-1));
#8507=DIRECTION('',(1.E0,0.E0,0.E0));
#8508=DIRECTION('',(0.E0,1.E0,0.E0));
#8509=AXIS2_PLACEMENT_3D('',#8506,#8507,#8508);
#8510=PLANE('',#8509);
#8511=ORIENTED_EDGE('',*,*,#7122,.F.);
#8512=ORIENTED_EDGE('',*,*,#6074,.F.);
#8514=ORIENTED_EDGE('',*,*,#8513,.T.);
#8515=ORIENTED_EDGE('',*,*,#7062,.T.);
#8516=EDGE_LOOP('',(#8511,#8512,#8514,#8515));
#8517=FACE_OUTER_BOUND('',#8516,.F.);
#8519=CARTESIAN_POINT('',(-6.223E0,7.68858E0,-3.62770928E1));
#8520=DIRECTION('',(0.E0,0.E0,1.E0));
#8521=DIRECTION('',(-1.E0,0.E0,0.E0));
#8522=AXIS2_PLACEMENT_3D('',#8519,#8520,#8521);
#8523=CYLINDRICAL_SURFACE('',#8522,2.54E-1);
#8524=ORIENTED_EDGE('',*,*,#6127,.F.);
#8525=ORIENTED_EDGE('',*,*,#6826,.T.);
#8526=ORIENTED_EDGE('',*,*,#6977,.T.);
#8527=ORIENTED_EDGE('',*,*,#7064,.F.);
#8528=ORIENTED_EDGE('',*,*,#8513,.F.);
#8529=EDGE_LOOP('',(#8524,#8525,#8526,#8527,#8528));
#8530=FACE_OUTER_BOUND('',#8529,.F.);
#8532=CARTESIAN_POINT('',(6.223E0,1.022858E1,-1.9558E-1));
#8533=DIRECTION('',(-1.E0,0.E0,0.E0));
#8534=DIRECTION('',(0.E0,-1.E0,0.E0));
#8535=AXIS2_PLACEMENT_3D('',#8532,#8533,#8534);
#8536=PLANE('',#8535);
#8537=ORIENTED_EDGE('',*,*,#7133,.T.);
#8538=ORIENTED_EDGE('',*,*,#7076,.T.);
#8540=ORIENTED_EDGE('',*,*,#8539,.F.);
#8541=ORIENTED_EDGE('',*,*,#6094,.F.);
#8542=EDGE_LOOP('',(#8537,#8538,#8540,#8541));
#8543=FACE_OUTER_BOUND('',#8542,.F.);
#8545=CARTESIAN_POINT('',(6.223E0,7.68858E0,2.05290928E1));
#8546=DIRECTION('',(0.E0,0.E0,-1.E0));
#8547=DIRECTION('',(1.E0,0.E0,0.E0));
#8548=AXIS2_PLACEMENT_3D('',#8545,#8546,#8547);
#8549=CYLINDRICAL_SURFACE('',#8548,2.54E-1);
#8550=ORIENTED_EDGE('',*,*,#7003,.T.);
#8551=ORIENTED_EDGE('',*,*,#6217,.T.);
#8552=ORIENTED_EDGE('',*,*,#6096,.F.);
#8553=ORIENTED_EDGE('',*,*,#8539,.T.);
#8554=ORIENTED_EDGE('',*,*,#7074,.F.);
#8555=EDGE_LOOP('',(#8550,#8551,#8552,#8553,#8554));
#8556=FACE_OUTER_BOUND('',#8555,.F.);
#8558=CARTESIAN_POINT('',(6.223E0,5.14858E0,-3.095625365767E-1));
#8559=DIRECTION('',(0.E0,1.E0,0.E0));
#8560=DIRECTION('',(-1.E0,0.E0,0.E0));
#8561=AXIS2_PLACEMENT_3D('',#8558,#8559,#8560);
#8562=CYLINDRICAL_SURFACE('',#8561,3.095625365767E-1);
#8563=ORIENTED_EDGE('',*,*,#6885,.F.);
#8565=ORIENTED_EDGE('',*,*,#8564,.T.);
#8566=ORIENTED_EDGE('',*,*,#7005,.T.);
#8567=ORIENTED_EDGE('',*,*,#7072,.F.);
#8568=EDGE_LOOP('',(#8563,#8565,#8566,#8567));
#8569=FACE_OUTER_BOUND('',#8568,.F.);
#8571=CARTESIAN_POINT('',(5.237121437469E0,5.14858E0,-2.113141318885E0));
#8572=DIRECTION('',(-9.396926207859E-1,0.E0,3.420201433257E-1));
#8573=DIRECTION('',(3.420201433257E-1,0.E0,9.396926207859E-1));
#8574=AXIS2_PLACEMENT_3D('',#8571,#8572,#8573);
#8575=PLANE('',#8574);
#8576=ORIENTED_EDGE('',*,*,#6883,.F.);
#8578=ORIENTED_EDGE('',*,*,#8577,.T.);
#8579=ORIENTED_EDGE('',*,*,#7007,.T.);
#8580=ORIENTED_EDGE('',*,*,#8564,.F.);
#8581=EDGE_LOOP('',(#8576,#8578,#8579,#8580));
#8582=FACE_OUTER_BOUND('',#8581,.F.);
#8584=CARTESIAN_POINT('',(7.09168E0,5.14858E0,-2.788145433350E0));
#8585=DIRECTION('',(0.E0,1.E0,0.E0));
#8586=DIRECTION('',(-1.E0,0.E0,0.E0));
#8587=AXIS2_PLACEMENT_3D('',#8584,#8585,#8586);
#8588=CYLINDRICAL_SURFACE('',#8587,1.97358E0);
#8589=ORIENTED_EDGE('',*,*,#6881,.F.);
#8591=ORIENTED_EDGE('',*,*,#8590,.T.);
#8592=ORIENTED_EDGE('',*,*,#7009,.T.);
#8593=ORIENTED_EDGE('',*,*,#8577,.F.);
#8594=EDGE_LOOP('',(#8589,#8591,#8592,#8593));
#8595=FACE_OUTER_BOUND('',#8594,.F.);
#8597=CARTESIAN_POINT('',(5.198428272953E0,5.14858E0,-3.7592E0));
#8598=DIRECTION('',(-9.958717442042E-1,0.E0,-9.077152139089E-2));
#8599=DIRECTION('',(-9.077152139089E-2,0.E0,9.958717442042E-1));
#8600=AXIS2_PLACEMENT_3D('',#8597,#8598,#8599);
#8601=PLANE('',#8600);
#8603=ORIENTED_EDGE('',*,*,#8602,.F.);
#8604=ORIENTED_EDGE('',*,*,#7011,.T.);
#8605=ORIENTED_EDGE('',*,*,#8590,.F.);
#8606=ORIENTED_EDGE('',*,*,#6879,.F.);
#8608=ORIENTED_EDGE('',*,*,#8607,.F.);
#8610=ORIENTED_EDGE('',*,*,#8609,.T.);
#8611=EDGE_LOOP('',(#8603,#8604,#8605,#8606,#8608,#8610));
#8612=FACE_OUTER_BOUND('',#8611,.F.);
#8614=CARTESIAN_POINT('',(2.93193216E1,7.05358E0,-1.178054185227E0));
#8615=DIRECTION('',(-9.958717442042E-1,0.E0,-9.077152139089E-2));
#8616=DIRECTION('',(0.E0,1.E0,0.E0));
#8617=AXIS2_PLACEMENT_3D('',#8614,#8615,#8616);
#8618=CYLINDRICAL_SURFACE('',#8617,3.81E-1);
#8619=ORIENTED_EDGE('',*,*,#8602,.T.);
#8621=ORIENTED_EDGE('',*,*,#8620,.F.);
#8623=ORIENTED_EDGE('',*,*,#8622,.T.);
#8624=ORIENTED_EDGE('',*,*,#6993,.T.);
#8625=EDGE_LOOP('',(#8619,#8621,#8623,#8624));
#8626=FACE_OUTER_BOUND('',#8625,.F.);
#8628=CARTESIAN_POINT('',(5.393200868685E0,5.14858E0,-3.741446905846E0));
#8629=DIRECTION('',(9.077152139089E-2,0.E0,-9.958717442042E-1));
#8630=DIRECTION('',(-9.958717442042E-1,0.E0,-9.077152139089E-2));
#8631=AXIS2_PLACEMENT_3D('',#8628,#8629,#8630);
#8632=PLANE('',#8631);
#8633=ORIENTED_EDGE('',*,*,#8620,.T.);
#8634=ORIENTED_EDGE('',*,*,#8609,.F.);
#8636=ORIENTED_EDGE('',*,*,#8635,.T.);
#8638=ORIENTED_EDGE('',*,*,#8637,.T.);
#8639=EDGE_LOOP('',(#8633,#8634,#8636,#8638));
#8640=FACE_OUTER_BOUND('',#8639,.F.);
#8642=CARTESIAN_POINT('',(-2.93193216E1,5.52958E0,-6.522837674204E0));
#8643=DIRECTION('',(9.958717442042E-1,0.E0,9.077152139089E-2));
#8644=DIRECTION('',(0.E0,-1.E0,0.E0));
#8645=AXIS2_PLACEMENT_3D('',#8642,#8643,#8644);
#8646=CYLINDRICAL_SURFACE('',#8645,3.81E-1);
#8648=ORIENTED_EDGE('',*,*,#8647,.T.);
#8649=ORIENTED_EDGE('',*,*,#8635,.F.);
#8650=ORIENTED_EDGE('',*,*,#8607,.T.);
#8651=ORIENTED_EDGE('',*,*,#6877,.T.);
#8652=EDGE_LOOP('',(#8648,#8649,#8650,#8651));
#8653=FACE_OUTER_BOUND('',#8652,.F.);
#8655=CARTESIAN_POINT('',(5.321020038805E0,5.14858E0,-2.949537198383E0));
#8656=DIRECTION('',(9.958717442042E-1,0.E0,9.077152139089E-2));
#8657=DIRECTION('',(9.077152139089E-2,0.E0,-9.958717442042E-1));
#8658=AXIS2_PLACEMENT_3D('',#8655,#8656,#8657);
#8659=PLANE('',#8658);
#8660=ORIENTED_EDGE('',*,*,#8622,.F.);
#8661=ORIENTED_EDGE('',*,*,#8637,.F.);
#8662=ORIENTED_EDGE('',*,*,#8647,.F.);
#8663=ORIENTED_EDGE('',*,*,#6894,.F.);
#8665=ORIENTED_EDGE('',*,*,#8664,.T.);
#8666=ORIENTED_EDGE('',*,*,#6995,.T.);
#8667=EDGE_LOOP('',(#8660,#8661,#8662,#8663,#8665,#8666));
#8668=FACE_OUTER_BOUND('',#8667,.F.);
#8670=CARTESIAN_POINT('',(7.09168E0,5.14858E0,-2.788145433350E0));
#8671=DIRECTION('',(0.E0,1.E0,0.E0));
#8672=DIRECTION('',(-1.E0,0.E0,0.E0));
#8673=AXIS2_PLACEMENT_3D('',#8670,#8671,#8672);
#8674=CYLINDRICAL_SURFACE('',#8673,1.778E0);
#8675=ORIENTED_EDGE('',*,*,#6892,.F.);
#8677=ORIENTED_EDGE('',*,*,#8676,.T.);
#8678=ORIENTED_EDGE('',*,*,#6997,.T.);
#8679=ORIENTED_EDGE('',*,*,#8664,.F.);
#8680=EDGE_LOOP('',(#8675,#8677,#8678,#8679));
#8681=FACE_OUTER_BOUND('',#8680,.F.);
#8683=CARTESIAN_POINT('',(6.115891451480E0,5.14858E0,-2.705782130801E-1));
#8684=DIRECTION('',(9.396926207859E-1,0.E0,-3.420201433257E-1));
#8685=DIRECTION('',(-3.420201433257E-1,0.E0,-9.396926207859E-1));
#8686=AXIS2_PLACEMENT_3D('',#8683,#8684,#8685);
#8687=PLANE('',#8686);
#8688=ORIENTED_EDGE('',*,*,#6890,.F.);
#8690=ORIENTED_EDGE('',*,*,#8689,.T.);
#8691=ORIENTED_EDGE('',*,*,#6999,.T.);
#8692=ORIENTED_EDGE('',*,*,#8676,.F.);
#8693=EDGE_LOOP('',(#8688,#8690,#8691,#8692));
#8694=FACE_OUTER_BOUND('',#8693,.F.);
#8696=CARTESIAN_POINT('',(6.223E0,5.14858E0,-3.095625365767E-1));
#8697=DIRECTION('',(0.E0,1.E0,0.E0));
#8698=DIRECTION('',(-1.E0,0.E0,0.E0));
#8699=AXIS2_PLACEMENT_3D('',#8696,#8697,#8698);
#8700=CYLINDRICAL_SURFACE('',#8699,1.139825365767E-1);
#8701=ORIENTED_EDGE('',*,*,#6888,.F.);
#8702=ORIENTED_EDGE('',*,*,#6219,.T.);
#8703=ORIENTED_EDGE('',*,*,#7001,.T.);
#8704=ORIENTED_EDGE('',*,*,#8689,.F.);
#8705=EDGE_LOOP('',(#8701,#8702,#8703,#8704));
#8706=FACE_OUTER_BOUND('',#8705,.F.);
#8708=CARTESIAN_POINT('',(-5.420906520243E0,5.14858E0,-2.180033618517E0));
#8709=DIRECTION('',(-9.396926207859E-1,0.E0,-3.420201433257E-1));
#8710=DIRECTION('',(-3.420201433257E-1,0.E0,9.396926207859E-1));
#8711=AXIS2_PLACEMENT_3D('',#8708,#8709,#8710);
#8712=PLANE('',#8711);
#8713=ORIENTED_EDGE('',*,*,#6857,.F.);
#8715=ORIENTED_EDGE('',*,*,#8714,.T.);
#8716=ORIENTED_EDGE('',*,*,#6980,.T.);
#8717=ORIENTED_EDGE('',*,*,#6838,.F.);
#8718=EDGE_LOOP('',(#8713,#8715,#8716,#8717));
#8719=FACE_OUTER_BOUND('',#8718,.F.);
#8721=CARTESIAN_POINT('',(-7.09168E0,5.14858E0,-2.788145433350E0));
#8722=DIRECTION('',(0.E0,1.E0,0.E0));
#8723=DIRECTION('',(-1.E0,0.E0,0.E0));
#8724=AXIS2_PLACEMENT_3D('',#8721,#8722,#8723);
#8725=CYLINDRICAL_SURFACE('',#8724,1.778E0);
#8726=ORIENTED_EDGE('',*,*,#6855,.F.);
#8727=ORIENTED_EDGE('',*,*,#6955,.T.);
#8728=ORIENTED_EDGE('',*,*,#6982,.T.);
#8729=ORIENTED_EDGE('',*,*,#8714,.F.);
#8730=EDGE_LOOP('',(#8726,#8727,#8728,#8729));
#8731=FACE_OUTER_BOUND('',#8730,.F.);
#8733=CARTESIAN_POINT('',(-5.198428272953E0,5.14858E0,-3.7592E0));
#8734=DIRECTION('',(-9.077152139089E-2,0.E0,-9.958717442042E-1));
#8735=DIRECTION('',(-9.958717442042E-1,0.E0,9.077152139089E-2));
#8736=AXIS2_PLACEMENT_3D('',#8733,#8734,#8735);
#8737=PLANE('',#8736);
#8738=ORIENTED_EDGE('',*,*,#6939,.T.);
#8739=ORIENTED_EDGE('',*,*,#6959,.F.);
#8740=ORIENTED_EDGE('',*,*,#6906,.T.);
#8741=ORIENTED_EDGE('',*,*,#6921,.T.);
#8742=EDGE_LOOP('',(#8738,#8739,#8740,#8741));
#8743=FACE_OUTER_BOUND('',#8742,.F.);
#8745=CARTESIAN_POINT('',(-5.9563E0,7.7978E0,-1.9558E-1));
#8746=DIRECTION('',(0.E0,1.E0,0.E0));
#8747=DIRECTION('',(-1.E0,0.E0,0.E0));
#8748=AXIS2_PLACEMENT_3D('',#8745,#8746,#8747);
#8749=PLANE('',#8748);
#8750=ORIENTED_EDGE('',*,*,#5849,.T.);
#8751=ORIENTED_EDGE('',*,*,#6809,.F.);
#8752=ORIENTED_EDGE('',*,*,#6123,.F.);
#8754=ORIENTED_EDGE('',*,*,#8753,.F.);
#8755=ORIENTED_EDGE('',*,*,#5948,.T.);
#8756=EDGE_LOOP('',(#8750,#8751,#8752,#8754,#8755));
#8757=FACE_OUTER_BOUND('',#8756,.F.);
#8759=CARTESIAN_POINT('',(-6.0833E0,8.763E0,-3.2258E-1));
#8760=DIRECTION('',(7.071067811865E-1,0.E0,7.071067811865E-1));
#8761=DIRECTION('',(7.071067811865E-1,0.E0,-7.071067811865E-1));
#8762=AXIS2_PLACEMENT_3D('',#8759,#8760,#8761);
#8763=PLANE('',#8762);
#8764=ORIENTED_EDGE('',*,*,#8753,.T.);
#8765=ORIENTED_EDGE('',*,*,#6121,.T.);
#8766=ORIENTED_EDGE('',*,*,#6016,.F.);
#8767=ORIENTED_EDGE('',*,*,#5950,.F.);
#8768=EDGE_LOOP('',(#8764,#8765,#8766,#8767));
#8769=FACE_OUTER_BOUND('',#8768,.F.);
#8771=CARTESIAN_POINT('',(-5.20065E0,2.7686E0,-3.2258E-1));
#8772=DIRECTION('',(0.E0,7.071067811865E-1,7.071067811865E-1));
#8773=DIRECTION('',(0.E0,7.071067811865E-1,-7.071067811865E-1));
#8774=AXIS2_PLACEMENT_3D('',#8771,#8772,#8773);
#8775=PLANE('',#8774);
#8776=ORIENTED_EDGE('',*,*,#6657,.T.);
#8777=ORIENTED_EDGE('',*,*,#6034,.T.);
#8778=ORIENTED_EDGE('',*,*,#6781,.F.);
#8779=ORIENTED_EDGE('',*,*,#6558,.F.);
#8780=EDGE_LOOP('',(#8776,#8777,#8778,#8779));
#8781=FACE_OUTER_BOUND('',#8780,.F.);
#8783=CARTESIAN_POINT('',(5.9563E0,2.286E0,-1.9558E-1));
#8784=DIRECTION('',(1.E0,0.E0,0.E0));
#8785=DIRECTION('',(0.E0,1.E0,0.E0));
#8786=AXIS2_PLACEMENT_3D('',#8783,#8784,#8785);
#8787=PLANE('',#8786);
#8788=ORIENTED_EDGE('',*,*,#6751,.F.);
#8789=ORIENTED_EDGE('',*,*,#6673,.T.);
#8790=ORIENTED_EDGE('',*,*,#5839,.T.);
#8791=ORIENTED_EDGE('',*,*,#6248,.F.);
#8792=ORIENTED_EDGE('',*,*,#6265,.T.);
#8793=ORIENTED_EDGE('',*,*,#6564,.F.);
#8794=EDGE_LOOP('',(#8788,#8789,#8790,#8791,#8792,#8793));
#8795=FACE_OUTER_BOUND('',#8794,.F.);
#8797=CARTESIAN_POINT('',(-2.7559E0,-2.54E0,-8.001E0));
#8798=DIRECTION('',(-1.E0,0.E0,0.E0));
#8799=DIRECTION('',(0.E0,0.E0,1.E0));
#8800=AXIS2_PLACEMENT_3D('',#8797,#8798,#8799);
#8801=PLANE('',#8800);
#8802=ORIENTED_EDGE('',*,*,#5559,.T.);
#8804=ORIENTED_EDGE('',*,*,#8803,.F.);
#8806=ORIENTED_EDGE('',*,*,#8805,.F.);
#8808=ORIENTED_EDGE('',*,*,#8807,.F.);
#8810=ORIENTED_EDGE('',*,*,#8809,.T.);
#8812=ORIENTED_EDGE('',*,*,#8811,.T.);
#8813=EDGE_LOOP('',(#8802,#8804,#8806,#8808,#8810,#8812));
#8814=FACE_OUTER_BOUND('',#8813,.F.);
#8816=CARTESIAN_POINT('',(-2.7559E0,-2.54E0,-8.001E0));
#8817=DIRECTION('',(-1.E0,0.E0,0.E0));
#8818=DIRECTION('',(0.E0,0.E0,1.E0));
#8819=AXIS2_PLACEMENT_3D('',#8816,#8817,#8818);
#8820=PLANE('',#8819);
#8821=ORIENTED_EDGE('',*,*,#5885,.T.);
#8823=ORIENTED_EDGE('',*,*,#8822,.F.);
#8824=ORIENTED_EDGE('',*,*,#6602,.F.);
#8826=ORIENTED_EDGE('',*,*,#8825,.T.);
#8827=EDGE_LOOP('',(#8821,#8823,#8824,#8826));
#8828=FACE_OUTER_BOUND('',#8827,.F.);
#8830=CARTESIAN_POINT('',(-2.7559E0,-2.54E0,-8.001E0));
#8831=DIRECTION('',(-1.E0,0.E0,0.E0));
#8832=DIRECTION('',(0.E0,0.E0,1.E0));
#8833=AXIS2_PLACEMENT_3D('',#8830,#8831,#8832);
#8834=PLANE('',#8833);
#8835=ORIENTED_EDGE('',*,*,#6685,.F.);
#8836=ORIENTED_EDGE('',*,*,#6372,.T.);
#8838=ORIENTED_EDGE('',*,*,#8837,.F.);
#8839=EDGE_LOOP('',(#8835,#8836,#8838));
#8840=FACE_OUTER_BOUND('',#8839,.F.);
#8842=CARTESIAN_POINT('',(-3.54E0,3.048E-1,-6.8326E0));
#8843=DIRECTION('',(1.E0,0.E0,0.E0));
#8844=DIRECTION('',(0.E0,0.E0,1.E0));
#8845=AXIS2_PLACEMENT_3D('',#8842,#8843,#8844);
#8846=CYLINDRICAL_SURFACE('',#8845,8.128E-1);
#8847=ORIENTED_EDGE('',*,*,#5557,.T.);
#8849=ORIENTED_EDGE('',*,*,#8848,.F.);
#8851=ORIENTED_EDGE('',*,*,#8850,.F.);
#8852=ORIENTED_EDGE('',*,*,#8803,.T.);
#8853=EDGE_LOOP('',(#8847,#8849,#8851,#8852));
#8854=FACE_OUTER_BOUND('',#8853,.F.);
#8856=CARTESIAN_POINT('',(-2.3241E0,-2.54E0,-7.6454E0));
#8857=DIRECTION('',(1.E0,0.E0,0.E0));
#8858=DIRECTION('',(0.E0,0.E0,-1.E0));
#8859=AXIS2_PLACEMENT_3D('',#8856,#8857,#8858);
#8860=PLANE('',#8859);
#8861=ORIENTED_EDGE('',*,*,#5555,.T.);
#8863=ORIENTED_EDGE('',*,*,#8862,.F.);
#8865=ORIENTED_EDGE('',*,*,#8864,.F.);
#8867=ORIENTED_EDGE('',*,*,#8866,.F.);
#8869=ORIENTED_EDGE('',*,*,#8868,.T.);
#8870=ORIENTED_EDGE('',*,*,#8848,.T.);
#8871=EDGE_LOOP('',(#8861,#8863,#8865,#8867,#8869,#8870));
#8872=FACE_OUTER_BOUND('',#8871,.F.);
#8874=CARTESIAN_POINT('',(-2.3241E0,-2.54E0,-7.6454E0));
#8875=DIRECTION('',(1.E0,0.E0,0.E0));
#8876=DIRECTION('',(0.E0,0.E0,-1.E0));
#8877=AXIS2_PLACEMENT_3D('',#8874,#8875,#8876);
#8878=PLANE('',#8877);
#8879=ORIENTED_EDGE('',*,*,#5881,.F.);
#8881=ORIENTED_EDGE('',*,*,#8880,.F.);
#8882=ORIENTED_EDGE('',*,*,#6598,.T.);
#8884=ORIENTED_EDGE('',*,*,#8883,.T.);
#8885=EDGE_LOOP('',(#8879,#8881,#8882,#8884));
#8886=FACE_OUTER_BOUND('',#8885,.F.);
#8888=CARTESIAN_POINT('',(-2.3241E0,-2.54E0,-7.6454E0));
#8889=DIRECTION('',(1.E0,0.E0,0.E0));
#8890=DIRECTION('',(0.E0,0.E0,-1.E0));
#8891=AXIS2_PLACEMENT_3D('',#8888,#8889,#8890);
#8892=PLANE('',#8891);
#8893=ORIENTED_EDGE('',*,*,#6689,.T.);
#8895=ORIENTED_EDGE('',*,*,#8894,.T.);
#8896=ORIENTED_EDGE('',*,*,#6368,.F.);
#8897=EDGE_LOOP('',(#8893,#8895,#8896));
#8898=FACE_OUTER_BOUND('',#8897,.F.);
#8900=CARTESIAN_POINT('',(-3.54E0,3.048E-1,-6.8326E0));
#8901=DIRECTION('',(1.E0,0.E0,0.E0));
#8902=DIRECTION('',(0.E0,0.E0,1.E0));
#8903=AXIS2_PLACEMENT_3D('',#8900,#8901,#8902);
#8904=CYLINDRICAL_SURFACE('',#8903,1.1684E0);
#8905=ORIENTED_EDGE('',*,*,#5561,.F.);
#8906=ORIENTED_EDGE('',*,*,#8811,.F.);
#8908=ORIENTED_EDGE('',*,*,#8907,.F.);
#8909=ORIENTED_EDGE('',*,*,#8862,.T.);
#8910=EDGE_LOOP('',(#8905,#8906,#8908,#8909));
#8911=FACE_OUTER_BOUND('',#8910,.F.);
#8913=CARTESIAN_POINT('',(-2.3241E0,-2.54E0,-8.001E0));
#8914=DIRECTION('',(0.E0,0.E0,-1.E0));
#8915=DIRECTION('',(-1.E0,0.E0,0.E0));
#8916=AXIS2_PLACEMENT_3D('',#8913,#8914,#8915);
#8917=PLANE('',#8916);
#8919=ORIENTED_EDGE('',*,*,#8918,.F.);
#8920=ORIENTED_EDGE('',*,*,#8864,.T.);
#8921=ORIENTED_EDGE('',*,*,#8907,.T.);
#8922=ORIENTED_EDGE('',*,*,#8809,.F.);
#8923=EDGE_LOOP('',(#8919,#8920,#8921,#8922));
#8924=FACE_OUTER_BOUND('',#8923,.F.);
#8926=CARTESIAN_POINT('',(-2.54E0,-2.54E0,-7.6454E0));
#8927=DIRECTION('',(0.E0,1.E0,0.E0));
#8928=DIRECTION('',(0.E0,0.E0,-1.E0));
#8929=AXIS2_PLACEMENT_3D('',#8926,#8927,#8928);
#8930=PLANE('',#8929);
#8932=ORIENTED_EDGE('',*,*,#8931,.T.);
#8933=ORIENTED_EDGE('',*,*,#8866,.T.);
#8934=ORIENTED_EDGE('',*,*,#8918,.T.);
#8935=ORIENTED_EDGE('',*,*,#8807,.T.);
#8936=EDGE_LOOP('',(#8932,#8933,#8934,#8935));
#8937=FACE_OUTER_BOUND('',#8936,.F.);
#8939=CARTESIAN_POINT('',(-2.7559E0,-2.54E0,-7.6454E0));
#8940=DIRECTION('',(0.E0,0.E0,1.E0));
#8941=DIRECTION('',(1.E0,0.E0,0.E0));
#8942=AXIS2_PLACEMENT_3D('',#8939,#8940,#8941);
#8943=PLANE('',#8942);
#8944=ORIENTED_EDGE('',*,*,#8931,.F.);
#8945=ORIENTED_EDGE('',*,*,#8805,.T.);
#8946=ORIENTED_EDGE('',*,*,#8850,.T.);
#8947=ORIENTED_EDGE('',*,*,#8868,.F.);
#8948=EDGE_LOOP('',(#8944,#8945,#8946,#8947));
#8949=FACE_OUTER_BOUND('',#8948,.F.);
#8951=CARTESIAN_POINT('',(-2.3241E0,2.334083639455E0,-3.682994021456E0));
#8952=DIRECTION('',(0.E0,-8.829475928589E-1,-4.694715627859E-1));
#8953=DIRECTION('',(-1.E0,0.E0,0.E0));
#8954=AXIS2_PLACEMENT_3D('',#8951,#8952,#8953);
#8955=PLANE('',#8954);
#8956=ORIENTED_EDGE('',*,*,#5887,.T.);
#8957=ORIENTED_EDGE('',*,*,#8825,.F.);
#8958=ORIENTED_EDGE('',*,*,#6600,.F.);
#8959=ORIENTED_EDGE('',*,*,#8880,.T.);
#8960=EDGE_LOOP('',(#8956,#8957,#8958,#8959));
#8961=FACE_OUTER_BOUND('',#8960,.F.);
#8963=CARTESIAN_POINT('',(-2.7559E0,2.648059803476E0,-3.516049933729E0));
#8964=DIRECTION('',(0.E0,8.829475928589E-1,4.694715627859E-1));
#8965=DIRECTION('',(1.E0,0.E0,0.E0));
#8966=AXIS2_PLACEMENT_3D('',#8963,#8964,#8965);
#8967=PLANE('',#8966);
#8968=ORIENTED_EDGE('',*,*,#5883,.T.);
#8969=ORIENTED_EDGE('',*,*,#8883,.F.);
#8970=ORIENTED_EDGE('',*,*,#6604,.F.);
#8971=ORIENTED_EDGE('',*,*,#8822,.T.);
#8972=EDGE_LOOP('',(#8968,#8969,#8970,#8971));
#8973=FACE_OUTER_BOUND('',#8972,.F.);
#8975=CARTESIAN_POINT('',(-1.54E0,1.9304E0,-3.897636419961E0));
#8976=DIRECTION('',(-1.E0,0.E0,0.E0));
#8977=DIRECTION('',(0.E0,1.E0,0.E0));
#8978=AXIS2_PLACEMENT_3D('',#8975,#8976,#8977);
#8979=CYLINDRICAL_SURFACE('',#8978,8.128E-1);
#8980=ORIENTED_EDGE('',*,*,#6687,.T.);
#8981=ORIENTED_EDGE('',*,*,#8837,.T.);
#8982=ORIENTED_EDGE('',*,*,#6370,.F.);
#8983=ORIENTED_EDGE('',*,*,#8894,.F.);
#8984=EDGE_LOOP('',(#8980,#8981,#8982,#8983));
#8985=FACE_OUTER_BOUND('',#8984,.F.);
#8987=CARTESIAN_POINT('',(-1.7399E0,-2.54E0,-9.779E0));
#8988=DIRECTION('',(-1.E0,0.E0,0.E0));
#8989=DIRECTION('',(0.E0,0.E0,1.E0));
#8990=AXIS2_PLACEMENT_3D('',#8987,#8988,#8989);
#8991=PLANE('',#8990);
#8992=ORIENTED_EDGE('',*,*,#5589,.T.);
#8994=ORIENTED_EDGE('',*,*,#8993,.F.);
#8996=ORIENTED_EDGE('',*,*,#8995,.F.);
#8998=ORIENTED_EDGE('',*,*,#8997,.F.);
#9000=ORIENTED_EDGE('',*,*,#8999,.T.);
#9002=ORIENTED_EDGE('',*,*,#9001,.T.);
#9003=EDGE_LOOP('',(#8992,#8994,#8996,#8998,#9000,#9002));
#9004=FACE_OUTER_BOUND('',#9003,.F.);
#9006=CARTESIAN_POINT('',(-1.7399E0,-2.54E0,-9.779E0));
#9007=DIRECTION('',(-1.E0,0.E0,0.E0));
#9008=DIRECTION('',(0.E0,0.E0,1.E0));
#9009=AXIS2_PLACEMENT_3D('',#9006,#9007,#9008);
#9010=PLANE('',#9009);
#9011=ORIENTED_EDGE('',*,*,#5915,.T.);
#9013=ORIENTED_EDGE('',*,*,#9012,.F.);
#9014=ORIENTED_EDGE('',*,*,#6632,.F.);
#9016=ORIENTED_EDGE('',*,*,#9015,.T.);
#9017=EDGE_LOOP('',(#9011,#9013,#9014,#9016));
#9018=FACE_OUTER_BOUND('',#9017,.F.);
#9020=CARTESIAN_POINT('',(-1.7399E0,-2.54E0,-9.779E0));
#9021=DIRECTION('',(-1.E0,0.E0,0.E0));
#9022=DIRECTION('',(0.E0,0.E0,1.E0));
#9023=AXIS2_PLACEMENT_3D('',#9020,#9021,#9022);
#9024=PLANE('',#9023);
#9025=ORIENTED_EDGE('',*,*,#6692,.F.);
#9026=ORIENTED_EDGE('',*,*,#6364,.T.);
#9028=ORIENTED_EDGE('',*,*,#9027,.F.);
#9029=EDGE_LOOP('',(#9025,#9026,#9028));
#9030=FACE_OUTER_BOUND('',#9029,.F.);
#9032=CARTESIAN_POINT('',(-2.524E0,3.048E-1,-8.6106E0));
#9033=DIRECTION('',(1.E0,0.E0,0.E0));
#9034=DIRECTION('',(0.E0,0.E0,1.E0));
#9035=AXIS2_PLACEMENT_3D('',#9032,#9033,#9034);
#9036=CYLINDRICAL_SURFACE('',#9035,8.128E-1);
#9037=ORIENTED_EDGE('',*,*,#5587,.T.);
#9039=ORIENTED_EDGE('',*,*,#9038,.F.);
#9041=ORIENTED_EDGE('',*,*,#9040,.F.);
#9042=ORIENTED_EDGE('',*,*,#8993,.T.);
#9043=EDGE_LOOP('',(#9037,#9039,#9041,#9042));
#9044=FACE_OUTER_BOUND('',#9043,.F.);
#9046=CARTESIAN_POINT('',(-1.3081E0,-2.54E0,-9.4234E0));
#9047=DIRECTION('',(1.E0,0.E0,0.E0));
#9048=DIRECTION('',(0.E0,0.E0,-1.E0));
#9049=AXIS2_PLACEMENT_3D('',#9046,#9047,#9048);
#9050=PLANE('',#9049);
#9051=ORIENTED_EDGE('',*,*,#5585,.T.);
#9053=ORIENTED_EDGE('',*,*,#9052,.F.);
#9055=ORIENTED_EDGE('',*,*,#9054,.F.);
#9057=ORIENTED_EDGE('',*,*,#9056,.F.);
#9059=ORIENTED_EDGE('',*,*,#9058,.T.);
#9060=ORIENTED_EDGE('',*,*,#9038,.T.);
#9061=EDGE_LOOP('',(#9051,#9053,#9055,#9057,#9059,#9060));
#9062=FACE_OUTER_BOUND('',#9061,.F.);
#9064=CARTESIAN_POINT('',(-1.3081E0,-2.54E0,-9.4234E0));
#9065=DIRECTION('',(1.E0,0.E0,0.E0));
#9066=DIRECTION('',(0.E0,0.E0,-1.E0));
#9067=AXIS2_PLACEMENT_3D('',#9064,#9065,#9066);
#9068=PLANE('',#9067);
#9069=ORIENTED_EDGE('',*,*,#5911,.F.);
#9071=ORIENTED_EDGE('',*,*,#9070,.F.);
#9072=ORIENTED_EDGE('',*,*,#6628,.T.);
#9074=ORIENTED_EDGE('',*,*,#9073,.T.);
#9075=EDGE_LOOP('',(#9069,#9071,#9072,#9074));
#9076=FACE_OUTER_BOUND('',#9075,.F.);
#9078=CARTESIAN_POINT('',(-1.3081E0,-2.54E0,-9.4234E0));
#9079=DIRECTION('',(1.E0,0.E0,0.E0));
#9080=DIRECTION('',(0.E0,0.E0,-1.E0));
#9081=AXIS2_PLACEMENT_3D('',#9078,#9079,#9080);
#9082=PLANE('',#9081);
#9083=ORIENTED_EDGE('',*,*,#6696,.T.);
#9085=ORIENTED_EDGE('',*,*,#9084,.T.);
#9086=ORIENTED_EDGE('',*,*,#6360,.F.);
#9087=EDGE_LOOP('',(#9083,#9085,#9086));
#9088=FACE_OUTER_BOUND('',#9087,.F.);
#9090=CARTESIAN_POINT('',(-2.524E0,3.048E-1,-8.6106E0));
#9091=DIRECTION('',(1.E0,0.E0,0.E0));
#9092=DIRECTION('',(0.E0,0.E0,1.E0));
#9093=AXIS2_PLACEMENT_3D('',#9090,#9091,#9092);
#9094=CYLINDRICAL_SURFACE('',#9093,1.1684E0);
#9095=ORIENTED_EDGE('',*,*,#5591,.F.);
#9096=ORIENTED_EDGE('',*,*,#9001,.F.);
#9098=ORIENTED_EDGE('',*,*,#9097,.F.);
#9099=ORIENTED_EDGE('',*,*,#9052,.T.);
#9100=EDGE_LOOP('',(#9095,#9096,#9098,#9099));
#9101=FACE_OUTER_BOUND('',#9100,.F.);
#9103=CARTESIAN_POINT('',(-1.3081E0,-2.54E0,-9.779E0));
#9104=DIRECTION('',(0.E0,0.E0,-1.E0));
#9105=DIRECTION('',(-1.E0,0.E0,0.E0));
#9106=AXIS2_PLACEMENT_3D('',#9103,#9104,#9105);
#9107=PLANE('',#9106);
#9109=ORIENTED_EDGE('',*,*,#9108,.F.);
#9110=ORIENTED_EDGE('',*,*,#9054,.T.);
#9111=ORIENTED_EDGE('',*,*,#9097,.T.);
#9112=ORIENTED_EDGE('',*,*,#8999,.F.);
#9113=EDGE_LOOP('',(#9109,#9110,#9111,#9112));
#9114=FACE_OUTER_BOUND('',#9113,.F.);
#9116=CARTESIAN_POINT('',(-1.524E0,-2.54E0,-9.4234E0));
#9117=DIRECTION('',(0.E0,1.E0,0.E0));
#9118=DIRECTION('',(0.E0,0.E0,-1.E0));
#9119=AXIS2_PLACEMENT_3D('',#9116,#9117,#9118);
#9120=PLANE('',#9119);
#9122=ORIENTED_EDGE('',*,*,#9121,.T.);
#9123=ORIENTED_EDGE('',*,*,#9056,.T.);
#9124=ORIENTED_EDGE('',*,*,#9108,.T.);
#9125=ORIENTED_EDGE('',*,*,#8997,.T.);
#9126=EDGE_LOOP('',(#9122,#9123,#9124,#9125));
#9127=FACE_OUTER_BOUND('',#9126,.F.);
#9129=CARTESIAN_POINT('',(-1.7399E0,-2.54E0,-9.4234E0));
#9130=DIRECTION('',(0.E0,0.E0,1.E0));
#9131=DIRECTION('',(1.E0,0.E0,0.E0));
#9132=AXIS2_PLACEMENT_3D('',#9129,#9130,#9131);
#9133=PLANE('',#9132);
#9134=ORIENTED_EDGE('',*,*,#9121,.F.);
#9135=ORIENTED_EDGE('',*,*,#8995,.T.);
#9136=ORIENTED_EDGE('',*,*,#9040,.T.);
#9137=ORIENTED_EDGE('',*,*,#9058,.F.);
#9138=EDGE_LOOP('',(#9134,#9135,#9136,#9137));
#9139=FACE_OUTER_BOUND('',#9138,.F.);
#9141=CARTESIAN_POINT('',(-1.3081E0,2.334083639455E0,-3.682994021456E0));
#9142=DIRECTION('',(0.E0,-8.829475928589E-1,-4.694715627859E-1));
#9143=DIRECTION('',(-1.E0,0.E0,0.E0));
#9144=AXIS2_PLACEMENT_3D('',#9141,#9142,#9143);
#9145=PLANE('',#9144);
#9146=ORIENTED_EDGE('',*,*,#5917,.T.);
#9147=ORIENTED_EDGE('',*,*,#9015,.F.);
#9148=ORIENTED_EDGE('',*,*,#6630,.F.);
#9149=ORIENTED_EDGE('',*,*,#9070,.T.);
#9150=EDGE_LOOP('',(#9146,#9147,#9148,#9149));
#9151=FACE_OUTER_BOUND('',#9150,.F.);
#9153=CARTESIAN_POINT('',(-1.7399E0,2.648059803476E0,-3.516049933729E0));
#9154=DIRECTION('',(0.E0,8.829475928589E-1,4.694715627859E-1));
#9155=DIRECTION('',(1.E0,0.E0,0.E0));
#9156=AXIS2_PLACEMENT_3D('',#9153,#9154,#9155);
#9157=PLANE('',#9156);
#9158=ORIENTED_EDGE('',*,*,#5913,.T.);
#9159=ORIENTED_EDGE('',*,*,#9073,.F.);
#9160=ORIENTED_EDGE('',*,*,#6634,.F.);
#9161=ORIENTED_EDGE('',*,*,#9012,.T.);
#9162=EDGE_LOOP('',(#9158,#9159,#9160,#9161));
#9163=FACE_OUTER_BOUND('',#9162,.F.);
#9165=CARTESIAN_POINT('',(-5.24E-1,1.9304E0,-3.897636419961E0));
#9166=DIRECTION('',(-1.E0,0.E0,0.E0));
#9167=DIRECTION('',(0.E0,1.E0,0.E0));
#9168=AXIS2_PLACEMENT_3D('',#9165,#9166,#9167);
#9169=CYLINDRICAL_SURFACE('',#9168,8.128E-1);
#9170=ORIENTED_EDGE('',*,*,#6694,.T.);
#9171=ORIENTED_EDGE('',*,*,#9027,.T.);
#9172=ORIENTED_EDGE('',*,*,#6362,.F.);
#9173=ORIENTED_EDGE('',*,*,#9084,.F.);
#9174=EDGE_LOOP('',(#9170,#9171,#9172,#9173));
#9175=FACE_OUTER_BOUND('',#9174,.F.);
#9177=CARTESIAN_POINT('',(-7.239E-1,-2.54E0,-8.001E0));
#9178=DIRECTION('',(-1.E0,0.E0,0.E0));
#9179=DIRECTION('',(0.E0,0.E0,1.E0));
#9180=AXIS2_PLACEMENT_3D('',#9177,#9178,#9179);
#9181=PLANE('',#9180);
#9182=ORIENTED_EDGE('',*,*,#5549,.T.);
#9184=ORIENTED_EDGE('',*,*,#9183,.F.);
#9186=ORIENTED_EDGE('',*,*,#9185,.F.);
#9188=ORIENTED_EDGE('',*,*,#9187,.F.);
#9190=ORIENTED_EDGE('',*,*,#9189,.T.);
#9192=ORIENTED_EDGE('',*,*,#9191,.T.);
#9193=EDGE_LOOP('',(#9182,#9184,#9186,#9188,#9190,#9192));
#9194=FACE_OUTER_BOUND('',#9193,.F.);
#9196=CARTESIAN_POINT('',(-7.239E-1,-2.54E0,-8.001E0));
#9197=DIRECTION('',(-1.E0,0.E0,0.E0));
#9198=DIRECTION('',(0.E0,0.E0,1.E0));
#9199=AXIS2_PLACEMENT_3D('',#9196,#9197,#9198);
#9200=PLANE('',#9199);
#9201=ORIENTED_EDGE('',*,*,#5875,.T.);
#9203=ORIENTED_EDGE('',*,*,#9202,.F.);
#9204=ORIENTED_EDGE('',*,*,#6592,.F.);
#9206=ORIENTED_EDGE('',*,*,#9205,.T.);
#9207=EDGE_LOOP('',(#9201,#9203,#9204,#9206));
#9208=FACE_OUTER_BOUND('',#9207,.F.);
#9210=CARTESIAN_POINT('',(-7.239E-1,-2.54E0,-8.001E0));
#9211=DIRECTION('',(-1.E0,0.E0,0.E0));
#9212=DIRECTION('',(0.E0,0.E0,1.E0));
#9213=AXIS2_PLACEMENT_3D('',#9210,#9211,#9212);
#9214=PLANE('',#9213);
#9215=ORIENTED_EDGE('',*,*,#6699,.F.);
#9216=ORIENTED_EDGE('',*,*,#6356,.T.);
#9218=ORIENTED_EDGE('',*,*,#9217,.F.);
#9219=EDGE_LOOP('',(#9215,#9216,#9218));
#9220=FACE_OUTER_BOUND('',#9219,.F.);
#9222=CARTESIAN_POINT('',(-1.508E0,3.048E-1,-6.8326E0));
#9223=DIRECTION('',(1.E0,0.E0,0.E0));
#9224=DIRECTION('',(0.E0,0.E0,1.E0));
#9225=AXIS2_PLACEMENT_3D('',#9222,#9223,#9224);
#9226=CYLINDRICAL_SURFACE('',#9225,8.128E-1);
#9227=ORIENTED_EDGE('',*,*,#5547,.T.);
#9229=ORIENTED_EDGE('',*,*,#9228,.F.);
#9231=ORIENTED_EDGE('',*,*,#9230,.F.);
#9232=ORIENTED_EDGE('',*,*,#9183,.T.);
#9233=EDGE_LOOP('',(#9227,#9229,#9231,#9232));
#9234=FACE_OUTER_BOUND('',#9233,.F.);
#9236=CARTESIAN_POINT('',(-2.921E-1,-2.54E0,-7.6454E0));
#9237=DIRECTION('',(1.E0,0.E0,0.E0));
#9238=DIRECTION('',(0.E0,0.E0,-1.E0));
#9239=AXIS2_PLACEMENT_3D('',#9236,#9237,#9238);
#9240=PLANE('',#9239);
#9241=ORIENTED_EDGE('',*,*,#5545,.T.);
#9243=ORIENTED_EDGE('',*,*,#9242,.F.);
#9245=ORIENTED_EDGE('',*,*,#9244,.F.);
#9247=ORIENTED_EDGE('',*,*,#9246,.F.);
#9249=ORIENTED_EDGE('',*,*,#9248,.T.);
#9250=ORIENTED_EDGE('',*,*,#9228,.T.);
#9251=EDGE_LOOP('',(#9241,#9243,#9245,#9247,#9249,#9250));
#9252=FACE_OUTER_BOUND('',#9251,.F.);
#9254=CARTESIAN_POINT('',(-2.921E-1,-2.54E0,-7.6454E0));
#9255=DIRECTION('',(1.E0,0.E0,0.E0));
#9256=DIRECTION('',(0.E0,0.E0,-1.E0));
#9257=AXIS2_PLACEMENT_3D('',#9254,#9255,#9256);
#9258=PLANE('',#9257);
#9259=ORIENTED_EDGE('',*,*,#5871,.F.);
#9261=ORIENTED_EDGE('',*,*,#9260,.F.);
#9262=ORIENTED_EDGE('',*,*,#6588,.T.);
#9264=ORIENTED_EDGE('',*,*,#9263,.T.);
#9265=EDGE_LOOP('',(#9259,#9261,#9262,#9264));
#9266=FACE_OUTER_BOUND('',#9265,.F.);
#9268=CARTESIAN_POINT('',(-2.921E-1,-2.54E0,-7.6454E0));
#9269=DIRECTION('',(1.E0,0.E0,0.E0));
#9270=DIRECTION('',(0.E0,0.E0,-1.E0));
#9271=AXIS2_PLACEMENT_3D('',#9268,#9269,#9270);
#9272=PLANE('',#9271);
#9273=ORIENTED_EDGE('',*,*,#6703,.T.);
#9275=ORIENTED_EDGE('',*,*,#9274,.T.);
#9276=ORIENTED_EDGE('',*,*,#6352,.F.);
#9277=EDGE_LOOP('',(#9273,#9275,#9276));
#9278=FACE_OUTER_BOUND('',#9277,.F.);
#9280=CARTESIAN_POINT('',(-1.508E0,3.048E-1,-6.8326E0));
#9281=DIRECTION('',(1.E0,0.E0,0.E0));
#9282=DIRECTION('',(0.E0,0.E0,1.E0));
#9283=AXIS2_PLACEMENT_3D('',#9280,#9281,#9282);
#9284=CYLINDRICAL_SURFACE('',#9283,1.1684E0);
#9285=ORIENTED_EDGE('',*,*,#5551,.F.);
#9286=ORIENTED_EDGE('',*,*,#9191,.F.);
#9288=ORIENTED_EDGE('',*,*,#9287,.F.);
#9289=ORIENTED_EDGE('',*,*,#9242,.T.);
#9290=EDGE_LOOP('',(#9285,#9286,#9288,#9289));
#9291=FACE_OUTER_BOUND('',#9290,.F.);
#9293=CARTESIAN_POINT('',(-2.921E-1,-2.54E0,-8.001E0));
#9294=DIRECTION('',(0.E0,0.E0,-1.E0));
#9295=DIRECTION('',(-1.E0,0.E0,0.E0));
#9296=AXIS2_PLACEMENT_3D('',#9293,#9294,#9295);
#9297=PLANE('',#9296);
#9299=ORIENTED_EDGE('',*,*,#9298,.F.);
#9300=ORIENTED_EDGE('',*,*,#9244,.T.);
#9301=ORIENTED_EDGE('',*,*,#9287,.T.);
#9302=ORIENTED_EDGE('',*,*,#9189,.F.);
#9303=EDGE_LOOP('',(#9299,#9300,#9301,#9302));
#9304=FACE_OUTER_BOUND('',#9303,.F.);
#9306=CARTESIAN_POINT('',(-5.08E-1,-2.54E0,-7.6454E0));
#9307=DIRECTION('',(0.E0,1.E0,0.E0));
#9308=DIRECTION('',(0.E0,0.E0,-1.E0));
#9309=AXIS2_PLACEMENT_3D('',#9306,#9307,#9308);
#9310=PLANE('',#9309);
#9312=ORIENTED_EDGE('',*,*,#9311,.T.);
#9313=ORIENTED_EDGE('',*,*,#9246,.T.);
#9314=ORIENTED_EDGE('',*,*,#9298,.T.);
#9315=ORIENTED_EDGE('',*,*,#9187,.T.);
#9316=EDGE_LOOP('',(#9312,#9313,#9314,#9315));
#9317=FACE_OUTER_BOUND('',#9316,.F.);
#9319=CARTESIAN_POINT('',(-7.239E-1,-2.54E0,-7.6454E0));
#9320=DIRECTION('',(0.E0,0.E0,1.E0));
#9321=DIRECTION('',(1.E0,0.E0,0.E0));
#9322=AXIS2_PLACEMENT_3D('',#9319,#9320,#9321);
#9323=PLANE('',#9322);
#9324=ORIENTED_EDGE('',*,*,#9311,.F.);
#9325=ORIENTED_EDGE('',*,*,#9185,.T.);
#9326=ORIENTED_EDGE('',*,*,#9230,.T.);
#9327=ORIENTED_EDGE('',*,*,#9248,.F.);
#9328=EDGE_LOOP('',(#9324,#9325,#9326,#9327));
#9329=FACE_OUTER_BOUND('',#9328,.F.);
#9331=CARTESIAN_POINT('',(-2.921E-1,2.334083639455E0,-3.682994021456E0));
#9332=DIRECTION('',(0.E0,-8.829475928589E-1,-4.694715627859E-1));
#9333=DIRECTION('',(-1.E0,0.E0,0.E0));
#9334=AXIS2_PLACEMENT_3D('',#9331,#9332,#9333);
#9335=PLANE('',#9334);
#9336=ORIENTED_EDGE('',*,*,#5877,.T.);
#9337=ORIENTED_EDGE('',*,*,#9205,.F.);
#9338=ORIENTED_EDGE('',*,*,#6590,.F.);
#9339=ORIENTED_EDGE('',*,*,#9260,.T.);
#9340=EDGE_LOOP('',(#9336,#9337,#9338,#9339));
#9341=FACE_OUTER_BOUND('',#9340,.F.);
#9343=CARTESIAN_POINT('',(-7.239E-1,2.648059803476E0,-3.516049933729E0));
#9344=DIRECTION('',(0.E0,8.829475928589E-1,4.694715627859E-1));
#9345=DIRECTION('',(1.E0,0.E0,0.E0));
#9346=AXIS2_PLACEMENT_3D('',#9343,#9344,#9345);
#9347=PLANE('',#9346);
#9348=ORIENTED_EDGE('',*,*,#5873,.T.);
#9349=ORIENTED_EDGE('',*,*,#9263,.F.);
#9350=ORIENTED_EDGE('',*,*,#6594,.F.);
#9351=ORIENTED_EDGE('',*,*,#9202,.T.);
#9352=EDGE_LOOP('',(#9348,#9349,#9350,#9351));
#9353=FACE_OUTER_BOUND('',#9352,.F.);
#9355=CARTESIAN_POINT('',(4.92E-1,1.9304E0,-3.897636419961E0));
#9356=DIRECTION('',(-1.E0,0.E0,0.E0));
#9357=DIRECTION('',(0.E0,1.E0,0.E0));
#9358=AXIS2_PLACEMENT_3D('',#9355,#9356,#9357);
#9359=CYLINDRICAL_SURFACE('',#9358,8.128E-1);
#9360=ORIENTED_EDGE('',*,*,#6701,.T.);
#9361=ORIENTED_EDGE('',*,*,#9217,.T.);
#9362=ORIENTED_EDGE('',*,*,#6354,.F.);
#9363=ORIENTED_EDGE('',*,*,#9274,.F.);
#9364=EDGE_LOOP('',(#9360,#9361,#9362,#9363));
#9365=FACE_OUTER_BOUND('',#9364,.F.);
#9367=CARTESIAN_POINT('',(2.921E-1,-2.54E0,-9.779E0));
#9368=DIRECTION('',(-1.E0,0.E0,0.E0));
#9369=DIRECTION('',(0.E0,0.E0,1.E0));
#9370=AXIS2_PLACEMENT_3D('',#9367,#9368,#9369);
#9371=PLANE('',#9370);
#9372=ORIENTED_EDGE('',*,*,#5579,.T.);
#9374=ORIENTED_EDGE('',*,*,#9373,.F.);
#9376=ORIENTED_EDGE('',*,*,#9375,.F.);
#9378=ORIENTED_EDGE('',*,*,#9377,.F.);
#9380=ORIENTED_EDGE('',*,*,#9379,.T.);
#9382=ORIENTED_EDGE('',*,*,#9381,.T.);
#9383=EDGE_LOOP('',(#9372,#9374,#9376,#9378,#9380,#9382));
#9384=FACE_OUTER_BOUND('',#9383,.F.);
#9386=CARTESIAN_POINT('',(2.921E-1,-2.54E0,-9.779E0));
#9387=DIRECTION('',(-1.E0,0.E0,0.E0));
#9388=DIRECTION('',(0.E0,0.E0,1.E0));
#9389=AXIS2_PLACEMENT_3D('',#9386,#9387,#9388);
#9390=PLANE('',#9389);
#9391=ORIENTED_EDGE('',*,*,#5905,.T.);
#9393=ORIENTED_EDGE('',*,*,#9392,.F.);
#9394=ORIENTED_EDGE('',*,*,#6622,.F.);
#9396=ORIENTED_EDGE('',*,*,#9395,.T.);
#9397=EDGE_LOOP('',(#9391,#9393,#9394,#9396));
#9398=FACE_OUTER_BOUND('',#9397,.F.);
#9400=CARTESIAN_POINT('',(2.921E-1,-2.54E0,-9.779E0));
#9401=DIRECTION('',(-1.E0,0.E0,0.E0));
#9402=DIRECTION('',(0.E0,0.E0,1.E0));
#9403=AXIS2_PLACEMENT_3D('',#9400,#9401,#9402);
#9404=PLANE('',#9403);
#9405=ORIENTED_EDGE('',*,*,#6706,.F.);
#9406=ORIENTED_EDGE('',*,*,#6348,.T.);
#9408=ORIENTED_EDGE('',*,*,#9407,.F.);
#9409=EDGE_LOOP('',(#9405,#9406,#9408));
#9410=FACE_OUTER_BOUND('',#9409,.F.);
#9412=CARTESIAN_POINT('',(-4.92E-1,3.048E-1,-8.6106E0));
#9413=DIRECTION('',(1.E0,0.E0,0.E0));
#9414=DIRECTION('',(0.E0,0.E0,1.E0));
#9415=AXIS2_PLACEMENT_3D('',#9412,#9413,#9414);
#9416=CYLINDRICAL_SURFACE('',#9415,8.128E-1);
#9417=ORIENTED_EDGE('',*,*,#5577,.T.);
#9419=ORIENTED_EDGE('',*,*,#9418,.F.);
#9421=ORIENTED_EDGE('',*,*,#9420,.F.);
#9422=ORIENTED_EDGE('',*,*,#9373,.T.);
#9423=EDGE_LOOP('',(#9417,#9419,#9421,#9422));
#9424=FACE_OUTER_BOUND('',#9423,.F.);
#9426=CARTESIAN_POINT('',(7.239E-1,-2.54E0,-9.4234E0));
#9427=DIRECTION('',(1.E0,0.E0,0.E0));
#9428=DIRECTION('',(0.E0,0.E0,-1.E0));
#9429=AXIS2_PLACEMENT_3D('',#9426,#9427,#9428);
#9430=PLANE('',#9429);
#9431=ORIENTED_EDGE('',*,*,#5575,.T.);
#9433=ORIENTED_EDGE('',*,*,#9432,.F.);
#9435=ORIENTED_EDGE('',*,*,#9434,.F.);
#9437=ORIENTED_EDGE('',*,*,#9436,.F.);
#9439=ORIENTED_EDGE('',*,*,#9438,.T.);
#9440=ORIENTED_EDGE('',*,*,#9418,.T.);
#9441=EDGE_LOOP('',(#9431,#9433,#9435,#9437,#9439,#9440));
#9442=FACE_OUTER_BOUND('',#9441,.F.);
#9444=CARTESIAN_POINT('',(7.239E-1,-2.54E0,-9.4234E0));
#9445=DIRECTION('',(1.E0,0.E0,0.E0));
#9446=DIRECTION('',(0.E0,0.E0,-1.E0));
#9447=AXIS2_PLACEMENT_3D('',#9444,#9445,#9446);
#9448=PLANE('',#9447);
#9449=ORIENTED_EDGE('',*,*,#5901,.F.);
#9451=ORIENTED_EDGE('',*,*,#9450,.F.);
#9452=ORIENTED_EDGE('',*,*,#6618,.T.);
#9454=ORIENTED_EDGE('',*,*,#9453,.T.);
#9455=EDGE_LOOP('',(#9449,#9451,#9452,#9454));
#9456=FACE_OUTER_BOUND('',#9455,.F.);
#9458=CARTESIAN_POINT('',(7.239E-1,-2.54E0,-9.4234E0));
#9459=DIRECTION('',(1.E0,0.E0,0.E0));
#9460=DIRECTION('',(0.E0,0.E0,-1.E0));
#9461=AXIS2_PLACEMENT_3D('',#9458,#9459,#9460);
#9462=PLANE('',#9461);
#9463=ORIENTED_EDGE('',*,*,#6710,.T.);
#9465=ORIENTED_EDGE('',*,*,#9464,.T.);
#9466=ORIENTED_EDGE('',*,*,#6344,.F.);
#9467=EDGE_LOOP('',(#9463,#9465,#9466));
#9468=FACE_OUTER_BOUND('',#9467,.F.);
#9470=CARTESIAN_POINT('',(-4.92E-1,3.048E-1,-8.6106E0));
#9471=DIRECTION('',(1.E0,0.E0,0.E0));
#9472=DIRECTION('',(0.E0,0.E0,1.E0));
#9473=AXIS2_PLACEMENT_3D('',#9470,#9471,#9472);
#9474=CYLINDRICAL_SURFACE('',#9473,1.1684E0);
#9475=ORIENTED_EDGE('',*,*,#5581,.F.);
#9476=ORIENTED_EDGE('',*,*,#9381,.F.);
#9478=ORIENTED_EDGE('',*,*,#9477,.F.);
#9479=ORIENTED_EDGE('',*,*,#9432,.T.);
#9480=EDGE_LOOP('',(#9475,#9476,#9478,#9479));
#9481=FACE_OUTER_BOUND('',#9480,.F.);
#9483=CARTESIAN_POINT('',(7.239E-1,-2.54E0,-9.779E0));
#9484=DIRECTION('',(0.E0,0.E0,-1.E0));
#9485=DIRECTION('',(-1.E0,0.E0,0.E0));
#9486=AXIS2_PLACEMENT_3D('',#9483,#9484,#9485);
#9487=PLANE('',#9486);
#9489=ORIENTED_EDGE('',*,*,#9488,.F.);
#9490=ORIENTED_EDGE('',*,*,#9434,.T.);
#9491=ORIENTED_EDGE('',*,*,#9477,.T.);
#9492=ORIENTED_EDGE('',*,*,#9379,.F.);
#9493=EDGE_LOOP('',(#9489,#9490,#9491,#9492));
#9494=FACE_OUTER_BOUND('',#9493,.F.);
#9496=CARTESIAN_POINT('',(5.08E-1,-2.54E0,-9.4234E0));
#9497=DIRECTION('',(0.E0,1.E0,0.E0));
#9498=DIRECTION('',(0.E0,0.E0,-1.E0));
#9499=AXIS2_PLACEMENT_3D('',#9496,#9497,#9498);
#9500=PLANE('',#9499);
#9502=ORIENTED_EDGE('',*,*,#9501,.T.);
#9503=ORIENTED_EDGE('',*,*,#9436,.T.);
#9504=ORIENTED_EDGE('',*,*,#9488,.T.);
#9505=ORIENTED_EDGE('',*,*,#9377,.T.);
#9506=EDGE_LOOP('',(#9502,#9503,#9504,#9505));
#9507=FACE_OUTER_BOUND('',#9506,.F.);
#9509=CARTESIAN_POINT('',(2.921E-1,-2.54E0,-9.4234E0));
#9510=DIRECTION('',(0.E0,0.E0,1.E0));
#9511=DIRECTION('',(1.E0,0.E0,0.E0));
#9512=AXIS2_PLACEMENT_3D('',#9509,#9510,#9511);
#9513=PLANE('',#9512);
#9514=ORIENTED_EDGE('',*,*,#9501,.F.);
#9515=ORIENTED_EDGE('',*,*,#9375,.T.);
#9516=ORIENTED_EDGE('',*,*,#9420,.T.);
#9517=ORIENTED_EDGE('',*,*,#9438,.F.);
#9518=EDGE_LOOP('',(#9514,#9515,#9516,#9517));
#9519=FACE_OUTER_BOUND('',#9518,.F.);
#9521=CARTESIAN_POINT('',(7.239E-1,2.334083639455E0,-3.682994021456E0));
#9522=DIRECTION('',(0.E0,-8.829475928589E-1,-4.694715627859E-1));
#9523=DIRECTION('',(-1.E0,0.E0,0.E0));
#9524=AXIS2_PLACEMENT_3D('',#9521,#9522,#9523);
#9525=PLANE('',#9524);
#9526=ORIENTED_EDGE('',*,*,#5907,.T.);
#9527=ORIENTED_EDGE('',*,*,#9395,.F.);
#9528=ORIENTED_EDGE('',*,*,#6620,.F.);
#9529=ORIENTED_EDGE('',*,*,#9450,.T.);
#9530=EDGE_LOOP('',(#9526,#9527,#9528,#9529));
#9531=FACE_OUTER_BOUND('',#9530,.F.);
#9533=CARTESIAN_POINT('',(2.921E-1,2.648059803476E0,-3.516049933729E0));
#9534=DIRECTION('',(0.E0,8.829475928589E-1,4.694715627859E-1));
#9535=DIRECTION('',(1.E0,0.E0,0.E0));
#9536=AXIS2_PLACEMENT_3D('',#9533,#9534,#9535);
#9537=PLANE('',#9536);
#9538=ORIENTED_EDGE('',*,*,#5903,.T.);
#9539=ORIENTED_EDGE('',*,*,#9453,.F.);
#9540=ORIENTED_EDGE('',*,*,#6624,.F.);
#9541=ORIENTED_EDGE('',*,*,#9392,.T.);
#9542=EDGE_LOOP('',(#9538,#9539,#9540,#9541));
#9543=FACE_OUTER_BOUND('',#9542,.F.);
#9545=CARTESIAN_POINT('',(1.508E0,1.9304E0,-3.897636419961E0));
#9546=DIRECTION('',(-1.E0,0.E0,0.E0));
#9547=DIRECTION('',(0.E0,1.E0,0.E0));
#9548=AXIS2_PLACEMENT_3D('',#9545,#9546,#9547);
#9549=CYLINDRICAL_SURFACE('',#9548,8.128E-1);
#9550=ORIENTED_EDGE('',*,*,#6708,.T.);
#9551=ORIENTED_EDGE('',*,*,#9407,.T.);
#9552=ORIENTED_EDGE('',*,*,#6346,.F.);
#9553=ORIENTED_EDGE('',*,*,#9464,.F.);
#9554=EDGE_LOOP('',(#9550,#9551,#9552,#9553));
#9555=FACE_OUTER_BOUND('',#9554,.F.);
#9557=CARTESIAN_POINT('',(1.3081E0,-2.54E0,-8.001E0));
#9558=DIRECTION('',(-1.E0,0.E0,0.E0));
#9559=DIRECTION('',(0.E0,0.E0,1.E0));
#9560=AXIS2_PLACEMENT_3D('',#9557,#9558,#9559);
#9561=PLANE('',#9560);
#9562=ORIENTED_EDGE('',*,*,#5539,.T.);
#9564=ORIENTED_EDGE('',*,*,#9563,.F.);
#9566=ORIENTED_EDGE('',*,*,#9565,.F.);
#9568=ORIENTED_EDGE('',*,*,#9567,.F.);
#9570=ORIENTED_EDGE('',*,*,#9569,.T.);
#9572=ORIENTED_EDGE('',*,*,#9571,.T.);
#9573=EDGE_LOOP('',(#9562,#9564,#9566,#9568,#9570,#9572));
#9574=FACE_OUTER_BOUND('',#9573,.F.);
#9576=CARTESIAN_POINT('',(1.3081E0,-2.54E0,-8.001E0));
#9577=DIRECTION('',(-1.E0,0.E0,0.E0));
#9578=DIRECTION('',(0.E0,0.E0,1.E0));
#9579=AXIS2_PLACEMENT_3D('',#9576,#9577,#9578);
#9580=PLANE('',#9579);
#9581=ORIENTED_EDGE('',*,*,#5865,.T.);
#9583=ORIENTED_EDGE('',*,*,#9582,.F.);
#9584=ORIENTED_EDGE('',*,*,#6582,.F.);
#9586=ORIENTED_EDGE('',*,*,#9585,.T.);
#9587=EDGE_LOOP('',(#9581,#9583,#9584,#9586));
#9588=FACE_OUTER_BOUND('',#9587,.F.);
#9590=CARTESIAN_POINT('',(1.3081E0,-2.54E0,-8.001E0));
#9591=DIRECTION('',(-1.E0,0.E0,0.E0));
#9592=DIRECTION('',(0.E0,0.E0,1.E0));
#9593=AXIS2_PLACEMENT_3D('',#9590,#9591,#9592);
#9594=PLANE('',#9593);
#9595=ORIENTED_EDGE('',*,*,#6713,.F.);
#9596=ORIENTED_EDGE('',*,*,#6340,.T.);
#9598=ORIENTED_EDGE('',*,*,#9597,.F.);
#9599=EDGE_LOOP('',(#9595,#9596,#9598));
#9600=FACE_OUTER_BOUND('',#9599,.F.);
#9602=CARTESIAN_POINT('',(5.24E-1,3.048E-1,-6.8326E0));
#9603=DIRECTION('',(1.E0,0.E0,0.E0));
#9604=DIRECTION('',(0.E0,0.E0,1.E0));
#9605=AXIS2_PLACEMENT_3D('',#9602,#9603,#9604);
#9606=CYLINDRICAL_SURFACE('',#9605,8.128E-1);
#9607=ORIENTED_EDGE('',*,*,#5537,.T.);
#9609=ORIENTED_EDGE('',*,*,#9608,.F.);
#9611=ORIENTED_EDGE('',*,*,#9610,.F.);
#9612=ORIENTED_EDGE('',*,*,#9563,.T.);
#9613=EDGE_LOOP('',(#9607,#9609,#9611,#9612));
#9614=FACE_OUTER_BOUND('',#9613,.F.);
#9616=CARTESIAN_POINT('',(1.7399E0,-2.54E0,-7.6454E0));
#9617=DIRECTION('',(1.E0,0.E0,0.E0));
#9618=DIRECTION('',(0.E0,0.E0,-1.E0));
#9619=AXIS2_PLACEMENT_3D('',#9616,#9617,#9618);
#9620=PLANE('',#9619);
#9621=ORIENTED_EDGE('',*,*,#5535,.T.);
#9623=ORIENTED_EDGE('',*,*,#9622,.F.);
#9625=ORIENTED_EDGE('',*,*,#9624,.F.);
#9627=ORIENTED_EDGE('',*,*,#9626,.F.);
#9629=ORIENTED_EDGE('',*,*,#9628,.T.);
#9630=ORIENTED_EDGE('',*,*,#9608,.T.);
#9631=EDGE_LOOP('',(#9621,#9623,#9625,#9627,#9629,#9630));
#9632=FACE_OUTER_BOUND('',#9631,.F.);
#9634=CARTESIAN_POINT('',(1.7399E0,-2.54E0,-7.6454E0));
#9635=DIRECTION('',(1.E0,0.E0,0.E0));
#9636=DIRECTION('',(0.E0,0.E0,-1.E0));
#9637=AXIS2_PLACEMENT_3D('',#9634,#9635,#9636);
#9638=PLANE('',#9637);
#9639=ORIENTED_EDGE('',*,*,#5861,.F.);
#9641=ORIENTED_EDGE('',*,*,#9640,.F.);
#9642=ORIENTED_EDGE('',*,*,#6578,.T.);
#9644=ORIENTED_EDGE('',*,*,#9643,.T.);
#9645=EDGE_LOOP('',(#9639,#9641,#9642,#9644));
#9646=FACE_OUTER_BOUND('',#9645,.F.);
#9648=CARTESIAN_POINT('',(1.7399E0,-2.54E0,-7.6454E0));
#9649=DIRECTION('',(1.E0,0.E0,0.E0));
#9650=DIRECTION('',(0.E0,0.E0,-1.E0));
#9651=AXIS2_PLACEMENT_3D('',#9648,#9649,#9650);
#9652=PLANE('',#9651);
#9653=ORIENTED_EDGE('',*,*,#6717,.T.);
#9655=ORIENTED_EDGE('',*,*,#9654,.T.);
#9656=ORIENTED_EDGE('',*,*,#6336,.F.);
#9657=EDGE_LOOP('',(#9653,#9655,#9656));
#9658=FACE_OUTER_BOUND('',#9657,.F.);
#9660=CARTESIAN_POINT('',(5.24E-1,3.048E-1,-6.8326E0));
#9661=DIRECTION('',(1.E0,0.E0,0.E0));
#9662=DIRECTION('',(0.E0,0.E0,1.E0));
#9663=AXIS2_PLACEMENT_3D('',#9660,#9661,#9662);
#9664=CYLINDRICAL_SURFACE('',#9663,1.1684E0);
#9665=ORIENTED_EDGE('',*,*,#5541,.F.);
#9666=ORIENTED_EDGE('',*,*,#9571,.F.);
#9668=ORIENTED_EDGE('',*,*,#9667,.F.);
#9669=ORIENTED_EDGE('',*,*,#9622,.T.);
#9670=EDGE_LOOP('',(#9665,#9666,#9668,#9669));
#9671=FACE_OUTER_BOUND('',#9670,.F.);
#9673=CARTESIAN_POINT('',(1.7399E0,-2.54E0,-8.001E0));
#9674=DIRECTION('',(0.E0,0.E0,-1.E0));
#9675=DIRECTION('',(-1.E0,0.E0,0.E0));
#9676=AXIS2_PLACEMENT_3D('',#9673,#9674,#9675);
#9677=PLANE('',#9676);
#9679=ORIENTED_EDGE('',*,*,#9678,.F.);
#9680=ORIENTED_EDGE('',*,*,#9624,.T.);
#9681=ORIENTED_EDGE('',*,*,#9667,.T.);
#9682=ORIENTED_EDGE('',*,*,#9569,.F.);
#9683=EDGE_LOOP('',(#9679,#9680,#9681,#9682));
#9684=FACE_OUTER_BOUND('',#9683,.F.);
#9686=CARTESIAN_POINT('',(1.524E0,-2.54E0,-7.6454E0));
#9687=DIRECTION('',(0.E0,1.E0,0.E0));
#9688=DIRECTION('',(0.E0,0.E0,-1.E0));
#9689=AXIS2_PLACEMENT_3D('',#9686,#9687,#9688);
#9690=PLANE('',#9689);
#9692=ORIENTED_EDGE('',*,*,#9691,.T.);
#9693=ORIENTED_EDGE('',*,*,#9626,.T.);
#9694=ORIENTED_EDGE('',*,*,#9678,.T.);
#9695=ORIENTED_EDGE('',*,*,#9567,.T.);
#9696=EDGE_LOOP('',(#9692,#9693,#9694,#9695));
#9697=FACE_OUTER_BOUND('',#9696,.F.);
#9699=CARTESIAN_POINT('',(1.3081E0,-2.54E0,-7.6454E0));
#9700=DIRECTION('',(0.E0,0.E0,1.E0));
#9701=DIRECTION('',(1.E0,0.E0,0.E0));
#9702=AXIS2_PLACEMENT_3D('',#9699,#9700,#9701);
#9703=PLANE('',#9702);
#9704=ORIENTED_EDGE('',*,*,#9691,.F.);
#9705=ORIENTED_EDGE('',*,*,#9565,.T.);
#9706=ORIENTED_EDGE('',*,*,#9610,.T.);
#9707=ORIENTED_EDGE('',*,*,#9628,.F.);
#9708=EDGE_LOOP('',(#9704,#9705,#9706,#9707));
#9709=FACE_OUTER_BOUND('',#9708,.F.);
#9711=CARTESIAN_POINT('',(1.7399E0,2.334083639455E0,-3.682994021456E0));
#9712=DIRECTION('',(0.E0,-8.829475928589E-1,-4.694715627859E-1));
#9713=DIRECTION('',(-1.E0,0.E0,0.E0));
#9714=AXIS2_PLACEMENT_3D('',#9711,#9712,#9713);
#9715=PLANE('',#9714);
#9716=ORIENTED_EDGE('',*,*,#5867,.T.);
#9717=ORIENTED_EDGE('',*,*,#9585,.F.);
#9718=ORIENTED_EDGE('',*,*,#6580,.F.);
#9719=ORIENTED_EDGE('',*,*,#9640,.T.);
#9720=EDGE_LOOP('',(#9716,#9717,#9718,#9719));
#9721=FACE_OUTER_BOUND('',#9720,.F.);
#9723=CARTESIAN_POINT('',(1.3081E0,2.648059803476E0,-3.516049933729E0));
#9724=DIRECTION('',(0.E0,8.829475928589E-1,4.694715627859E-1));
#9725=DIRECTION('',(1.E0,0.E0,0.E0));
#9726=AXIS2_PLACEMENT_3D('',#9723,#9724,#9725);
#9727=PLANE('',#9726);
#9728=ORIENTED_EDGE('',*,*,#5863,.T.);
#9729=ORIENTED_EDGE('',*,*,#9643,.F.);
#9730=ORIENTED_EDGE('',*,*,#6584,.F.);
#9731=ORIENTED_EDGE('',*,*,#9582,.T.);
#9732=EDGE_LOOP('',(#9728,#9729,#9730,#9731));
#9733=FACE_OUTER_BOUND('',#9732,.F.);
#9735=CARTESIAN_POINT('',(2.524E0,1.9304E0,-3.897636419961E0));
#9736=DIRECTION('',(-1.E0,0.E0,0.E0));
#9737=DIRECTION('',(0.E0,1.E0,0.E0));
#9738=AXIS2_PLACEMENT_3D('',#9735,#9736,#9737);
#9739=CYLINDRICAL_SURFACE('',#9738,8.128E-1);
#9740=ORIENTED_EDGE('',*,*,#6715,.T.);
#9741=ORIENTED_EDGE('',*,*,#9597,.T.);
#9742=ORIENTED_EDGE('',*,*,#6338,.F.);
#9743=ORIENTED_EDGE('',*,*,#9654,.F.);
#9744=EDGE_LOOP('',(#9740,#9741,#9742,#9743));
#9745=FACE_OUTER_BOUND('',#9744,.F.);
#9747=CARTESIAN_POINT('',(2.3241E0,-2.54E0,-9.779E0));
#9748=DIRECTION('',(-1.E0,0.E0,0.E0));
#9749=DIRECTION('',(0.E0,0.E0,1.E0));
#9750=AXIS2_PLACEMENT_3D('',#9747,#9748,#9749);
#9751=PLANE('',#9750);
#9752=ORIENTED_EDGE('',*,*,#5569,.T.);
#9754=ORIENTED_EDGE('',*,*,#9753,.F.);
#9756=ORIENTED_EDGE('',*,*,#9755,.F.);
#9758=ORIENTED_EDGE('',*,*,#9757,.F.);
#9760=ORIENTED_EDGE('',*,*,#9759,.T.);
#9762=ORIENTED_EDGE('',*,*,#9761,.T.);
#9763=EDGE_LOOP('',(#9752,#9754,#9756,#9758,#9760,#9762));
#9764=FACE_OUTER_BOUND('',#9763,.F.);
#9766=CARTESIAN_POINT('',(2.3241E0,-2.54E0,-9.779E0));
#9767=DIRECTION('',(-1.E0,0.E0,0.E0));
#9768=DIRECTION('',(0.E0,0.E0,1.E0));
#9769=AXIS2_PLACEMENT_3D('',#9766,#9767,#9768);
#9770=PLANE('',#9769);
#9771=ORIENTED_EDGE('',*,*,#5895,.T.);
#9773=ORIENTED_EDGE('',*,*,#9772,.F.);
#9774=ORIENTED_EDGE('',*,*,#6612,.F.);
#9776=ORIENTED_EDGE('',*,*,#9775,.T.);
#9777=EDGE_LOOP('',(#9771,#9773,#9774,#9776));
#9778=FACE_OUTER_BOUND('',#9777,.F.);
#9780=CARTESIAN_POINT('',(2.3241E0,-2.54E0,-9.779E0));
#9781=DIRECTION('',(-1.E0,0.E0,0.E0));
#9782=DIRECTION('',(0.E0,0.E0,1.E0));
#9783=AXIS2_PLACEMENT_3D('',#9780,#9781,#9782);
#9784=PLANE('',#9783);
#9785=ORIENTED_EDGE('',*,*,#6720,.F.);
#9786=ORIENTED_EDGE('',*,*,#6332,.T.);
#9788=ORIENTED_EDGE('',*,*,#9787,.F.);
#9789=EDGE_LOOP('',(#9785,#9786,#9788));
#9790=FACE_OUTER_BOUND('',#9789,.F.);
#9792=CARTESIAN_POINT('',(1.54E0,3.048E-1,-8.6106E0));
#9793=DIRECTION('',(1.E0,0.E0,0.E0));
#9794=DIRECTION('',(0.E0,0.E0,1.E0));
#9795=AXIS2_PLACEMENT_3D('',#9792,#9793,#9794);
#9796=CYLINDRICAL_SURFACE('',#9795,8.128E-1);
#9797=ORIENTED_EDGE('',*,*,#5567,.T.);
#9799=ORIENTED_EDGE('',*,*,#9798,.F.);
#9801=ORIENTED_EDGE('',*,*,#9800,.F.);
#9802=ORIENTED_EDGE('',*,*,#9753,.T.);
#9803=EDGE_LOOP('',(#9797,#9799,#9801,#9802));
#9804=FACE_OUTER_BOUND('',#9803,.F.);
#9806=CARTESIAN_POINT('',(2.7559E0,-2.54E0,-9.4234E0));
#9807=DIRECTION('',(1.E0,0.E0,0.E0));
#9808=DIRECTION('',(0.E0,0.E0,-1.E0));
#9809=AXIS2_PLACEMENT_3D('',#9806,#9807,#9808);
#9810=PLANE('',#9809);
#9811=ORIENTED_EDGE('',*,*,#5565,.T.);
#9813=ORIENTED_EDGE('',*,*,#9812,.F.);
#9815=ORIENTED_EDGE('',*,*,#9814,.F.);
#9817=ORIENTED_EDGE('',*,*,#9816,.F.);
#9819=ORIENTED_EDGE('',*,*,#9818,.T.);
#9820=ORIENTED_EDGE('',*,*,#9798,.T.);
#9821=EDGE_LOOP('',(#9811,#9813,#9815,#9817,#9819,#9820));
#9822=FACE_OUTER_BOUND('',#9821,.F.);
#9824=CARTESIAN_POINT('',(2.7559E0,-2.54E0,-9.4234E0));
#9825=DIRECTION('',(1.E0,0.E0,0.E0));
#9826=DIRECTION('',(0.E0,0.E0,-1.E0));
#9827=AXIS2_PLACEMENT_3D('',#9824,#9825,#9826);
#9828=PLANE('',#9827);
#9829=ORIENTED_EDGE('',*,*,#5891,.F.);
#9831=ORIENTED_EDGE('',*,*,#9830,.F.);
#9832=ORIENTED_EDGE('',*,*,#6608,.T.);
#9834=ORIENTED_EDGE('',*,*,#9833,.T.);
#9835=EDGE_LOOP('',(#9829,#9831,#9832,#9834));
#9836=FACE_OUTER_BOUND('',#9835,.F.);
#9838=CARTESIAN_POINT('',(2.7559E0,-2.54E0,-9.4234E0));
#9839=DIRECTION('',(1.E0,0.E0,0.E0));
#9840=DIRECTION('',(0.E0,0.E0,-1.E0));
#9841=AXIS2_PLACEMENT_3D('',#9838,#9839,#9840);
#9842=PLANE('',#9841);
#9843=ORIENTED_EDGE('',*,*,#6724,.T.);
#9845=ORIENTED_EDGE('',*,*,#9844,.T.);
#9846=ORIENTED_EDGE('',*,*,#6328,.F.);
#9847=EDGE_LOOP('',(#9843,#9845,#9846));
#9848=FACE_OUTER_BOUND('',#9847,.F.);
#9850=CARTESIAN_POINT('',(1.54E0,3.048E-1,-8.6106E0));
#9851=DIRECTION('',(1.E0,0.E0,0.E0));
#9852=DIRECTION('',(0.E0,0.E0,1.E0));
#9853=AXIS2_PLACEMENT_3D('',#9850,#9851,#9852);
#9854=CYLINDRICAL_SURFACE('',#9853,1.1684E0);
#9855=ORIENTED_EDGE('',*,*,#5571,.F.);
#9856=ORIENTED_EDGE('',*,*,#9761,.F.);
#9858=ORIENTED_EDGE('',*,*,#9857,.F.);
#9859=ORIENTED_EDGE('',*,*,#9812,.T.);
#9860=EDGE_LOOP('',(#9855,#9856,#9858,#9859));
#9861=FACE_OUTER_BOUND('',#9860,.F.);
#9863=CARTESIAN_POINT('',(2.7559E0,-2.54E0,-9.779E0));
#9864=DIRECTION('',(0.E0,0.E0,-1.E0));
#9865=DIRECTION('',(-1.E0,0.E0,0.E0));
#9866=AXIS2_PLACEMENT_3D('',#9863,#9864,#9865);
#9867=PLANE('',#9866);
#9869=ORIENTED_EDGE('',*,*,#9868,.F.);
#9870=ORIENTED_EDGE('',*,*,#9814,.T.);
#9871=ORIENTED_EDGE('',*,*,#9857,.T.);
#9872=ORIENTED_EDGE('',*,*,#9759,.F.);
#9873=EDGE_LOOP('',(#9869,#9870,#9871,#9872));
#9874=FACE_OUTER_BOUND('',#9873,.F.);
#9876=CARTESIAN_POINT('',(2.54E0,-2.54E0,-9.4234E0));
#9877=DIRECTION('',(0.E0,1.E0,0.E0));
#9878=DIRECTION('',(0.E0,0.E0,-1.E0));
#9879=AXIS2_PLACEMENT_3D('',#9876,#9877,#9878);
#9880=PLANE('',#9879);
#9882=ORIENTED_EDGE('',*,*,#9881,.T.);
#9883=ORIENTED_EDGE('',*,*,#9816,.T.);
#9884=ORIENTED_EDGE('',*,*,#9868,.T.);
#9885=ORIENTED_EDGE('',*,*,#9757,.T.);
#9886=EDGE_LOOP('',(#9882,#9883,#9884,#9885));
#9887=FACE_OUTER_BOUND('',#9886,.F.);
#9889=CARTESIAN_POINT('',(2.3241E0,-2.54E0,-9.4234E0));
#9890=DIRECTION('',(0.E0,0.E0,1.E0));
#9891=DIRECTION('',(1.E0,0.E0,0.E0));
#9892=AXIS2_PLACEMENT_3D('',#9889,#9890,#9891);
#9893=PLANE('',#9892);
#9894=ORIENTED_EDGE('',*,*,#9881,.F.);
#9895=ORIENTED_EDGE('',*,*,#9755,.T.);
#9896=ORIENTED_EDGE('',*,*,#9800,.T.);
#9897=ORIENTED_EDGE('',*,*,#9818,.F.);
#9898=EDGE_LOOP('',(#9894,#9895,#9896,#9897));
#9899=FACE_OUTER_BOUND('',#9898,.F.);
#9901=CARTESIAN_POINT('',(2.7559E0,2.334083639455E0,-3.682994021456E0));
#9902=DIRECTION('',(0.E0,-8.829475928589E-1,-4.694715627859E-1));
#9903=DIRECTION('',(-1.E0,0.E0,0.E0));
#9904=AXIS2_PLACEMENT_3D('',#9901,#9902,#9903);
#9905=PLANE('',#9904);
#9906=ORIENTED_EDGE('',*,*,#5897,.T.);
#9907=ORIENTED_EDGE('',*,*,#9775,.F.);
#9908=ORIENTED_EDGE('',*,*,#6610,.F.);
#9909=ORIENTED_EDGE('',*,*,#9830,.T.);
#9910=EDGE_LOOP('',(#9906,#9907,#9908,#9909));
#9911=FACE_OUTER_BOUND('',#9910,.F.);
#9913=CARTESIAN_POINT('',(2.3241E0,2.648059803476E0,-3.516049933729E0));
#9914=DIRECTION('',(0.E0,8.829475928589E-1,4.694715627859E-1));
#9915=DIRECTION('',(1.E0,0.E0,0.E0));
#9916=AXIS2_PLACEMENT_3D('',#9913,#9914,#9915);
#9917=PLANE('',#9916);
#9918=ORIENTED_EDGE('',*,*,#5893,.T.);
#9919=ORIENTED_EDGE('',*,*,#9833,.F.);
#9920=ORIENTED_EDGE('',*,*,#6614,.F.);
#9921=ORIENTED_EDGE('',*,*,#9772,.T.);
#9922=EDGE_LOOP('',(#9918,#9919,#9920,#9921));
#9923=FACE_OUTER_BOUND('',#9922,.F.);
#9925=CARTESIAN_POINT('',(3.54E0,1.9304E0,-3.897636419961E0));
#9926=DIRECTION('',(-1.E0,0.E0,0.E0));
#9927=DIRECTION('',(0.E0,1.E0,0.E0));
#9928=AXIS2_PLACEMENT_3D('',#9925,#9926,#9927);
#9929=CYLINDRICAL_SURFACE('',#9928,8.128E-1);
#9930=ORIENTED_EDGE('',*,*,#6722,.T.);
#9931=ORIENTED_EDGE('',*,*,#9787,.T.);
#9932=ORIENTED_EDGE('',*,*,#6330,.F.);
#9933=ORIENTED_EDGE('',*,*,#9844,.F.);
#9934=EDGE_LOOP('',(#9930,#9931,#9932,#9933));
#9935=FACE_OUTER_BOUND('',#9934,.F.);
#9937=CARTESIAN_POINT('',(4.556E0,1.9304E0,-3.897636419961E0));
#9938=DIRECTION('',(-1.E0,0.E0,0.E0));
#9939=DIRECTION('',(0.E0,1.E0,0.E0));
#9940=AXIS2_PLACEMENT_3D('',#9937,#9938,#9939);
#9941=CYLINDRICAL_SURFACE('',#9940,8.128E-1);
#9942=ORIENTED_EDGE('',*,*,#6728,.T.);
#9943=ORIENTED_EDGE('',*,*,#5766,.T.);
#9944=ORIENTED_EDGE('',*,*,#6323,.F.);
#9945=ORIENTED_EDGE('',*,*,#5702,.F.);
#9946=EDGE_LOOP('',(#9942,#9943,#9944,#9945));
#9947=FACE_OUTER_BOUND('',#9946,.F.);
#9949=CARTESIAN_POINT('',(0.E0,0.E0,-1.9558E-1));
#9950=DIRECTION('',(0.E0,0.E0,1.E0));
#9951=DIRECTION('',(1.E0,0.E0,0.E0));
#9952=AXIS2_PLACEMENT_3D('',#9949,#9950,#9951);
#9953=PLANE('',#9952);
#9954=ORIENTED_EDGE('',*,*,#6733,.T.);
#9955=ORIENTED_EDGE('',*,*,#6295,.F.);
#9956=ORIENTED_EDGE('',*,*,#6175,.T.);
#9957=ORIENTED_EDGE('',*,*,#6654,.F.);
#9958=EDGE_LOOP('',(#9954,#9955,#9956,#9957));
#9959=FACE_OUTER_BOUND('',#9958,.F.);
#9961=CARTESIAN_POINT('',(-2.556E0,1.9304E0,-3.897636419961E0));
#9962=DIRECTION('',(-1.E0,0.E0,0.E0));
#9963=DIRECTION('',(0.E0,1.E0,0.E0));
#9964=AXIS2_PLACEMENT_3D('',#9961,#9962,#9963);
#9965=CYLINDRICAL_SURFACE('',#9964,8.128E-1);
#9966=ORIENTED_EDGE('',*,*,#6738,.T.);
#9967=ORIENTED_EDGE('',*,*,#6481,.T.);
#9968=ORIENTED_EDGE('',*,*,#6309,.F.);
#9969=ORIENTED_EDGE('',*,*,#6420,.F.);
#9970=EDGE_LOOP('',(#9966,#9967,#9968,#9969));
#9971=FACE_OUTER_BOUND('',#9970,.F.);
#9973=CARTESIAN_POINT('',(3.7719E0,2.334083639455E0,-3.682994021456E0));
#9974=DIRECTION('',(0.E0,-8.829475928589E-1,-4.694715627859E-1));
#9975=DIRECTION('',(-1.E0,0.E0,0.E0));
#9976=AXIS2_PLACEMENT_3D('',#9973,#9974,#9975);
#9977=PLANE('',#9976);
#9978=ORIENTED_EDGE('',*,*,#5857,.T.);
#9979=ORIENTED_EDGE('',*,*,#5752,.F.);
#9980=ORIENTED_EDGE('',*,*,#6571,.F.);
#9981=ORIENTED_EDGE('',*,*,#5686,.T.);
#9982=EDGE_LOOP('',(#9978,#9979,#9980,#9981));
#9983=FACE_OUTER_BOUND('',#9982,.F.);
#9985=CARTESIAN_POINT('',(3.3401E0,2.648059803476E0,-3.516049933729E0));
#9986=DIRECTION('',(0.E0,8.829475928589E-1,4.694715627859E-1));
#9987=DIRECTION('',(1.E0,0.E0,0.E0));
#9988=AXIS2_PLACEMENT_3D('',#9985,#9986,#9987);
#9989=PLANE('',#9988);
#9990=ORIENTED_EDGE('',*,*,#5854,.T.);
#9991=ORIENTED_EDGE('',*,*,#5690,.F.);
#9992=ORIENTED_EDGE('',*,*,#6574,.F.);
#9993=ORIENTED_EDGE('',*,*,#5748,.T.);
#9994=EDGE_LOOP('',(#9990,#9991,#9992,#9993));
#9995=FACE_OUTER_BOUND('',#9994,.F.);
#9997=CARTESIAN_POINT('',(-3.3401E0,2.334083639455E0,-3.682994021456E0));
#9998=DIRECTION('',(0.E0,-8.829475928589E-1,-4.694715627859E-1));
#9999=DIRECTION('',(-1.E0,0.E0,0.E0));
#10000=AXIS2_PLACEMENT_3D('',#9997,#9998,#9999);
#10001=PLANE('',#10000);
#10002=ORIENTED_EDGE('',*,*,#5927,.T.);
#10003=ORIENTED_EDGE('',*,*,#6468,.F.);
#10004=ORIENTED_EDGE('',*,*,#6639,.F.);
#10005=ORIENTED_EDGE('',*,*,#6404,.T.);
#10006=EDGE_LOOP('',(#10002,#10003,#10004,#10005));
#10007=FACE_OUTER_BOUND('',#10006,.F.);
#10009=CARTESIAN_POINT('',(6.35E0,7.7978E0,-1.9558E-1));
#10010=DIRECTION('',(0.E0,1.E0,0.E0));
#10011=DIRECTION('',(-1.E0,0.E0,0.E0));
#10012=AXIS2_PLACEMENT_3D('',#10009,#10010,#10011);
#10013=PLANE('',#10012);
#10014=ORIENTED_EDGE('',*,*,#5833,.T.);
#10016=ORIENTED_EDGE('',*,*,#10015,.F.);
#10018=ORIENTED_EDGE('',*,*,#10017,.F.);
#10019=ORIENTED_EDGE('',*,*,#6100,.F.);
#10020=ORIENTED_EDGE('',*,*,#6235,.T.);
#10021=EDGE_LOOP('',(#10014,#10016,#10018,#10019,#10020));
#10022=FACE_OUTER_BOUND('',#10021,.F.);
#10024=CARTESIAN_POINT('',(5.9563E0,7.7978E0,-1.9558E-1));
#10025=DIRECTION('',(1.E0,0.E0,0.E0));
#10026=DIRECTION('',(0.E0,1.E0,0.E0));
#10027=AXIS2_PLACEMENT_3D('',#10024,#10025,#10026);
#10028=PLANE('',#10027);
#10029=ORIENTED_EDGE('',*,*,#5977,.F.);
#10031=ORIENTED_EDGE('',*,*,#10030,.F.);
#10033=ORIENTED_EDGE('',*,*,#10032,.T.);
#10034=ORIENTED_EDGE('',*,*,#10015,.T.);
#10035=ORIENTED_EDGE('',*,*,#5831,.F.);
#10037=ORIENTED_EDGE('',*,*,#10036,.T.);
#10039=ORIENTED_EDGE('',*,*,#10038,.T.);
#10041=ORIENTED_EDGE('',*,*,#10040,.T.);
#10043=ORIENTED_EDGE('',*,*,#10042,.T.);
#10044=EDGE_LOOP('',(#10029,#10031,#10033,#10034,#10035,#10037,#10039,#10041,
#10043));
#10045=FACE_OUTER_BOUND('',#10044,.F.);
#10047=CARTESIAN_POINT('',(5.9563E0,9.7282E0,-1.9558E-1));
#10048=DIRECTION('',(0.E0,1.E0,0.E0));
#10049=DIRECTION('',(-1.E0,0.E0,0.E0));
#10050=AXIS2_PLACEMENT_3D('',#10047,#10048,#10049);
#10051=PLANE('',#10050);
#10052=ORIENTED_EDGE('',*,*,#5983,.T.);
#10054=ORIENTED_EDGE('',*,*,#10053,.F.);
#10056=ORIENTED_EDGE('',*,*,#10055,.T.);
#10058=ORIENTED_EDGE('',*,*,#10057,.F.);
#10060=ORIENTED_EDGE('',*,*,#10059,.T.);
#10061=ORIENTED_EDGE('',*,*,#10030,.T.);
#10062=EDGE_LOOP('',(#10052,#10054,#10056,#10058,#10060,#10061));
#10063=FACE_OUTER_BOUND('',#10062,.F.);
#10065=CARTESIAN_POINT('',(4.318E0,9.7282E0,-1.238758E1));
#10066=DIRECTION('',(-1.E0,0.E0,0.E0));
#10067=DIRECTION('',(0.E0,-1.E0,0.E0));
#10068=AXIS2_PLACEMENT_3D('',#10065,#10066,#10067);
#10069=PLANE('',#10068);
#10070=ORIENTED_EDGE('',*,*,#10053,.T.);
#10071=ORIENTED_EDGE('',*,*,#5981,.T.);
#10073=ORIENTED_EDGE('',*,*,#10072,.F.);
#10075=ORIENTED_EDGE('',*,*,#10074,.F.);
#10076=EDGE_LOOP('',(#10070,#10071,#10073,#10075));
#10077=FACE_OUTER_BOUND('',#10076,.F.);
#10079=CARTESIAN_POINT('',(4.318E0,8.763E0,-1.238758E1));
#10080=DIRECTION('',(0.E0,-1.E0,0.E0));
#10081=DIRECTION('',(1.E0,0.E0,0.E0));
#10082=AXIS2_PLACEMENT_3D('',#10079,#10080,#10081);
#10083=PLANE('',#10082);
#10084=ORIENTED_EDGE('',*,*,#10042,.F.);
#10086=ORIENTED_EDGE('',*,*,#10085,.T.);
#10087=ORIENTED_EDGE('',*,*,#10072,.T.);
#10088=ORIENTED_EDGE('',*,*,#5979,.T.);
#10089=EDGE_LOOP('',(#10084,#10086,#10087,#10088));
#10090=FACE_OUTER_BOUND('',#10089,.F.);
#10092=CARTESIAN_POINT('',(-7.93242E0,1.3208E1,-1.238758E1));
#10093=DIRECTION('',(0.E0,0.E0,1.E0));
#10094=DIRECTION('',(0.E0,-1.E0,0.E0));
#10095=AXIS2_PLACEMENT_3D('',#10092,#10093,#10094);
#10096=PLANE('',#10095);
#10097=ORIENTED_EDGE('',*,*,#10074,.T.);
#10098=ORIENTED_EDGE('',*,*,#10085,.F.);
#10099=ORIENTED_EDGE('',*,*,#10040,.F.);
#10101=ORIENTED_EDGE('',*,*,#10100,.F.);
#10102=ORIENTED_EDGE('',*,*,#5941,.F.);
#10104=ORIENTED_EDGE('',*,*,#10103,.T.);
#10106=ORIENTED_EDGE('',*,*,#10105,.T.);
#10107=ORIENTED_EDGE('',*,*,#5999,.F.);
#10109=ORIENTED_EDGE('',*,*,#10108,.F.);
#10111=ORIENTED_EDGE('',*,*,#10110,.F.);
#10113=ORIENTED_EDGE('',*,*,#10112,.F.);
#10115=ORIENTED_EDGE('',*,*,#10114,.F.);
#10117=ORIENTED_EDGE('',*,*,#10116,.F.);
#10119=ORIENTED_EDGE('',*,*,#10118,.F.);
#10121=ORIENTED_EDGE('',*,*,#10120,.F.);
#10122=ORIENTED_EDGE('',*,*,#10055,.F.);
#10123=EDGE_LOOP('',(#10097,#10098,#10099,#10101,#10102,#10104,#10106,#10107,
#10109,#10111,#10113,#10115,#10117,#10119,#10121,#10122));
#10124=FACE_OUTER_BOUND('',#10123,.F.);
#10126=CARTESIAN_POINT('',(-5.9563E0,7.366E0,-1.65608E0));
#10127=DIRECTION('',(0.E0,-1.E0,0.E0));
#10128=DIRECTION('',(1.E0,0.E0,0.E0));
#10129=AXIS2_PLACEMENT_3D('',#10126,#10127,#10128);
#10130=PLANE('',#10129);
#10132=ORIENTED_EDGE('',*,*,#10131,.F.);
#10133=ORIENTED_EDGE('',*,*,#5943,.T.);
#10134=ORIENTED_EDGE('',*,*,#10100,.T.);
#10135=ORIENTED_EDGE('',*,*,#10038,.F.);
#10136=EDGE_LOOP('',(#10132,#10133,#10134,#10135));
#10137=FACE_OUTER_BOUND('',#10136,.F.);
#10139=CARTESIAN_POINT('',(-5.9563E0,6.858E0,-1.010158E1));
#10140=DIRECTION('',(0.E0,7.071067811865E-1,7.071067811865E-1));
#10141=DIRECTION('',(1.E0,0.E0,0.E0));
#10142=AXIS2_PLACEMENT_3D('',#10139,#10140,#10141);
#10143=PLANE('',#10142);
#10144=ORIENTED_EDGE('',*,*,#5829,.F.);
#10145=ORIENTED_EDGE('',*,*,#5945,.T.);
#10146=ORIENTED_EDGE('',*,*,#10131,.T.);
#10147=ORIENTED_EDGE('',*,*,#10036,.F.);
#10148=EDGE_LOOP('',(#10144,#10145,#10146,#10147));
#10149=FACE_OUTER_BOUND('',#10148,.F.);
#10151=CARTESIAN_POINT('',(-5.9563E0,8.763E0,-1.238758E1));
#10152=DIRECTION('',(0.E0,-1.E0,0.E0));
#10153=DIRECTION('',(1.E0,0.E0,0.E0));
#10154=AXIS2_PLACEMENT_3D('',#10151,#10152,#10153);
#10155=PLANE('',#10154);
#10156=ORIENTED_EDGE('',*,*,#5939,.T.);
#10157=ORIENTED_EDGE('',*,*,#5966,.T.);
#10159=ORIENTED_EDGE('',*,*,#10158,.F.);
#10160=ORIENTED_EDGE('',*,*,#10103,.F.);
#10161=EDGE_LOOP('',(#10156,#10157,#10159,#10160));
#10162=FACE_OUTER_BOUND('',#10161,.F.);
#10164=CARTESIAN_POINT('',(-4.318E0,8.763E0,-1.238758E1));
#10165=DIRECTION('',(1.E0,0.E0,0.E0));
#10166=DIRECTION('',(0.E0,1.E0,0.E0));
#10167=AXIS2_PLACEMENT_3D('',#10164,#10165,#10166);
#10168=PLANE('',#10167);
#10169=ORIENTED_EDGE('',*,*,#6001,.F.);
#10170=ORIENTED_EDGE('',*,*,#10105,.F.);
#10171=ORIENTED_EDGE('',*,*,#10158,.T.);
#10172=ORIENTED_EDGE('',*,*,#5964,.T.);
#10173=EDGE_LOOP('',(#10169,#10170,#10171,#10172));
#10174=FACE_OUTER_BOUND('',#10173,.F.);
#10176=CARTESIAN_POINT('',(-3.1496E0,1.14046E1,-1.9558E-1));
#10177=DIRECTION('',(-1.E0,0.E0,0.E0));
#10178=DIRECTION('',(0.E0,-1.E0,0.E0));
#10179=AXIS2_PLACEMENT_3D('',#10176,#10177,#10178);
#10180=PLANE('',#10179);
#10181=ORIENTED_EDGE('',*,*,#6118,.F.);
#10183=ORIENTED_EDGE('',*,*,#10182,.F.);
#10185=ORIENTED_EDGE('',*,*,#10184,.T.);
#10187=ORIENTED_EDGE('',*,*,#10186,.F.);
#10189=ORIENTED_EDGE('',*,*,#10188,.T.);
#10190=ORIENTED_EDGE('',*,*,#10108,.T.);
#10191=ORIENTED_EDGE('',*,*,#5997,.F.);
#10192=ORIENTED_EDGE('',*,*,#6013,.F.);
#10193=EDGE_LOOP('',(#10181,#10183,#10185,#10187,#10189,#10190,#10191,#10192));
#10194=FACE_OUTER_BOUND('',#10193,.F.);
#10196=CARTESIAN_POINT('',(-2.5908E0,1.15316E1,-3.2258E-1));
#10197=DIRECTION('',(0.E0,-7.071067811865E-1,7.071067811865E-1));
#10198=DIRECTION('',(0.E0,-7.071067811865E-1,-7.071067811865E-1));
#10199=AXIS2_PLACEMENT_3D('',#10196,#10197,#10198);
#10200=PLANE('',#10199);
#10201=ORIENTED_EDGE('',*,*,#6116,.T.);
#10203=ORIENTED_EDGE('',*,*,#10202,.F.);
#10205=ORIENTED_EDGE('',*,*,#10204,.F.);
#10206=ORIENTED_EDGE('',*,*,#10182,.T.);
#10207=EDGE_LOOP('',(#10201,#10203,#10205,#10206));
#10208=FACE_OUTER_BOUND('',#10207,.F.);
#10210=CARTESIAN_POINT('',(-2.159E0,1.19761E1,-3.2258E-1));
#10211=DIRECTION('',(7.071067811865E-1,0.E0,7.071067811865E-1));
#10212=DIRECTION('',(7.071067811865E-1,0.E0,-7.071067811865E-1));
#10213=AXIS2_PLACEMENT_3D('',#10210,#10211,#10212);
#10214=PLANE('',#10213);
#10215=ORIENTED_EDGE('',*,*,#6114,.T.);
#10217=ORIENTED_EDGE('',*,*,#10216,.F.);
#10219=ORIENTED_EDGE('',*,*,#10218,.F.);
#10220=ORIENTED_EDGE('',*,*,#10202,.T.);
#10221=EDGE_LOOP('',(#10215,#10217,#10219,#10220));
#10222=FACE_OUTER_BOUND('',#10221,.F.);
#10224=CARTESIAN_POINT('',(-1.065814103640E-14,1.26746E1,-3.2258E-1));
#10225=DIRECTION('',(0.E0,-7.071067811865E-1,7.071067811865E-1));
#10226=DIRECTION('',(0.E0,-7.071067811865E-1,-7.071067811865E-1));
#10227=AXIS2_PLACEMENT_3D('',#10224,#10225,#10226);
#10228=PLANE('',#10227);
#10229=ORIENTED_EDGE('',*,*,#6112,.T.);
#10231=ORIENTED_EDGE('',*,*,#10230,.F.);
#10233=ORIENTED_EDGE('',*,*,#10232,.F.);
#10234=ORIENTED_EDGE('',*,*,#10216,.T.);
#10235=EDGE_LOOP('',(#10229,#10231,#10233,#10234));
#10236=FACE_OUTER_BOUND('',#10235,.F.);
#10238=CARTESIAN_POINT('',(2.159E0,1.19761E1,-3.2258E-1));
#10239=DIRECTION('',(-7.071067811865E-1,0.E0,7.071067811865E-1));
#10240=DIRECTION('',(-7.071067811865E-1,0.E0,-7.071067811865E-1));
#10241=AXIS2_PLACEMENT_3D('',#10238,#10239,#10240);
#10242=PLANE('',#10241);
#10243=ORIENTED_EDGE('',*,*,#6110,.T.);
#10245=ORIENTED_EDGE('',*,*,#10244,.F.);
#10247=ORIENTED_EDGE('',*,*,#10246,.F.);
#10248=ORIENTED_EDGE('',*,*,#10230,.T.);
#10249=EDGE_LOOP('',(#10243,#10245,#10247,#10248));
#10250=FACE_OUTER_BOUND('',#10249,.F.);
#10252=CARTESIAN_POINT('',(2.5908E0,1.15316E1,-3.2258E-1));
#10253=DIRECTION('',(0.E0,-7.071067811865E-1,7.071067811865E-1));
#10254=DIRECTION('',(0.E0,-7.071067811865E-1,-7.071067811865E-1));
#10255=AXIS2_PLACEMENT_3D('',#10252,#10253,#10254);
#10256=PLANE('',#10255);
#10257=ORIENTED_EDGE('',*,*,#6108,.T.);
#10259=ORIENTED_EDGE('',*,*,#10258,.T.);
#10261=ORIENTED_EDGE('',*,*,#10260,.F.);
#10262=ORIENTED_EDGE('',*,*,#10244,.T.);
#10263=EDGE_LOOP('',(#10257,#10259,#10261,#10262));
#10264=FACE_OUTER_BOUND('',#10263,.F.);
#10266=CARTESIAN_POINT('',(3.1496E0,9.7282E0,-1.9558E-1));
#10267=DIRECTION('',(1.E0,0.E0,0.E0));
#10268=DIRECTION('',(0.E0,1.E0,0.E0));
#10269=AXIS2_PLACEMENT_3D('',#10266,#10267,#10268);
#10270=PLANE('',#10269);
#10271=ORIENTED_EDGE('',*,*,#6106,.F.);
#10273=ORIENTED_EDGE('',*,*,#10272,.F.);
#10274=ORIENTED_EDGE('',*,*,#10057,.T.);
#10275=ORIENTED_EDGE('',*,*,#10120,.T.);
#10277=ORIENTED_EDGE('',*,*,#10276,.F.);
#10279=ORIENTED_EDGE('',*,*,#10278,.F.);
#10281=ORIENTED_EDGE('',*,*,#10280,.F.);
#10282=ORIENTED_EDGE('',*,*,#10258,.F.);
#10283=EDGE_LOOP('',(#10271,#10273,#10274,#10275,#10277,#10279,#10281,#10282));
#10284=FACE_OUTER_BOUND('',#10283,.F.);
#10286=CARTESIAN_POINT('',(4.55295E0,9.8552E0,-3.2258E-1));
#10287=DIRECTION('',(0.E0,-7.071067811865E-1,7.071067811865E-1));
#10288=DIRECTION('',(0.E0,-7.071067811865E-1,-7.071067811865E-1));
#10289=AXIS2_PLACEMENT_3D('',#10286,#10287,#10288);
#10290=PLANE('',#10289);
#10291=ORIENTED_EDGE('',*,*,#6104,.T.);
#10293=ORIENTED_EDGE('',*,*,#10292,.F.);
#10294=ORIENTED_EDGE('',*,*,#10059,.F.);
#10295=ORIENTED_EDGE('',*,*,#10272,.T.);
#10296=EDGE_LOOP('',(#10291,#10293,#10294,#10295));
#10297=FACE_OUTER_BOUND('',#10296,.F.);
#10299=CARTESIAN_POINT('',(6.0833E0,8.763E0,-3.2258E-1));
#10300=DIRECTION('',(-7.071067811865E-1,0.E0,7.071067811865E-1));
#10301=DIRECTION('',(-7.071067811865E-1,0.E0,-7.071067811865E-1));
#10302=AXIS2_PLACEMENT_3D('',#10299,#10300,#10301);
#10303=PLANE('',#10302);
#10304=ORIENTED_EDGE('',*,*,#10017,.T.);
#10305=ORIENTED_EDGE('',*,*,#10032,.F.);
#10306=ORIENTED_EDGE('',*,*,#10292,.T.);
#10307=ORIENTED_EDGE('',*,*,#6102,.T.);
#10308=EDGE_LOOP('',(#10304,#10305,#10306,#10307));
#10309=FACE_OUTER_BOUND('',#10308,.F.);
#10311=CARTESIAN_POINT('',(3.1496E0,1.21158E1,-1.65608E0));
#10312=DIRECTION('',(0.E0,1.E0,0.E0));
#10313=DIRECTION('',(-1.E0,0.E0,0.E0));
#10314=AXIS2_PLACEMENT_3D('',#10311,#10312,#10313);
#10315=PLANE('',#10314);
#10317=ORIENTED_EDGE('',*,*,#10316,.F.);
#10319=ORIENTED_EDGE('',*,*,#10318,.F.);
#10320=ORIENTED_EDGE('',*,*,#10276,.T.);
#10321=ORIENTED_EDGE('',*,*,#10118,.T.);
#10322=EDGE_LOOP('',(#10317,#10319,#10320,#10321));
#10323=FACE_OUTER_BOUND('',#10322,.F.);
#10325=CARTESIAN_POINT('',(2.032E0,1.14046E1,-1.9558E-1));
#10326=DIRECTION('',(1.E0,0.E0,0.E0));
#10327=DIRECTION('',(0.E0,1.E0,0.E0));
#10328=AXIS2_PLACEMENT_3D('',#10325,#10326,#10327);
#10329=PLANE('',#10328);
#10330=ORIENTED_EDGE('',*,*,#10316,.T.);
#10331=ORIENTED_EDGE('',*,*,#10116,.T.);
#10333=ORIENTED_EDGE('',*,*,#10332,.F.);
#10334=ORIENTED_EDGE('',*,*,#10246,.T.);
#10336=ORIENTED_EDGE('',*,*,#10335,.T.);
#10338=ORIENTED_EDGE('',*,*,#10337,.T.);
#10339=EDGE_LOOP('',(#10330,#10331,#10333,#10334,#10336,#10338));
#10340=FACE_OUTER_BOUND('',#10339,.F.);
#10342=CARTESIAN_POINT('',(2.032E0,1.25476E1,-1.9558E-1));
#10343=DIRECTION('',(0.E0,1.E0,0.E0));
#10344=DIRECTION('',(-1.E0,0.E0,0.E0));
#10345=AXIS2_PLACEMENT_3D('',#10342,#10343,#10344);
#10346=PLANE('',#10345);
#10347=ORIENTED_EDGE('',*,*,#10332,.T.);
#10348=ORIENTED_EDGE('',*,*,#10114,.T.);
#10350=ORIENTED_EDGE('',*,*,#10349,.F.);
#10351=ORIENTED_EDGE('',*,*,#10232,.T.);
#10352=EDGE_LOOP('',(#10347,#10348,#10350,#10351));
#10353=FACE_OUTER_BOUND('',#10352,.F.);
#10355=CARTESIAN_POINT('',(-2.032E0,1.25476E1,-1.9558E-1));
#10356=DIRECTION('',(-1.E0,0.E0,0.E0));
#10357=DIRECTION('',(0.E0,-1.E0,0.E0));
#10358=AXIS2_PLACEMENT_3D('',#10355,#10356,#10357);
#10359=PLANE('',#10358);
#10360=ORIENTED_EDGE('',*,*,#10349,.T.);
#10361=ORIENTED_EDGE('',*,*,#10112,.T.);
#10363=ORIENTED_EDGE('',*,*,#10362,.T.);
#10365=ORIENTED_EDGE('',*,*,#10364,.F.);
#10367=ORIENTED_EDGE('',*,*,#10366,.F.);
#10368=ORIENTED_EDGE('',*,*,#10218,.T.);
#10369=EDGE_LOOP('',(#10360,#10361,#10363,#10365,#10367,#10368));
#10370=FACE_OUTER_BOUND('',#10369,.F.);
#10372=CARTESIAN_POINT('',(-2.032E0,1.21158E1,-1.65608E0));
#10373=DIRECTION('',(0.E0,1.E0,0.E0));
#10374=DIRECTION('',(-1.E0,0.E0,0.E0));
#10375=AXIS2_PLACEMENT_3D('',#10372,#10373,#10374);
#10376=PLANE('',#10375);
#10377=ORIENTED_EDGE('',*,*,#10362,.F.);
#10378=ORIENTED_EDGE('',*,*,#10110,.T.);
#10379=ORIENTED_EDGE('',*,*,#10188,.F.);
#10381=ORIENTED_EDGE('',*,*,#10380,.F.);
#10382=EDGE_LOOP('',(#10377,#10378,#10379,#10381));
#10383=FACE_OUTER_BOUND('',#10382,.F.);
#10385=CARTESIAN_POINT('',(0.E0,0.E0,-1.65608E0));
#10386=DIRECTION('',(0.E0,0.E0,1.E0));
#10387=DIRECTION('',(1.E0,0.E0,0.E0));
#10388=AXIS2_PLACEMENT_3D('',#10385,#10386,#10387);
#10389=PLANE('',#10388);
#10390=ORIENTED_EDGE('',*,*,#10364,.T.);
#10391=ORIENTED_EDGE('',*,*,#10380,.T.);
#10392=ORIENTED_EDGE('',*,*,#10186,.T.);
#10394=ORIENTED_EDGE('',*,*,#10393,.F.);
#10395=EDGE_LOOP('',(#10390,#10391,#10392,#10394));
#10396=FACE_OUTER_BOUND('',#10395,.F.);
#10398=CARTESIAN_POINT('',(0.E0,0.E0,-1.65608E0));
#10399=DIRECTION('',(0.E0,0.E0,1.E0));
#10400=DIRECTION('',(1.E0,0.E0,0.E0));
#10401=AXIS2_PLACEMENT_3D('',#10398,#10399,#10400);
#10402=PLANE('',#10401);
#10404=ORIENTED_EDGE('',*,*,#10403,.F.);
#10405=ORIENTED_EDGE('',*,*,#10278,.T.);
#10406=ORIENTED_EDGE('',*,*,#10318,.T.);
#10407=ORIENTED_EDGE('',*,*,#10337,.F.);
#10408=EDGE_LOOP('',(#10404,#10405,#10406,#10407));
#10409=FACE_OUTER_BOUND('',#10408,.F.);
#10411=CARTESIAN_POINT('',(-2.032E0,1.14046E1,-1.9558E-1));
#10412=DIRECTION('',(0.E0,1.E0,0.E0));
#10413=DIRECTION('',(-1.E0,0.E0,0.E0));
#10414=AXIS2_PLACEMENT_3D('',#10411,#10412,#10413);
#10415=PLANE('',#10414);
#10416=ORIENTED_EDGE('',*,*,#10393,.T.);
#10417=ORIENTED_EDGE('',*,*,#10184,.F.);
#10418=ORIENTED_EDGE('',*,*,#10204,.T.);
#10419=ORIENTED_EDGE('',*,*,#10366,.T.);
#10420=EDGE_LOOP('',(#10416,#10417,#10418,#10419));
#10421=FACE_OUTER_BOUND('',#10420,.F.);
#10423=CARTESIAN_POINT('',(3.1496E0,1.14046E1,-1.9558E-1));
#10424=DIRECTION('',(0.E0,1.E0,0.E0));
#10425=DIRECTION('',(-1.E0,0.E0,0.E0));
#10426=AXIS2_PLACEMENT_3D('',#10423,#10424,#10425);
#10427=PLANE('',#10426);
#10428=ORIENTED_EDGE('',*,*,#10403,.T.);
#10429=ORIENTED_EDGE('',*,*,#10335,.F.);
#10430=ORIENTED_EDGE('',*,*,#10260,.T.);
#10431=ORIENTED_EDGE('',*,*,#10280,.T.);
#10432=EDGE_LOOP('',(#10428,#10429,#10430,#10431));
#10433=FACE_OUTER_BOUND('',#10432,.F.);
#10435=CARTESIAN_POINT('',(-6.35E0,3.81E-1,-1.353058E1));
#10436=DIRECTION('',(1.E0,0.E0,0.E0));
#10437=DIRECTION('',(0.E0,0.E0,1.E0));
#10438=AXIS2_PLACEMENT_3D('',#10435,#10436,#10437);
#10439=PLANE('',#10438);
#10441=ORIENTED_EDGE('',*,*,#10440,.F.);
#10443=ORIENTED_EDGE('',*,*,#10442,.T.);
#10445=ORIENTED_EDGE('',*,*,#10444,.F.);
#10446=ORIENTED_EDGE('',*,*,#5617,.F.);
#10447=EDGE_LOOP('',(#10441,#10443,#10445,#10446));
#10448=FACE_OUTER_BOUND('',#10447,.F.);
#10450=CARTESIAN_POINT('',(-6.35E0,3.81E-1,-1.353058E1));
#10451=DIRECTION('',(1.E0,0.E0,0.E0));
#10452=DIRECTION('',(0.E0,0.E0,1.E0));
#10453=AXIS2_PLACEMENT_3D('',#10450,#10451,#10452);
#10454=PLANE('',#10453);
#10456=ORIENTED_EDGE('',*,*,#10455,.T.);
#10457=ORIENTED_EDGE('',*,*,#5605,.F.);
#10459=ORIENTED_EDGE('',*,*,#10458,.T.);
#10461=ORIENTED_EDGE('',*,*,#10460,.T.);
#10462=EDGE_LOOP('',(#10456,#10457,#10459,#10461));
#10463=FACE_OUTER_BOUND('',#10462,.F.);
#10465=CARTESIAN_POINT('',(-6.5405E0,-2.478683688800E1,-1.334008E1));
#10466=DIRECTION('',(0.E0,1.E0,0.E0));
#10467=DIRECTION('',(-1.E0,0.E0,0.E0));
#10468=AXIS2_PLACEMENT_3D('',#10465,#10466,#10467);
#10469=CYLINDRICAL_SURFACE('',#10468,1.905E-1);
#10471=ORIENTED_EDGE('',*,*,#10470,.F.);
#10473=ORIENTED_EDGE('',*,*,#10472,.T.);
#10474=ORIENTED_EDGE('',*,*,#10440,.T.);
#10475=ORIENTED_EDGE('',*,*,#5615,.T.);
#10476=EDGE_LOOP('',(#10471,#10473,#10474,#10475));
#10477=FACE_OUTER_BOUND('',#10476,.F.);
#10479=CARTESIAN_POINT('',(-6.731E0,3.81E-1,-2.35458E0));
#10480=DIRECTION('',(-1.E0,0.E0,0.E0));
#10481=DIRECTION('',(0.E0,0.E0,-1.E0));
#10482=AXIS2_PLACEMENT_3D('',#10479,#10480,#10481);
#10483=PLANE('',#10482);
#10484=ORIENTED_EDGE('',*,*,#10470,.T.);
#10485=ORIENTED_EDGE('',*,*,#5613,.F.);
#10487=ORIENTED_EDGE('',*,*,#10486,.T.);
#10489=ORIENTED_EDGE('',*,*,#10488,.T.);
#10490=EDGE_LOOP('',(#10484,#10485,#10487,#10489));
#10491=FACE_OUTER_BOUND('',#10490,.F.);
#10493=CARTESIAN_POINT('',(-6.731E0,3.81E-1,-2.35458E0));
#10494=DIRECTION('',(-1.E0,0.E0,0.E0));
#10495=DIRECTION('',(0.E0,0.E0,-1.E0));
#10496=AXIS2_PLACEMENT_3D('',#10493,#10494,#10495);
#10497=PLANE('',#10496);
#10499=ORIENTED_EDGE('',*,*,#10498,.F.);
#10501=ORIENTED_EDGE('',*,*,#10500,.T.);
#10503=ORIENTED_EDGE('',*,*,#10502,.F.);
#10504=ORIENTED_EDGE('',*,*,#5609,.F.);
#10505=EDGE_LOOP('',(#10499,#10501,#10503,#10504));
#10506=FACE_OUTER_BOUND('',#10505,.F.);
#10508=CARTESIAN_POINT('',(-6.35E0,3.81E-1,-5.2832E0));
#10509=DIRECTION('',(0.E0,-1.E0,0.E0));
#10510=DIRECTION('',(1.E0,0.E0,0.E0));
#10511=AXIS2_PLACEMENT_3D('',#10508,#10509,#10510);
#10512=CYLINDRICAL_SURFACE('',#10511,1.397E0);
#10514=ORIENTED_EDGE('',*,*,#10513,.F.);
#10516=ORIENTED_EDGE('',*,*,#10515,.F.);
#10517=ORIENTED_EDGE('',*,*,#10486,.F.);
#10518=ORIENTED_EDGE('',*,*,#5611,.F.);
#10519=ORIENTED_EDGE('',*,*,#10502,.T.);
#10521=ORIENTED_EDGE('',*,*,#10520,.F.);
#10523=ORIENTED_EDGE('',*,*,#10522,.F.);
#10525=ORIENTED_EDGE('',*,*,#10524,.F.);
#10526=ORIENTED_EDGE('',*,*,#10458,.F.);
#10527=ORIENTED_EDGE('',*,*,#5623,.F.);
#10529=ORIENTED_EDGE('',*,*,#10528,.T.);
#10531=ORIENTED_EDGE('',*,*,#10530,.T.);
#10533=ORIENTED_EDGE('',*,*,#10532,.T.);
#10535=ORIENTED_EDGE('',*,*,#10534,.F.);
#10536=ORIENTED_EDGE('',*,*,#5619,.F.);
#10537=ORIENTED_EDGE('',*,*,#10444,.T.);
#10539=ORIENTED_EDGE('',*,*,#10538,.F.);
#10540=EDGE_LOOP('',(#10514,#10516,#10517,#10518,#10519,#10521,#10523,#10525,
#10526,#10527,#10529,#10531,#10533,#10535,#10536,#10537,#10539));
#10541=FACE_OUTER_BOUND('',#10540,.F.);
#10543=CARTESIAN_POINT('',(0.E0,0.E0,0.E0));
#10544=DIRECTION('',(0.E0,-1.E0,0.E0));
#10545=DIRECTION('',(1.E0,0.E0,0.E0));
#10546=AXIS2_PLACEMENT_3D('',#10543,#10544,#10545);
#10547=PLANE('',#10546);
#10549=ORIENTED_EDGE('',*,*,#10548,.F.);
#10551=ORIENTED_EDGE('',*,*,#10550,.F.);
#10553=ORIENTED_EDGE('',*,*,#10552,.F.);
#10554=ORIENTED_EDGE('',*,*,#10513,.T.);
#10555=EDGE_LOOP('',(#10549,#10551,#10553,#10554));
#10556=FACE_OUTER_BOUND('',#10555,.F.);
#10558=CARTESIAN_POINT('',(0.E0,0.E0,0.E0));
#10559=DIRECTION('',(0.E0,-1.E0,0.E0));
#10560=DIRECTION('',(1.E0,0.E0,0.E0));
#10561=AXIS2_PLACEMENT_3D('',#10558,#10559,#10560);
#10562=PLANE('',#10561);
#10564=ORIENTED_EDGE('',*,*,#10563,.F.);
#10565=ORIENTED_EDGE('',*,*,#10522,.T.);
#10567=ORIENTED_EDGE('',*,*,#10566,.F.);
#10569=ORIENTED_EDGE('',*,*,#10568,.F.);
#10570=EDGE_LOOP('',(#10564,#10565,#10567,#10569));
#10571=FACE_OUTER_BOUND('',#10570,.F.);
#10573=CARTESIAN_POINT('',(0.E0,0.E0,0.E0));
#10574=DIRECTION('',(0.E0,-1.E0,0.E0));
#10575=DIRECTION('',(1.E0,0.E0,0.E0));
#10576=AXIS2_PLACEMENT_3D('',#10573,#10574,#10575);
#10577=PLANE('',#10576);
#10579=ORIENTED_EDGE('',*,*,#10578,.F.);
#10581=ORIENTED_EDGE('',*,*,#10580,.T.);
#10583=ORIENTED_EDGE('',*,*,#10582,.F.);
#10585=ORIENTED_EDGE('',*,*,#10584,.F.);
#10586=EDGE_LOOP('',(#10579,#10581,#10583,#10585));
#10587=FACE_OUTER_BOUND('',#10586,.F.);
#10589=CARTESIAN_POINT('',(0.E0,0.E0,0.E0));
#10590=DIRECTION('',(0.E0,-1.E0,0.E0));
#10591=DIRECTION('',(1.E0,0.E0,0.E0));
#10592=AXIS2_PLACEMENT_3D('',#10589,#10590,#10591);
#10593=PLANE('',#10592);
#10595=ORIENTED_EDGE('',*,*,#10594,.F.);
#10597=ORIENTED_EDGE('',*,*,#10596,.F.);
#10599=ORIENTED_EDGE('',*,*,#10598,.F.);
#10601=ORIENTED_EDGE('',*,*,#10600,.T.);
#10602=EDGE_LOOP('',(#10595,#10597,#10599,#10601));
#10603=FACE_OUTER_BOUND('',#10602,.F.);
#10605=CARTESIAN_POINT('',(-6.5278E0,1.778E-1,-3.62770928E1));
#10606=DIRECTION('',(0.E0,0.E0,1.E0));
#10607=DIRECTION('',(0.E0,-1.E0,0.E0));
#10608=AXIS2_PLACEMENT_3D('',#10605,#10606,#10607);
#10609=CYLINDRICAL_SURFACE('',#10608,1.778E-1);
#10610=ORIENTED_EDGE('',*,*,#10442,.F.);
#10612=ORIENTED_EDGE('',*,*,#10611,.T.);
#10613=ORIENTED_EDGE('',*,*,#10548,.T.);
#10614=ORIENTED_EDGE('',*,*,#10538,.T.);
#10615=EDGE_LOOP('',(#10610,#10612,#10613,#10614));
#10616=FACE_OUTER_BOUND('',#10615,.F.);
#10618=CARTESIAN_POINT('',(-6.533398873122E0,8.773356697476E-5,
-1.333963323495E1));
#10619=CARTESIAN_POINT('',(-6.424250798288E0,-3.349164805268E-3,
-1.333276621986E1));
#10620=CARTESIAN_POINT('',(-6.347033352271E0,7.402095347865E-2,
-1.332790810974E1));
#10621=CARTESIAN_POINT('',(-6.350463468709E0,1.833848329641E-1,
-1.332812391439E1));
#10622=CARTESIAN_POINT('',(-6.533123934535E0,8.773356697476E-5,
-1.334400325848E1));
#10623=CARTESIAN_POINT('',(-6.419749908242E0,-3.349164805268E-3,
-1.340430581566E1));
#10624=CARTESIAN_POINT('',(-6.339542788068E0,7.402095347865E-2,
-1.344696721359E1));
#10625=CARTESIAN_POINT('',(-6.343105710381E0,1.833848329641E-1,
-1.344507212939E1));
#10626=CARTESIAN_POINT('',(-6.536121336177E0,8.773356697473E-5,
-1.334719516703E1));
#10627=CARTESIAN_POINT('',(-6.468818958001E0,-3.349164805268E-3,
-1.345655904650E1));
#10628=CARTESIAN_POINT('',(-6.421205495634E0,7.402095347865E-2,
-1.353392916478E1));
#10629=CARTESIAN_POINT('',(-6.423320558076E0,1.833848329641E-1,
-1.353049226641E1));
#10630=CARTESIAN_POINT('',(-6.540499999998E0,8.773356697476E-5,
-1.334719516704E1));
#10631=CARTESIAN_POINT('',(-6.540499999972E0,-3.349164805268E-3,
-1.345655904652E1));
#10632=CARTESIAN_POINT('',(-6.540499999954E0,7.402095347865E-2,
-1.353392916481E1));
#10633=CARTESIAN_POINT('',(-6.540499999955E0,1.833848329641E-1,
-1.353049226643E1));
#10634=CARTESIAN_POINT('',(-6.544878663820E0,8.773356697473E-5,
-1.334719516704E1));
#10635=CARTESIAN_POINT('',(-6.612181041943E0,-3.349164805268E-3,
-1.345655904654E1));
#10636=CARTESIAN_POINT('',(-6.659794504274E0,7.402095347865E-2,
-1.353392916483E1));
#10637=CARTESIAN_POINT('',(-6.657679441834E0,1.833848329641E-1,
-1.353049226646E1));
#10638=CARTESIAN_POINT('',(-6.547876065463E0,8.773356697476E-5,
-1.334400325848E1));
#10639=CARTESIAN_POINT('',(-6.661250091727E0,-3.349164805268E-3,
-1.340430581572E1));
#10640=CARTESIAN_POINT('',(-6.741457211881E0,7.402095347865E-2,
-1.344696721369E1));
#10641=CARTESIAN_POINT('',(-6.737894289569E0,1.833848329641E-1,
-1.344507212948E1));
#10642=CARTESIAN_POINT('',(-6.547601126878E0,8.773356697476E-5,
-1.333963323495E1));
#10643=CARTESIAN_POINT('',(-6.656749201715E0,-3.349164805268E-3,
-1.333276621992E1));
#10644=CARTESIAN_POINT('',(-6.733966647734E0,7.402095347865E-2,
-1.332790810984E1));
#10645=CARTESIAN_POINT('',(-6.730536531296E0,1.833848329641E-1,
-1.332812391448E1));
#10646=(BOUNDED_SURFACE()B_SPLINE_SURFACE(3,3,((#10618,#10619,#10620,#10621),(
#10622,#10623,#10624,#10625),(#10626,#10627,#10628,#10629),(#10630,#10631,
#10632,#10633),(#10634,#10635,#10636,#10637),(#10638,#10639,#10640,#10641),(
#10642,#10643,#10644,#10645)),.UNSPECIFIED.,.F.,.F.,.F.)B_SPLINE_SURFACE_WITH_KNOTS((4,3,4),(4,4),(0.E0,1.E0,2.E0),(0.E0,1.E0),.UNSPECIFIED.)GEOMETRIC_REPRESENTATION_ITEM()RATIONAL_B_SPLINE_SURFACE(((1.409592796665E0,1.113152711885E0,
1.113152711885E0,1.409592796665E0),(1.113152711104E0,8.790545482632E-1,
8.790545482632E-1,1.113152711104E0),(1.113152711104E0,8.790545482632E-1,
8.790545482632E-1,1.113152711104E0),(1.409592796665E0,1.113152711885E0,
1.113152711885E0,1.409592796665E0),(1.113152711104E0,8.790545482632E-1,
8.790545482632E-1,1.113152711104E0),(1.113152711104E0,8.790545482632E-1,
8.790545482632E-1,1.113152711104E0),(1.409592796665E0,1.113152711885E0,
1.113152711885E0,1.409592796665E0)))REPRESENTATION_ITEM('')SURFACE());
#10647=ORIENTED_EDGE('',*,*,#10550,.T.);
#10648=ORIENTED_EDGE('',*,*,#10611,.F.);
#10649=ORIENTED_EDGE('',*,*,#10472,.F.);
#10651=ORIENTED_EDGE('',*,*,#10650,.F.);
#10652=EDGE_LOOP('',(#10647,#10648,#10649,#10651));
#10653=FACE_OUTER_BOUND('',#10652,.F.);
#10655=CARTESIAN_POINT('',(-6.5532E0,1.778E-1,2.05290928E1));
#10656=DIRECTION('',(0.E0,0.E0,-1.E0));
#10657=DIRECTION('',(0.E0,-1.E0,0.E0));
#10658=AXIS2_PLACEMENT_3D('',#10655,#10656,#10657);
#10659=CYLINDRICAL_SURFACE('',#10658,1.778E-1);
#10660=ORIENTED_EDGE('',*,*,#10552,.T.);
#10661=ORIENTED_EDGE('',*,*,#10650,.T.);
#10662=ORIENTED_EDGE('',*,*,#10488,.F.);
#10663=ORIENTED_EDGE('',*,*,#10515,.T.);
#10664=EDGE_LOOP('',(#10660,#10661,#10662,#10663));
#10665=FACE_OUTER_BOUND('',#10664,.F.);
#10667=CARTESIAN_POINT('',(-6.5278E0,1.778E-1,-3.62770928E1));
#10668=DIRECTION('',(0.E0,0.E0,1.E0));
#10669=DIRECTION('',(0.E0,-1.E0,0.E0));
#10670=AXIS2_PLACEMENT_3D('',#10667,#10668,#10669);
#10671=CYLINDRICAL_SURFACE('',#10670,1.778E-1);
#10672=ORIENTED_EDGE('',*,*,#10563,.T.);
#10674=ORIENTED_EDGE('',*,*,#10673,.T.);
#10675=ORIENTED_EDGE('',*,*,#10460,.F.);
#10676=ORIENTED_EDGE('',*,*,#10524,.T.);
#10677=EDGE_LOOP('',(#10672,#10674,#10675,#10676));
#10678=FACE_OUTER_BOUND('',#10677,.F.);
#10680=CARTESIAN_POINT('',(-6.547601126878E0,8.773356697475E-5,
-2.545526765053E0));
#10681=CARTESIAN_POINT('',(-6.656749201712E0,-3.349164805268E-3,
-2.552393780138E0));
#10682=CARTESIAN_POINT('',(-6.733966647729E0,7.402095347865E-2,
-2.557251890256E0));
#10683=CARTESIAN_POINT('',(-6.730536531291E0,1.833848329641E-1,
-2.557036085613E0));
#10684=CARTESIAN_POINT('',(-6.547876065465E0,8.773356697477E-5,
-2.541156741525E0));
#10685=CARTESIAN_POINT('',(-6.661250091758E0,-3.349164805268E-3,
-2.480854184341E0));
#10686=CARTESIAN_POINT('',(-6.741457211932E0,7.402095347865E-2,
-2.438192786409E0));
#10687=CARTESIAN_POINT('',(-6.737894289619E0,1.833848329641E-1,
-2.440087870614E0));
#10688=CARTESIAN_POINT('',(-6.544878663823E0,8.773356697473E-5,
-2.537964832965E0));
#10689=CARTESIAN_POINT('',(-6.612181041999E0,-3.349164805268E-3,
-2.428600953496E0));
#10690=CARTESIAN_POINT('',(-6.659794504366E0,7.402095347865E-2,
-2.351230835223E0));
#10691=CARTESIAN_POINT('',(-6.657679441924E0,1.833848329641E-1,
-2.354667733595E0));
#10692=CARTESIAN_POINT('',(-6.540500000002E0,8.773356697477E-5,
-2.537964832964E0));
#10693=CARTESIAN_POINT('',(-6.540500000028E0,-3.349164805268E-3,
-2.428600953479E0));
#10694=CARTESIAN_POINT('',(-6.540500000046E0,7.402095347865E-2,
-2.351230835195E0));
#10695=CARTESIAN_POINT('',(-6.540500000045E0,1.833848329641E-1,
-2.354667733567E0));
#10696=CARTESIAN_POINT('',(-6.536121336180E0,8.773356697473E-5,
-2.537964832963E0));
#10697=CARTESIAN_POINT('',(-6.468818958057E0,-3.349164805268E-3,
-2.428600953462E0));
#10698=CARTESIAN_POINT('',(-6.421205495726E0,7.402095347865E-2,
-2.351230835166E0));
#10699=CARTESIAN_POINT('',(-6.423320558166E0,1.833848329641E-1,
-2.354667733539E0));
#10700=CARTESIAN_POINT('',(-6.533123934537E0,8.773356697477E-5,
-2.541156741521E0));
#10701=CARTESIAN_POINT('',(-6.419749908273E0,-3.349164805268E-3,
-2.480854184284E0));
#10702=CARTESIAN_POINT('',(-6.339542788119E0,7.402095347865E-2,
-2.438192786313E0));
#10703=CARTESIAN_POINT('',(-6.343105710431E0,1.833848329641E-1,
-2.440087870520E0));
#10704=CARTESIAN_POINT('',(-6.533398873122E0,8.773356697475E-5,
-2.545526765049E0));
#10705=CARTESIAN_POINT('',(-6.424250798285E0,-3.349164805268E-3,
-2.552393780083E0));
#10706=CARTESIAN_POINT('',(-6.347033352266E0,7.402095347865E-2,
-2.557251890164E0));
#10707=CARTESIAN_POINT('',(-6.350463468704E0,1.833848329641E-1,
-2.557036085522E0));
#10708=(BOUNDED_SURFACE()B_SPLINE_SURFACE(3,3,((#10680,#10681,#10682,#10683),(
#10684,#10685,#10686,#10687),(#10688,#10689,#10690,#10691),(#10692,#10693,
#10694,#10695),(#10696,#10697,#10698,#10699),(#10700,#10701,#10702,#10703),(
#10704,#10705,#10706,#10707)),.UNSPECIFIED.,.F.,.F.,.F.)B_SPLINE_SURFACE_WITH_KNOTS((4,3,4),(4,4),(0.E0,1.E0,2.E0),(0.E0,1.E0),.UNSPECIFIED.)GEOMETRIC_REPRESENTATION_ITEM()RATIONAL_B_SPLINE_SURFACE(((1.409592796665E0,1.113152711885E0,
1.113152711885E0,1.409592796665E0),(1.113152711104E0,8.790545482632E-1,
8.790545482632E-1,1.113152711104E0),(1.113152711104E0,8.790545482632E-1,
8.790545482632E-1,1.113152711104E0),(1.409592796665E0,1.113152711885E0,
1.113152711885E0,1.409592796665E0),(1.113152711104E0,8.790545482632E-1,
8.790545482632E-1,1.113152711104E0),(1.113152711104E0,8.790545482632E-1,
8.790545482632E-1,1.113152711104E0),(1.409592796665E0,1.113152711885E0,
1.113152711885E0,1.409592796665E0)))REPRESENTATION_ITEM('')SURFACE());
#10709=ORIENTED_EDGE('',*,*,#10568,.T.);
#10711=ORIENTED_EDGE('',*,*,#10710,.F.);
#10713=ORIENTED_EDGE('',*,*,#10712,.F.);
#10714=ORIENTED_EDGE('',*,*,#10673,.F.);
#10715=EDGE_LOOP('',(#10709,#10711,#10713,#10714));
#10716=FACE_OUTER_BOUND('',#10715,.F.);
#10718=CARTESIAN_POINT('',(-6.5532E0,1.778E-1,2.05290928E1));
#10719=DIRECTION('',(0.E0,0.E0,-1.E0));
#10720=DIRECTION('',(0.E0,-1.E0,0.E0));
#10721=AXIS2_PLACEMENT_3D('',#10718,#10719,#10720);
#10722=CYLINDRICAL_SURFACE('',#10721,1.778E-1);
#10723=ORIENTED_EDGE('',*,*,#10500,.F.);
#10724=ORIENTED_EDGE('',*,*,#10710,.T.);
#10725=ORIENTED_EDGE('',*,*,#10566,.T.);
#10726=ORIENTED_EDGE('',*,*,#10520,.T.);
#10727=EDGE_LOOP('',(#10723,#10724,#10725,#10726));
#10728=FACE_OUTER_BOUND('',#10727,.F.);
#10730=CARTESIAN_POINT('',(-6.5405E0,-2.478683688800E1,-2.54508E0));
#10731=DIRECTION('',(0.E0,1.E0,0.E0));
#10732=DIRECTION('',(1.E0,0.E0,0.E0));
#10733=AXIS2_PLACEMENT_3D('',#10730,#10731,#10732);
#10734=CYLINDRICAL_SURFACE('',#10733,1.905E-1);
#10735=ORIENTED_EDGE('',*,*,#10455,.F.);
#10736=ORIENTED_EDGE('',*,*,#10712,.T.);
#10737=ORIENTED_EDGE('',*,*,#10498,.T.);
#10738=ORIENTED_EDGE('',*,*,#5607,.T.);
#10739=EDGE_LOOP('',(#10735,#10736,#10737,#10738));
#10740=FACE_OUTER_BOUND('',#10739,.F.);
#10742=CARTESIAN_POINT('',(6.5532E0,1.778E-1,-3.62770928E1));
#10743=DIRECTION('',(0.E0,0.E0,1.E0));
#10744=DIRECTION('',(0.E0,-1.E0,0.E0));
#10745=AXIS2_PLACEMENT_3D('',#10742,#10743,#10744);
#10746=CYLINDRICAL_SURFACE('',#10745,1.778E-1);
#10747=ORIENTED_EDGE('',*,*,#10578,.T.);
#10749=ORIENTED_EDGE('',*,*,#10748,.T.);
#10751=ORIENTED_EDGE('',*,*,#10750,.F.);
#10753=ORIENTED_EDGE('',*,*,#10752,.T.);
#10754=EDGE_LOOP('',(#10747,#10749,#10751,#10753));
#10755=FACE_OUTER_BOUND('',#10754,.F.);
#10757=CARTESIAN_POINT('',(6.533398873122E0,8.773356697478E-5,
-2.545526765053E0));
#10758=CARTESIAN_POINT('',(6.424250798288E0,-3.349164805268E-3,
-2.552393780138E0));
#10759=CARTESIAN_POINT('',(6.347033352271E0,7.402095347865E-2,
-2.557251890256E0));
#10760=CARTESIAN_POINT('',(6.350463468709E0,1.833848329641E-1,
-2.557036085613E0));
#10761=CARTESIAN_POINT('',(6.533123934535E0,8.773356697483E-5,
-2.541156741525E0));
#10762=CARTESIAN_POINT('',(6.419749908242E0,-3.349164805268E-3,
-2.480854184341E0));
#10763=CARTESIAN_POINT('',(6.339542788068E0,7.402095347865E-2,
-2.438192786409E0));
#10764=CARTESIAN_POINT('',(6.343105710381E0,1.833848329641E-1,
-2.440087870614E0));
#10765=CARTESIAN_POINT('',(6.536121336177E0,8.773356697466E-5,
-2.537964832965E0));
#10766=CARTESIAN_POINT('',(6.468818958001E0,-3.349164805268E-3,
-2.428600953496E0));
#10767=CARTESIAN_POINT('',(6.421205495634E0,7.402095347865E-2,
-2.351230835223E0));
#10768=CARTESIAN_POINT('',(6.423320558076E0,1.833848329641E-1,
-2.354667733595E0));
#10769=CARTESIAN_POINT('',(6.540499999998E0,8.773356697481E-5,
-2.537964832964E0));
#10770=CARTESIAN_POINT('',(6.540499999972E0,-3.349164805268E-3,
-2.428600953479E0));
#10771=CARTESIAN_POINT('',(6.540499999954E0,7.402095347865E-2,
-2.351230835195E0));
#10772=CARTESIAN_POINT('',(6.540499999955E0,1.833848329641E-1,
-2.354667733567E0));
#10773=CARTESIAN_POINT('',(6.544878663820E0,8.773356697471E-5,
-2.537964832963E0));
#10774=CARTESIAN_POINT('',(6.612181041943E0,-3.349164805268E-3,
-2.428600953462E0));
#10775=CARTESIAN_POINT('',(6.659794504274E0,7.402095347865E-2,
-2.351230835166E0));
#10776=CARTESIAN_POINT('',(6.657679441834E0,1.833848329641E-1,
-2.354667733539E0));
#10777=CARTESIAN_POINT('',(6.547876065463E0,8.773356697480E-5,
-2.541156741521E0));
#10778=CARTESIAN_POINT('',(6.661250091727E0,-3.349164805268E-3,
-2.480854184284E0));
#10779=CARTESIAN_POINT('',(6.741457211881E0,7.402095347865E-2,
-2.438192786313E0));
#10780=CARTESIAN_POINT('',(6.737894289569E0,1.833848329641E-1,
-2.440087870520E0));
#10781=CARTESIAN_POINT('',(6.547601126878E0,8.773356697478E-5,
-2.545526765049E0));
#10782=CARTESIAN_POINT('',(6.656749201715E0,-3.349164805268E-3,
-2.552393780083E0));
#10783=CARTESIAN_POINT('',(6.733966647734E0,7.402095347865E-2,
-2.557251890164E0));
#10784=CARTESIAN_POINT('',(6.730536531296E0,1.833848329641E-1,
-2.557036085522E0));
#10785=(BOUNDED_SURFACE()B_SPLINE_SURFACE(3,3,((#10757,#10758,#10759,#10760),(
#10761,#10762,#10763,#10764),(#10765,#10766,#10767,#10768),(#10769,#10770,
#10771,#10772),(#10773,#10774,#10775,#10776),(#10777,#10778,#10779,#10780),(
#10781,#10782,#10783,#10784)),.UNSPECIFIED.,.F.,.F.,.F.)B_SPLINE_SURFACE_WITH_KNOTS((4,3,4),(4,4),(0.E0,1.E0,2.E0),(0.E0,1.E0),.UNSPECIFIED.)GEOMETRIC_REPRESENTATION_ITEM()RATIONAL_B_SPLINE_SURFACE(((1.409592796665E0,1.113152711885E0,
1.113152711885E0,1.409592796665E0),(1.113152711104E0,8.790545482632E-1,
8.790545482632E-1,1.113152711104E0),(1.113152711104E0,8.790545482632E-1,
8.790545482632E-1,1.113152711104E0),(1.409592796665E0,1.113152711885E0,
1.113152711885E0,1.409592796665E0),(1.113152711104E0,8.790545482632E-1,
8.790545482632E-1,1.113152711104E0),(1.113152711104E0,8.790545482632E-1,
8.790545482632E-1,1.113152711104E0),(1.409592796665E0,1.113152711885E0,
1.113152711885E0,1.409592796665E0)))REPRESENTATION_ITEM('')SURFACE());
#10786=ORIENTED_EDGE('',*,*,#10584,.T.);
#10788=ORIENTED_EDGE('',*,*,#10787,.F.);
#10790=ORIENTED_EDGE('',*,*,#10789,.F.);
#10791=ORIENTED_EDGE('',*,*,#10748,.F.);
#10792=EDGE_LOOP('',(#10786,#10788,#10790,#10791));
#10793=FACE_OUTER_BOUND('',#10792,.F.);
#10795=CARTESIAN_POINT('',(6.5278E0,1.778E-1,2.05290928E1));
#10796=DIRECTION('',(0.E0,0.E0,-1.E0));
#10797=DIRECTION('',(0.E0,-1.E0,0.E0));
#10798=AXIS2_PLACEMENT_3D('',#10795,#10796,#10797);
#10799=CYLINDRICAL_SURFACE('',#10798,1.778E-1);
#10801=ORIENTED_EDGE('',*,*,#10800,.F.);
#10802=ORIENTED_EDGE('',*,*,#10787,.T.);
#10803=ORIENTED_EDGE('',*,*,#10582,.T.);
#10805=ORIENTED_EDGE('',*,*,#10804,.T.);
#10806=EDGE_LOOP('',(#10801,#10802,#10803,#10805));
#10807=FACE_OUTER_BOUND('',#10806,.F.);
#10809=CARTESIAN_POINT('',(6.35E0,3.81E-1,-2.35458E0));
#10810=DIRECTION('',(-1.E0,0.E0,0.E0));
#10811=DIRECTION('',(0.E0,0.E0,-1.E0));
#10812=AXIS2_PLACEMENT_3D('',#10809,#10810,#10811);
#10813=PLANE('',#10812);
#10815=ORIENTED_EDGE('',*,*,#10814,.F.);
#10816=ORIENTED_EDGE('',*,*,#10800,.T.);
#10818=ORIENTED_EDGE('',*,*,#10817,.F.);
#10819=ORIENTED_EDGE('',*,*,#5631,.F.);
#10820=EDGE_LOOP('',(#10815,#10816,#10818,#10819));
#10821=FACE_OUTER_BOUND('',#10820,.F.);
#10823=CARTESIAN_POINT('',(6.35E0,3.81E-1,-2.35458E0));
#10824=DIRECTION('',(-1.E0,0.E0,0.E0));
#10825=DIRECTION('',(0.E0,0.E0,-1.E0));
#10826=AXIS2_PLACEMENT_3D('',#10823,#10824,#10825);
#10827=PLANE('',#10826);
#10829=ORIENTED_EDGE('',*,*,#10828,.F.);
#10830=ORIENTED_EDGE('',*,*,#5639,.F.);
#10832=ORIENTED_EDGE('',*,*,#10831,.T.);
#10834=ORIENTED_EDGE('',*,*,#10833,.T.);
#10835=EDGE_LOOP('',(#10829,#10830,#10832,#10834));
#10836=FACE_OUTER_BOUND('',#10835,.F.);
#10838=CARTESIAN_POINT('',(6.5405E0,-2.478683688800E1,-2.54508E0));
#10839=DIRECTION('',(0.E0,1.E0,0.E0));
#10840=DIRECTION('',(1.E0,0.E0,0.E0));
#10841=AXIS2_PLACEMENT_3D('',#10838,#10839,#10840);
#10842=CYLINDRICAL_SURFACE('',#10841,1.905E-1);
#10844=ORIENTED_EDGE('',*,*,#10843,.F.);
#10845=ORIENTED_EDGE('',*,*,#10789,.T.);
#10846=ORIENTED_EDGE('',*,*,#10814,.T.);
#10847=ORIENTED_EDGE('',*,*,#5629,.T.);
#10848=EDGE_LOOP('',(#10844,#10845,#10846,#10847));
#10849=FACE_OUTER_BOUND('',#10848,.F.);
#10851=CARTESIAN_POINT('',(6.731E0,3.81E-1,-1.353058E1));
#10852=DIRECTION('',(1.E0,0.E0,0.E0));
#10853=DIRECTION('',(0.E0,0.E0,1.E0));
#10854=AXIS2_PLACEMENT_3D('',#10851,#10852,#10853);
#10855=PLANE('',#10854);
#10856=ORIENTED_EDGE('',*,*,#10843,.T.);
#10857=ORIENTED_EDGE('',*,*,#5627,.F.);
#10859=ORIENTED_EDGE('',*,*,#10858,.T.);
#10860=ORIENTED_EDGE('',*,*,#10750,.T.);
#10861=EDGE_LOOP('',(#10856,#10857,#10859,#10860));
#10862=FACE_OUTER_BOUND('',#10861,.F.);
#10864=CARTESIAN_POINT('',(6.731E0,3.81E-1,-1.353058E1));
#10865=DIRECTION('',(1.E0,0.E0,0.E0));
#10866=DIRECTION('',(0.E0,0.E0,1.E0));
#10867=AXIS2_PLACEMENT_3D('',#10864,#10865,#10866);
#10868=PLANE('',#10867);
#10870=ORIENTED_EDGE('',*,*,#10869,.T.);
#10872=ORIENTED_EDGE('',*,*,#10871,.T.);
#10874=ORIENTED_EDGE('',*,*,#10873,.F.);
#10875=ORIENTED_EDGE('',*,*,#5643,.F.);
#10876=EDGE_LOOP('',(#10870,#10872,#10874,#10875));
#10877=FACE_OUTER_BOUND('',#10876,.F.);
#10879=CARTESIAN_POINT('',(6.35E0,3.81E-1,-5.2832E0));
#10880=DIRECTION('',(0.E0,-1.E0,0.E0));
#10881=DIRECTION('',(1.E0,0.E0,0.E0));
#10882=AXIS2_PLACEMENT_3D('',#10879,#10880,#10881);
#10883=CYLINDRICAL_SURFACE('',#10882,1.397E0);
#10884=ORIENTED_EDGE('',*,*,#10817,.T.);
#10885=ORIENTED_EDGE('',*,*,#10804,.F.);
#10886=ORIENTED_EDGE('',*,*,#10580,.F.);
#10887=ORIENTED_EDGE('',*,*,#10752,.F.);
#10888=ORIENTED_EDGE('',*,*,#10858,.F.);
#10889=ORIENTED_EDGE('',*,*,#5645,.F.);
#10890=ORIENTED_EDGE('',*,*,#10873,.T.);
#10892=ORIENTED_EDGE('',*,*,#10891,.F.);
#10893=ORIENTED_EDGE('',*,*,#10600,.F.);
#10895=ORIENTED_EDGE('',*,*,#10894,.F.);
#10896=ORIENTED_EDGE('',*,*,#10831,.F.);
#10897=ORIENTED_EDGE('',*,*,#5637,.F.);
#10899=ORIENTED_EDGE('',*,*,#10898,.T.);
#10901=ORIENTED_EDGE('',*,*,#10900,.T.);
#10903=ORIENTED_EDGE('',*,*,#10902,.T.);
#10905=ORIENTED_EDGE('',*,*,#10904,.F.);
#10906=ORIENTED_EDGE('',*,*,#5633,.F.);
#10907=EDGE_LOOP('',(#10884,#10885,#10886,#10887,#10888,#10889,#10890,#10892,
#10893,#10895,#10896,#10897,#10899,#10901,#10903,#10905,#10906));
#10908=FACE_OUTER_BOUND('',#10907,.F.);
#10910=CARTESIAN_POINT('',(6.5532E0,1.778E-1,-3.62770928E1));
#10911=DIRECTION('',(0.E0,0.E0,1.E0));
#10912=DIRECTION('',(0.E0,-1.E0,0.E0));
#10913=AXIS2_PLACEMENT_3D('',#10910,#10911,#10912);
#10914=CYLINDRICAL_SURFACE('',#10913,1.778E-1);
#10915=ORIENTED_EDGE('',*,*,#10871,.F.);
#10917=ORIENTED_EDGE('',*,*,#10916,.T.);
#10918=ORIENTED_EDGE('',*,*,#10594,.T.);
#10919=ORIENTED_EDGE('',*,*,#10891,.T.);
#10920=EDGE_LOOP('',(#10915,#10917,#10918,#10919));
#10921=FACE_OUTER_BOUND('',#10920,.F.);
#10923=CARTESIAN_POINT('',(6.350463468709E0,1.833848329642E-1,
-1.332812391439E1));
#10924=CARTESIAN_POINT('',(6.347033352271E0,7.402095347868E-2,
-1.332790810974E1));
#10925=CARTESIAN_POINT('',(6.424250798288E0,-3.349164805253E-3,
-1.333276621986E1));
#10926=CARTESIAN_POINT('',(6.533398873122E0,8.773356697206E-5,
-1.333963323495E1));
#10927=CARTESIAN_POINT('',(6.343105710381E0,1.833848329642E-1,
-1.344507212939E1));
#10928=CARTESIAN_POINT('',(6.339542788068E0,7.402095347868E-2,
-1.344696721359E1));
#10929=CARTESIAN_POINT('',(6.419749908242E0,-3.349164805253E-3,
-1.340430581566E1));
#10930=CARTESIAN_POINT('',(6.533123934535E0,8.773356697204E-5,
-1.334400325848E1));
#10931=CARTESIAN_POINT('',(6.423320558076E0,1.833848329642E-1,
-1.353049226641E1));
#10932=CARTESIAN_POINT('',(6.421205495634E0,7.402095347868E-2,
-1.353392916478E1));
#10933=CARTESIAN_POINT('',(6.468818958001E0,-3.349164805253E-3,
-1.345655904650E1));
#10934=CARTESIAN_POINT('',(6.536121336177E0,8.773356697211E-5,
-1.334719516703E1));
#10935=CARTESIAN_POINT('',(6.540499999955E0,1.833848329642E-1,
-1.353049226643E1));
#10936=CARTESIAN_POINT('',(6.540499999954E0,7.402095347868E-2,
-1.353392916481E1));
#10937=CARTESIAN_POINT('',(6.540499999972E0,-3.349164805253E-3,
-1.345655904652E1));
#10938=CARTESIAN_POINT('',(6.540499999998E0,8.773356697204E-5,
-1.334719516704E1));
#10939=CARTESIAN_POINT('',(6.657679441834E0,1.833848329642E-1,
-1.353049226646E1));
#10940=CARTESIAN_POINT('',(6.659794504274E0,7.402095347868E-2,
-1.353392916483E1));
#10941=CARTESIAN_POINT('',(6.612181041943E0,-3.349164805253E-3,
-1.345655904654E1));
#10942=CARTESIAN_POINT('',(6.544878663820E0,8.773356697211E-5,
-1.334719516704E1));
#10943=CARTESIAN_POINT('',(6.737894289569E0,1.833848329642E-1,
-1.344507212948E1));
#10944=CARTESIAN_POINT('',(6.741457211881E0,7.402095347868E-2,
-1.344696721369E1));
#10945=CARTESIAN_POINT('',(6.661250091727E0,-3.349164805253E-3,
-1.340430581572E1));
#10946=CARTESIAN_POINT('',(6.547876065463E0,8.773356697204E-5,
-1.334400325848E1));
#10947=CARTESIAN_POINT('',(6.730536531296E0,1.833848329642E-1,
-1.332812391448E1));
#10948=CARTESIAN_POINT('',(6.733966647734E0,7.402095347868E-2,
-1.332790810984E1));
#10949=CARTESIAN_POINT('',(6.656749201715E0,-3.349164805253E-3,
-1.333276621992E1));
#10950=CARTESIAN_POINT('',(6.547601126878E0,8.773356697206E-5,
-1.333963323495E1));
#10951=(BOUNDED_SURFACE()B_SPLINE_SURFACE(3,3,((#10923,#10924,#10925,#10926),(
#10927,#10928,#10929,#10930),(#10931,#10932,#10933,#10934),(#10935,#10936,
#10937,#10938),(#10939,#10940,#10941,#10942),(#10943,#10944,#10945,#10946),(
#10947,#10948,#10949,#10950)),.UNSPECIFIED.,.F.,.F.,.F.)B_SPLINE_SURFACE_WITH_KNOTS((4,3,4),(4,4),(0.E0,1.E0,2.E0),(0.E0,1.E0),.UNSPECIFIED.)GEOMETRIC_REPRESENTATION_ITEM()RATIONAL_B_SPLINE_SURFACE(((1.409592796665E0,1.113152711885E0,
1.113152711885E0,1.409592796665E0),(1.113152711104E0,8.790545482632E-1,
8.790545482632E-1,1.113152711104E0),(1.113152711104E0,8.790545482632E-1,
8.790545482632E-1,1.113152711104E0),(1.409592796665E0,1.113152711885E0,
1.113152711885E0,1.409592796665E0),(1.113152711104E0,8.790545482632E-1,
8.790545482632E-1,1.113152711104E0),(1.113152711104E0,8.790545482632E-1,
8.790545482632E-1,1.113152711104E0),(1.409592796665E0,1.113152711885E0,
1.113152711885E0,1.409592796665E0)))REPRESENTATION_ITEM('')SURFACE());
#10952=ORIENTED_EDGE('',*,*,#10596,.T.);
#10953=ORIENTED_EDGE('',*,*,#10916,.F.);
#10955=ORIENTED_EDGE('',*,*,#10954,.F.);
#10957=ORIENTED_EDGE('',*,*,#10956,.F.);
#10958=EDGE_LOOP('',(#10952,#10953,#10955,#10957));
#10959=FACE_OUTER_BOUND('',#10958,.F.);
#10961=CARTESIAN_POINT('',(6.5405E0,3.501541688800E1,-1.334008E1));
#10962=DIRECTION('',(0.E0,-1.E0,0.E0));
#10963=DIRECTION('',(1.E0,0.E0,0.E0));
#10964=AXIS2_PLACEMENT_3D('',#10961,#10962,#10963);
#10965=CYLINDRICAL_SURFACE('',#10964,1.905E-1);
#10966=ORIENTED_EDGE('',*,*,#10828,.T.);
#10967=ORIENTED_EDGE('',*,*,#10954,.T.);
#10968=ORIENTED_EDGE('',*,*,#10869,.F.);
#10969=ORIENTED_EDGE('',*,*,#5641,.T.);
#10970=EDGE_LOOP('',(#10966,#10967,#10968,#10969));
#10971=FACE_OUTER_BOUND('',#10970,.F.);
#10973=CARTESIAN_POINT('',(6.5278E0,1.778E-1,2.05290928E1));
#10974=DIRECTION('',(0.E0,0.E0,-1.E0));
#10975=DIRECTION('',(0.E0,-1.E0,0.E0));
#10976=AXIS2_PLACEMENT_3D('',#10973,#10974,#10975);
#10977=CYLINDRICAL_SURFACE('',#10976,1.778E-1);
#10978=ORIENTED_EDGE('',*,*,#10598,.T.);
#10979=ORIENTED_EDGE('',*,*,#10956,.T.);
#10980=ORIENTED_EDGE('',*,*,#10833,.F.);
#10981=ORIENTED_EDGE('',*,*,#10894,.T.);
#10982=EDGE_LOOP('',(#10978,#10979,#10980,#10981));
#10983=FACE_OUTER_BOUND('',#10982,.F.);
#10985=CARTESIAN_POINT('',(5.969E0,3.81E-1,-3.939158333979E0));
#10986=DIRECTION('',(-1.E0,0.E0,0.E0));
#10987=DIRECTION('',(0.E0,0.E0,-1.E0));
#10988=AXIS2_PLACEMENT_3D('',#10985,#10986,#10987);
#10989=PLANE('',#10988);
#10991=ORIENTED_EDGE('',*,*,#10990,.F.);
#10993=ORIENTED_EDGE('',*,*,#10992,.F.);
#10994=ORIENTED_EDGE('',*,*,#10898,.F.);
#10995=ORIENTED_EDGE('',*,*,#5635,.F.);
#10996=ORIENTED_EDGE('',*,*,#10904,.T.);
#10997=EDGE_LOOP('',(#10991,#10993,#10994,#10995,#10996));
#10998=FACE_OUTER_BOUND('',#10997,.F.);
#11000=CARTESIAN_POINT('',(7.740740858594E0,-2.124637316872E0,
-5.408998035747E0));
#11001=CARTESIAN_POINT('',(7.761880719282E0,-2.751871441579E0,
-5.410910220130E0));
#11002=CARTESIAN_POINT('',(7.319909205518E0,-3.195646307424E0,
-5.370932140861E0));
#11003=CARTESIAN_POINT('',(6.695225481593E0,-3.174418652811E0,
-5.314427016310E0));
#11004=CARTESIAN_POINT('',(7.819814992592E0,-2.124637316872E0,
-4.534806095020E0));
#11005=CARTESIAN_POINT('',(7.842156814211E0,-2.751871441579E0,
-4.523430184984E0));
#11006=CARTESIAN_POINT('',(7.375055877890E0,-3.195646307424E0,
-4.761266576309E0));
#11007=CARTESIAN_POINT('',(6.714854160669E0,-3.174418652811E0,
-5.097425170224E0));
#11008=CARTESIAN_POINT('',(7.227760896365E0,-2.124637316872E0,
-3.886781238212E0));
#11009=CARTESIAN_POINT('',(7.241103240449E0,-2.751871441579E0,
-3.865555070947E0));
#11010=CARTESIAN_POINT('',(6.962154570973E0,-3.195646307424E0,
-4.309330998132E0));
#11011=CARTESIAN_POINT('',(6.567887772764E0,-3.174418652811E0,
-4.936565084829E0));
#11012=CARTESIAN_POINT('',(6.349999956302E0,-2.124637316872E0,
-3.886781265680E0));
#11013=CARTESIAN_POINT('',(6.349999955638E0,-2.751871441579E0,
-3.865555098833E0));
#11014=CARTESIAN_POINT('',(6.349999969525E0,-3.195646307424E0,
-4.309331017288E0));
#11015=CARTESIAN_POINT('',(6.349999989153E0,-3.174418652811E0,
-4.936565091647E0));
#11016=CARTESIAN_POINT('',(5.472239016240E0,-2.124637316872E0,
-3.886781293147E0));
#11017=CARTESIAN_POINT('',(5.458896670827E0,-2.751871441579E0,
-3.865555126718E0));
#11018=CARTESIAN_POINT('',(5.737845368077E0,-3.195646307424E0,
-4.309331036444E0));
#11019=CARTESIAN_POINT('',(6.132112205541E0,-3.174418652811E0,
-4.936565098465E0));
#11020=CARTESIAN_POINT('',(4.880184960569E0,-2.124637316872E0,
-4.534806187009E0));
#11021=CARTESIAN_POINT('',(4.857843138238E0,-2.751871441579E0,
-4.523430278371E0));
#11022=CARTESIAN_POINT('',(5.324944089445E0,-3.195646307424E0,
-4.761266640462E0));
#11023=CARTESIAN_POINT('',(5.985145827704E0,-3.174418652811E0,
-5.097425193058E0));
#11024=CARTESIAN_POINT('',(4.959259149279E0,-2.124637316872E0,
-5.408998122787E0));
#11025=CARTESIAN_POINT('',(4.938119288711E0,-2.751871441579E0,
-5.410910308493E0));
#11026=CARTESIAN_POINT('',(5.380090799973E0,-3.195646307424E0,
-5.370932201563E0));
#11027=CARTESIAN_POINT('',(6.004774520361E0,-3.174418652811E0,
-5.314427037916E0));
#11028=(BOUNDED_SURFACE()B_SPLINE_SURFACE(3,3,((#11000,#11001,#11002,#11003),(
#11004,#11005,#11006,#11007),(#11008,#11009,#11010,#11011),(#11012,#11013,
#11014,#11015),(#11016,#11017,#11018,#11019),(#11020,#11021,#11022,#11023),(
#11024,#11025,#11026,#11027)),.UNSPECIFIED.,.F.,.F.,.F.)B_SPLINE_SURFACE_WITH_KNOTS((4,3,4),(4,4),(0.E0,1.E0,2.E0),(0.E0,1.E0),.UNSPECIFIED.)GEOMETRIC_REPRESENTATION_ITEM()RATIONAL_B_SPLINE_SURFACE(((1.419530374963E0,1.119333704339E0,
1.119333704339E0,1.419530374963E0),(1.111496943206E0,8.764419647113E-1,
8.764419647113E-1,1.111496943206E0),(1.111496943206E0,8.764419647113E-1,
8.764419647113E-1,1.111496943206E0),(1.419530374963E0,1.119333704339E0,
1.119333704339E0,1.419530374963E0),(1.111496943206E0,8.764419647113E-1,
8.764419647113E-1,1.111496943206E0),(1.111496943206E0,8.764419647113E-1,
8.764419647113E-1,1.111496943206E0),(1.419530374963E0,1.119333704339E0,
1.119333704339E0,1.419530374963E0)))REPRESENTATION_ITEM('')SURFACE());
#11029=ORIENTED_EDGE('',*,*,#10990,.T.);
#11030=ORIENTED_EDGE('',*,*,#10902,.F.);
#11032=ORIENTED_EDGE('',*,*,#11031,.F.);
#11034=ORIENTED_EDGE('',*,*,#11033,.T.);
#11035=EDGE_LOOP('',(#11029,#11030,#11032,#11034));
#11036=FACE_OUTER_BOUND('',#11035,.F.);
#11038=CARTESIAN_POINT('',(4.959259149279E0,-2.124637316872E0,
-5.157401877213E0));
#11039=CARTESIAN_POINT('',(4.938119288711E0,-2.751871441579E0,
-5.155489691507E0));
#11040=CARTESIAN_POINT('',(5.380090799973E0,-3.195646307424E0,
-5.195467798437E0));
#11041=CARTESIAN_POINT('',(6.004774520361E0,-3.174418652811E0,
-5.251972962084E0));
#11042=CARTESIAN_POINT('',(4.880184954424E0,-2.124637316872E0,
-6.031593880930E0));
#11043=CARTESIAN_POINT('',(4.857843132E0,-2.751871441579E0,-6.042969790601E0));
#11044=CARTESIAN_POINT('',(5.324944085159E0,-3.195646307424E0,
-5.805133406919E0));
#11045=CARTESIAN_POINT('',(5.985145826178E0,-3.174418652811E0,
-5.468974823806E0));
#11046=CARTESIAN_POINT('',(5.472239088763E0,-2.124637316872E0,
-6.679618795319E0));
#11047=CARTESIAN_POINT('',(5.458896744453E0,-2.751871441579E0,
-6.700844963093E0));
#11048=CARTESIAN_POINT('',(5.737845418654E0,-3.195646307424E0,
-6.257069025252E0));
#11049=CARTESIAN_POINT('',(6.132112223544E0,-3.174418652811E0,
-5.629834923495E0));
#11050=CARTESIAN_POINT('',(6.350000097042E0,-2.124637316872E0,
-6.679618734320E0));
#11051=CARTESIAN_POINT('',(6.350000098517E0,-2.751871441579E0,
-6.700844901167E0));
#11052=CARTESIAN_POINT('',(6.350000067678E0,-3.195646307424E0,
-6.257068982712E0));
#11053=CARTESIAN_POINT('',(6.350000024089E0,-3.174418652811E0,
-5.629834908353E0));
#11054=CARTESIAN_POINT('',(7.227761105321E0,-2.124637316872E0,
-6.679618673321E0));
#11055=CARTESIAN_POINT('',(7.241103452581E0,-2.751871441579E0,
-6.700844839242E0));
#11056=CARTESIAN_POINT('',(6.962154716701E0,-3.195646307424E0,
-6.257068940171E0));
#11057=CARTESIAN_POINT('',(6.567887824634E0,-3.174418652811E0,
-5.629834893211E0));
#11058=CARTESIAN_POINT('',(7.819815149593E0,-2.124637316872E0,
-6.031593676645E0));
#11059=CARTESIAN_POINT('',(7.842156973598E0,-2.751871441579E0,
-6.042969583211E0));
#11060=CARTESIAN_POINT('',(7.375055987383E0,-3.195646307424E0,
-5.805133264450E0));
#11061=CARTESIAN_POINT('',(6.714854199642E0,-3.174418652811E0,
-5.468974773096E0));
#11062=CARTESIAN_POINT('',(7.740740833236E0,-2.124637316872E0,
-5.157401683918E0));
#11063=CARTESIAN_POINT('',(7.761880693539E0,-2.751871441579E0,
-5.155489495274E0));
#11064=CARTESIAN_POINT('',(7.319909187833E0,-3.195646307424E0,
-5.195467663632E0));
#11065=CARTESIAN_POINT('',(6.695225475299E0,-3.174418652811E0,
-5.251972914102E0));
#11066=(BOUNDED_SURFACE()B_SPLINE_SURFACE(3,3,((#11038,#11039,#11040,#11041),(
#11042,#11043,#11044,#11045),(#11046,#11047,#11048,#11049),(#11050,#11051,
#11052,#11053),(#11054,#11055,#11056,#11057),(#11058,#11059,#11060,#11061),(
#11062,#11063,#11064,#11065)),.UNSPECIFIED.,.F.,.F.,.F.)B_SPLINE_SURFACE_WITH_KNOTS((4,3,4),(4,4),(0.E0,1.E0,2.E0),(0.E0,1.E0),.UNSPECIFIED.)GEOMETRIC_REPRESENTATION_ITEM()RATIONAL_B_SPLINE_SURFACE(((1.419530406502E0,1.119333729208E0,
1.119333729208E0,1.419530406502E0),(1.111496932693E0,8.764419564216E-1,
8.764419564216E-1,1.111496932693E0),(1.111496932693E0,8.764419564216E-1,
8.764419564216E-1,1.111496932693E0),(1.419530406502E0,1.119333729208E0,
1.119333729208E0,1.419530406502E0),(1.111496932693E0,8.764419564216E-1,
8.764419564216E-1,1.111496932693E0),(1.111496932693E0,8.764419564216E-1,
8.764419564216E-1,1.111496932693E0),(1.419530406502E0,1.119333729208E0,
1.119333729208E0,1.419530406502E0)))REPRESENTATION_ITEM('')SURFACE());
#11067=ORIENTED_EDGE('',*,*,#10992,.T.);
#11069=ORIENTED_EDGE('',*,*,#11068,.T.);
#11070=ORIENTED_EDGE('',*,*,#11031,.T.);
#11071=ORIENTED_EDGE('',*,*,#10900,.F.);
#11072=EDGE_LOOP('',(#11067,#11069,#11070,#11071));
#11073=FACE_OUTER_BOUND('',#11072,.F.);
#11075=CARTESIAN_POINT('',(-7.93242E0,-3.175E0,0.E0));
#11076=DIRECTION('',(0.E0,-1.E0,0.E0));
#11077=DIRECTION('',(1.E0,0.E0,0.E0));
#11078=AXIS2_PLACEMENT_3D('',#11075,#11076,#11077);
#11079=PLANE('',#11078);
#11081=ORIENTED_EDGE('',*,*,#11080,.F.);
#11083=ORIENTED_EDGE('',*,*,#11082,.F.);
#11084=EDGE_LOOP('',(#11081,#11083));
#11085=FACE_OUTER_BOUND('',#11084,.F.);
#11087=CARTESIAN_POINT('',(-7.93242E0,-3.175E0,0.E0));
#11088=DIRECTION('',(0.E0,-1.E0,0.E0));
#11089=DIRECTION('',(1.E0,0.E0,0.E0));
#11090=AXIS2_PLACEMENT_3D('',#11087,#11088,#11089);
#11091=PLANE('',#11090);
#11092=ORIENTED_EDGE('',*,*,#11033,.F.);
#11093=ORIENTED_EDGE('',*,*,#11068,.F.);
#11094=EDGE_LOOP('',(#11092,#11093));
#11095=FACE_OUTER_BOUND('',#11094,.F.);
#11097=CARTESIAN_POINT('',(-7.740740858594E0,-2.124637316872E0,
-5.157401964253E0));
#11098=CARTESIAN_POINT('',(-7.761880719282E0,-2.751871441579E0,
-5.155489779870E0));
#11099=CARTESIAN_POINT('',(-7.319909205518E0,-3.195646307424E0,
-5.195467859139E0));
#11100=CARTESIAN_POINT('',(-6.695225481593E0,-3.174418652811E0,
-5.251972983690E0));
#11101=CARTESIAN_POINT('',(-7.819814992592E0,-2.124637316872E0,
-6.031593904980E0));
#11102=CARTESIAN_POINT('',(-7.842156814211E0,-2.751871441579E0,
-6.042969815016E0));
#11103=CARTESIAN_POINT('',(-7.375055877890E0,-3.195646307424E0,
-5.805133423691E0));
#11104=CARTESIAN_POINT('',(-6.714854160669E0,-3.174418652811E0,
-5.468974829776E0));
#11105=CARTESIAN_POINT('',(-7.227760896365E0,-2.124637316872E0,
-6.679618761788E0));
#11106=CARTESIAN_POINT('',(-7.241103240449E0,-2.751871441579E0,
-6.700844929053E0));
#11107=CARTESIAN_POINT('',(-6.962154570973E0,-3.195646307424E0,
-6.257069001868E0));
#11108=CARTESIAN_POINT('',(-6.567887772764E0,-3.174418652811E0,
-5.629834915171E0));
#11109=CARTESIAN_POINT('',(-6.349999956302E0,-2.124637316872E0,
-6.679618734320E0));
#11110=CARTESIAN_POINT('',(-6.349999955638E0,-2.751871441579E0,
-6.700844901167E0));
#11111=CARTESIAN_POINT('',(-6.349999969525E0,-3.195646307424E0,
-6.257068982712E0));
#11112=CARTESIAN_POINT('',(-6.349999989153E0,-3.174418652811E0,
-5.629834908353E0));
#11113=CARTESIAN_POINT('',(-5.472239016240E0,-2.124637316872E0,
-6.679618706853E0));
#11114=CARTESIAN_POINT('',(-5.458896670827E0,-2.751871441579E0,
-6.700844873282E0));
#11115=CARTESIAN_POINT('',(-5.737845368077E0,-3.195646307424E0,
-6.257068963556E0));
#11116=CARTESIAN_POINT('',(-6.132112205541E0,-3.174418652811E0,
-5.629834901535E0));
#11117=CARTESIAN_POINT('',(-4.880184960569E0,-2.124637316872E0,
-6.031593812991E0));
#11118=CARTESIAN_POINT('',(-4.857843138238E0,-2.751871441579E0,
-6.042969721629E0));
#11119=CARTESIAN_POINT('',(-5.324944089445E0,-3.195646307424E0,
-5.805133359538E0));
#11120=CARTESIAN_POINT('',(-5.985145827704E0,-3.174418652811E0,
-5.468974806942E0));
#11121=CARTESIAN_POINT('',(-4.959259149279E0,-2.124637316872E0,
-5.157401877213E0));
#11122=CARTESIAN_POINT('',(-4.938119288711E0,-2.751871441579E0,
-5.155489691507E0));
#11123=CARTESIAN_POINT('',(-5.380090799973E0,-3.195646307424E0,
-5.195467798437E0));
#11124=CARTESIAN_POINT('',(-6.004774520361E0,-3.174418652811E0,
-5.251972962084E0));
#11125=(BOUNDED_SURFACE()B_SPLINE_SURFACE(3,3,((#11097,#11098,#11099,#11100),(
#11101,#11102,#11103,#11104),(#11105,#11106,#11107,#11108),(#11109,#11110,
#11111,#11112),(#11113,#11114,#11115,#11116),(#11117,#11118,#11119,#11120),(
#11121,#11122,#11123,#11124)),.UNSPECIFIED.,.F.,.F.,.F.)B_SPLINE_SURFACE_WITH_KNOTS((4,3,4),(4,4),(0.E0,1.E0,2.E0),(0.E0,1.E0),.UNSPECIFIED.)GEOMETRIC_REPRESENTATION_ITEM()RATIONAL_B_SPLINE_SURFACE(((1.419530374963E0,1.119333704339E0,
1.119333704339E0,1.419530374963E0),(1.111496943206E0,8.764419647113E-1,
8.764419647113E-1,1.111496943206E0),(1.111496943206E0,8.764419647113E-1,
8.764419647113E-1,1.111496943206E0),(1.419530374963E0,1.119333704339E0,
1.119333704339E0,1.419530374963E0),(1.111496943206E0,8.764419647113E-1,
8.764419647113E-1,1.111496943206E0),(1.111496943206E0,8.764419647113E-1,
8.764419647113E-1,1.111496943206E0),(1.419530374963E0,1.119333704339E0,
1.119333704339E0,1.419530374963E0)))REPRESENTATION_ITEM('')SURFACE());
#11126=ORIENTED_EDGE('',*,*,#10532,.F.);
#11128=ORIENTED_EDGE('',*,*,#11127,.F.);
#11129=ORIENTED_EDGE('',*,*,#11080,.T.);
#11131=ORIENTED_EDGE('',*,*,#11130,.T.);
#11132=EDGE_LOOP('',(#11126,#11128,#11129,#11131));
#11133=FACE_OUTER_BOUND('',#11132,.F.);
#11135=CARTESIAN_POINT('',(-4.959259149279E0,-2.124637316872E0,
-5.408998122787E0));
#11136=CARTESIAN_POINT('',(-4.938119288711E0,-2.751871441579E0,
-5.410910308493E0));
#11137=CARTESIAN_POINT('',(-5.380090799973E0,-3.195646307424E0,
-5.370932201563E0));
#11138=CARTESIAN_POINT('',(-6.004774520361E0,-3.174418652811E0,
-5.314427037916E0));
#11139=CARTESIAN_POINT('',(-4.880184954424E0,-2.124637316872E0,
-4.534806119070E0));
#11140=CARTESIAN_POINT('',(-4.857843132E0,-2.751871441579E0,-4.523430209399E0));
#11141=CARTESIAN_POINT('',(-5.324944085159E0,-3.195646307424E0,
-4.761266593081E0));
#11142=CARTESIAN_POINT('',(-5.985145826178E0,-3.174418652811E0,
-5.097425176194E0));
#11143=CARTESIAN_POINT('',(-5.472239088763E0,-2.124637316872E0,
-3.886781204681E0));
#11144=CARTESIAN_POINT('',(-5.458896744453E0,-2.751871441579E0,
-3.865555036907E0));
#11145=CARTESIAN_POINT('',(-5.737845418654E0,-3.195646307424E0,
-4.309330974748E0));
#11146=CARTESIAN_POINT('',(-6.132112223544E0,-3.174418652811E0,
-4.936565076505E0));
#11147=CARTESIAN_POINT('',(-6.350000097042E0,-2.124637316872E0,
-3.886781265680E0));
#11148=CARTESIAN_POINT('',(-6.350000098517E0,-2.751871441579E0,
-3.865555098833E0));
#11149=CARTESIAN_POINT('',(-6.350000067678E0,-3.195646307424E0,
-4.309331017288E0));
#11150=CARTESIAN_POINT('',(-6.350000024089E0,-3.174418652811E0,
-4.936565091647E0));
#11151=CARTESIAN_POINT('',(-7.227761105321E0,-2.124637316872E0,
-3.886781326679E0));
#11152=CARTESIAN_POINT('',(-7.241103452581E0,-2.751871441579E0,
-3.865555160758E0));
#11153=CARTESIAN_POINT('',(-6.962154716701E0,-3.195646307424E0,
-4.309331059829E0));
#11154=CARTESIAN_POINT('',(-6.567887824634E0,-3.174418652811E0,
-4.936565106789E0));
#11155=CARTESIAN_POINT('',(-7.819815149593E0,-2.124637316872E0,
-4.534806323355E0));
#11156=CARTESIAN_POINT('',(-7.842156973598E0,-2.751871441579E0,
-4.523430416789E0));
#11157=CARTESIAN_POINT('',(-7.375055987383E0,-3.195646307424E0,
-4.761266735550E0));
#11158=CARTESIAN_POINT('',(-6.714854199642E0,-3.174418652811E0,
-5.097425226904E0));
#11159=CARTESIAN_POINT('',(-7.740740833236E0,-2.124637316872E0,
-5.408998316082E0));
#11160=CARTESIAN_POINT('',(-7.761880693539E0,-2.751871441579E0,
-5.410910504726E0));
#11161=CARTESIAN_POINT('',(-7.319909187833E0,-3.195646307424E0,
-5.370932336368E0));
#11162=CARTESIAN_POINT('',(-6.695225475299E0,-3.174418652811E0,
-5.314427085898E0));
#11163=(BOUNDED_SURFACE()B_SPLINE_SURFACE(3,3,((#11135,#11136,#11137,#11138),(
#11139,#11140,#11141,#11142),(#11143,#11144,#11145,#11146),(#11147,#11148,
#11149,#11150),(#11151,#11152,#11153,#11154),(#11155,#11156,#11157,#11158),(
#11159,#11160,#11161,#11162)),.UNSPECIFIED.,.F.,.F.,.F.)B_SPLINE_SURFACE_WITH_KNOTS((4,3,4),(4,4),(0.E0,1.E0,2.E0),(0.E0,1.E0),.UNSPECIFIED.)GEOMETRIC_REPRESENTATION_ITEM()RATIONAL_B_SPLINE_SURFACE(((1.419530406502E0,1.119333729208E0,
1.119333729208E0,1.419530406502E0),(1.111496932693E0,8.764419564216E-1,
8.764419564216E-1,1.111496932693E0),(1.111496932693E0,8.764419564216E-1,
8.764419564216E-1,1.111496932693E0),(1.419530406502E0,1.119333729208E0,
1.119333729208E0,1.419530406502E0),(1.111496932693E0,8.764419564216E-1,
8.764419564216E-1,1.111496932693E0),(1.111496932693E0,8.764419564216E-1,
8.764419564216E-1,1.111496932693E0),(1.419530406502E0,1.119333729208E0,
1.119333729208E0,1.419530406502E0)))REPRESENTATION_ITEM('')SURFACE());
#11164=ORIENTED_EDGE('',*,*,#11082,.T.);
#11165=ORIENTED_EDGE('',*,*,#11127,.T.);
#11166=ORIENTED_EDGE('',*,*,#10530,.F.);
#11168=ORIENTED_EDGE('',*,*,#11167,.T.);
#11169=EDGE_LOOP('',(#11164,#11165,#11166,#11168));
#11170=FACE_OUTER_BOUND('',#11169,.F.);
#11172=CARTESIAN_POINT('',(-5.969E0,3.81E-1,-6.627241666021E0));
#11173=DIRECTION('',(1.E0,0.E0,0.E0));
#11174=DIRECTION('',(0.E0,0.E0,1.E0));
#11175=AXIS2_PLACEMENT_3D('',#11172,#11173,#11174);
#11176=PLANE('',#11175);
#11177=ORIENTED_EDGE('',*,*,#10528,.F.);
#11178=ORIENTED_EDGE('',*,*,#5621,.F.);
#11179=ORIENTED_EDGE('',*,*,#10534,.T.);
#11180=ORIENTED_EDGE('',*,*,#11130,.F.);
#11181=ORIENTED_EDGE('',*,*,#11167,.F.);
#11182=EDGE_LOOP('',(#11177,#11178,#11179,#11180,#11181));
#11183=FACE_OUTER_BOUND('',#11182,.F.);
#11185=CLOSED_SHELL('',(#5412,#5428,#5444,#5459,#5659,#5678,#5694,#5708,#5722,
#5740,#5756,#5770,#5783,#5796,#5809,#5821,#5931,#5956,#5971,#5987,#6005,#6020,
#6044,#6068,#6131,#6148,#6162,#6179,#6193,#6209,#6224,#6240,#6255,#6269,#6283,
#6301,#6378,#6397,#6412,#6425,#6439,#6457,#6472,#6485,#6498,#6511,#6524,#6536,
#6549,#6645,#6662,#6677,#6742,#6756,#6772,#6786,#6800,#6816,#6830,#6845,#6871,
#6898,#6913,#6931,#6946,#6963,#6987,#7015,#7028,#7041,#7054,#7112,#7126,#7140,
#7153,#7166,#7179,#7199,#7213,#7235,#7256,#7271,#7296,#7310,#7324,#7339,#7354,
#7375,#7397,#7412,#7439,#7454,#7468,#7485,#7498,#7514,#7527,#7540,#7558,#7572,
#7587,#7607,#7629,#7643,#7669,#7682,#7695,#7707,#7720,#7735,#7748,#7772,#7785,
#7798,#7811,#7824,#7836,#7848,#7862,#7876,#7890,#7904,#7917,#7937,#7953,#7966,
#7979,#7992,#8004,#8017,#8030,#8047,#8063,#8111,#8130,#8145,#8160,#8174,#8188,
#8208,#8220,#8233,#8246,#8258,#8271,#8284,#8297,#8310,#8323,#8336,#8349,#8362,
#8375,#8388,#8401,#8414,#8427,#8442,#8455,#8467,#8480,#8493,#8505,#8518,#8531,
#8544,#8557,#8570,#8583,#8596,#8613,#8627,#8641,#8654,#8669,#8682,#8695,#8707,
#8720,#8732,#8744,#8758,#8770,#8782,#8796,#8815,#8829,#8841,#8855,#8873,#8887,
#8899,#8912,#8925,#8938,#8950,#8962,#8974,#8986,#9005,#9019,#9031,#9045,#9063,
#9077,#9089,#9102,#9115,#9128,#9140,#9152,#9164,#9176,#9195,#9209,#9221,#9235,
#9253,#9267,#9279,#9292,#9305,#9318,#9330,#9342,#9354,#9366,#9385,#9399,#9411,
#9425,#9443,#9457,#9469,#9482,#9495,#9508,#9520,#9532,#9544,#9556,#9575,#9589,
#9601,#9615,#9633,#9647,#9659,#9672,#9685,#9698,#9710,#9722,#9734,#9746,#9765,
#9779,#9791,#9805,#9823,#9837,#9849,#9862,#9875,#9888,#9900,#9912,#9924,#9936,
#9948,#9960,#9972,#9984,#9996,#10008,#10023,#10046,#10064,#10078,#10091,#10125,
#10138,#10150,#10163,#10175,#10195,#10209,#10223,#10237,#10251,#10265,#10285,
#10298,#10310,#10324,#10341,#10354,#10371,#10384,#10397,#10410,#10422,#10434,
#10449,#10464,#10478,#10492,#10507,#10542,#10557,#10572,#10588,#10604,#10617,
#10654,#10666,#10679,#10717,#10729,#10741,#10756,#10794,#10808,#10822,#10837,
#10850,#10863,#10878,#10909,#10922,#10960,#10972,#10984,#10999,#11037,#11074,
#11086,#11096,#11134,#11171,#11184));
#11186=MANIFOLD_SOLID_BREP('',#11185);
#11189=PLANE_ANGLE_MEASURE_WITH_UNIT(PLANE_ANGLE_MEASURE(1.745329251994E-2),
#11188);
#11190=(CONVERSION_BASED_UNIT('DEGREE',#11189)NAMED_UNIT(*)PLANE_ANGLE_UNIT());
#11192=UNCERTAINTY_MEASURE_WITH_UNIT(LENGTH_MEASURE(2.863988579897E-3),#11187,
'distance_accuracy_value',
'Maximum model space distance between geometric entities at asserted connectivities');
#11195=APPLICATION_CONTEXT('automotive_design');
#11196=APPLICATION_PROTOCOL_DEFINITION('international standard',
'automotive_design',2001,#11195);
#11197=PRODUCT_DEFINITION_CONTEXT('part definition',#11195,'design');
#11198=PRODUCT_CONTEXT('',#11195,'mechanical');
#11199=PRODUCT('C-2-406541-2','C-2-406541-2','NOT SPECIFIED',(#11198));
#11200=PRODUCT_DEFINITION_FORMATION('1','LAST_VERSION',#11199);
#11208=DERIVED_UNIT_ELEMENT(#11207,2.E0);
#11209=DERIVED_UNIT((#11208));
#11210=MEASURE_REPRESENTATION_ITEM('surface area measure',AREA_MEASURE(
2.143450435394E3),#11209);
#11215=DERIVED_UNIT_ELEMENT(#11214,3.E0);
#11216=DERIVED_UNIT((#11215));
#11217=MEASURE_REPRESENTATION_ITEM('volume measure',VOLUME_MEASURE(
2.232168226595E3),#11216);
#11221=CARTESIAN_POINT('centre point',(-3.632083243464E-8,6.617352498352E0,
-8.986360357158E0));
#11226=DERIVED_UNIT_ELEMENT(#11225,2.E0);
#11227=DERIVED_UNIT((#11226));
#11228=MEASURE_REPRESENTATION_ITEM('surface area measure',AREA_MEASURE(
2.143450435394E3),#11227);
#11233=DERIVED_UNIT_ELEMENT(#11232,3.E0);
#11234=DERIVED_UNIT((#11233));
#11235=MEASURE_REPRESENTATION_ITEM('volume measure',VOLUME_MEASURE(
2.232168226595E3),#11234);
#11239=CARTESIAN_POINT('centre point',(-3.632083243464E-8,6.617352498352E0,
-8.986360357158E0));
#11244=PRODUCT_RELATED_PRODUCT_CATEGORY('part','',(#11199));
#1=DRAUGHTING_PRE_DEFINED_COLOUR('black');
#2=COLOUR_RGB('',0.E0,0.E0,3.6E-1);
#3=COLOUR_RGB('',0.E0,0.E0,4.8E-1);
#4=DRAUGHTING_PRE_DEFINED_COLOUR('blue');
#5=COLOUR_RGB('',0.E0,5.8824E-2,4.58824E-1);
#6=COLOUR_RGB('',0.E0,1.80392E-1,4.78431E-1);
#7=COLOUR_RGB('',0.E0,3.6E-1,9.E-2);
#8=COLOUR_RGB('',0.E0,3.6E-1,2.7E-1);
#9=COLOUR_RGB('',0.E0,5.6E-1,6.4E-1);
#10=COLOUR_RGB('',0.E0,5.8E-1,8.E-1);
#11=COLOUR_RGB('',0.E0,7.1E-1,6.6E-1);
#12=COLOUR_RGB('',0.E0,7.13E-1,0.E0);
#13=COLOUR_RGB('',0.E0,9.5E-1,8.4E-1);
#14=DRAUGHTING_PRE_DEFINED_COLOUR('green');
#15=DRAUGHTING_PRE_DEFINED_COLOUR('cyan');
#16=COLOUR_RGB('',1.1765E-2,1.9608E-2,3.9216E-2);
#17=COLOUR_RGB('',4.E-2,0.E0,1.6E-1);
#18=COLOUR_RGB('',3.9216E-2,2.19608E-1,1.21569E-1);
#19=COLOUR_RGB('',3.9216E-2,3.60784E-1,2.E-1);
#20=COLOUR_RGB('',5.098E-2,7.0588E-2,1.01961E-1);
#21=COLOUR_RGB('',9.E-2,0.E0,1.2E-1);
#22=COLOUR_RGB('',9.0196E-2,1.60784E-1,1.09804E-1);
#23=COLOUR_RGB('',9.0196E-2,3.80392E-1,6.70588E-1);
#24=COLOUR_RGB('',1.E-1,0.E0,2.5E-1);
#25=COLOUR_RGB('',1.01961E-1,4.78431E-1,3.88235E-1);
#26=COLOUR_RGB('',1.09804E-1,1.4902E-1,9.0196E-2);
#27=COLOUR_RGB('',1.4902E-1,3.09804E-1,5.29412E-1);
#28=COLOUR_RGB('',1.4902E-1,4.E-1,1.60784E-1);
#29=COLOUR_RGB('',1.6E-1,3.2E-2,0.E0);
#30=COLOUR_RGB('',1.60784E-1,4.5098E-1,7.21569E-1);
#31=COLOUR_RGB('',1.6E-1,4.6E-1,6.5E-1);
#32=COLOUR_RGB('',1.6E-1,1.E0,1.6E-1);
#33=COLOUR_RGB('',2.E-1,3.2E-2,0.E0);
#34=COLOUR_RGB('',2.11765E-1,4.11765E-1,1.4902E-1);
#35=COLOUR_RGB('',2.39216E-1,2.39216E-1,2.31373E-1);
#36=COLOUR_RGB('',2.39216E-1,2.70588E-1,1.80392E-1);
#37=COLOUR_RGB('',2.5098E-1,2.90196E-1,3.29412E-1);
#38=COLOUR_RGB('',2.90196E-1,4.31373E-1,2.E-1);
#39=COLOUR_RGB('',3.1E-1,3.1E-1,5.6E-1);
#40=COLOUR_RGB('',3.09804E-1,6.58824E-1,2.E-1);
#41=COLOUR_RGB('',3.2E-1,1.5E-1,0.E0);
#42=COLOUR_RGB('',3.60784E-1,3.1373E-2,1.68627E-1);
#43=COLOUR_RGB('',3.68627E-1,2.E-1,1.21569E-1);
#44=COLOUR_RGB('',3.88235E-1,2.39216E-1,6.11765E-1);
#45=COLOUR_RGB('',4.E-1,4.E-1,4.E-1);
#46=COLOUR_RGB('',4.11765E-1,5.8824E-2,7.8431E-2);
#47=COLOUR_RGB('',4.11765E-1,3.29412E-1,2.19608E-1);
#48=COLOUR_RGB('',4.2E-1,4.2E-1,1.E0);
#49=COLOUR_RGB('',4.4E-1,8.5E-1,1.E0);
#50=COLOUR_RGB('',4.58824E-1,4.5098E-1,3.09804E-1);
#51=COLOUR_RGB('',4.70588E-1,5.09804E-1,5.4902E-1);
#52=COLOUR_RGB('',4.78431E-1,4.90196E-1,4.58824E-1);
#53=COLOUR_RGB('',4.90196E-1,3.60784E-1,2.19608E-1);
#54=COLOUR_RGB('',4.9E-1,4.9E-1,0.E0);
#55=COLOUR_RGB('',4.9E-1,1.E0,0.E0);
#56=COLOUR_RGB('',5.E-1,0.E0,0.E0);
#57=COLOUR_RGB('',5.E-1,0.E0,2.3E-1);
#58=COLOUR_RGB('',5.E-1,5.E-1,5.E-1);
#59=COLOUR_RGB('',5.21569E-1,2.19608E-1,1.68627E-1);
#60=COLOUR_RGB('',5.3E-1,0.E0,0.E0);
#61=COLOUR_RGB('',5.29412E-1,5.80392E-1,6.5098E-1);
#62=COLOUR_RGB('',5.4E-1,0.E0,4.4E-1);
#63=COLOUR_RGB('',5.5E-1,3.E-1,0.E0);
#64=COLOUR_RGB('',5.6E-1,1.E-1,5.E-2);
#65=COLOUR_RGB('',5.60784E-1,5.80392E-1,6.19608E-1);
#66=COLOUR_RGB('',5.68627E-1,5.8824E-2,4.E-1);
#67=COLOUR_RGB('',5.8E-1,2.2E-1,1.E-2);
#68=COLOUR_RGB('',5.88235E-1,1.21569E-1,1.09804E-1);
#69=COLOUR_RGB('',6.E-1,6.E-1,6.E-1);
#70=COLOUR_RGB('',6.11765E-1,5.60784E-1,3.80392E-1);
#71=COLOUR_RGB('',6.11765E-1,6.11765E-1,6.5098E-1);
#72=COLOUR_RGB('',6.2E-1,0.E0,5.5E-1);
#73=COLOUR_RGB('',6.19608E-1,6.39216E-1,6.90196E-1);
#74=COLOUR_RGB('',6.4E-1,0.E0,2.5E-1);
#75=COLOUR_RGB('',6.4E-1,1.E-2,0.E0);
#76=COLOUR_RGB('',6.39216E-1,5.4902E-1,4.78431E-1);
#77=COLOUR_RGB('',6.5098E-1,6.70588E-1,7.09804E-1);
#78=COLOUR_RGB('',6.70588E-1,1.21569E-1,1.09804E-1);
#79=COLOUR_RGB('',6.78431E-1,4.78431E-1,3.09804E-1);
#80=COLOUR_RGB('',6.8E-1,7.5E-1,1.E0);
#81=COLOUR_RGB('',6.952E-1,7.426E-1,7.9E-1);
#82=COLOUR_RGB('',7.09804E-1,7.0588E-2,2.E-1);
#83=COLOUR_RGB('',7.1E-1,3.1E-1,0.E0);
#84=COLOUR_RGB('',7.2E-1,7.2E-1,7.2E-1);
#85=COLOUR_RGB('',7.29412E-1,7.41176E-1,7.29412E-1);
#86=COLOUR_RGB('',7.41176E-1,7.29412E-1,6.70588E-1);
#87=COLOUR_RGB('',7.4E-1,1.E0,2.6E-1);
#88=COLOUR_RGB('',7.5E-1,3.E-2,0.E0);
#89=COLOUR_RGB('',7.4902E-1,8.90196E-1,7.29412E-1);
#90=COLOUR_RGB('',7.6E-1,0.E0,4.7E-1);
#91=COLOUR_RGB('',7.80392E-1,9.0196E-2,7.0588E-2);
#92=COLOUR_RGB('',7.88235E-1,2.19608E-1,5.4902E-1);
#93=COLOUR_RGB('',8.1E-1,4.E-2,0.E0);
#94=COLOUR_RGB('',8.1E-1,6.1E-1,0.E0);
#95=COLOUR_RGB('',8.2E-1,4.E-2,6.6E-1);
#96=COLOUR_RGB('',8.31373E-1,8.5098E-1,8.58824E-1);
#97=COLOUR_RGB('',8.5098E-1,7.29412E-1,5.4902E-1);
#98=COLOUR_RGB('',8.5E-1,8.5E-1,8.5E-1);
#99=COLOUR_RGB('',8.78431E-1,3.68627E-1,1.21569E-1);
#100=COLOUR_RGB('',8.784E-1,9.49E-1,1.E0);
#101=COLOUR_RGB('',8.90196E-1,5.88235E-1,1.41176E-1);
#102=COLOUR_RGB('',9.E-1,1.E0,0.E0);
#103=COLOUR_RGB('',9.09804E-1,6.11765E-1,7.09804E-1);
#104=COLOUR_RGB('',9.37E-1,7.85E-1,0.E0);
#105=COLOUR_RGB('',9.41176E-1,9.29412E-1,9.01961E-1);
#106=COLOUR_RGB('',9.5E-1,2.2E-1,8.1E-1);
#107=COLOUR_RGB('',9.6E-1,3.7E-1,3.E-1);
#108=COLOUR_RGB('',9.6E-1,7.1E-1,3.75E-1);
#109=COLOUR_RGB('',9.80392E-1,1.E0,1.E0);
#110=COLOUR_RGB('',9.88235E-1,1.09804E-1,7.8431E-2);
#111=COLOUR_RGB('',9.88235E-1,7.21569E-1,1.29412E-1);
#112=COLOUR_RGB('',9.88235E-1,9.21569E-1,8.E-1);
#113=DRAUGHTING_PRE_DEFINED_COLOUR('red');
#114=COLOUR_RGB('',1.E0,0.E0,6.1E-1);
#115=COLOUR_RGB('',1.E0,4.E-2,0.E0);
#116=COLOUR_RGB('',1.E0,2.3E-1,0.E0);
#117=COLOUR_RGB('',1.E0,3.5E-1,5.2E-1);
#118=COLOUR_RGB('',1.E0,3.6E-1,0.E0);
#119=COLOUR_RGB('',1.E0,3.88235E-1,2.11765E-1);
#120=COLOUR_RGB('',1.E0,4.9E-1,3.7E-1);
#121=COLOUR_RGB('',1.E0,5.E-1,0.E0);
#122=COLOUR_RGB('',1.E0,5.6E-1,7.8E-1);
#123=COLOUR_RGB('',1.E0,6.4E-1,4.9E-1);
#124=COLOUR_RGB('',1.E0,6.7E-1,0.E0);
#125=COLOUR_RGB('',1.E0,7.6E-1,6.5E-1);
#126=COLOUR_RGB('',1.E0,8.39216E-1,3.01961E-1);
#127=COLOUR_RGB('',1.E0,8.6E-1,4.E-2);
#128=COLOUR_RGB('',1.E0,9.60784E-1,2.58824E-1);
#129=COLOUR_RGB('',1.E0,9.60784E-1,8.90196E-1);
#130=COLOUR_RGB('',1.E0,9.8E-1,7.2E-1);
#131=DRAUGHTING_PRE_DEFINED_COLOUR('yellow');
#132=COLOUR_RGB('',1.E0,1.E0,3.9216E-2);
#133=DRAUGHTING_PRE_DEFINED_COLOUR('white');
#154=CIRCLE('',#153,2.54E-1);
#171=CIRCLE('',#170,2.54E-1);
#188=CIRCLE('',#187,2.54E-1);
#329=CIRCLE('',#328,1.397E0);
#342=CIRCLE('',#341,1.397E0);
#351=CIRCLE('',#350,1.397E0);
#364=CIRCLE('',#363,1.397E0);
#373=CIRCLE('',#372,1.397E0);
#386=CIRCLE('',#385,1.397E0);
#391=CIRCLE('',#390,2.54E-1);
#404=CIRCLE('',#403,2.54E-1);
#421=CIRCLE('',#420,2.54E-1);
#438=CIRCLE('',#437,2.54E-1);
#455=CIRCLE('',#454,2.54E-1);
#468=CIRCLE('',#467,2.54E-1);
#485=CIRCLE('',#484,2.54E-1);
#490=CIRCLE('',#489,2.54E-1);
#511=CIRCLE('',#510,8.128E-1);
#520=CIRCLE('',#519,8.128E-1);
#529=CIRCLE('',#528,1.1684E0);
#538=CIRCLE('',#537,1.1684E0);
#551=CIRCLE('',#550,8.128E-1);
#800=CIRCLE('',#799,2.54E-1);
#833=CIRCLE('',#832,2.54E-1);
#906=CIRCLE('',#905,2.54E-1);
#951=CIRCLE('',#950,2.54E-1);
#956=CIRCLE('',#955,2.54E-1);
#977=CIRCLE('',#976,2.54E-1);
#1122=CIRCLE('',#1121,8.128E-1);
#1131=CIRCLE('',#1130,8.128E-1);
#1140=CIRCLE('',#1139,1.1684E0);
#1149=CIRCLE('',#1148,1.1684E0);
#1162=CIRCLE('',#1161,8.128E-1);
#1555=CIRCLE('',#1554,1.778E0);
#1564=CIRCLE('',#1563,1.139825365767E-1);
#1573=CIRCLE('',#1572,3.095625365767E-1);
#1582=CIRCLE('',#1581,1.97358E0);
#1599=CIRCLE('',#1598,1.97358E0);
#1608=CIRCLE('',#1607,3.095625365767E-1);
#1617=CIRCLE('',#1616,1.139825365767E-1);
#1626=CIRCLE('',#1625,1.778E0);
#1635=CIRCLE('',#1634,3.81E-1);
#1640=CIRCLE('',#1639,3.81E-1);
#1649=CIRCLE('',#1648,3.81E-1);
#1654=CIRCLE('',#1653,3.81E-1);
#1671=CIRCLE('',#1670,1.97358E0);
#1680=CIRCLE('',#1679,3.095625365767E-1);
#1689=CIRCLE('',#1688,1.139825365767E-1);
#1698=CIRCLE('',#1697,1.778E0);
#1715=CIRCLE('',#1714,1.778E0);
#1724=CIRCLE('',#1723,1.139825365767E-1);
#1733=CIRCLE('',#1732,3.095625365767E-1);
#1742=CIRCLE('',#1741,1.97358E0);
#1771=CIRCLE('',#1770,2.54E-1);
#1776=CIRCLE('',#1775,2.54E-1);
#1793=CIRCLE('',#1792,2.54E-1);
#1802=CIRCLE('',#1801,2.54E-1);
#1840=B_SPLINE_CURVE_WITH_KNOTS('',3,(#1835,#1836,#1837,#1838,#1839),
.UNSPECIFIED.,.F.,.F.,(4,1,4),(0.E0,5.E-1,1.E0),.UNSPECIFIED.);
#1850=B_SPLINE_CURVE_WITH_KNOTS('',3,(#1845,#1846,#1847,#1848,#1849),
.UNSPECIFIED.,.F.,.F.,(4,1,4),(0.E0,5.E-1,1.E0),.UNSPECIFIED.);
#1895=CIRCLE('',#1894,4.4958E-1);
#1905=B_SPLINE_CURVE_WITH_KNOTS('',3,(#1896,#1897,#1898,#1899,#1900,#1901,#1902,
#1903,#1904),.UNSPECIFIED.,.F.,.F.,(4,1,1,1,1,1,4),(0.E0,1.666666666667E-1,
3.333333333333E-1,5.E-1,6.666666666667E-1,8.333333333333E-1,1.E0),
.UNSPECIFIED.);
#1910=CIRCLE('',#1909,4.4958E-1);
#1923=CIRCLE('',#1922,4.4958E-1);
#1940=CIRCLE('',#1939,4.4958E-1);
#1973=CIRCLE('',#1972,1.27E0);
#1982=CIRCLE('',#1981,1.27E0);
#2003=CIRCLE('',#2002,2.54E-1);
#2024=CIRCLE('',#2023,2.54E-1);
#2041=CIRCLE('',#2040,2.54E-1);
#2058=CIRCLE('',#2057,4.4196E-1);
#2075=CIRCLE('',#2074,2.4638E-1);
#2080=CIRCLE('',#2079,2.4638E-1);
#2097=CIRCLE('',#2096,4.4196E-1);
#2134=CIRCLE('',#2133,2.54E-1);
#2139=CIRCLE('',#2138,2.54E-1);
#2192=CIRCLE('',#2191,2.54E-1);
#2197=CIRCLE('',#2196,2.54E-1);
#2218=CIRCLE('',#2217,2.54E-1);
#2223=CIRCLE('',#2222,2.54E-1);
#2236=CIRCLE('',#2235,4.4958E-1);
#2253=CIRCLE('',#2252,4.4958E-1);
#2302=CIRCLE('',#2301,2.54E-1);
#2307=CIRCLE('',#2306,2.54E-1);
#2317=B_SPLINE_CURVE_WITH_KNOTS('',3,(#2308,#2309,#2310,#2311,#2312,#2313,#2314,
#2315,#2316),.UNSPECIFIED.,.F.,.F.,(4,1,1,1,1,1,4),(0.E0,1.666666666667E-1,
3.333333333333E-1,5.E-1,6.666666666667E-1,8.333333333333E-1,1.E0),
.UNSPECIFIED.);
#2339=B_SPLINE_CURVE_WITH_KNOTS('',3,(#2330,#2331,#2332,#2333,#2334,#2335,#2336,
#2337,#2338),.UNSPECIFIED.,.F.,.F.,(4,1,1,1,1,1,4),(0.E0,1.666666666667E-1,
3.333333333333E-1,5.E-1,6.666666666667E-1,8.333333333333E-1,1.E0),
.UNSPECIFIED.);
#2372=CIRCLE('',#2371,1.27E0);
#2385=CIRCLE('',#2384,1.27E0);
#2403=B_SPLINE_CURVE_WITH_KNOTS('',3,(#2394,#2395,#2396,#2397,#2398,#2399,#2400,
#2401,#2402),.UNSPECIFIED.,.F.,.F.,(4,1,1,1,1,1,4),(0.E0,1.666666666667E-1,
3.333333333333E-1,5.E-1,6.666666666667E-1,8.333333333333E-1,1.E0),
.UNSPECIFIED.);
#2424=CIRCLE('',#2423,2.4638E-1);
#2441=CIRCLE('',#2440,4.4196E-1);
#2446=CIRCLE('',#2445,4.4196E-1);
#2463=CIRCLE('',#2462,2.4638E-1);
#2480=CIRCLE('',#2479,2.54E-1);
#2489=CIRCLE('',#2488,4.4958E-1);
#2530=CIRCLE('',#2529,2.54E-1);
#2547=CIRCLE('',#2546,2.54E-1);
#2560=CIRCLE('',#2559,2.54E-1);
#2577=CIRCLE('',#2576,2.54E-1);
#2718=CIRCLE('',#2717,4.4958E-1);
#2743=CIRCLE('',#2742,2.54E-1);
#2768=CIRCLE('',#2767,2.54E-1);
#2781=CIRCLE('',#2780,2.54E-1);
#2798=CIRCLE('',#2797,3.81E-1);
#2803=CIRCLE('',#2802,3.81E-1);
#2824=CIRCLE('',#2823,3.81E-1);
#2829=CIRCLE('',#2828,3.81E-1);
#2902=CIRCLE('',#2901,1.1684E0);
#2915=CIRCLE('',#2914,8.128E-1);
#2924=CIRCLE('',#2923,8.128E-1);
#2933=CIRCLE('',#2932,8.128E-1);
#2942=CIRCLE('',#2941,1.1684E0);
#2979=CIRCLE('',#2978,8.128E-1);
#2988=CIRCLE('',#2987,1.1684E0);
#3001=CIRCLE('',#3000,8.128E-1);
#3010=CIRCLE('',#3009,8.128E-1);
#3019=CIRCLE('',#3018,8.128E-1);
#3028=CIRCLE('',#3027,1.1684E0);
#3065=CIRCLE('',#3064,8.128E-1);
#3074=CIRCLE('',#3073,1.1684E0);
#3087=CIRCLE('',#3086,8.128E-1);
#3096=CIRCLE('',#3095,8.128E-1);
#3105=CIRCLE('',#3104,8.128E-1);
#3114=CIRCLE('',#3113,1.1684E0);
#3151=CIRCLE('',#3150,8.128E-1);
#3160=CIRCLE('',#3159,1.1684E0);
#3173=CIRCLE('',#3172,8.128E-1);
#3182=CIRCLE('',#3181,8.128E-1);
#3191=CIRCLE('',#3190,8.128E-1);
#3200=CIRCLE('',#3199,1.1684E0);
#3237=CIRCLE('',#3236,8.128E-1);
#3246=CIRCLE('',#3245,1.1684E0);
#3259=CIRCLE('',#3258,8.128E-1);
#3268=CIRCLE('',#3267,8.128E-1);
#3277=CIRCLE('',#3276,8.128E-1);
#3286=CIRCLE('',#3285,1.1684E0);
#3323=CIRCLE('',#3322,8.128E-1);
#3332=CIRCLE('',#3331,1.1684E0);
#3345=CIRCLE('',#3344,8.128E-1);
#3354=CIRCLE('',#3353,8.128E-1);
#3363=CIRCLE('',#3362,8.128E-1);
#3372=CIRCLE('',#3371,1.1684E0);
#3409=CIRCLE('',#3408,8.128E-1);
#3414=CIRCLE('',#3413,8.128E-1);
#3423=CIRCLE('',#3422,8.128E-1);
#3752=CIRCLE('',#3751,1.905E-1);
#3785=CIRCLE('',#3784,1.397E0);
#3790=CIRCLE('',#3789,1.397E0);
#3799=CIRCLE('',#3798,1.269999999999E-2);
#3808=CIRCLE('',#3807,1.397E0);
#3817=CIRCLE('',#3816,1.397E0);
#3826=CIRCLE('',#3825,1.269999999999E-2);
#3835=CIRCLE('',#3834,1.397E0);
#3844=CIRCLE('',#3843,1.269999999999E-2);
#3853=CIRCLE('',#3852,1.270000000001E-2);
#3862=CIRCLE('',#3861,1.397E0);
#3867=CIRCLE('',#3866,1.778E-1);
#3876=B_SPLINE_CURVE_WITH_KNOTS('',3,(#3868,#3869,#3870,#3871,#3872,#3873,#3874,
#3875),.UNSPECIFIED.,.F.,.F.,(4,1,1,1,1,4),(0.E0,2.E-1,4.E-1,6.E-1,8.E-1,1.E0),
.UNSPECIFIED.);
#3881=CIRCLE('',#3880,1.905E-1);
#3886=CIRCLE('',#3885,1.778E-1);
#3895=B_SPLINE_CURVE_WITH_KNOTS('',3,(#3887,#3888,#3889,#3890,#3891,#3892,#3893,
#3894),.UNSPECIFIED.,.F.,.F.,(4,1,1,1,1,4),(0.E0,2.E-1,4.E-1,6.E-1,8.E-1,1.E0),
.UNSPECIFIED.);
#3904=B_SPLINE_CURVE_WITH_KNOTS('',3,(#3896,#3897,#3898,#3899,#3900,#3901,#3902,
#3903),.UNSPECIFIED.,.F.,.F.,(4,1,1,1,1,4),(0.E0,2.E-1,4.E-1,6.E-1,8.E-1,1.E0),
.UNSPECIFIED.);
#3909=CIRCLE('',#3908,1.905E-1);
#3914=CIRCLE('',#3913,1.778E-1);
#3919=CIRCLE('',#3918,1.778E-1);
#3928=B_SPLINE_CURVE_WITH_KNOTS('',3,(#3920,#3921,#3922,#3923,#3924,#3925,#3926,
#3927),.UNSPECIFIED.,.F.,.F.,(4,1,1,1,1,4),(0.E0,2.E-1,4.E-1,6.E-1,8.E-1,1.E0),
.UNSPECIFIED.);
#3933=CIRCLE('',#3932,1.905E-1);
#3942=B_SPLINE_CURVE_WITH_KNOTS('',3,(#3934,#3935,#3936,#3937,#3938,#3939,#3940,
#3941),.UNSPECIFIED.,.F.,.F.,(4,1,1,1,1,4),(0.E0,2.E-1,4.E-1,6.E-1,8.E-1,1.E0),
.UNSPECIFIED.);
#3947=CIRCLE('',#3946,1.905E-1);
#3952=CIRCLE('',#3951,1.778E-1);
#3957=CIRCLE('',#3956,1.778E-1);
#3966=B_SPLINE_CURVE_WITH_KNOTS('',3,(#3958,#3959,#3960,#3961,#3962,#3963,#3964,
#3965),.UNSPECIFIED.,.F.,.F.,(4,1,1,1,1,4),(0.E0,2.E-1,4.E-1,6.E-1,8.E-1,1.E0),
.UNSPECIFIED.);
#3995=CIRCLE('',#3994,1.905E-1);
#4028=CIRCLE('',#4027,1.397E0);
#4033=CIRCLE('',#4032,1.397E0);
#4038=CIRCLE('',#4037,1.778E-1);
#4047=B_SPLINE_CURVE_WITH_KNOTS('',3,(#4039,#4040,#4041,#4042,#4043,#4044,#4045,
#4046),.UNSPECIFIED.,.F.,.F.,(4,1,1,1,1,4),(0.E0,2.E-1,4.E-1,6.E-1,8.E-1,1.E0),
.UNSPECIFIED.);
#4052=CIRCLE('',#4051,1.905E-1);
#4057=CIRCLE('',#4056,1.778E-1);
#4062=CIRCLE('',#4061,1.905E-1);
#4071=B_SPLINE_CURVE_WITH_KNOTS('',3,(#4063,#4064,#4065,#4066,#4067,#4068,#4069,
#4070),.UNSPECIFIED.,.F.,.F.,(4,1,1,1,1,4),(0.E0,2.E-1,4.E-1,6.E-1,8.E-1,1.E0),
.UNSPECIFIED.);
#4089=B_SPLINE_CURVE_WITH_KNOTS('',3,(#4072,#4073,#4074,#4075,#4076,#4077,#4078,
#4079,#4080,#4081,#4082,#4083,#4084,#4085,#4086,#4087,#4088),.UNSPECIFIED.,.F.,
.F.,(4,1,1,1,1,1,1,1,1,1,1,1,1,1,4),(0.E0,7.142857142857E-2,1.428571428571E-1,
2.142857142857E-1,2.857142857143E-1,3.571428571429E-1,4.285714285714E-1,5.E-1,
5.714285714286E-1,6.428571428571E-1,7.142857142857E-1,7.857142857143E-1,
8.571428571429E-1,9.285714285714E-1,1.E0),.UNSPECIFIED.);
#4107=B_SPLINE_CURVE_WITH_KNOTS('',3,(#4090,#4091,#4092,#4093,#4094,#4095,#4096,
#4097,#4098,#4099,#4100,#4101,#4102,#4103,#4104,#4105,#4106),.UNSPECIFIED.,.F.,
.F.,(4,1,1,1,1,1,1,1,1,1,1,1,1,1,4),(0.E0,7.142857142857E-2,1.428571428571E-1,
2.142857142857E-1,2.857142857143E-1,3.571428571429E-1,4.285714285714E-1,5.E-1,
5.714285714286E-1,6.428571428571E-1,7.142857142857E-1,7.857142857143E-1,
8.571428571429E-1,9.285714285714E-1,1.E0),.UNSPECIFIED.);
#4116=CIRCLE('',#4115,1.016E0);
#4121=CIRCLE('',#4120,3.81E-1);
#4126=CIRCLE('',#4125,3.81E-1);
#4131=CIRCLE('',#4130,3.81E-1);
#4136=CIRCLE('',#4135,3.81E-1);
#4141=CIRCLE('',#4140,1.016E0);
#4163=B_SPLINE_CURVE_WITH_KNOTS('',3,(#4146,#4147,#4148,#4149,#4150,#4151,#4152,
#4153,#4154,#4155,#4156,#4157,#4158,#4159,#4160,#4161,#4162),.UNSPECIFIED.,.F.,
.F.,(4,1,1,1,1,1,1,1,1,1,1,1,1,1,4),(0.E0,7.142857142857E-2,1.428571428571E-1,
2.142857142857E-1,2.857142857143E-1,3.571428571429E-1,4.285714285714E-1,5.E-1,
5.714285714286E-1,6.428571428571E-1,7.142857142857E-1,7.857142857143E-1,
8.571428571429E-1,9.285714285714E-1,1.E0),.UNSPECIFIED.);
#4181=B_SPLINE_CURVE_WITH_KNOTS('',3,(#4164,#4165,#4166,#4167,#4168,#4169,#4170,
#4171,#4172,#4173,#4174,#4175,#4176,#4177,#4178,#4179,#4180),.UNSPECIFIED.,.F.,
.F.,(4,1,1,1,1,1,1,1,1,1,1,1,1,1,4),(0.E0,7.142857142857E-2,1.428571428571E-1,
2.142857142857E-1,2.857142857143E-1,3.571428571429E-1,4.285714285714E-1,5.E-1,
5.714285714286E-1,6.428571428571E-1,7.142857142857E-1,7.857142857143E-1,
8.571428571429E-1,9.285714285714E-1,1.E0),.UNSPECIFIED.);
#5402=EDGE_CURVE('',#4902,#4897,#137,.T.);
#5404=EDGE_CURVE('',#4622,#4902,#141,.T.);
#5406=EDGE_CURVE('',#4621,#4622,#145,.T.);
#5408=EDGE_CURVE('',#4621,#4897,#149,.T.);
#5412=ADVANCED_FACE('',(#5411),#5401,.F.);
#5418=EDGE_CURVE('',#5015,#5018,#154,.T.);
#5420=EDGE_CURVE('',#4886,#5015,#158,.T.);
#5422=EDGE_CURVE('',#4884,#4886,#162,.T.);
#5424=EDGE_CURVE('',#4884,#5018,#166,.T.);
#5428=ADVANCED_FACE('',(#5427),#5417,.F.);
#5434=EDGE_CURVE('',#5025,#5026,#171,.T.);
#5436=EDGE_CURVE('',#5025,#4625,#175,.T.);
#5438=EDGE_CURVE('',#4625,#4626,#179,.T.);
#5440=EDGE_CURVE('',#5026,#4626,#183,.T.);
#5444=ADVANCED_FACE('',(#5443),#5433,.F.);
#5450=EDGE_CURVE('',#4897,#4898,#490,.T.);
#5452=EDGE_CURVE('',#4900,#4898,#1994,.T.);
#5454=EDGE_CURVE('',#4900,#4902,#188,.T.);
#5459=ADVANCED_FACE('',(#5458),#5449,.T.);
#5465=EDGE_CURVE('',#5018,#5025,#2143,.T.);
#5468=EDGE_CURVE('',#4881,#4884,#391,.T.);
#5470=EDGE_CURVE('',#4881,#4869,#395,.T.);
#5472=EDGE_CURVE('',#4869,#4772,#399,.T.);
#5474=EDGE_CURVE('',#4742,#4772,#404,.T.);
#5476=EDGE_CURVE('',#4740,#4742,#408,.T.);
#5478=EDGE_CURVE('',#4738,#4740,#412,.T.);
#5480=EDGE_CURVE('',#4736,#4738,#416,.T.);
#5482=EDGE_CURVE('',#4735,#4736,#421,.T.);
#5484=EDGE_CURVE('',#4778,#4735,#425,.T.);
#5486=EDGE_CURVE('',#4778,#4776,#429,.T.);
#5488=EDGE_CURVE('',#4732,#4776,#433,.T.);
#5490=EDGE_CURVE('',#4730,#4732,#438,.T.);
#5492=EDGE_CURVE('',#4728,#4730,#442,.T.);
#5494=EDGE_CURVE('',#4726,#4728,#446,.T.);
#5496=EDGE_CURVE('',#4725,#4726,#450,.T.);
#5498=EDGE_CURVE('',#4774,#4725,#455,.T.);
#5500=EDGE_CURVE('',#4864,#4774,#459,.T.);
#5502=EDGE_CURVE('',#4874,#4864,#463,.T.);
#5504=EDGE_CURVE('',#4873,#4874,#468,.T.);
#5506=EDGE_CURVE('',#4873,#5035,#2028,.T.);
#5508=EDGE_CURVE('',#5048,#5035,#2201,.T.);
#5510=EDGE_CURVE('',#5048,#4657,#2053,.T.);
#5512=EDGE_CURVE('',#4662,#4657,#472,.T.);
#5514=EDGE_CURVE('',#4662,#4660,#476,.T.);
#5516=EDGE_CURVE('',#4660,#4653,#480,.T.);
#5518=EDGE_CURVE('',#4653,#4892,#2011,.T.);
#5520=EDGE_CURVE('',#4889,#4892,#485,.T.);
#5522=EDGE_CURVE('',#4898,#4889,#1998,.T.);
#5526=EDGE_CURVE('',#4621,#4628,#494,.T.);
#5528=EDGE_CURVE('',#4630,#4628,#498,.T.);
#5530=EDGE_CURVE('',#4625,#4630,#502,.T.);
#5535=EDGE_CURVE('',#5071,#5072,#208,.T.);
#5537=EDGE_CURVE('',#5076,#5071,#212,.T.);
#5539=EDGE_CURVE('',#5075,#5076,#216,.T.);
#5541=EDGE_CURVE('',#5075,#5072,#220,.T.);
#5545=EDGE_CURVE('',#5123,#5124,#224,.T.);
#5547=EDGE_CURVE('',#5128,#5123,#228,.T.);
#5549=EDGE_CURVE('',#5127,#5128,#232,.T.);
#5551=EDGE_CURVE('',#5127,#5124,#236,.T.);
#5555=EDGE_CURVE('',#5175,#5176,#240,.T.);
#5557=EDGE_CURVE('',#5180,#5175,#244,.T.);
#5559=EDGE_CURVE('',#5179,#5180,#248,.T.);
#5561=EDGE_CURVE('',#5179,#5176,#252,.T.);
#5565=EDGE_CURVE('',#4372,#4373,#256,.T.);
#5567=EDGE_CURVE('',#4377,#4372,#260,.T.);
#5569=EDGE_CURVE('',#4376,#4377,#264,.T.);
#5571=EDGE_CURVE('',#4376,#4373,#268,.T.);
#5575=EDGE_CURVE('',#5227,#5228,#272,.T.);
#5577=EDGE_CURVE('',#5232,#5227,#276,.T.);
#5579=EDGE_CURVE('',#5231,#5232,#280,.T.);
#5581=EDGE_CURVE('',#5231,#5228,#284,.T.);
#5585=EDGE_CURVE('',#5279,#5280,#288,.T.);
#5587=EDGE_CURVE('',#5284,#5279,#292,.T.);
#5589=EDGE_CURVE('',#5283,#5284,#296,.T.);
#5591=EDGE_CURVE('',#5283,#5280,#300,.T.);
#5595=EDGE_CURVE('',#5331,#5332,#304,.T.);
#5597=EDGE_CURVE('',#5336,#5331,#308,.T.);
#5599=EDGE_CURVE('',#5335,#5336,#312,.T.);
#5601=EDGE_CURVE('',#5335,#5332,#316,.T.);
#5605=EDGE_CURVE('',#4702,#4956,#320,.T.);
#5607=EDGE_CURVE('',#4960,#4956,#3933,.T.);
#5609=EDGE_CURVE('',#4960,#4705,#324,.T.);
#5611=EDGE_CURVE('',#4705,#4706,#329,.T.);
#5613=EDGE_CURVE('',#4706,#4936,#333,.T.);
#5615=EDGE_CURVE('',#4940,#4936,#3752,.T.);
#5617=EDGE_CURVE('',#4940,#4709,#337,.T.);
#5619=EDGE_CURVE('',#4709,#4710,#342,.T.);
#5621=EDGE_CURVE('',#4710,#4701,#346,.T.);
#5623=EDGE_CURVE('',#4701,#4702,#351,.T.);
#5627=EDGE_CURVE('',#4720,#4976,#355,.T.);
#5629=EDGE_CURVE('',#4980,#4976,#3995,.T.);
#5631=EDGE_CURVE('',#4980,#4722,#359,.T.);
#5633=EDGE_CURVE('',#4722,#4713,#364,.T.);
#5635=EDGE_CURVE('',#4713,#4714,#368,.T.);
#5637=EDGE_CURVE('',#4714,#4716,#373,.T.);
#5639=EDGE_CURVE('',#4716,#4995,#377,.T.);
#5641=EDGE_CURVE('',#4999,#4995,#4062,.T.);
#5643=EDGE_CURVE('',#4999,#4719,#381,.T.);
#5645=EDGE_CURVE('',#4719,#4720,#386,.T.);
#5649=EDGE_CURVE('',#4440,#4441,#192,.T.);
#5651=EDGE_CURVE('',#4445,#4440,#196,.T.);
#5653=EDGE_CURVE('',#4444,#4445,#200,.T.);
#5655=EDGE_CURVE('',#4444,#4441,#204,.T.);
#5659=ADVANCED_FACE('',(#5534,#5544,#5554,#5564,#5574,#5584,#5594,#5604,#5626,
#5648,#5658),#5464,.T.);
#5666=EDGE_CURVE('',#4436,#4441,#529,.T.);
#5668=EDGE_CURVE('',#4427,#4436,#575,.T.);
#5670=EDGE_CURVE('',#4425,#4427,#563,.T.);
#5672=EDGE_CURVE('',#4425,#4433,#506,.T.);
#5674=EDGE_CURVE('',#4433,#4440,#511,.T.);
#5678=ADVANCED_FACE('',(#5677),#5664,.T.);
#5684=EDGE_CURVE('',#4448,#4449,#623,.T.);
#5686=EDGE_CURVE('',#4456,#4448,#3427,.T.);
#5688=EDGE_CURVE('',#4456,#4457,#1214,.T.);
#5690=EDGE_CURVE('',#4457,#4449,#515,.T.);
#5694=ADVANCED_FACE('',(#5693),#5683,.T.);
#5700=EDGE_CURVE('',#4512,#4513,#1474,.T.);
#5702=EDGE_CURVE('',#4513,#4519,#520,.T.);
#5704=EDGE_CURVE('',#4512,#4519,#1033,.T.);
#5708=ADVANCED_FACE('',(#5707),#5699,.T.);
#5715=EDGE_CURVE('',#4437,#4444,#538,.T.);
#5717=EDGE_CURVE('',#4436,#4437,#524,.T.);
#5722=ADVANCED_FACE('',(#5721),#5713,.T.);
#5729=EDGE_CURVE('',#4432,#4445,#551,.T.);
#5731=EDGE_CURVE('',#4424,#4432,#555,.T.);
#5733=EDGE_CURVE('',#4429,#4424,#571,.T.);
#5735=EDGE_CURVE('',#4429,#4437,#533,.T.);
#5740=ADVANCED_FACE('',(#5739),#5727,.T.);
#5746=EDGE_CURVE('',#4452,#4453,#631,.T.);
#5748=EDGE_CURVE('',#4461,#4453,#3431,.T.);
#5750=EDGE_CURVE('',#4460,#4461,#1222,.T.);
#5752=EDGE_CURVE('',#4460,#4452,#542,.T.);
#5756=ADVANCED_FACE('',(#5755),#5745,.T.);
#5762=EDGE_CURVE('',#4516,#4517,#1466,.T.);
#5764=EDGE_CURVE('',#4516,#4521,#1041,.T.);
#5766=EDGE_CURVE('',#4517,#4521,#3414,.T.);
#5770=ADVANCED_FACE('',(#5769),#5761,.T.);
#5778=EDGE_CURVE('',#4432,#4433,#546,.T.);
#5783=ADVANCED_FACE('',(#5782),#5775,.F.);
#5789=EDGE_CURVE('',#4424,#4425,#559,.T.);
#5796=ADVANCED_FACE('',(#5795),#5788,.T.);
#5804=EDGE_CURVE('',#4427,#4429,#567,.T.);
#5809=ADVANCED_FACE('',(#5808),#5801,.F.);
#5821=ADVANCED_FACE('',(#5820),#5814,.T.);
#5827=EDGE_CURVE('',#4219,#4224,#579,.T.);
#5829=EDGE_CURVE('',#4224,#4225,#3555,.T.);
#5831=EDGE_CURVE('',#4225,#4221,#583,.T.);
#5833=EDGE_CURVE('',#4197,#4221,#587,.T.);
#5835=EDGE_CURVE('',#4195,#4197,#591,.T.);
#5837=EDGE_CURVE('',#4193,#4195,#595,.T.);
#5839=EDGE_CURVE('',#4191,#4193,#599,.T.);
#5841=EDGE_CURVE('',#4189,#4191,#603,.T.);
#5843=EDGE_CURVE('',#4187,#4189,#607,.T.);
#5845=EDGE_CURVE('',#4185,#4187,#611,.T.);
#5847=EDGE_CURVE('',#4184,#4185,#615,.T.);
#5849=EDGE_CURVE('',#4219,#4184,#619,.T.);
#5854=EDGE_CURVE('',#4453,#4449,#627,.T.);
#5857=EDGE_CURVE('',#4448,#4452,#635,.T.);
#5861=EDGE_CURVE('',#5079,#5080,#639,.T.);
#5863=EDGE_CURVE('',#5084,#5080,#643,.T.);
#5865=EDGE_CURVE('',#5083,#5084,#647,.T.);
#5867=EDGE_CURVE('',#5079,#5083,#651,.T.);
#5871=EDGE_CURVE('',#5131,#5132,#655,.T.);
#5873=EDGE_CURVE('',#5136,#5132,#659,.T.);
#5875=EDGE_CURVE('',#5135,#5136,#663,.T.);
#5877=EDGE_CURVE('',#5131,#5135,#667,.T.);
#5881=EDGE_CURVE('',#5183,#5184,#671,.T.);
#5883=EDGE_CURVE('',#5188,#5184,#675,.T.);
#5885=EDGE_CURVE('',#5187,#5188,#679,.T.);
#5887=EDGE_CURVE('',#5183,#5187,#683,.T.);
#5891=EDGE_CURVE('',#4380,#4381,#687,.T.);
#5893=EDGE_CURVE('',#4385,#4381,#691,.T.);
#5895=EDGE_CURVE('',#4384,#4385,#695,.T.);
#5897=EDGE_CURVE('',#4380,#4384,#699,.T.);
#5901=EDGE_CURVE('',#5235,#5236,#703,.T.);
#5903=EDGE_CURVE('',#5240,#5236,#707,.T.);
#5905=EDGE_CURVE('',#5239,#5240,#711,.T.);
#5907=EDGE_CURVE('',#5235,#5239,#715,.T.);
#5911=EDGE_CURVE('',#5287,#5288,#719,.T.);
#5913=EDGE_CURVE('',#5292,#5288,#723,.T.);
#5915=EDGE_CURVE('',#5291,#5292,#727,.T.);
#5917=EDGE_CURVE('',#5287,#5291,#731,.T.);
#5921=EDGE_CURVE('',#5339,#5340,#735,.T.);
#5923=EDGE_CURVE('',#5344,#5340,#739,.T.);
#5925=EDGE_CURVE('',#5343,#5344,#743,.T.);
#5927=EDGE_CURVE('',#5339,#5343,#747,.T.);
#5931=ADVANCED_FACE('',(#5852,#5860,#5870,#5880,#5890,#5900,#5910,#5920,#5930),
#5826,.T.);
#5937=EDGE_CURVE('',#4233,#4237,#751,.T.);
#5939=EDGE_CURVE('',#4239,#4237,#755,.T.);
#5941=EDGE_CURVE('',#4239,#4212,#3503,.T.);
#5943=EDGE_CURVE('',#4228,#4212,#3551,.T.);
#5945=EDGE_CURVE('',#4224,#4228,#3559,.T.);
#5948=EDGE_CURVE('',#4785,#4219,#2873,.T.);
#5950=EDGE_CURVE('',#4785,#4790,#759,.T.);
#5952=EDGE_CURVE('',#4790,#4233,#763,.T.);
#5956=ADVANCED_FACE('',(#5955),#5936,.F.);
#5962=EDGE_CURVE('',#4232,#4233,#783,.T.);
#5964=EDGE_CURVE('',#4257,#4232,#767,.T.);
#5966=EDGE_CURVE('',#4237,#4257,#771,.T.);
#5971=ADVANCED_FACE('',(#5970),#5961,.T.);
#5977=EDGE_CURVE('',#4242,#4243,#3447,.T.);
#5979=EDGE_CURVE('',#4255,#4243,#775,.T.);
#5981=EDGE_CURVE('',#4247,#4255,#779,.T.);
#5983=EDGE_CURVE('',#4242,#4247,#3467,.T.);
#5987=ADVANCED_FACE('',(#5986),#5976,.T.);
#5995=EDGE_CURVE('',#4790,#4794,#787,.T.);
#5997=EDGE_CURVE('',#4794,#4209,#791,.T.);
#5999=EDGE_CURVE('',#4209,#4235,#3515,.T.);
#6001=EDGE_CURVE('',#4235,#4232,#795,.T.);
#6005=ADVANCED_FACE('',(#6004),#5992,.F.);
#6011=EDGE_CURVE('',#4788,#4792,#934,.T.);
#6013=EDGE_CURVE('',#4792,#4794,#3583,.T.);
#6016=EDGE_CURVE('',#4790,#4788,#2877,.T.);
#6020=ADVANCED_FACE('',(#6019),#6010,.T.);
#6026=EDGE_CURVE('',#4565,#4566,#800,.T.);
#6028=EDGE_CURVE('',#4566,#4201,#804,.T.);
#6030=EDGE_CURVE('',#4201,#4829,#808,.T.);
#6032=EDGE_CURVE('',#4824,#4829,#812,.T.);
#6034=EDGE_CURVE('',#4822,#4824,#816,.T.);
#6036=EDGE_CURVE('',#4296,#4822,#820,.T.);
#6038=EDGE_CURVE('',#4296,#4297,#824,.T.);
#6040=EDGE_CURVE('',#4297,#4565,#828,.T.);
#6044=ADVANCED_FACE('',(#6043),#6025,.T.);
#6050=EDGE_CURVE('',#4598,#4595,#833,.T.);
#6052=EDGE_CURVE('',#4595,#4292,#837,.T.);
#6054=EDGE_CURVE('',#4292,#4293,#841,.T.);
#6056=EDGE_CURVE('',#4833,#4293,#845,.T.);
#6058=EDGE_CURVE('',#4838,#4833,#849,.T.);
#6060=EDGE_CURVE('',#4842,#4838,#853,.T.);
#6062=EDGE_CURVE('',#4842,#4203,#857,.T.);
#6064=EDGE_CURVE('',#4203,#4598,#861,.T.);
#6068=ADVANCED_FACE('',(#6067),#6049,.T.);
#6074=EDGE_CURVE('',#4576,#4347,#865,.T.);
#6076=EDGE_CURVE('',#4325,#4347,#869,.T.);
#6078=EDGE_CURVE('',#4323,#4325,#873,.T.);
#6080=EDGE_CURVE('',#4322,#4323,#877,.T.);
#6082=EDGE_CURVE('',#4353,#4322,#881,.T.);
#6084=EDGE_CURVE('',#4351,#4353,#1890,.T.);
#6086=EDGE_CURVE('',#4319,#4351,#885,.T.);
#6088=EDGE_CURVE('',#4317,#4319,#889,.T.);
#6090=EDGE_CURVE('',#4316,#4317,#893,.T.);
#6092=EDGE_CURVE('',#4349,#4316,#897,.T.);
#6094=EDGE_CURVE('',#4349,#4589,#901,.T.);
#6096=EDGE_CURVE('',#4589,#4590,#906,.T.);
#6098=EDGE_CURVE('',#4590,#4205,#910,.T.);
#6100=EDGE_CURVE('',#4205,#4817,#914,.T.);
#6102=EDGE_CURVE('',#4810,#4817,#918,.T.);
#6104=EDGE_CURVE('',#4809,#4810,#922,.T.);
#6106=EDGE_CURVE('',#4809,#4907,#926,.T.);
#6108=EDGE_CURVE('',#4906,#4907,#3623,.T.);
#6110=EDGE_CURVE('',#4909,#4906,#3615,.T.);
#6112=EDGE_CURVE('',#4911,#4909,#3607,.T.);
#6114=EDGE_CURVE('',#4913,#4911,#3599,.T.);
#6116=EDGE_CURVE('',#4915,#4913,#3587,.T.);
#6118=EDGE_CURVE('',#4915,#4792,#930,.T.);
#6121=EDGE_CURVE('',#4786,#4788,#938,.T.);
#6123=EDGE_CURVE('',#4786,#4199,#942,.T.);
#6125=EDGE_CURVE('',#4199,#4575,#946,.T.);
#6127=EDGE_CURVE('',#4575,#4576,#951,.T.);
#6131=ADVANCED_FACE('',(#6130),#6073,.T.);
#6138=EDGE_CURVE('',#4565,#4568,#960,.T.);
#6140=EDGE_CURVE('',#4571,#4568,#1776,.T.);
#6142=EDGE_CURVE('',#4571,#4572,#1568,.T.);
#6144=EDGE_CURVE('',#4572,#4566,#956,.T.);
#6148=ADVANCED_FACE('',(#6147),#6136,.F.);
#6156=EDGE_CURVE('',#4297,#4289,#964,.T.);
#6158=EDGE_CURVE('',#4289,#4568,#1780,.T.);
#6162=ADVANCED_FACE('',(#6161),#6153,.T.);
#6169=EDGE_CURVE('',#4292,#4288,#968,.T.);
#6171=EDGE_CURVE('',#4288,#4289,#1784,.T.);
#6175=EDGE_CURVE('',#4293,#4296,#3418,.T.);
#6179=ADVANCED_FACE('',(#6178),#6167,.T.);
#6185=EDGE_CURVE('',#4595,#4596,#972,.T.);
#6187=EDGE_CURVE('',#4596,#4288,#1788,.T.);
#6193=ADVANCED_FACE('',(#6192),#6184,.T.);
#6201=EDGE_CURVE('',#4598,#4601,#977,.T.);
#6203=EDGE_CURVE('',#4601,#4602,#1612,.T.);
#6205=EDGE_CURVE('',#4596,#4602,#1793,.T.);
#6209=ADVANCED_FACE('',(#6208),#6198,.F.);
#6215=EDGE_CURVE('',#4598,#4590,#981,.T.);
#6217=EDGE_CURVE('',#4586,#4590,#2781,.T.);
#6219=EDGE_CURVE('',#4601,#4586,#2845,.T.);
#6224=ADVANCED_FACE('',(#6223),#6214,.T.);
#6232=EDGE_CURVE('',#4203,#4195,#985,.T.);
#6235=EDGE_CURVE('',#4205,#4197,#3443,.T.);
#6240=ADVANCED_FACE('',(#6239),#6229,.F.);
#6246=EDGE_CURVE('',#4841,#4842,#989,.T.);
#6248=EDGE_CURVE('',#4841,#4193,#993,.T.);
#6255=ADVANCED_FACE('',(#6254),#6245,.F.);
#6263=EDGE_CURVE('',#4836,#4838,#997,.T.);
#6265=EDGE_CURVE('',#4841,#4836,#2893,.T.);
#6269=ADVANCED_FACE('',(#6268),#6260,.T.);
#6275=EDGE_CURVE('',#4833,#4834,#1009,.T.);
#6277=EDGE_CURVE('',#4836,#4834,#1210,.T.);
#6283=ADVANCED_FACE('',(#6282),#6274,.T.);
#6289=EDGE_CURVE('',#4416,#4417,#1001,.T.);
#6291=EDGE_CURVE('',#4834,#4416,#1005,.T.);
#6295=EDGE_CURVE('',#4293,#4285,#1013,.T.);
#6297=EDGE_CURVE('',#4285,#4417,#1482,.T.);
#6301=ADVANCED_FACE('',(#6300),#6288,.T.);
#6307=EDGE_CURVE('',#5347,#5362,#1017,.T.);
#6309=EDGE_CURVE('',#5362,#5364,#1021,.T.);
#6311=EDGE_CURVE('',#5351,#5364,#1025,.T.);
#6313=EDGE_CURVE('',#4420,#5351,#1494,.T.);
#6315=EDGE_CURVE('',#4420,#4421,#1342,.T.);
#6317=EDGE_CURVE('',#4421,#4416,#1029,.T.);
#6320=EDGE_CURVE('',#4512,#4417,#1478,.T.);
#6323=EDGE_CURVE('',#4519,#4521,#1037,.T.);
#6326=EDGE_CURVE('',#4388,#4516,#1462,.T.);
#6328=EDGE_CURVE('',#4388,#4397,#1045,.T.);
#6330=EDGE_CURVE('',#4397,#4395,#1049,.T.);
#6332=EDGE_CURVE('',#4392,#4395,#1053,.T.);
#6334=EDGE_CURVE('',#5087,#4392,#1446,.T.);
#6336=EDGE_CURVE('',#5087,#5102,#1057,.T.);
#6338=EDGE_CURVE('',#5102,#5104,#1061,.T.);
#6340=EDGE_CURVE('',#5091,#5104,#1065,.T.);
#6342=EDGE_CURVE('',#5243,#5091,#1430,.T.);
#6344=EDGE_CURVE('',#5243,#5258,#1069,.T.);
#6346=EDGE_CURVE('',#5258,#5260,#1073,.T.);
#6348=EDGE_CURVE('',#5247,#5260,#1077,.T.);
#6350=EDGE_CURVE('',#5139,#5247,#1414,.T.);
#6352=EDGE_CURVE('',#5139,#5154,#1081,.T.);
#6354=EDGE_CURVE('',#5154,#5156,#1085,.T.);
#6356=EDGE_CURVE('',#5143,#5156,#1089,.T.);
#6358=EDGE_CURVE('',#5295,#5143,#1398,.T.);
#6360=EDGE_CURVE('',#5295,#5310,#1093,.T.);
#6362=EDGE_CURVE('',#5310,#5312,#1097,.T.);
#6364=EDGE_CURVE('',#5299,#5312,#1101,.T.);
#6366=EDGE_CURVE('',#5191,#5299,#1382,.T.);
#6368=EDGE_CURVE('',#5191,#5206,#1105,.T.);
#6370=EDGE_CURVE('',#5206,#5208,#1109,.T.);
#6372=EDGE_CURVE('',#5195,#5208,#1113,.T.);
#6374=EDGE_CURVE('',#5347,#5195,#1366,.T.);
#6378=ADVANCED_FACE('',(#6377),#6306,.F.);
#6385=EDGE_CURVE('',#5327,#5332,#1140,.T.);
#6387=EDGE_CURVE('',#5318,#5327,#1186,.T.);
#6389=EDGE_CURVE('',#5316,#5318,#1174,.T.);
#6391=EDGE_CURVE('',#5316,#5324,#1117,.T.);
#6393=EDGE_CURVE('',#5324,#5331,#1122,.T.);
#6397=ADVANCED_FACE('',(#6396),#6383,.T.);
#6404=EDGE_CURVE('',#5355,#5339,#3435,.T.);
#6406=EDGE_CURVE('',#5355,#5356,#1326,.T.);
#6408=EDGE_CURVE('',#5356,#5340,#1126,.T.);
#6412=ADVANCED_FACE('',(#6411),#6402,.T.);
#6418=EDGE_CURVE('',#5347,#5348,#1362,.T.);
#6420=EDGE_CURVE('',#5348,#5362,#1131,.T.);
#6425=ADVANCED_FACE('',(#6424),#6417,.T.);
#6432=EDGE_CURVE('',#5328,#5335,#1149,.T.);
#6434=EDGE_CURVE('',#5327,#5328,#1135,.T.);
#6439=ADVANCED_FACE('',(#6438),#6430,.T.);
#6446=EDGE_CURVE('',#5323,#5336,#1162,.T.);
#6448=EDGE_CURVE('',#5315,#5323,#1166,.T.);
#6450=EDGE_CURVE('',#5320,#5315,#1182,.T.);
#6452=EDGE_CURVE('',#5320,#5328,#1144,.T.);
#6457=ADVANCED_FACE('',(#6456),#6444,.T.);
#6464=EDGE_CURVE('',#5360,#5344,#1190,.T.);
#6466=EDGE_CURVE('',#5359,#5360,#1334,.T.);
#6468=EDGE_CURVE('',#5359,#5343,#1153,.T.);
#6472=ADVANCED_FACE('',(#6471),#6462,.T.);
#6478=EDGE_CURVE('',#5351,#5352,#1498,.T.);
#6481=EDGE_CURVE('',#5352,#5364,#3423,.T.);
#6485=ADVANCED_FACE('',(#6484),#6477,.T.);
#6493=EDGE_CURVE('',#5323,#5324,#1157,.T.);
#6498=ADVANCED_FACE('',(#6497),#6490,.F.);
#6504=EDGE_CURVE('',#5315,#5316,#1170,.T.);
#6511=ADVANCED_FACE('',(#6510),#6503,.T.);
#6519=EDGE_CURVE('',#5318,#5320,#1178,.T.);
#6524=ADVANCED_FACE('',(#6523),#6516,.F.);
#6536=ADVANCED_FACE('',(#6535),#6529,.T.);
#6544=EDGE_CURVE('',#5360,#5356,#1338,.T.);
#6549=ADVANCED_FACE('',(#6548),#6541,.T.);
#6556=EDGE_CURVE('',#4821,#4421,#1194,.T.);
#6558=EDGE_CURVE('',#4821,#4826,#1198,.T.);
#6560=EDGE_CURVE('',#4826,#4409,#1202,.T.);
#6562=EDGE_CURVE('',#4409,#4413,#1506,.T.);
#6564=EDGE_CURVE('',#4413,#4836,#1206,.T.);
#6571=EDGE_CURVE('',#4456,#4460,#1218,.T.);
#6574=EDGE_CURVE('',#4461,#4457,#1226,.T.);
#6578=EDGE_CURVE('',#5095,#5096,#1230,.T.);
#6580=EDGE_CURVE('',#5095,#5099,#1234,.T.);
#6582=EDGE_CURVE('',#5099,#5100,#1238,.T.);
#6584=EDGE_CURVE('',#5100,#5096,#1242,.T.);
#6588=EDGE_CURVE('',#5147,#5148,#1246,.T.);
#6590=EDGE_CURVE('',#5147,#5151,#1250,.T.);
#6592=EDGE_CURVE('',#5151,#5152,#1254,.T.);
#6594=EDGE_CURVE('',#5152,#5148,#1258,.T.);
#6598=EDGE_CURVE('',#5199,#5200,#1262,.T.);
#6600=EDGE_CURVE('',#5199,#5203,#1266,.T.);
#6602=EDGE_CURVE('',#5203,#5204,#1270,.T.);
#6604=EDGE_CURVE('',#5204,#5200,#1274,.T.);
#6608=EDGE_CURVE('',#4403,#4401,#1278,.T.);
#6610=EDGE_CURVE('',#4403,#4405,#1282,.T.);
#6612=EDGE_CURVE('',#4405,#4399,#1286,.T.);
#6614=EDGE_CURVE('',#4399,#4401,#1290,.T.);
#6618=EDGE_CURVE('',#5251,#5252,#1294,.T.);
#6620=EDGE_CURVE('',#5251,#5255,#1298,.T.);
#6622=EDGE_CURVE('',#5255,#5256,#1302,.T.);
#6624=EDGE_CURVE('',#5256,#5252,#1306,.T.);
#6628=EDGE_CURVE('',#5303,#5304,#1310,.T.);
#6630=EDGE_CURVE('',#5303,#5307,#1314,.T.);
#6632=EDGE_CURVE('',#5307,#5308,#1318,.T.);
#6634=EDGE_CURVE('',#5308,#5304,#1322,.T.);
#6639=EDGE_CURVE('',#5355,#5359,#1330,.T.);
#6645=ADVANCED_FACE('',(#6569,#6577,#6587,#6597,#6607,#6617,#6627,#6637,#6644),
#6554,.T.);
#6652=EDGE_CURVE('',#4284,#4420,#1490,.T.);
#6654=EDGE_CURVE('',#4284,#4296,#1346,.T.);
#6657=EDGE_CURVE('',#4821,#4822,#1350,.T.);
#6662=ADVANCED_FACE('',(#6661),#6650,.T.);
#6668=EDGE_CURVE('',#4408,#4411,#1354,.T.);
#6670=EDGE_CURVE('',#4408,#4189,#1358,.T.);
#6673=EDGE_CURVE('',#4411,#4191,#2889,.T.);
#6677=ADVANCED_FACE('',(#6676),#6667,.F.);
#6685=EDGE_CURVE('',#5195,#5196,#1370,.T.);
#6687=EDGE_CURVE('',#5192,#5196,#1374,.T.);
#6689=EDGE_CURVE('',#5191,#5192,#1378,.T.);
#6692=EDGE_CURVE('',#5299,#5300,#1386,.T.);
#6694=EDGE_CURVE('',#5296,#5300,#1390,.T.);
#6696=EDGE_CURVE('',#5295,#5296,#1394,.T.);
#6699=EDGE_CURVE('',#5143,#5144,#1402,.T.);
#6701=EDGE_CURVE('',#5140,#5144,#1406,.T.);
#6703=EDGE_CURVE('',#5139,#5140,#1410,.T.);
#6706=EDGE_CURVE('',#5247,#5248,#1418,.T.);
#6708=EDGE_CURVE('',#5244,#5248,#1422,.T.);
#6710=EDGE_CURVE('',#5243,#5244,#1426,.T.);
#6713=EDGE_CURVE('',#5091,#5092,#1434,.T.);
#6715=EDGE_CURVE('',#5088,#5092,#1438,.T.);
#6717=EDGE_CURVE('',#5087,#5088,#1442,.T.);
#6720=EDGE_CURVE('',#4392,#4393,#1450,.T.);
#6722=EDGE_CURVE('',#4389,#4393,#1454,.T.);
#6724=EDGE_CURVE('',#4388,#4389,#1458,.T.);
#6728=EDGE_CURVE('',#4513,#4517,#1470,.T.);
#6733=EDGE_CURVE('',#4284,#4285,#1486,.T.);
#6738=EDGE_CURVE('',#5348,#5352,#1502,.T.);
#6742=ADVANCED_FACE('',(#6741),#6682,.F.);
#6748=EDGE_CURVE('',#4408,#4409,#1510,.T.);
#6751=EDGE_CURVE('',#4411,#4413,#2885,.T.);
#6756=ADVANCED_FACE('',(#6755),#6747,.T.);
#6764=EDGE_CURVE('',#4826,#4830,#1514,.T.);
#6766=EDGE_CURVE('',#4830,#4187,#1518,.T.);
#6772=ADVANCED_FACE('',(#6771),#6761,.F.);
#6778=EDGE_CURVE('',#4829,#4830,#1522,.T.);
#6781=EDGE_CURVE('',#4826,#4824,#2881,.T.);
#6786=ADVANCED_FACE('',(#6785),#6777,.T.);
#6794=EDGE_CURVE('',#4201,#4185,#1526,.T.);
#6800=ADVANCED_FACE('',(#6799),#6791,.F.);
#6806=EDGE_CURVE('',#4575,#4566,#1534,.T.);
#6809=EDGE_CURVE('',#4199,#4184,#1530,.T.);
#6816=ADVANCED_FACE('',(#6815),#6805,.F.);
#6824=EDGE_CURVE('',#4572,#4579,#1538,.T.);
#6826=EDGE_CURVE('',#4575,#4579,#2768,.T.);
#6830=ADVANCED_FACE('',(#6829),#6821,.T.);
#6836=EDGE_CURVE('',#4473,#4572,#1564,.T.);
#6838=EDGE_CURVE('',#4473,#4485,#1542,.T.);
#6840=EDGE_CURVE('',#4485,#4579,#1689,.T.);
#6845=ADVANCED_FACE('',(#6844),#6835,.F.);
#6851=EDGE_CURVE('',#5380,#5375,#1546,.T.);
#6853=EDGE_CURVE('',#5380,#4470,#1550,.T.);
#6855=EDGE_CURVE('',#4470,#4471,#1555,.T.);
#6857=EDGE_CURVE('',#4471,#4473,#1559,.T.);
#6861=EDGE_CURVE('',#4571,#4464,#1573,.T.);
#6863=EDGE_CURVE('',#4464,#4465,#1577,.T.);
#6865=EDGE_CURVE('',#4465,#4467,#1582,.T.);
#6867=EDGE_CURVE('',#4467,#5375,#1586,.T.);
#6871=ADVANCED_FACE('',(#6870),#6850,.F.);
#6877=EDGE_CURVE('',#5396,#5391,#1590,.T.);
#6879=EDGE_CURVE('',#5396,#4494,#1594,.T.);
#6881=EDGE_CURVE('',#4494,#4495,#1599,.T.);
#6883=EDGE_CURVE('',#4495,#4497,#1603,.T.);
#6885=EDGE_CURVE('',#4497,#4602,#1608,.T.);
#6888=EDGE_CURVE('',#4601,#4488,#1617,.T.);
#6890=EDGE_CURVE('',#4488,#4489,#1621,.T.);
#6892=EDGE_CURVE('',#4489,#4491,#1626,.T.);
#6894=EDGE_CURVE('',#4491,#5391,#1630,.T.);
#6898=ADVANCED_FACE('',(#6897),#6876,.F.);
#6904=EDGE_CURVE('',#5375,#5376,#1640,.T.);
#6906=EDGE_CURVE('',#5378,#5376,#2861,.T.);
#6908=EDGE_CURVE('',#5378,#5380,#1654,.T.);
#6913=ADVANCED_FACE('',(#6912),#6903,.T.);
#6919=EDGE_CURVE('',#5370,#5372,#1635,.T.);
#6921=EDGE_CURVE('',#5376,#5370,#2865,.T.);
#6925=EDGE_CURVE('',#4467,#4479,#1644,.T.);
#6927=EDGE_CURVE('',#4479,#5372,#1666,.T.);
#6931=ADVANCED_FACE('',(#6930),#6918,.T.);
#6937=EDGE_CURVE('',#5367,#5368,#1649,.T.);
#6939=EDGE_CURVE('',#5370,#5368,#2857,.T.);
#6942=EDGE_CURVE('',#5372,#5367,#1662,.T.);
#6946=ADVANCED_FACE('',(#6945),#6936,.T.);
#6953=EDGE_CURVE('',#5367,#4482,#1702,.T.);
#6955=EDGE_CURVE('',#4470,#4482,#2853,.T.);
#6959=EDGE_CURVE('',#5378,#5368,#1658,.T.);
#6963=ADVANCED_FACE('',(#6962),#6951,.T.);
#6971=EDGE_CURVE('',#4477,#4479,#1671,.T.);
#6973=EDGE_CURVE('',#4476,#4477,#1675,.T.);
#6975=EDGE_CURVE('',#4580,#4476,#1680,.T.);
#6977=EDGE_CURVE('',#4579,#4580,#1684,.T.);
#6980=EDGE_CURVE('',#4483,#4485,#1693,.T.);
#6982=EDGE_CURVE('',#4482,#4483,#1698,.T.);
#6987=ADVANCED_FACE('',(#6986),#6968,.T.);
#6993=EDGE_CURVE('',#5388,#5383,#1706,.T.);
#6995=EDGE_CURVE('',#4503,#5388,#1710,.T.);
#6997=EDGE_CURVE('',#4501,#4503,#1715,.T.);
#6999=EDGE_CURVE('',#4500,#4501,#1719,.T.);
#7001=EDGE_CURVE('',#4586,#4500,#1724,.T.);
#7003=EDGE_CURVE('',#4585,#4586,#1728,.T.);
#7005=EDGE_CURVE('',#4509,#4585,#1733,.T.);
#7007=EDGE_CURVE('',#4507,#4509,#1737,.T.);
#7009=EDGE_CURVE('',#4506,#4507,#1742,.T.);
#7011=EDGE_CURVE('',#5383,#4506,#1746,.T.);
#7015=ADVANCED_FACE('',(#7014),#6992,.T.);
#7022=EDGE_CURVE('',#4465,#4477,#1750,.T.);
#7028=ADVANCED_FACE('',(#7027),#7020,.T.);
#7035=EDGE_CURVE('',#4464,#4476,#1754,.T.);
#7041=ADVANCED_FACE('',(#7040),#7033,.T.);
#7048=EDGE_CURVE('',#4571,#4580,#1758,.T.);
#7054=ADVANCED_FACE('',(#7053),#7046,.T.);
#7060=EDGE_CURVE('',#4328,#4329,#1762,.T.);
#7062=EDGE_CURVE('',#4582,#4329,#1766,.T.);
#7064=EDGE_CURVE('',#4582,#4580,#1771,.T.);
#7072=EDGE_CURVE('',#4602,#4585,#1797,.T.);
#7074=EDGE_CURVE('',#4585,#4592,#1802,.T.);
#7076=EDGE_CURVE('',#4332,#4592,#1806,.T.);
#7078=EDGE_CURVE('',#4332,#4333,#1810,.T.);
#7080=EDGE_CURVE('',#4333,#4335,#1814,.T.);
#7082=EDGE_CURVE('',#4335,#4337,#1818,.T.);
#7084=EDGE_CURVE('',#4339,#4337,#1822,.T.);
#7086=EDGE_CURVE('',#4780,#4339,#1826,.T.);
#7088=EDGE_CURVE('',#4850,#4780,#1830,.T.);
#7090=EDGE_CURVE('',#4850,#4536,#1834,.T.);
#7092=EDGE_CURVE('',#4542,#4536,#1840,.T.);
#7094=EDGE_CURVE('',#4903,#4542,#1844,.T.);
#7096=EDGE_CURVE('',#4541,#4903,#1850,.T.);
#7098=EDGE_CURVE('',#4853,#4541,#1854,.T.);
#7100=EDGE_CURVE('',#4782,#4853,#1858,.T.);
#7102=EDGE_CURVE('',#4342,#4782,#1862,.T.);
#7104=EDGE_CURVE('',#4342,#4343,#1866,.T.);
#7106=EDGE_CURVE('',#4343,#4345,#1870,.T.);
#7108=EDGE_CURVE('',#4345,#4328,#1874,.T.);
#7112=ADVANCED_FACE('',(#7111),#7059,.T.);
#7119=EDGE_CURVE('',#4328,#4325,#1878,.T.);
#7122=EDGE_CURVE('',#4347,#4329,#2759,.T.);
#7126=ADVANCED_FACE('',(#7125),#7117,.F.);
#7133=EDGE_CURVE('',#4349,#4332,#2772,.T.);
#7136=EDGE_CURVE('',#4333,#4316,#2755,.T.);
#7140=ADVANCED_FACE('',(#7139),#7131,.F.);
#7147=EDGE_CURVE('',#4345,#4323,#1882,.T.);
#7153=ADVANCED_FACE('',(#7152),#7145,.F.);
#7160=EDGE_CURVE('',#4343,#4322,#1886,.T.);
#7166=ADVANCED_FACE('',(#7165),#7158,.F.);
#7173=EDGE_CURVE('',#4342,#4353,#1895,.T.);
#7179=ADVANCED_FACE('',(#7178),#7171,.F.);
#7188=EDGE_CURVE('',#4525,#4782,#1905,.T.);
#7190=EDGE_CURVE('',#4524,#4525,#2321,.T.);
#7192=EDGE_CURVE('',#4524,#4780,#2317,.T.);
#7195=EDGE_CURVE('',#4339,#4351,#1910,.T.);
#7199=ADVANCED_FACE('',(#7198),#7184,.T.);
#7205=EDGE_CURVE('',#4853,#4854,#1940,.T.);
#7207=EDGE_CURVE('',#4525,#4854,#2117,.T.);
#7213=ADVANCED_FACE('',(#7212),#7204,.T.);
#7221=EDGE_CURVE('',#4900,#4846,#1990,.T.);
#7223=EDGE_CURVE('',#4562,#4846,#1914,.T.);
#7225=EDGE_CURVE('',#4562,#4862,#1918,.T.);
#7227=EDGE_CURVE('',#4861,#4862,#1923,.T.);
#7229=EDGE_CURVE('',#4634,#4861,#2109,.T.);
#7231=EDGE_CURVE('',#4634,#4622,#1927,.T.);
#7235=ADVANCED_FACE('',(#7234),#7218,.T.);
#7241=EDGE_CURVE('',#5015,#5016,#1931,.T.);
#7243=EDGE_CURVE('',#5016,#4854,#1935,.T.);
#7247=EDGE_CURVE('',#4870,#4541,#2734,.T.);
#7249=EDGE_CURVE('',#4882,#4870,#1944,.T.);
#7251=EDGE_CURVE('',#4886,#4882,#2743,.T.);
#7256=ADVANCED_FACE('',(#7255),#7240,.T.);
#7262=EDGE_CURVE('',#5028,#5026,#1948,.T.);
#7265=EDGE_CURVE('',#4633,#4626,#1952,.T.);
#7267=EDGE_CURVE('',#4633,#5028,#1956,.T.);
#7271=ADVANCED_FACE('',(#7270),#7261,.T.);
#7277=EDGE_CURVE('',#4889,#4890,#1960,.T.);
#7279=EDGE_CURVE('',#4890,#4844,#1964,.T.);
#7281=EDGE_CURVE('',#4844,#4549,#1968,.T.);
#7283=EDGE_CURVE('',#4545,#4549,#1973,.T.);
#7285=EDGE_CURVE('',#4545,#4557,#1977,.T.);
#7287=EDGE_CURVE('',#4553,#4557,#1982,.T.);
#7289=EDGE_CURVE('',#4553,#4846,#1986,.T.);
#7296=ADVANCED_FACE('',(#7295),#7276,.T.);
#7304=EDGE_CURVE('',#4892,#4894,#2007,.T.);
#7306=EDGE_CURVE('',#4894,#4890,#2003,.T.);
#7310=ADVANCED_FACE('',(#7309),#7301,.T.);
#7318=EDGE_CURVE('',#4653,#4654,#2015,.T.);
#7320=EDGE_CURVE('',#4654,#4894,#2019,.T.);
#7324=ADVANCED_FACE('',(#7323),#7315,.T.);
#7330=EDGE_CURVE('',#5035,#5036,#2024,.T.);
#7333=EDGE_CURVE('',#4878,#4873,#2032,.T.);
#7335=EDGE_CURVE('',#4878,#5036,#2036,.T.);
#7339=ADVANCED_FACE('',(#7338),#7329,.T.);
#7345=EDGE_CURVE('',#5045,#5048,#2041,.T.);
#7347=EDGE_CURVE('',#5045,#4658,#2045,.T.);
#7349=EDGE_CURVE('',#4657,#4658,#2049,.T.);
#7354=ADVANCED_FACE('',(#7353),#7344,.T.);
#7362=EDGE_CURVE('',#4610,#4634,#2058,.T.);
#7364=EDGE_CURVE('',#4608,#4610,#2062,.T.);
#7366=EDGE_CURVE('',#4606,#4608,#2066,.T.);
#7368=EDGE_CURVE('',#4605,#4606,#2070,.T.);
#7370=EDGE_CURVE('',#4628,#4605,#2075,.T.);
#7375=ADVANCED_FACE('',(#7374),#7359,.T.);
#7383=EDGE_CURVE('',#4642,#4660,#2080,.T.);
#7385=EDGE_CURVE('',#4640,#4642,#2084,.T.);
#7387=EDGE_CURVE('',#4638,#4640,#2088,.T.);
#7389=EDGE_CURVE('',#4637,#4638,#2092,.T.);
#7391=EDGE_CURVE('',#4666,#4637,#2097,.T.);
#7393=EDGE_CURVE('',#4666,#4654,#2227,.T.);
#7397=ADVANCED_FACE('',(#7396),#7380,.T.);
#7403=EDGE_CURVE('',#4633,#4634,#2105,.T.);
#7405=EDGE_CURVE('',#4618,#4633,#2441,.T.);
#7407=EDGE_CURVE('',#4610,#4618,#2101,.T.);
#7412=ADVANCED_FACE('',(#7411),#7402,.T.);
#7418=EDGE_CURVE('',#5031,#4303,#2129,.T.);
#7420=EDGE_CURVE('',#5028,#5031,#2134,.T.);
#7425=EDGE_CURVE('',#4861,#4528,#2113,.T.);
#7427=EDGE_CURVE('',#4525,#4528,#2325,.T.);
#7431=EDGE_CURVE('',#5022,#5016,#2197,.T.);
#7433=EDGE_CURVE('',#5022,#4301,#2121,.T.);
#7435=EDGE_CURVE('',#4301,#4303,#2163,.T.);
#7439=ADVANCED_FACE('',(#7438),#7417,.T.);
#7445=EDGE_CURVE('',#5031,#5032,#2125,.T.);
#7448=EDGE_CURVE('',#4303,#4305,#2159,.T.);
#7450=EDGE_CURVE('',#5032,#4305,#2147,.T.);
#7454=ADVANCED_FACE('',(#7453),#7444,.T.);
#7464=EDGE_CURVE('',#5032,#5025,#2139,.T.);
#7468=ADVANCED_FACE('',(#7467),#7459,.F.);
#7477=EDGE_CURVE('',#4305,#4300,#2155,.T.);
#7479=EDGE_CURVE('',#5021,#4300,#2187,.T.);
#7481=EDGE_CURVE('',#5018,#5021,#2192,.T.);
#7485=ADVANCED_FACE('',(#7484),#7473,.T.);
#7491=EDGE_CURVE('',#4300,#4301,#2151,.T.);
#7498=ADVANCED_FACE('',(#7497),#7490,.T.);
#7504=EDGE_CURVE('',#4308,#4309,#2167,.T.);
#7506=EDGE_CURVE('',#4313,#4308,#2171,.T.);
#7508=EDGE_CURVE('',#4311,#4313,#2175,.T.);
#7510=EDGE_CURVE('',#4309,#4311,#2179,.T.);
#7514=ADVANCED_FACE('',(#7513),#7503,.T.);
#7520=EDGE_CURVE('',#5021,#5022,#2183,.T.);
#7527=ADVANCED_FACE('',(#7526),#7519,.T.);
#7540=ADVANCED_FACE('',(#7539),#7532,.F.);
#7546=EDGE_CURVE('',#5051,#4309,#2213,.T.);
#7548=EDGE_CURVE('',#5048,#5051,#2218,.T.);
#7551=EDGE_CURVE('',#5042,#5035,#2307,.T.);
#7553=EDGE_CURVE('',#5042,#4308,#2205,.T.);
#7558=ADVANCED_FACE('',(#7557),#7545,.T.);
#7564=EDGE_CURVE('',#5051,#5052,#2209,.T.);
#7568=EDGE_CURVE('',#5052,#4311,#2273,.T.);
#7572=ADVANCED_FACE('',(#7571),#7563,.T.);
#7578=EDGE_CURVE('',#5045,#5046,#2261,.T.);
#7583=EDGE_CURVE('',#5052,#5046,#2223,.T.);
#7587=ADVANCED_FACE('',(#7586),#7577,.F.);
#7597=EDGE_CURVE('',#4666,#4858,#2231,.T.);
#7599=EDGE_CURVE('',#4857,#4858,#2236,.T.);
#7601=EDGE_CURVE('',#4857,#4560,#2240,.T.);
#7603=EDGE_CURVE('',#4560,#4844,#2393,.T.);
#7607=ADVANCED_FACE('',(#7606),#7592,.T.);
#7613=EDGE_CURVE('',#5038,#5036,#2244,.T.);
#7616=EDGE_CURVE('',#4876,#4878,#2480,.T.);
#7618=EDGE_CURVE('',#4876,#4866,#2248,.T.);
#7620=EDGE_CURVE('',#4866,#4536,#2493,.T.);
#7623=EDGE_CURVE('',#4849,#4850,#2253,.T.);
#7625=EDGE_CURVE('',#4849,#5038,#2257,.T.);
#7629=ADVANCED_FACE('',(#7628),#7612,.T.);
#7636=EDGE_CURVE('',#5046,#4665,#2265,.T.);
#7638=EDGE_CURVE('',#4665,#4658,#2269,.T.);
#7643=ADVANCED_FACE('',(#7642),#7634,.T.);
#7653=EDGE_CURVE('',#5041,#4313,#2297,.T.);
#7655=EDGE_CURVE('',#5038,#5041,#2302,.T.);
#7658=EDGE_CURVE('',#4849,#4524,#2277,.T.);
#7660=EDGE_CURVE('',#4524,#4529,#2281,.T.);
#7662=EDGE_CURVE('',#4529,#4858,#2285,.T.);
#7665=EDGE_CURVE('',#4665,#4666,#2289,.T.);
#7669=ADVANCED_FACE('',(#7668),#7648,.T.);
#7675=EDGE_CURVE('',#5041,#5042,#2293,.T.);
#7682=ADVANCED_FACE('',(#7681),#7674,.T.);
#7695=ADVANCED_FACE('',(#7694),#7687,.F.);
#7707=ADVANCED_FACE('',(#7706),#7700,.T.);
#7715=EDGE_CURVE('',#4528,#4529,#2329,.T.);
#7720=ADVANCED_FACE('',(#7719),#7712,.T.);
#7727=EDGE_CURVE('',#4532,#4528,#2339,.T.);
#7729=EDGE_CURVE('',#4532,#4533,#2343,.T.);
#7731=EDGE_CURVE('',#4533,#4529,#2403,.T.);
#7735=ADVANCED_FACE('',(#7734),#7725,.T.);
#7742=EDGE_CURVE('',#4862,#4532,#2347,.T.);
#7748=ADVANCED_FACE('',(#7747),#7740,.T.);
#7757=EDGE_CURVE('',#4554,#4562,#2351,.T.);
#7759=EDGE_CURVE('',#4558,#4554,#2372,.T.);
#7761=EDGE_CURVE('',#4546,#4558,#2355,.T.);
#7763=EDGE_CURVE('',#4550,#4546,#2385,.T.);
#7765=EDGE_CURVE('',#4560,#4550,#2359,.T.);
#7768=EDGE_CURVE('',#4533,#4857,#2363,.T.);
#7772=ADVANCED_FACE('',(#7771),#7753,.F.);
#7778=EDGE_CURVE('',#4553,#4554,#2367,.T.);
#7785=ADVANCED_FACE('',(#7784),#7777,.T.);
#7793=EDGE_CURVE('',#4557,#4558,#2380,.T.);
#7798=ADVANCED_FACE('',(#7797),#7790,.F.);
#7804=EDGE_CURVE('',#4545,#4546,#2376,.T.);
#7811=ADVANCED_FACE('',(#7810),#7803,.T.);
#7819=EDGE_CURVE('',#4549,#4550,#2389,.T.);
#7824=ADVANCED_FACE('',(#7823),#7816,.F.);
#7836=ADVANCED_FACE('',(#7835),#7829,.T.);
#7848=ADVANCED_FACE('',(#7847),#7841,.T.);
#7856=EDGE_CURVE('',#4637,#4645,#2407,.T.);
#7858=EDGE_CURVE('',#4665,#4645,#2446,.T.);
#7862=ADVANCED_FACE('',(#7861),#7853,.T.);
#7869=EDGE_CURVE('',#4638,#4646,#2411,.T.);
#7871=EDGE_CURVE('',#4645,#4646,#2450,.T.);
#7876=ADVANCED_FACE('',(#7875),#7867,.T.);
#7883=EDGE_CURVE('',#4640,#4648,#2415,.T.);
#7885=EDGE_CURVE('',#4646,#4648,#2454,.T.);
#7890=ADVANCED_FACE('',(#7889),#7881,.T.);
#7897=EDGE_CURVE('',#4642,#4650,#2419,.T.);
#7899=EDGE_CURVE('',#4648,#4650,#2458,.T.);
#7904=ADVANCED_FACE('',(#7903),#7895,.T.);
#7911=EDGE_CURVE('',#4650,#4662,#2463,.T.);
#7917=ADVANCED_FACE('',(#7916),#7909,.F.);
#7925=EDGE_CURVE('',#4630,#4613,#2424,.T.);
#7927=EDGE_CURVE('',#4613,#4614,#2428,.T.);
#7929=EDGE_CURVE('',#4614,#4616,#2432,.T.);
#7931=EDGE_CURVE('',#4616,#4618,#2436,.T.);
#7937=ADVANCED_FACE('',(#7936),#7922,.F.);
#7953=ADVANCED_FACE('',(#7952),#7942,.F.);
#7961=EDGE_CURVE('',#4605,#4613,#2467,.T.);
#7966=ADVANCED_FACE('',(#7965),#7958,.F.);
#7973=EDGE_CURVE('',#4606,#4614,#2471,.T.);
#7979=ADVANCED_FACE('',(#7978),#7971,.T.);
#7986=EDGE_CURVE('',#4608,#4616,#2475,.T.);
#7992=ADVANCED_FACE('',(#7991),#7984,.T.);
#8004=ADVANCED_FACE('',(#8003),#7997,.T.);
#8011=EDGE_CURVE('',#4876,#4874,#2484,.T.);
#8017=ADVANCED_FACE('',(#8016),#8009,.T.);
#8025=EDGE_CURVE('',#4864,#4866,#2497,.T.);
#8030=ADVANCED_FACE('',(#8029),#8022,.F.);
#8036=EDGE_CURVE('',#4536,#4537,#2489,.T.);
#8041=EDGE_CURVE('',#4774,#4745,#2501,.T.);
#8043=EDGE_CURVE('',#4745,#4537,#2505,.T.);
#8047=ADVANCED_FACE('',(#8046),#8035,.T.);
#8054=EDGE_CURVE('',#4539,#4537,#2525,.T.);
#8056=EDGE_CURVE('',#4539,#4541,#2718,.T.);
#8063=ADVANCED_FACE('',(#8062),#8052,.T.);
#8071=EDGE_CURVE('',#4745,#4746,#2530,.T.);
#8073=EDGE_CURVE('',#4746,#4748,#2534,.T.);
#8075=EDGE_CURVE('',#4748,#4750,#2538,.T.);
#8077=EDGE_CURVE('',#4750,#4752,#2542,.T.);
#8079=EDGE_CURVE('',#4752,#4754,#2547,.T.);
#8081=EDGE_CURVE('',#4756,#4754,#2551,.T.);
#8083=EDGE_CURVE('',#4759,#4756,#2693,.T.);
#8085=EDGE_CURVE('',#4759,#4760,#2555,.T.);
#8087=EDGE_CURVE('',#4760,#4762,#2560,.T.);
#8089=EDGE_CURVE('',#4762,#4764,#2564,.T.);
#8091=EDGE_CURVE('',#4764,#4766,#2568,.T.);
#8093=EDGE_CURVE('',#4766,#4768,#2572,.T.);
#8095=EDGE_CURVE('',#4768,#4770,#2577,.T.);
#8097=EDGE_CURVE('',#4539,#4770,#2722,.T.);
#8101=EDGE_CURVE('',#4677,#4678,#2509,.T.);
#8103=EDGE_CURVE('',#4678,#4680,#2513,.T.);
#8105=EDGE_CURVE('',#4680,#4682,#2517,.T.);
#8107=EDGE_CURVE('',#4682,#4677,#2521,.T.);
#8111=ADVANCED_FACE('',(#8100,#8110),#8068,.T.);
#8117=EDGE_CURVE('',#4692,#4696,#2581,.T.);
#8119=EDGE_CURVE('',#4692,#4669,#2645,.T.);
#8121=EDGE_CURVE('',#4678,#4669,#2661,.T.);
#8124=EDGE_CURVE('',#4677,#4674,#2585,.T.);
#8126=EDGE_CURVE('',#4674,#4696,#2629,.T.);
#8130=ADVANCED_FACE('',(#8129),#8116,.F.);
#8136=EDGE_CURVE('',#4692,#4685,#2589,.T.);
#8139=EDGE_CURVE('',#4696,#4689,#2605,.T.);
#8141=EDGE_CURVE('',#4685,#4689,#2601,.T.);
#8145=ADVANCED_FACE('',(#8144),#8135,.T.);
#8152=EDGE_CURVE('',#4685,#4686,#2593,.T.);
#8154=EDGE_CURVE('',#4686,#4694,#2597,.T.);
#8156=EDGE_CURVE('',#4692,#4694,#2617,.T.);
#8160=ADVANCED_FACE('',(#8159),#8150,.F.);
#8168=EDGE_CURVE('',#4689,#4690,#2613,.T.);
#8170=EDGE_CURVE('',#4686,#4690,#2649,.T.);
#8174=ADVANCED_FACE('',(#8173),#8165,.T.);
#8181=EDGE_CURVE('',#4696,#4698,#2625,.T.);
#8183=EDGE_CURVE('',#4690,#4698,#2609,.T.);
#8188=ADVANCED_FACE('',(#8187),#8179,.T.);
#8195=EDGE_CURVE('',#4694,#4698,#2621,.T.);
#8199=EDGE_CURVE('',#4672,#4674,#2633,.T.);
#8201=EDGE_CURVE('',#4670,#4672,#2637,.T.);
#8203=EDGE_CURVE('',#4669,#4670,#2641,.T.);
#8208=ADVANCED_FACE('',(#8207),#8193,.T.);
#8220=ADVANCED_FACE('',(#8219),#8213,.T.);
#8227=EDGE_CURVE('',#4682,#4672,#2653,.T.);
#8233=ADVANCED_FACE('',(#8232),#8225,.F.);
#8240=EDGE_CURVE('',#4680,#4670,#2657,.T.);
#8246=ADVANCED_FACE('',(#8245),#8238,.F.);
#8258=ADVANCED_FACE('',(#8257),#8251,.F.);
#8267=EDGE_CURVE('',#4746,#4725,#2665,.T.);
#8271=ADVANCED_FACE('',(#8270),#8263,.F.);
#8280=EDGE_CURVE('',#4748,#4726,#2669,.T.);
#8284=ADVANCED_FACE('',(#8283),#8276,.F.);
#8293=EDGE_CURVE('',#4750,#4728,#2673,.T.);
#8297=ADVANCED_FACE('',(#8296),#8289,.F.);
#8306=EDGE_CURVE('',#4752,#4730,#2677,.T.);
#8310=ADVANCED_FACE('',(#8309),#8302,.F.);
#8319=EDGE_CURVE('',#4754,#4732,#2681,.T.);
#8323=ADVANCED_FACE('',(#8322),#8315,.F.);
#8332=EDGE_CURVE('',#4756,#4776,#2685,.T.);
#8336=ADVANCED_FACE('',(#8335),#8328,.F.);
#8344=EDGE_CURVE('',#4759,#4778,#2689,.T.);
#8349=ADVANCED_FACE('',(#8348),#8341,.T.);
#8358=EDGE_CURVE('',#4760,#4735,#2697,.T.);
#8362=ADVANCED_FACE('',(#8361),#8354,.F.);
#8371=EDGE_CURVE('',#4762,#4736,#2701,.T.);
#8375=ADVANCED_FACE('',(#8374),#8367,.F.);
#8384=EDGE_CURVE('',#4764,#4738,#2705,.T.);
#8388=ADVANCED_FACE('',(#8387),#8380,.F.);
#8397=EDGE_CURVE('',#4766,#4740,#2709,.T.);
#8401=ADVANCED_FACE('',(#8400),#8393,.F.);
#8410=EDGE_CURVE('',#4768,#4742,#2713,.T.);
#8414=ADVANCED_FACE('',(#8413),#8406,.F.);
#8423=EDGE_CURVE('',#4772,#4770,#2726,.T.);
#8427=ADVANCED_FACE('',(#8426),#8419,.F.);
#8437=EDGE_CURVE('',#4869,#4870,#2730,.T.);
#8442=ADVANCED_FACE('',(#8441),#8432,.F.);
#8448=EDGE_CURVE('',#4881,#4882,#2738,.T.);
#8455=ADVANCED_FACE('',(#8454),#8447,.T.);
#8467=ADVANCED_FACE('',(#8466),#8460,.T.);
#8474=EDGE_CURVE('',#4337,#4319,#2747,.T.);
#8480=ADVANCED_FACE('',(#8479),#8472,.F.);
#8487=EDGE_CURVE('',#4335,#4317,#2751,.T.);
#8493=ADVANCED_FACE('',(#8492),#8485,.F.);
#8505=ADVANCED_FACE('',(#8504),#8498,.F.);
#8513=EDGE_CURVE('',#4576,#4582,#2763,.T.);
#8518=ADVANCED_FACE('',(#8517),#8510,.T.);
#8531=ADVANCED_FACE('',(#8530),#8523,.F.);
#8539=EDGE_CURVE('',#4589,#4592,#2776,.T.);
#8544=ADVANCED_FACE('',(#8543),#8536,.T.);
#8557=ADVANCED_FACE('',(#8556),#8549,.F.);
#8564=EDGE_CURVE('',#4497,#4509,#2785,.T.);
#8570=ADVANCED_FACE('',(#8569),#8562,.T.);
#8577=EDGE_CURVE('',#4495,#4507,#2789,.T.);
#8583=ADVANCED_FACE('',(#8582),#8575,.T.);
#8590=EDGE_CURVE('',#4494,#4506,#2793,.T.);
#8596=ADVANCED_FACE('',(#8595),#8588,.T.);
#8602=EDGE_CURVE('',#5383,#5384,#2798,.T.);
#8607=EDGE_CURVE('',#5394,#5396,#2803,.T.);
#8609=EDGE_CURVE('',#5394,#5384,#2807,.T.);
#8613=ADVANCED_FACE('',(#8612),#8601,.T.);
#8620=EDGE_CURVE('',#5386,#5384,#2811,.T.);
#8622=EDGE_CURVE('',#5386,#5388,#2824,.T.);
#8627=ADVANCED_FACE('',(#8626),#8618,.T.);
#8635=EDGE_CURVE('',#5394,#5392,#2815,.T.);
#8637=EDGE_CURVE('',#5392,#5386,#2819,.T.);
#8641=ADVANCED_FACE('',(#8640),#8632,.T.);
#8647=EDGE_CURVE('',#5391,#5392,#2829,.T.);
#8654=ADVANCED_FACE('',(#8653),#8646,.T.);
#8664=EDGE_CURVE('',#4491,#4503,#2833,.T.);
#8669=ADVANCED_FACE('',(#8668),#8659,.T.);
#8676=EDGE_CURVE('',#4489,#4501,#2837,.T.);
#8682=ADVANCED_FACE('',(#8681),#8674,.F.);
#8689=EDGE_CURVE('',#4488,#4500,#2841,.T.);
#8695=ADVANCED_FACE('',(#8694),#8687,.T.);
#8707=ADVANCED_FACE('',(#8706),#8700,.F.);
#8714=EDGE_CURVE('',#4471,#4483,#2849,.T.);
#8720=ADVANCED_FACE('',(#8719),#8712,.T.);
#8732=ADVANCED_FACE('',(#8731),#8725,.F.);
#8744=ADVANCED_FACE('',(#8743),#8737,.T.);
#8753=EDGE_CURVE('',#4785,#4786,#2869,.T.);
#8758=ADVANCED_FACE('',(#8757),#8749,.F.);
#8770=ADVANCED_FACE('',(#8769),#8763,.T.);
#8782=ADVANCED_FACE('',(#8781),#8775,.T.);
#8796=ADVANCED_FACE('',(#8795),#8787,.F.);
#8803=EDGE_CURVE('',#5167,#5180,#2915,.T.);
#8805=EDGE_CURVE('',#5159,#5167,#2966,.T.);
#8807=EDGE_CURVE('',#5164,#5159,#2962,.T.);
#8809=EDGE_CURVE('',#5164,#5172,#2897,.T.);
#8811=EDGE_CURVE('',#5172,#5179,#2902,.T.);
#8815=ADVANCED_FACE('',(#8814),#8801,.T.);
#8822=EDGE_CURVE('',#5204,#5188,#2974,.T.);
#8825=EDGE_CURVE('',#5203,#5187,#2906,.T.);
#8829=ADVANCED_FACE('',(#8828),#8820,.T.);
#8837=EDGE_CURVE('',#5196,#5208,#2979,.T.);
#8841=ADVANCED_FACE('',(#8840),#8834,.T.);
#8848=EDGE_CURVE('',#5168,#5175,#2924,.T.);
#8850=EDGE_CURVE('',#5167,#5168,#2910,.T.);
#8855=ADVANCED_FACE('',(#8854),#8846,.F.);
#8862=EDGE_CURVE('',#5171,#5176,#2942,.T.);
#8864=EDGE_CURVE('',#5162,#5171,#2946,.T.);
#8866=EDGE_CURVE('',#5160,#5162,#2954,.T.);
#8868=EDGE_CURVE('',#5160,#5168,#2919,.T.);
#8873=ADVANCED_FACE('',(#8872),#8860,.T.);
#8880=EDGE_CURVE('',#5199,#5183,#2970,.T.);
#8883=EDGE_CURVE('',#5200,#5184,#2928,.T.);
#8887=ADVANCED_FACE('',(#8886),#8878,.T.);
#8894=EDGE_CURVE('',#5192,#5206,#2933,.T.);
#8899=ADVANCED_FACE('',(#8898),#8892,.T.);
#8907=EDGE_CURVE('',#5171,#5172,#2937,.T.);
#8912=ADVANCED_FACE('',(#8911),#8904,.T.);
#8918=EDGE_CURVE('',#5162,#5164,#2958,.T.);
#8925=ADVANCED_FACE('',(#8924),#8917,.T.);
#8931=EDGE_CURVE('',#5159,#5160,#2950,.T.);
#8938=ADVANCED_FACE('',(#8937),#8930,.F.);
#8950=ADVANCED_FACE('',(#8949),#8943,.T.);
#8962=ADVANCED_FACE('',(#8961),#8955,.T.);
#8974=ADVANCED_FACE('',(#8973),#8967,.T.);
#8986=ADVANCED_FACE('',(#8985),#8979,.T.);
#8993=EDGE_CURVE('',#5271,#5284,#3001,.T.);
#8995=EDGE_CURVE('',#5263,#5271,#3052,.T.);
#8997=EDGE_CURVE('',#5268,#5263,#3048,.T.);
#8999=EDGE_CURVE('',#5268,#5276,#2983,.T.);
#9001=EDGE_CURVE('',#5276,#5283,#2988,.T.);
#9005=ADVANCED_FACE('',(#9004),#8991,.T.);
#9012=EDGE_CURVE('',#5308,#5292,#3060,.T.);
#9015=EDGE_CURVE('',#5307,#5291,#2992,.T.);
#9019=ADVANCED_FACE('',(#9018),#9010,.T.);
#9027=EDGE_CURVE('',#5300,#5312,#3065,.T.);
#9031=ADVANCED_FACE('',(#9030),#9024,.T.);
#9038=EDGE_CURVE('',#5272,#5279,#3010,.T.);
#9040=EDGE_CURVE('',#5271,#5272,#2996,.T.);
#9045=ADVANCED_FACE('',(#9044),#9036,.F.);
#9052=EDGE_CURVE('',#5275,#5280,#3028,.T.);
#9054=EDGE_CURVE('',#5266,#5275,#3032,.T.);
#9056=EDGE_CURVE('',#5264,#5266,#3040,.T.);
#9058=EDGE_CURVE('',#5264,#5272,#3005,.T.);
#9063=ADVANCED_FACE('',(#9062),#9050,.T.);
#9070=EDGE_CURVE('',#5303,#5287,#3056,.T.);
#9073=EDGE_CURVE('',#5304,#5288,#3014,.T.);
#9077=ADVANCED_FACE('',(#9076),#9068,.T.);
#9084=EDGE_CURVE('',#5296,#5310,#3019,.T.);
#9089=ADVANCED_FACE('',(#9088),#9082,.T.);
#9097=EDGE_CURVE('',#5275,#5276,#3023,.T.);
#9102=ADVANCED_FACE('',(#9101),#9094,.T.);
#9108=EDGE_CURVE('',#5266,#5268,#3044,.T.);
#9115=ADVANCED_FACE('',(#9114),#9107,.T.);
#9121=EDGE_CURVE('',#5263,#5264,#3036,.T.);
#9128=ADVANCED_FACE('',(#9127),#9120,.F.);
#9140=ADVANCED_FACE('',(#9139),#9133,.T.);
#9152=ADVANCED_FACE('',(#9151),#9145,.T.);
#9164=ADVANCED_FACE('',(#9163),#9157,.T.);
#9176=ADVANCED_FACE('',(#9175),#9169,.T.);
#9183=EDGE_CURVE('',#5115,#5128,#3087,.T.);
#9185=EDGE_CURVE('',#5107,#5115,#3138,.T.);
#9187=EDGE_CURVE('',#5112,#5107,#3134,.T.);
#9189=EDGE_CURVE('',#5112,#5120,#3069,.T.);
#9191=EDGE_CURVE('',#5120,#5127,#3074,.T.);
#9195=ADVANCED_FACE('',(#9194),#9181,.T.);
#9202=EDGE_CURVE('',#5152,#5136,#3146,.T.);
#9205=EDGE_CURVE('',#5151,#5135,#3078,.T.);
#9209=ADVANCED_FACE('',(#9208),#9200,.T.);
#9217=EDGE_CURVE('',#5144,#5156,#3151,.T.);
#9221=ADVANCED_FACE('',(#9220),#9214,.T.);
#9228=EDGE_CURVE('',#5116,#5123,#3096,.T.);
#9230=EDGE_CURVE('',#5115,#5116,#3082,.T.);
#9235=ADVANCED_FACE('',(#9234),#9226,.F.);
#9242=EDGE_CURVE('',#5119,#5124,#3114,.T.);
#9244=EDGE_CURVE('',#5110,#5119,#3118,.T.);
#9246=EDGE_CURVE('',#5108,#5110,#3126,.T.);
#9248=EDGE_CURVE('',#5108,#5116,#3091,.T.);
#9253=ADVANCED_FACE('',(#9252),#9240,.T.);
#9260=EDGE_CURVE('',#5147,#5131,#3142,.T.);
#9263=EDGE_CURVE('',#5148,#5132,#3100,.T.);
#9267=ADVANCED_FACE('',(#9266),#9258,.T.);
#9274=EDGE_CURVE('',#5140,#5154,#3105,.T.);
#9279=ADVANCED_FACE('',(#9278),#9272,.T.);
#9287=EDGE_CURVE('',#5119,#5120,#3109,.T.);
#9292=ADVANCED_FACE('',(#9291),#9284,.T.);
#9298=EDGE_CURVE('',#5110,#5112,#3130,.T.);
#9305=ADVANCED_FACE('',(#9304),#9297,.T.);
#9311=EDGE_CURVE('',#5107,#5108,#3122,.T.);
#9318=ADVANCED_FACE('',(#9317),#9310,.F.);
#9330=ADVANCED_FACE('',(#9329),#9323,.T.);
#9342=ADVANCED_FACE('',(#9341),#9335,.T.);
#9354=ADVANCED_FACE('',(#9353),#9347,.T.);
#9366=ADVANCED_FACE('',(#9365),#9359,.T.);
#9373=EDGE_CURVE('',#5219,#5232,#3173,.T.);
#9375=EDGE_CURVE('',#5211,#5219,#3224,.T.);
#9377=EDGE_CURVE('',#5216,#5211,#3220,.T.);
#9379=EDGE_CURVE('',#5216,#5224,#3155,.T.);
#9381=EDGE_CURVE('',#5224,#5231,#3160,.T.);
#9385=ADVANCED_FACE('',(#9384),#9371,.T.);
#9392=EDGE_CURVE('',#5256,#5240,#3232,.T.);
#9395=EDGE_CURVE('',#5255,#5239,#3164,.T.);
#9399=ADVANCED_FACE('',(#9398),#9390,.T.);
#9407=EDGE_CURVE('',#5248,#5260,#3237,.T.);
#9411=ADVANCED_FACE('',(#9410),#9404,.T.);
#9418=EDGE_CURVE('',#5220,#5227,#3182,.T.);
#9420=EDGE_CURVE('',#5219,#5220,#3168,.T.);
#9425=ADVANCED_FACE('',(#9424),#9416,.F.);
#9432=EDGE_CURVE('',#5223,#5228,#3200,.T.);
#9434=EDGE_CURVE('',#5214,#5223,#3204,.T.);
#9436=EDGE_CURVE('',#5212,#5214,#3212,.T.);
#9438=EDGE_CURVE('',#5212,#5220,#3177,.T.);
#9443=ADVANCED_FACE('',(#9442),#9430,.T.);
#9450=EDGE_CURVE('',#5251,#5235,#3228,.T.);
#9453=EDGE_CURVE('',#5252,#5236,#3186,.T.);
#9457=ADVANCED_FACE('',(#9456),#9448,.T.);
#9464=EDGE_CURVE('',#5244,#5258,#3191,.T.);
#9469=ADVANCED_FACE('',(#9468),#9462,.T.);
#9477=EDGE_CURVE('',#5223,#5224,#3195,.T.);
#9482=ADVANCED_FACE('',(#9481),#9474,.T.);
#9488=EDGE_CURVE('',#5214,#5216,#3216,.T.);
#9495=ADVANCED_FACE('',(#9494),#9487,.T.);
#9501=EDGE_CURVE('',#5211,#5212,#3208,.T.);
#9508=ADVANCED_FACE('',(#9507),#9500,.F.);
#9520=ADVANCED_FACE('',(#9519),#9513,.T.);
#9532=ADVANCED_FACE('',(#9531),#9525,.T.);
#9544=ADVANCED_FACE('',(#9543),#9537,.T.);
#9556=ADVANCED_FACE('',(#9555),#9549,.T.);
#9563=EDGE_CURVE('',#5063,#5076,#3259,.T.);
#9565=EDGE_CURVE('',#5055,#5063,#3310,.T.);
#9567=EDGE_CURVE('',#5060,#5055,#3306,.T.);
#9569=EDGE_CURVE('',#5060,#5068,#3241,.T.);
#9571=EDGE_CURVE('',#5068,#5075,#3246,.T.);
#9575=ADVANCED_FACE('',(#9574),#9561,.T.);
#9582=EDGE_CURVE('',#5100,#5084,#3318,.T.);
#9585=EDGE_CURVE('',#5099,#5083,#3250,.T.);
#9589=ADVANCED_FACE('',(#9588),#9580,.T.);
#9597=EDGE_CURVE('',#5092,#5104,#3323,.T.);
#9601=ADVANCED_FACE('',(#9600),#9594,.T.);
#9608=EDGE_CURVE('',#5064,#5071,#3268,.T.);
#9610=EDGE_CURVE('',#5063,#5064,#3254,.T.);
#9615=ADVANCED_FACE('',(#9614),#9606,.F.);
#9622=EDGE_CURVE('',#5067,#5072,#3286,.T.);
#9624=EDGE_CURVE('',#5058,#5067,#3290,.T.);
#9626=EDGE_CURVE('',#5056,#5058,#3298,.T.);
#9628=EDGE_CURVE('',#5056,#5064,#3263,.T.);
#9633=ADVANCED_FACE('',(#9632),#9620,.T.);
#9640=EDGE_CURVE('',#5095,#5079,#3314,.T.);
#9643=EDGE_CURVE('',#5096,#5080,#3272,.T.);
#9647=ADVANCED_FACE('',(#9646),#9638,.T.);
#9654=EDGE_CURVE('',#5088,#5102,#3277,.T.);
#9659=ADVANCED_FACE('',(#9658),#9652,.T.);
#9667=EDGE_CURVE('',#5067,#5068,#3281,.T.);
#9672=ADVANCED_FACE('',(#9671),#9664,.T.);
#9678=EDGE_CURVE('',#5058,#5060,#3302,.T.);
#9685=ADVANCED_FACE('',(#9684),#9677,.T.);
#9691=EDGE_CURVE('',#5055,#5056,#3294,.T.);
#9698=ADVANCED_FACE('',(#9697),#9690,.F.);
#9710=ADVANCED_FACE('',(#9709),#9703,.T.);
#9722=ADVANCED_FACE('',(#9721),#9715,.T.);
#9734=ADVANCED_FACE('',(#9733),#9727,.T.);
#9746=ADVANCED_FACE('',(#9745),#9739,.T.);
#9753=EDGE_CURVE('',#4364,#4377,#3345,.T.);
#9755=EDGE_CURVE('',#4356,#4364,#3396,.T.);
#9757=EDGE_CURVE('',#4361,#4356,#3392,.T.);
#9759=EDGE_CURVE('',#4361,#4369,#3327,.T.);
#9761=EDGE_CURVE('',#4369,#4376,#3332,.T.);
#9765=ADVANCED_FACE('',(#9764),#9751,.T.);
#9772=EDGE_CURVE('',#4399,#4385,#3404,.T.);
#9775=EDGE_CURVE('',#4405,#4384,#3336,.T.);
#9779=ADVANCED_FACE('',(#9778),#9770,.T.);
#9787=EDGE_CURVE('',#4393,#4395,#3409,.T.);
#9791=ADVANCED_FACE('',(#9790),#9784,.T.);
#9798=EDGE_CURVE('',#4365,#4372,#3354,.T.);
#9800=EDGE_CURVE('',#4364,#4365,#3340,.T.);
#9805=ADVANCED_FACE('',(#9804),#9796,.F.);
#9812=EDGE_CURVE('',#4368,#4373,#3372,.T.);
#9814=EDGE_CURVE('',#4359,#4368,#3376,.T.);
#9816=EDGE_CURVE('',#4357,#4359,#3384,.T.);
#9818=EDGE_CURVE('',#4357,#4365,#3349,.T.);
#9823=ADVANCED_FACE('',(#9822),#9810,.T.);
#9830=EDGE_CURVE('',#4403,#4380,#3400,.T.);
#9833=EDGE_CURVE('',#4401,#4381,#3358,.T.);
#9837=ADVANCED_FACE('',(#9836),#9828,.T.);
#9844=EDGE_CURVE('',#4389,#4397,#3363,.T.);
#9849=ADVANCED_FACE('',(#9848),#9842,.T.);
#9857=EDGE_CURVE('',#4368,#4369,#3367,.T.);
#9862=ADVANCED_FACE('',(#9861),#9854,.T.);
#9868=EDGE_CURVE('',#4359,#4361,#3388,.T.);
#9875=ADVANCED_FACE('',(#9874),#9867,.T.);
#9881=EDGE_CURVE('',#4356,#4357,#3380,.T.);
#9888=ADVANCED_FACE('',(#9887),#9880,.F.);
#9900=ADVANCED_FACE('',(#9899),#9893,.T.);
#9912=ADVANCED_FACE('',(#9911),#9905,.T.);
#9924=ADVANCED_FACE('',(#9923),#9917,.T.);
#9936=ADVANCED_FACE('',(#9935),#9929,.T.);
#9948=ADVANCED_FACE('',(#9947),#9941,.T.);
#9960=ADVANCED_FACE('',(#9959),#9953,.F.);
#9972=ADVANCED_FACE('',(#9971),#9965,.T.);
#9984=ADVANCED_FACE('',(#9983),#9977,.T.);
#9996=ADVANCED_FACE('',(#9995),#9989,.T.);
#10008=ADVANCED_FACE('',(#10007),#10001,.T.);
#10015=EDGE_CURVE('',#4818,#4221,#3455,.T.);
#10017=EDGE_CURVE('',#4817,#4818,#3439,.T.);
#10023=ADVANCED_FACE('',(#10022),#10013,.F.);
#10030=EDGE_CURVE('',#4814,#4242,#3479,.T.);
#10032=EDGE_CURVE('',#4814,#4818,#3451,.T.);
#10036=EDGE_CURVE('',#4225,#4229,#3567,.T.);
#10038=EDGE_CURVE('',#4229,#4213,#3459,.T.);
#10040=EDGE_CURVE('',#4213,#4245,#3495,.T.);
#10042=EDGE_CURVE('',#4245,#4243,#3463,.T.);
#10046=ADVANCED_FACE('',(#10045),#10028,.F.);
#10053=EDGE_CURVE('',#4249,#4247,#3471,.T.);
#10055=EDGE_CURVE('',#4249,#4216,#3547,.T.);
#10057=EDGE_CURVE('',#4813,#4216,#3635,.T.);
#10059=EDGE_CURVE('',#4813,#4814,#3475,.T.);
#10064=ADVANCED_FACE('',(#10063),#10051,.F.);
#10072=EDGE_CURVE('',#4251,#4255,#3483,.T.);
#10074=EDGE_CURVE('',#4249,#4251,#3487,.T.);
#10078=ADVANCED_FACE('',(#10077),#10069,.T.);
#10085=EDGE_CURVE('',#4245,#4251,#3491,.T.);
#10091=ADVANCED_FACE('',(#10090),#10083,.T.);
#10100=EDGE_CURVE('',#4212,#4213,#3499,.T.);
#10103=EDGE_CURVE('',#4239,#4253,#3507,.T.);
#10105=EDGE_CURVE('',#4253,#4235,#3511,.T.);
#10108=EDGE_CURVE('',#4208,#4209,#3519,.T.);
#10110=EDGE_CURVE('',#4259,#4208,#3523,.T.);
#10112=EDGE_CURVE('',#4281,#4259,#3527,.T.);
#10114=EDGE_CURVE('',#4279,#4281,#3531,.T.);
#10116=EDGE_CURVE('',#4277,#4279,#3535,.T.);
#10118=EDGE_CURVE('',#4217,#4277,#3539,.T.);
#10120=EDGE_CURVE('',#4216,#4217,#3543,.T.);
#10125=ADVANCED_FACE('',(#10124),#10096,.T.);
#10131=EDGE_CURVE('',#4228,#4229,#3563,.T.);
#10138=ADVANCED_FACE('',(#10137),#10130,.F.);
#10150=ADVANCED_FACE('',(#10149),#10143,.T.);
#10158=EDGE_CURVE('',#4253,#4257,#3571,.T.);
#10163=ADVANCED_FACE('',(#10162),#10155,.T.);
#10175=ADVANCED_FACE('',(#10174),#10168,.T.);
#10182=EDGE_CURVE('',#4797,#4915,#3595,.T.);
#10184=EDGE_CURVE('',#4797,#4267,#3575,.T.);
#10186=EDGE_CURVE('',#4261,#4267,#3691,.T.);
#10188=EDGE_CURVE('',#4261,#4208,#3579,.T.);
#10195=ADVANCED_FACE('',(#10194),#10180,.F.);
#10202=EDGE_CURVE('',#4798,#4913,#3591,.T.);
#10204=EDGE_CURVE('',#4797,#4798,#3707,.T.);
#10209=ADVANCED_FACE('',(#10208),#10200,.T.);
#10216=EDGE_CURVE('',#4800,#4911,#3603,.T.);
#10218=EDGE_CURVE('',#4798,#4800,#3683,.T.);
#10223=ADVANCED_FACE('',(#10222),#10214,.T.);
#10230=EDGE_CURVE('',#4802,#4909,#3611,.T.);
#10232=EDGE_CURVE('',#4800,#4802,#3667,.T.);
#10237=ADVANCED_FACE('',(#10236),#10228,.T.);
#10244=EDGE_CURVE('',#4804,#4906,#3619,.T.);
#10246=EDGE_CURVE('',#4802,#4804,#3651,.T.);
#10251=ADVANCED_FACE('',(#10250),#10242,.T.);
#10258=EDGE_CURVE('',#4907,#4806,#3627,.T.);
#10260=EDGE_CURVE('',#4804,#4806,#3719,.T.);
#10265=ADVANCED_FACE('',(#10264),#10256,.T.);
#10272=EDGE_CURVE('',#4813,#4809,#3631,.T.);
#10276=EDGE_CURVE('',#4275,#4217,#3643,.T.);
#10278=EDGE_CURVE('',#4270,#4275,#3695,.T.);
#10280=EDGE_CURVE('',#4806,#4270,#3723,.T.);
#10285=ADVANCED_FACE('',(#10284),#10270,.F.);
#10292=EDGE_CURVE('',#4814,#4810,#3639,.T.);
#10298=ADVANCED_FACE('',(#10297),#10290,.T.);
#10310=ADVANCED_FACE('',(#10309),#10303,.T.);
#10316=EDGE_CURVE('',#4273,#4277,#3647,.T.);
#10318=EDGE_CURVE('',#4275,#4273,#3699,.T.);
#10324=ADVANCED_FACE('',(#10323),#10315,.F.);
#10332=EDGE_CURVE('',#4802,#4279,#3663,.T.);
#10335=EDGE_CURVE('',#4804,#4271,#3655,.T.);
#10337=EDGE_CURVE('',#4271,#4273,#3659,.T.);
#10341=ADVANCED_FACE('',(#10340),#10329,.F.);
#10349=EDGE_CURVE('',#4800,#4281,#3671,.T.);
#10354=ADVANCED_FACE('',(#10353),#10346,.F.);
#10362=EDGE_CURVE('',#4259,#4265,#3675,.T.);
#10364=EDGE_CURVE('',#4264,#4265,#3679,.T.);
#10366=EDGE_CURVE('',#4798,#4264,#3711,.T.);
#10371=ADVANCED_FACE('',(#10370),#10359,.F.);
#10380=EDGE_CURVE('',#4265,#4261,#3687,.T.);
#10384=ADVANCED_FACE('',(#10383),#10376,.F.);
#10393=EDGE_CURVE('',#4264,#4267,#3703,.T.);
#10397=ADVANCED_FACE('',(#10396),#10389,.F.);
#10403=EDGE_CURVE('',#4270,#4271,#3715,.T.);
#10410=ADVANCED_FACE('',(#10409),#10402,.F.);
#10422=ADVANCED_FACE('',(#10421),#10415,.F.);
#10434=ADVANCED_FACE('',(#10433),#10427,.F.);
#10440=EDGE_CURVE('',#4939,#4940,#3727,.T.);
#10442=EDGE_CURVE('',#4939,#4942,#3731,.T.);
#10444=EDGE_CURVE('',#4709,#4942,#3735,.T.);
#10449=ADVANCED_FACE('',(#10448),#10439,.T.);
#10455=EDGE_CURVE('',#4955,#4956,#3739,.T.);
#10458=EDGE_CURVE('',#4702,#4966,#3743,.T.);
#10460=EDGE_CURVE('',#4966,#4955,#3747,.T.);
#10464=ADVANCED_FACE('',(#10463),#10454,.T.);
#10470=EDGE_CURVE('',#4935,#4936,#3756,.T.);
#10472=EDGE_CURVE('',#4935,#4939,#3881,.T.);
#10478=ADVANCED_FACE('',(#10477),#10469,.T.);
#10486=EDGE_CURVE('',#4706,#4952,#3760,.T.);
#10488=EDGE_CURVE('',#4952,#4935,#3764,.T.);
#10492=ADVANCED_FACE('',(#10491),#10483,.T.);
#10498=EDGE_CURVE('',#4959,#4960,#3768,.T.);
#10500=EDGE_CURVE('',#4959,#4968,#3772,.T.);
#10502=EDGE_CURVE('',#4705,#4968,#3776,.T.);
#10507=ADVANCED_FACE('',(#10506),#10497,.T.);
#10513=EDGE_CURVE('',#4949,#4946,#3808,.T.);
#10515=EDGE_CURVE('',#4952,#4949,#3895,.T.);
#10520=EDGE_CURVE('',#4972,#4968,#3928,.T.);
#10522=EDGE_CURVE('',#4963,#4972,#3817,.T.);
#10524=EDGE_CURVE('',#4966,#4963,#3904,.T.);
#10528=EDGE_CURVE('',#4701,#4925,#3780,.T.);
#10530=EDGE_CURVE('',#4925,#4918,#3785,.T.);
#10532=EDGE_CURVE('',#4918,#4919,#3790,.T.);
#10534=EDGE_CURVE('',#4710,#4919,#4145,.T.);
#10538=EDGE_CURVE('',#4946,#4942,#3876,.T.);
#10542=ADVANCED_FACE('',(#10541),#10512,.T.);
#10548=EDGE_CURVE('',#4945,#4946,#3794,.T.);
#10550=EDGE_CURVE('',#4950,#4945,#3799,.T.);
#10552=EDGE_CURVE('',#4949,#4950,#3803,.T.);
#10557=ADVANCED_FACE('',(#10556),#10547,.T.);
#10563=EDGE_CURVE('',#4963,#4964,#3812,.T.);
#10566=EDGE_CURVE('',#4971,#4972,#3821,.T.);
#10568=EDGE_CURVE('',#4964,#4971,#3826,.T.);
#10572=ADVANCED_FACE('',(#10571),#10562,.T.);
#10578=EDGE_CURVE('',#4983,#4984,#3830,.T.);
#10580=EDGE_CURVE('',#4983,#4992,#3835,.T.);
#10582=EDGE_CURVE('',#4991,#4992,#3839,.T.);
#10584=EDGE_CURVE('',#4984,#4991,#3844,.T.);
#10588=ADVANCED_FACE('',(#10587),#10577,.T.);
#10594=EDGE_CURVE('',#5005,#5006,#3848,.T.);
#10596=EDGE_CURVE('',#5010,#5005,#3853,.T.);
#10598=EDGE_CURVE('',#5009,#5010,#3857,.T.);
#10600=EDGE_CURVE('',#5009,#5006,#3862,.T.);
#10604=ADVANCED_FACE('',(#10603),#10593,.T.);
#10611=EDGE_CURVE('',#4939,#4945,#3867,.T.);
#10617=ADVANCED_FACE('',(#10616),#10609,.T.);
#10650=EDGE_CURVE('',#4950,#4935,#3886,.T.);
#10654=ADVANCED_FACE('',(#10653),#10646,.T.);
#10666=ADVANCED_FACE('',(#10665),#10659,.T.);
#10673=EDGE_CURVE('',#4964,#4955,#3914,.T.);
#10679=ADVANCED_FACE('',(#10678),#10671,.T.);
#10710=EDGE_CURVE('',#4959,#4971,#3919,.T.);
#10712=EDGE_CURVE('',#4955,#4959,#3909,.T.);
#10717=ADVANCED_FACE('',(#10716),#10708,.T.);
#10729=ADVANCED_FACE('',(#10728),#10722,.T.);
#10741=ADVANCED_FACE('',(#10740),#10734,.T.);
#10748=EDGE_CURVE('',#4984,#4975,#3952,.T.);
#10750=EDGE_CURVE('',#4986,#4975,#4007,.T.);
#10752=EDGE_CURVE('',#4986,#4983,#3942,.T.);
#10756=ADVANCED_FACE('',(#10755),#10746,.T.);
#10787=EDGE_CURVE('',#4979,#4991,#3957,.T.);
#10789=EDGE_CURVE('',#4975,#4979,#3947,.T.);
#10794=ADVANCED_FACE('',(#10793),#10785,.T.);
#10800=EDGE_CURVE('',#4979,#4988,#3974,.T.);
#10804=EDGE_CURVE('',#4992,#4988,#3966,.T.);
#10808=ADVANCED_FACE('',(#10807),#10799,.T.);
#10814=EDGE_CURVE('',#4979,#4980,#3970,.T.);
#10817=EDGE_CURVE('',#4722,#4988,#3978,.T.);
#10822=ADVANCED_FACE('',(#10821),#10813,.T.);
#10828=EDGE_CURVE('',#4995,#4996,#3982,.T.);
#10831=EDGE_CURVE('',#4716,#5012,#3986,.T.);
#10833=EDGE_CURVE('',#5012,#4996,#3990,.T.);
#10837=ADVANCED_FACE('',(#10836),#10827,.T.);
#10843=EDGE_CURVE('',#4975,#4976,#3999,.T.);
#10850=ADVANCED_FACE('',(#10849),#10842,.T.);
#10858=EDGE_CURVE('',#4720,#4986,#4003,.T.);
#10863=ADVANCED_FACE('',(#10862),#10855,.T.);
#10869=EDGE_CURVE('',#4999,#5000,#4011,.T.);
#10871=EDGE_CURVE('',#5000,#5002,#4015,.T.);
#10873=EDGE_CURVE('',#4719,#5002,#4019,.T.);
#10878=ADVANCED_FACE('',(#10877),#10868,.T.);
#10891=EDGE_CURVE('',#5006,#5002,#4047,.T.);
#10894=EDGE_CURVE('',#5012,#5009,#4071,.T.);
#10898=EDGE_CURVE('',#4714,#4932,#4023,.T.);
#10900=EDGE_CURVE('',#4932,#4929,#4028,.T.);
#10902=EDGE_CURVE('',#4929,#4927,#4033,.T.);
#10904=EDGE_CURVE('',#4713,#4927,#4111,.T.);
#10909=ADVANCED_FACE('',(#10908),#10883,.T.);
#10916=EDGE_CURVE('',#5000,#5005,#4038,.T.);
#10922=ADVANCED_FACE('',(#10921),#10914,.T.);
#10954=EDGE_CURVE('',#4996,#5000,#4052,.T.);
#10956=EDGE_CURVE('',#5010,#4996,#4057,.T.);
#10960=ADVANCED_FACE('',(#10959),#10951,.T.);
#10972=ADVANCED_FACE('',(#10971),#10965,.T.);
#10984=ADVANCED_FACE('',(#10983),#10977,.T.);
#10990=EDGE_CURVE('',#4926,#4927,#4089,.T.);
#10992=EDGE_CURVE('',#4932,#4926,#4107,.T.);
#10999=ADVANCED_FACE('',(#10998),#10989,.T.);
#11031=EDGE_CURVE('',#4931,#4929,#4116,.T.);
#11033=EDGE_CURVE('',#4931,#4926,#4131,.T.);
#11037=ADVANCED_FACE('',(#11036),#11028,.T.);
#11068=EDGE_CURVE('',#4926,#4931,#4136,.T.);
#11074=ADVANCED_FACE('',(#11073),#11066,.T.);
#11080=EDGE_CURVE('',#4922,#4923,#4121,.T.);
#11082=EDGE_CURVE('',#4923,#4922,#4126,.T.);
#11086=ADVANCED_FACE('',(#11085),#11079,.T.);
#11096=ADVANCED_FACE('',(#11095),#11091,.T.);
#11127=EDGE_CURVE('',#4922,#4918,#4141,.T.);
#11130=EDGE_CURVE('',#4923,#4919,#4163,.T.);
#11134=ADVANCED_FACE('',(#11133),#11125,.T.);
#11167=EDGE_CURVE('',#4925,#4923,#4181,.T.);
#11171=ADVANCED_FACE('',(#11170),#11163,.T.);
#11184=ADVANCED_FACE('',(#11183),#11176,.T.);
#11187=(LENGTH_UNIT()NAMED_UNIT(*)SI_UNIT(.MILLI.,.METRE.));
#11188=(NAMED_UNIT(*)PLANE_ANGLE_UNIT()SI_UNIT($,.RADIAN.));
#11191=(NAMED_UNIT(*)SI_UNIT($,.STERADIAN.)SOLID_ANGLE_UNIT());
#11193=(GEOMETRIC_REPRESENTATION_CONTEXT(3)GLOBAL_UNCERTAINTY_ASSIGNED_CONTEXT((
#11192))GLOBAL_UNIT_ASSIGNED_CONTEXT((#11187,#11190,#11191))REPRESENTATION_CONTEXT('ID1','3'));
#11194=ADVANCED_BREP_SHAPE_REPRESENTATION('',(#11186),#11193);
#11201=PRODUCT_DEFINITION('part definition','',#11200,#11197);
#11202=PRODUCT_DEFINITION_SHAPE('','SHAPE FOR C-2-406541-2.',#11201);
#11203=SHAPE_ASPECT('','solid data associated with C-2-406541-2',#11202,.F.);
#11204=PROPERTY_DEFINITION('',
'shape for solid data with which properties are associated',#11203);
#11205=SHAPE_REPRESENTATION('',(#11186),#11193);
#11206=SHAPE_DEFINITION_REPRESENTATION(#11204,#11205);
#11207=(LENGTH_UNIT()NAMED_UNIT(*)SI_UNIT(.MILLI.,.METRE.));
#11211=PROPERTY_DEFINITION('geometric validation property',
'area of C-2-406541-2',#11203);
#11212=REPRESENTATION('surface area',(#11210),#11193);
#11213=PROPERTY_DEFINITION_REPRESENTATION(#11211,#11212);
#11214=(LENGTH_UNIT()NAMED_UNIT(*)SI_UNIT(.MILLI.,.METRE.));
#11218=PROPERTY_DEFINITION('geometric validation property',
'volume of C-2-406541-2',#11203);
#11219=REPRESENTATION('volume',(#11217),#11193);
#11220=PROPERTY_DEFINITION_REPRESENTATION(#11218,#11219);
#11222=PROPERTY_DEFINITION('geometric validation property',
'centroid of C-2-406541-2',#11203);
#11223=REPRESENTATION('centroid',(#11221),#11193);
#11224=PROPERTY_DEFINITION_REPRESENTATION(#11222,#11223);
#11225=(LENGTH_UNIT()NAMED_UNIT(*)SI_UNIT(.MILLI.,.METRE.));
#11229=PROPERTY_DEFINITION('geometric validation property',
'area of C-2-406541-2',#11202);
#11230=REPRESENTATION('surface area',(#11228),#11193);
#11231=PROPERTY_DEFINITION_REPRESENTATION(#11229,#11230);
#11232=(LENGTH_UNIT()NAMED_UNIT(*)SI_UNIT(.MILLI.,.METRE.));
#11236=PROPERTY_DEFINITION('geometric validation property',
'volume of C-2-406541-2',#11202);
#11237=REPRESENTATION('volume',(#11235),#11193);
#11238=PROPERTY_DEFINITION_REPRESENTATION(#11236,#11237);
#11240=PROPERTY_DEFINITION('geometric validation property',
'centroid of C-2-406541-2',#11202);
#11241=REPRESENTATION('centroid',(#11239),#11193);
#11242=PROPERTY_DEFINITION_REPRESENTATION(#11240,#11241);
#11243=SHAPE_DEFINITION_REPRESENTATION(#11202,#11194);
ENDSEC;
END-ISO-10303-21;
